trade_date,source,price_basis,open,high,low,close,close_vintage,listed_vol_t,listed_amt_cny,listed_vwap,block_vol_t,block_amt_cny,block_vwap,auction_vol_t,auction_amt_cny,total_vol_t,total_amt_cny,total_vwap,cum_vol_t,cum_amt_cny
2021-07-16,seee,listed,,,,51.23,,4103953.0,210230053.25,51.2262,0.0,0.0,,,,4103953.0,210230053.25,51.2262,4103953.0,210230053.25
2021-07-19,seee,listed,52.8,53.0,52.08,52.3,,130800.0,6841289.0,52.3034,0.0,0.0,,,,130800.0,6841289.0,52.3034,4234753.0,217071342.25
2021-07-20,seee,listed,52.92,54.0,52.9,53.28,,162000.0,8631277.0,53.2795,0.0,0.0,,,,162000.0,8631277.0,53.2795,4396753.0,225702619.25
2021-07-21,seee,listed,54.2,55.5,54.07,54.4,,112000.0,6092830.0,54.4003,100000.0,5292000.0,52.92,,,212000.0,11384830.0,53.702,4608753.0,237087449.25
2021-07-22,seee,listed,55.3,58.5,54.3,55.52,,112200.0,6229088.0,55.5177,0.0,0.0,,,,112200.0,6229088.0,55.5177,4720953.0,243316537.25
2021-07-23,seee,listed,56.52,61.07,55.52,56.97,,112000.0,6380260.0,56.9666,0.0,0.0,,,,112000.0,6380260.0,56.9666,4832953.0,249696797.25
2021-07-26,seee,listed,54.5,54.85,53.98,54.46,,48000.0,2614220.0,54.4629,0.0,0.0,,,,48000.0,2614220.0,54.4629,4880953.0,252311017.25
2021-07-27,seee,listed,52.2,55.76,51.34,54.63,,74211.0,4054248.14,54.6314,0.0,0.0,,,,74211.0,4054248.14,54.6314,4955164.0,256365265.39
2021-07-28,seee,listed,52.03,56.8,52.03,52.5,,72747.0,3819063.49,52.4979,800000.0,32784000.0,40.98,,,872747.0,36603063.49,41.9401,5827911.0,292968328.88
2021-07-29,seee,listed,52.9,54.88,50.98,52.96,,84026.0,4450253.42,52.9628,0.0,0.0,,,,84026.0,4450253.42,52.9628,5911937.0,297418582.3
2021-07-30,seee,listed,52.96,58.1,51.5,54.17,,40000.0,2166806.0,54.1701,0.0,0.0,,,,40000.0,2166806.0,54.1701,5951937.0,299585388.3
2021-08-02,seee,listed,50.35,55.3,50.35,51.99,,42022.0,2184609.4,51.9873,0.0,0.0,,,,42022.0,2184609.4,51.9873,5993959.0,301769997.7
2021-08-03,seee,listed,48.0,57.0,48.0,53.44,,45005.0,2405040.0,53.4394,0.0,0.0,,,,45005.0,2405040.0,53.4394,6038964.0,304175037.7
2021-08-04,seee,listed,58.7,58.7,58.7,58.7,,20000.0,1174000.0,58.7,0.0,0.0,,,,20000.0,1174000.0,58.7,6058964.0,305349037.7
2021-08-05,seee,listed,52.85,59.0,52.85,54.9,,60000.0,3294000.0,54.9,0.0,0.0,,,,60000.0,3294000.0,54.9,6118964.0,308643037.7
2021-08-06,seee,listed,52.96,52.96,52.96,52.96,,20000.0,1059200.0,52.96,0.0,0.0,,,,20000.0,1059200.0,52.96,6138964.0,309702237.7
2021-08-09,seee,listed,53.3,58.26,53.3,53.32,,3010.0,160482.6,53.3165,279856.0,14100693.72,50.3855,,,282866.0,14261176.32,50.4167,6421830.0,323963414.02
2021-08-10,seee,listed,55.32,55.32,55.32,55.32,,20000.0,1106400.0,55.32,0.0,0.0,,,,20000.0,1106400.0,55.32,6441830.0,325069814.02
2021-08-11,seee,listed,55.9,55.9,55.9,55.9,,20000.0,1118000.0,55.9,0.0,0.0,,,,20000.0,1118000.0,55.9,6461830.0,326187814.02
2021-08-12,seee,listed,52.0,55.7,52.0,55.43,,6001.0,332652.0,55.4328,0.0,0.0,,,,6001.0,332652.0,55.4328,6467831.0,326520466.02
2021-08-13,seee,listed,55.43,55.43,54.0,54.0,,51001.0,2754055.43,54.0,0.0,0.0,,,,51001.0,2754055.43,54.0,6518832.0,329274521.45
2021-08-16,seee,listed,51.0,51.0,51.0,51.0,,10.0,510.0,51.0,500000.0,25750000.0,51.5,,,500010.0,25750510.0,51.5,7018842.0,355025031.45
2021-08-17,seee,listed,52.0,52.5,51.2,51.76,,7001.0,362352.0,51.7572,0.0,0.0,,,,7001.0,362352.0,51.7572,7025843.0,355387383.45
2021-08-18,seee,listed,51.8,52.0,51.8,51.87,,3000.0,155600.0,51.8667,0.0,0.0,,,,3000.0,155600.0,51.8667,7028843.0,355542983.45
2021-08-19,seee,listed,52.0,52.0,50.0,50.49,,4001.0,202002.0,50.4879,0.0,0.0,,,,4001.0,202002.0,50.4879,7032844.0,355744985.45
2021-08-20,seee,listed,49.0,49.0,49.0,49.0,,8000.0,392000.0,49.0,900000.0,37350000.0,41.5,,,908000.0,37742000.0,41.5661,7940844.0,393486985.45
2021-08-23,seee,listed,49.0,50.2,49.0,50.2,,3002.0,150698.0,50.1992,0.0,0.0,,,,3002.0,150698.0,50.1992,7943846.0,393637683.45
2021-08-24,seee,listed,50.19,50.2,50.17,50.2,,2002.0,100500.36,50.2,0.0,0.0,,,,2002.0,100500.36,50.2,7945848.0,393738183.81
2021-08-25,seee,listed,49.0,49.0,47.0,47.64,,35210.0,1677280.0,47.6365,250000.0,11493000.0,45.972,,,285210.0,13170280.0,46.1775,8231058.0,406908463.81
2021-08-26,seee,listed,45.0,47.65,45.0,47.64,,4212.0,200673.0,47.6432,0.0,0.0,,,,4212.0,200673.0,47.6432,8235270.0,407109136.81
2021-08-27,seee,listed,44.0,45.1,44.0,45.09,,101.0,4554.0,45.0891,205000.0,9020000.0,44.0,,,205101.0,9024554.0,44.0005,8440371.0,416133690.81
2021-08-30,seee,listed,45.09,45.22,45.09,45.16,,35.0,1580.75,45.1643,0.0,0.0,,,,35.0,1580.75,45.1643,8440406.0,416135271.56
2021-08-31,seee,listed,45.16,45.5,45.16,45.35,,23.0,1043.1,45.3522,0.0,0.0,,,,23.0,1043.1,45.3522,8440429.0,416136314.66
2021-09-01,seee,listed,45.35,46.0,44.21,45.19,,30.0,1355.6,45.1867,0.0,0.0,,,,30.0,1355.6,45.1867,8440459.0,416137670.26
2021-09-02,seee,listed,44.66,44.66,44.66,44.66,,50.0,2233.0,44.66,0.0,0.0,,,,50.0,2233.0,44.66,8440509.0,416139903.26
2021-09-03,seee,listed,44.66,45.0,44.66,44.67,,520.0,23230.0,44.6731,0.0,0.0,,,,520.0,23230.0,44.6731,8441029.0,416163133.26
2021-09-06,seee,listed,44.0,44.0,44.0,44.0,,10.0,440.0,44.0,0.0,0.0,,,,10.0,440.0,44.0,8441039.0,416163573.26
2021-09-07,seee,listed,43.8,44.0,43.8,43.9,,2000.0,87800.0,43.9,0.0,0.0,,,,2000.0,87800.0,43.9,8443039.0,416251373.26
2021-09-08,seee,listed,42.9,42.9,42.9,42.9,,40.0,1716.0,42.9,0.0,0.0,,,,40.0,1716.0,42.9,8443079.0,416253089.26
2021-09-09,seee,listed,42.0,42.0,41.8,41.99,,1222.0,51306.1,41.9854,0.0,0.0,,,,1222.0,51306.1,41.9854,8444301.0,416304395.36
2021-09-10,seee,listed,44.0,44.0,44.0,44.0,,3040.0,133760.0,44.0,0.0,0.0,,,,3040.0,133760.0,44.0,8447341.0,416438155.36
2021-09-13,seee,listed,46.0,46.0,44.1,45.62,,50.0,2281.0,45.62,0.0,0.0,,,,50.0,2281.0,45.62,8447391.0,416440436.36
2021-09-14,seee,listed,42.0,50.18,41.6,45.54,,3950.0,179877.5,45.5386,0.0,0.0,,,,3950.0,179877.5,45.5386,8451341.0,416620313.86
2021-09-15,seee,listed,45.0,45.0,45.0,45.0,,50.0,2250.0,45.0,0.0,0.0,,,,50.0,2250.0,45.0,8451391.0,416622563.86
2021-09-16,seee,listed,47.0,47.0,44.0,44.94,,6140.0,275930.0,44.9397,0.0,0.0,,,,6140.0,275930.0,44.9397,8457531.0,416898493.86
2021-09-17,seee,listed,42.0,44.8,42.0,43.43,,21900.0,951212.0,43.4343,0.0,0.0,,,,21900.0,951212.0,43.4343,8479431.0,417849705.86
2021-09-22,seee,listed,43.0,43.35,42.5,43.24,,4231.0,182936.1,43.2371,0.0,0.0,,,,4231.0,182936.1,43.2371,8483662.0,418032641.96
2021-09-23,seee,listed,43.24,44.0,43.24,43.85,,2500.0,109620.0,43.848,0.0,0.0,,,,2500.0,109620.0,43.848,8486162.0,418142261.96
2021-09-24,seee,listed,46.0,46.0,42.2,44.36,,4841.0,214742.2,44.3591,0.0,0.0,,,,4841.0,214742.2,44.3591,8491003.0,418357004.16
2021-09-27,seee,listed,44.35,44.35,42.01,43.59,,15841.0,690546.5,43.5924,0.0,0.0,,,,15841.0,690546.5,43.5924,8506844.0,419047550.66
2021-09-28,seee,listed,43.49,43.5,42.05,42.22,,56000.0,2364470.0,42.2227,0.0,0.0,,,,56000.0,2364470.0,42.2227,8562844.0,421412020.66
2021-09-29,seee,listed,41.0,43.5,41.0,41.84,,31768.0,1329268.0,41.843,580000.0,23830000.0,41.0862,,,611768.0,25159268.0,41.1255,9174612.0,446571288.66
2021-09-30,seee,listed,41.84,45.8,41.84,42.21,,71024.0,2997655.76,42.2062,8403359.0,351159740.56,41.788,,,8474383.0,354157396.32,41.7915,17648995.0,800728684.98
2021-10-08,seee,listed,44.45,44.45,42.21,44.08,,3000.0,132230.0,44.0767,0.0,0.0,,,,3000.0,132230.0,44.0767,17651995.0,800860914.98
2021-10-11,seee,listed,44.06,48.49,43.1,46.03,,5024.0,231240.46,46.0272,0.0,0.0,,,,5024.0,231240.46,46.0272,17657019.0,801092155.44
2021-10-12,seee,listed,45.2,45.2,44.5,44.67,,18462.0,824659.0,44.6679,385539.0,16921306.71,43.89,,,404001.0,17745965.71,43.9255,18061020.0,818838121.15
2021-10-13,seee,listed,44.8,44.8,43.98,44.68,,77386.0,3457873.94,44.6835,0.0,0.0,,,,77386.0,3457873.94,44.6835,18138406.0,822295995.09
2021-10-14,seee,listed,44.0,44.0,43.8,43.96,,3482.0,153055.0,43.9561,0.0,0.0,,,,3482.0,153055.0,43.9561,18141888.0,822449050.09
2021-10-15,seee,listed,43.96,44.0,43.8,43.9,,8200.0,359968.0,43.8985,0.0,0.0,,,,8200.0,359968.0,43.8985,18150088.0,822809018.09
2021-10-18,seee,listed,45.7,45.7,43.1,43.44,,4688.0,203629.78,43.4364,520000.0,21580000.0,41.5,,,524688.0,21783629.78,41.5173,18674776.0,844592647.87
2021-10-19,seee,listed,43.43,43.44,43.43,43.43,,2028.0,88076.32,43.4301,100000.0,4000000.0,40.0,,,102028.0,4088076.32,40.0682,18776804.0,848680724.19
2021-10-20,seee,listed,43.5,43.5,41.5,43.24,,2860.0,123662.0,43.2385,100000.0,4150000.0,41.5,,,102860.0,4273662.0,41.5483,18879664.0,852954386.19
2021-10-21,seee,listed,45.0,45.0,42.8,43.03,,80200.0,3451130.0,43.0315,120000.0,4980000.0,41.5,,,200200.0,8431130.0,42.1135,19079864.0,861385516.19
2021-10-22,seee,listed,44.5,44.5,42.5,42.99,,30760.0,1322513.8,42.9946,0.0,0.0,,,,30760.0,1322513.8,42.9946,19110624.0,862708029.99
2021-10-25,seee,listed,46.0,46.0,42.16,43.24,,12501.0,540537.16,43.2395,0.0,0.0,,,,12501.0,540537.16,43.2395,19123125.0,863248567.15
2021-10-26,seee,listed,43.0,43.0,42.4,42.65,,87882.0,3748485.0,42.6536,0.0,0.0,,,,87882.0,3748485.0,42.6536,19211007.0,866997052.15
2021-10-27,seee,listed,38.5,42.75,38.5,42.61,,10635.0,453171.25,42.6113,300000.0,12550000.0,41.8333,,,310635.0,13003171.25,41.86,19521642.0,880000223.4
2021-10-28,seee,listed,42.61,42.8,42.61,42.77,,3500.0,149705.0,42.7729,0.0,0.0,,,,3500.0,149705.0,42.7729,19525142.0,880149928.4
2021-10-29,seee,listed,42.5,42.6,42.2,42.41,,56823.0,2410104.2,42.4142,620000.0,25595000.0,41.2823,,,676823.0,28005104.2,41.3773,20201965.0,908155032.6
2021-11-01,seee,listed,42.41,42.54,42.3,42.45,,81792.0,3472375.83,42.4537,1437744.0,59837822.87,41.6192,,,1519536.0,63310198.7,41.6642,21721501.0,971465231.3
2021-11-02,seee,listed,42.45,42.45,42.4,42.43,,78500.0,3330975.0,42.4328,320000.0,13120000.0,41.0,,,398500.0,16450975.0,41.2822,22120001.0,987916206.3
2021-11-03,seee,listed,42.43,42.43,42.39,42.4,,7735.0,327962.05,42.3997,0.0,0.0,,,,7735.0,327962.05,42.3997,22127736.0,988244168.35
2021-11-04,seee,listed,42.4,42.4,42.0,42.33,,13400.0,567282.0,42.3345,0.0,0.0,,,,13400.0,567282.0,42.3345,22141136.0,988811450.35
2021-11-05,seee,listed,43.0,43.0,42.2,42.69,,33010.0,1409087.05,42.6867,0.0,0.0,,,,33010.0,1409087.05,42.6867,22174146.0,990220537.4
2021-11-08,seee,listed,42.69,42.8,42.5,42.58,,28499.0,1213568.5,42.5828,0.0,0.0,,,,28499.0,1213568.5,42.5828,22202645.0,991434105.9
2021-11-09,seee,listed,42.58,43.0,42.5,42.73,,28534.0,1219152.0,42.7263,0.0,0.0,,,,28534.0,1219152.0,42.7263,22231179.0,992653257.9
2021-11-10,seee,listed,42.73,42.8,42.7,42.74,,30719.0,1312819.82,42.7364,1178517.0,50195031.41,42.5917,,,1209236.0,51507851.23,42.5954,23440415.0,1044161109.13
2021-11-11,seee,listed,42.5,42.74,42.4,42.49,,23884.0,1014944.28,42.4947,0.0,0.0,,,,23884.0,1014944.28,42.4947,23464299.0,1045176053.41
2021-11-12,seee,listed,42.6,42.82,42.5,42.66,,19859.0,847261.3,42.6638,1430000.0,59825000.0,41.8357,,,1449859.0,60672261.3,41.847,24914158.0,1105848314.71
2021-11-15,seee,listed,42.66,43.2,42.66,42.93,,26470.0,1136240.0,42.9256,300000.0,12300000.0,41.0,,,326470.0,13436240.0,41.1561,25240628.0,1119284554.71
2021-11-16,seee,listed,42.93,43.4,42.93,43.16,,139500.0,6020495.0,43.1577,1650000.0,68095000.0,41.2697,,,1789500.0,74115495.0,41.4169,27030128.0,1193400049.71
2021-11-17,seee,listed,46.0,46.0,42.95,43.12,,86406.0,3726164.92,43.1239,300000.0,12510000.0,41.7,,,386406.0,16236164.92,42.0184,27416534.0,1209636214.63
2021-11-18,seee,listed,43.12,43.5,42.95,43.16,,48608.0,2098160.8,43.1649,1311838.0,42576470.84,32.4556,,,1360446.0,44674631.64,32.8382,28776980.0,1254310846.27
2021-11-19,seee,listed,43.5,43.5,43.0,43.05,,72949.0,3140096.9,43.0451,1246829.0,37666704.09,30.21,,,1319778.0,40806800.99,30.9194,30096758.0,1295117647.26
2021-11-22,seee,listed,43.1,43.1,42.85,43.05,,197816.0,8515376.35,43.047,0.0,0.0,,,,197816.0,8515376.35,43.047,30294574.0,1303633023.61
2021-11-23,seee,listed,43.5,43.5,42.98,43.06,,178974.0,7706348.8,43.0585,0.0,0.0,,,,178974.0,7706348.8,43.0585,30473548.0,1311339372.41
2021-11-24,seee,listed,43.0,43.0,42.88,42.96,,307593.0,13215287.26,42.9636,1593635.0,66437578.0,41.6893,,,1901228.0,79652865.26,41.8955,32374776.0,1390992237.67
2021-11-25,seee,listed,42.96,43.0,42.9,42.96,,267994.0,11513631.35,42.9623,480000.0,20076000.0,41.825,,,747994.0,31589631.35,42.2325,33122770.0,1422581869.02
2021-11-26,seee,listed,42.8,42.9,42.79,42.85,,549229.0,23533315.22,42.8479,3556213.0,150402537.7,42.2929,,,4105442.0,173935852.92,42.3671,37228212.0,1596517721.94
2021-11-29,seee,listed,43.2,43.2,42.87,42.92,,394710.0,16942920.82,42.925,2578421.0,106549208.1,41.3234,,,2973131.0,123492128.92,41.5361,40201343.0,1720009850.86
2021-11-30,seee,listed,42.98,43.0,42.9,42.95,,344048.0,14778355.94,42.9543,2686319.0,112337492.84,41.8184,,,3030367.0,127115848.78,41.9473,43231710.0,1847125699.64
2021-12-01,seee,listed,42.95,42.99,42.95,42.97,,701627.0,30148083.95,42.9688,1866095.0,78286288.9,41.9519,,,2567722.0,108434372.85,42.2298,45799432.0,1955560072.49
2021-12-02,seee,listed,42.97,43.0,40.0,42.88,,750085.0,32161216.13,42.8768,1921051.0,76670299.88,39.9106,,,2671136.0,108831516.01,40.7435,48470568.0,2064391588.5
2021-12-03,seee,listed,43.0,43.0,42.85,42.94,,782345.0,33591302.44,42.9367,2144185.0,86088736.0,40.1499,,,2926530.0,119680038.44,40.8949,51397098.0,2184071626.94
2021-12-06,seee,listed,42.89,42.92,42.5,42.79,,430284.0,18411691.61,42.7896,2862848.0,119124197.97,41.6104,,,3293132.0,137535889.58,41.7645,54690230.0,2321607516.52
2021-12-07,seee,listed,42.5,42.6,40.4,42.13,,367717.0,15490200.26,42.1253,4041746.0,155708232.65,38.525,,,4409463.0,171198432.91,38.8252,59099693.0,2492805949.43
2021-12-08,seee,listed,42.42,42.42,40.91,41.46,,458710.0,19017602.53,41.4589,3888367.0,149322129.86,38.4023,,,4347077.0,168339732.39,38.7248,63446770.0,2661145681.82
2021-12-09,seee,listed,42.89,42.89,41.2,41.56,,936350.0,38916721.44,41.5622,5019815.0,194114426.28,38.6696,,,5956165.0,233031147.72,39.1244,69402935.0,2894176829.54
2021-12-10,seee,listed,42.0,43.19,42.0,42.69,,1605304.0,68531005.18,42.6904,5915915.0,240059751.03,40.5786,,,7521219.0,308590756.21,41.0294,76924154.0,3202767585.75
2021-12-13,seee,listed,43.5,43.5,42.6,42.95,,1587253.0,68167517.21,42.9469,6436821.0,243306624.84,37.7992,,,8024074.0,311474142.05,38.8175,84948228.0,3514241727.8
2021-12-14,seee,listed,42.68,43.32,42.68,42.93,,2461201.0,105670179.8,42.9344,12419569.0,521026099.22,41.952,,,14880770.0,626696279.02,42.1145,99828998.0,4140938006.82
2021-12-15,seee,listed,42.72,44.0,42.72,43.06,,1052579.0,45324379.55,43.0603,6573605.0,239610944.33,36.4505,,,7626184.0,284935323.88,37.3628,107455182.0,4425873330.7
2021-12-16,seee,listed,43.65,45.2,43.15,44.22,,901715.0,39874009.6,44.2202,19579226.0,777344108.35,39.7025,,,20480941.0,817218117.95,39.9014,127936123.0,5243091448.65
2021-12-17,seee,listed,44.5,46.99,44.5,46.66,,645303.0,30112395.39,46.664,2014648.0,83522909.39,41.4578,,,2659951.0,113635304.78,42.7208,130596074.0,5356726753.43
2021-12-20,seee,listed,47.5,51.33,45.01,49.18,,1160785.0,57088833.17,49.1812,2184333.0,93734159.94,42.912,,,3345118.0,150822993.11,45.0875,133941192.0,5507549746.54
2021-12-21,seee,listed,48.6,51.0,48.6,49.49,,829197.0,41036548.45,49.4895,2312844.0,107097518.15,46.3056,,,3142041.0,148134066.6,47.1458,137083233.0,5655683813.14
2021-12-22,seee,listed,49.49,49.49,49.25,49.39,,736063.0,36355479.38,49.3918,2534540.0,110077085.1,43.4308,,,3270603.0,146432564.48,44.7723,140353836.0,5802116377.62
2021-12-23,seee,listed,49.46,49.79,49.45,49.57,,1328920.0,65870679.69,49.5671,5294432.0,240176058.2,45.3639,,,6623352.0,306046737.89,46.2072,146977188.0,6108163115.51
2021-12-24,seee,listed,49.8,49.8,49.29,49.52,,534403.0,26461141.83,49.5153,3207247.0,147122307.2,45.8718,,,3741650.0,173583449.03,46.3922,150718838.0,6281746564.54
2021-12-27,seee,listed,49.64,49.7,47.0,48.13,,566528.0,27266851.84,48.1298,3024070.0,133347488.72,44.0954,,,3590598.0,160614340.56,44.7319,154309436.0,6442360905.1
2021-12-28,seee,listed,52.8,52.94,48.6,51.69,,1084789.0,56075823.1,51.6928,3808055.0,156772307.59,41.1686,,,4892844.0,212848130.69,43.5019,159202280.0,6655209035.79
2021-12-29,seee,listed,54.5,56.86,54.5,56.64,,1048544.0,59388506.55,56.639,4835467.0,216654047.3,44.8052,,,5884011.0,276042553.85,46.914,165086291.0,6931251589.64
2021-12-30,seee,listed,62.0,62.29,53.0,57.06,,1382607.0,78889513.13,57.0585,9360636.0,495235880.24,52.9062,,,10743243.0,574125393.37,53.4406,175829534.0,7505376983.01
2021-12-31,seee,listed,55.0,56.0,53.5,54.22,,423847.0,22980366.7,54.2185,2535969.0,132872673.28,52.3952,,,2959816.0,155853039.98,52.6563,178789350.0,7661230022.99
2022-05-26,seee,listed,59.0,59.0,59.0,59.0,,10.0,590.0,59.0,130000.0,7670000.0,59.0,,,130010.0,7670590.0,59.0,191715630.0,8363454065.02
2022-05-27,seee,listed,59.0,59.0,59.0,59.0,,21010.0,1239590.0,59.0,400000.0,21800000.0,54.5,,,421010.0,23039590.0,54.7246,192136640.0,8386493655.02
2022-05-30,seee,listed,59.0,59.0,59.0,59.0,,10.0,590.0,59.0,0.0,0.0,,,,10.0,590.0,59.0,192136650.0,8386494245.02
2022-05-31,seee,listed,59.0,59.0,59.0,59.0,,10.0,590.0,59.0,600000.0,32700000.0,54.5,,,600010.0,32700590.0,54.5001,192736660.0,8419194835.02
2022-06-01,seee,listed,59.0,59.0,59.0,59.0,,10.0,590.0,59.0,100000.0,5500000.0,55.0,,,100010.0,5500590.0,55.0004,192836670.0,8424695425.02
2022-06-02,seee,listed,59.0,59.0,59.0,59.0,,10.0,590.0,59.0,0.0,0.0,,,,10.0,590.0,59.0,192836680.0,8424696015.02
2022-06-06,seee,listed,59.0,59.0,59.0,59.0,,10.0,590.0,59.0,0.0,0.0,,,,10.0,590.0,59.0,192836690.0,8424696605.02
2022-06-07,seee,listed,59.0,59.0,59.0,59.0,,10.0,590.0,59.0,0.0,0.0,,,,10.0,590.0,59.0,192836700.0,8424697195.02
2022-06-08,seee,listed,59.0,59.0,59.0,59.0,,10.0,590.0,59.0,0.0,0.0,,,,10.0,590.0,59.0,192836710.0,8424697785.02
2022-06-09,seee,listed,59.0,59.0,59.0,59.0,,10.0,590.0,59.0,150000.0,8955000.0,59.7,,,150010.0,8955590.0,59.7,192986720.0,8433653375.02
2022-06-10,seee,listed,59.0,59.0,59.0,59.0,,10.0,590.0,59.0,0.0,0.0,,,,10.0,590.0,59.0,192986730.0,8433653965.02
2022-06-13,seee,listed,59.0,59.0,59.0,59.0,,10.0,590.0,59.0,0.0,0.0,,,,10.0,590.0,59.0,192986740.0,8433654555.02
2022-06-14,seee,listed,59.0,59.0,59.0,59.0,,10.0,590.0,59.0,0.0,0.0,,,,10.0,590.0,59.0,192986750.0,8433655145.02
2022-06-15,seee,listed,59.0,59.0,59.0,59.0,,10.0,590.0,59.0,0.0,0.0,,,,10.0,590.0,59.0,192986760.0,8433655735.02
2022-06-16,seee,listed,59.0,59.0,59.0,59.0,,10.0,590.0,59.0,0.0,0.0,,,,10.0,590.0,59.0,192986770.0,8433656325.02
2022-06-17,seee,listed,59.0,59.0,59.0,59.0,,10.0,590.0,59.0,0.0,0.0,,,,10.0,590.0,59.0,192986780.0,8433656915.02
2022-06-20,seee,listed,59.0,59.5,59.0,59.25,,20.0,1185.0,59.25,0.0,0.0,,,,20.0,1185.0,59.25,192986800.0,8433658100.02
2022-06-21,seee,listed,59.6,59.6,59.6,59.6,,50.0,2980.0,59.6,0.0,0.0,,,,50.0,2980.0,59.6,192986850.0,8433661080.02
2022-06-22,seee,listed,60.0,60.0,60.0,60.0,,30.0,1800.0,60.0,150000.0,9000000.0,60.0,,,150030.0,9001800.0,60.0,193136880.0,8442662880.02
2022-06-23,seee,listed,60.0,60.0,60.0,60.0,,10.0,600.0,60.0,250000.0,13750000.0,55.0,,,250010.0,13750600.0,55.0002,193386890.0,8456413480.02
2022-06-24,seee,listed,60.0,60.0,60.0,60.0,,10.0,600.0,60.0,120000.0,7344000.0,61.2,,,120010.0,7344600.0,61.1999,193506900.0,8463758080.02
2022-06-27,seee,listed,60.0,60.0,60.0,60.0,,10.0,600.0,60.0,0.0,0.0,,,,10.0,600.0,60.0,193506910.0,8463758680.02
2022-06-28,seee,listed,59.0,59.0,59.0,59.0,,20.0,1180.0,59.0,0.0,0.0,,,,20.0,1180.0,59.0,193506930.0,8463759860.02
2022-06-29,seee,listed,58.0,58.0,58.0,58.0,,10.0,580.0,58.0,0.0,0.0,,,,10.0,580.0,58.0,193506940.0,8463760440.02
2022-06-30,seee,listed,57.5,57.5,57.5,57.5,,10.0,575.0,57.5,0.0,0.0,,,,10.0,575.0,57.5,193506950.0,8463761015.02
2022-07-01,seee,listed,58.5,58.5,58.0,58.0,,124940.0,7246525.0,58.0,200000.0,11500000.0,57.5,,,324940.0,18746525.0,57.6923,193831890.0,8482507540.02
2022-07-04,seee,listed,59.0,59.0,59.0,59.0,,10.0,590.0,59.0,0.0,0.0,,,,10.0,590.0,59.0,193831900.0,8482508130.02
2022-07-05,seee,listed,57.5,57.5,57.5,57.5,,10000.0,575000.0,57.5,0.0,0.0,,,,10000.0,575000.0,57.5,193841900.0,8483083130.02
2022-07-06,seee,listed,58.0,58.0,55.0,57.27,,80031.0,4583589.6,57.2727,0.0,0.0,,,,80031.0,4583589.6,57.2727,193921931.0,8487666719.62
2022-07-07,seee,listed,59.0,59.0,59.0,59.0,,1000.0,59000.0,59.0,0.0,0.0,,,,1000.0,59000.0,59.0,193922931.0,8487725719.62
2022-07-08,seee,listed,60.0,60.0,57.0,57.02,,49200.0,2805180.5,57.0159,0.0,0.0,,,,49200.0,2805180.5,57.0159,193972131.0,8490530900.12
2022-07-11,seee,listed,58.0,58.0,58.0,58.0,,58.0,3364.0,58.0,0.0,0.0,,,,58.0,3364.0,58.0,193972189.0,8490534264.12
2022-07-12,seee,listed,58.0,58.0,58.0,58.0,,10.0,580.0,58.0,0.0,0.0,,,,10.0,580.0,58.0,193972199.0,8490534844.12
2022-07-13,seee,listed,59.1,59.1,59.1,59.1,,10.0,591.0,59.1,0.0,0.0,,,,10.0,591.0,59.1,193972209.0,8490535435.12
2022-07-14,seee,listed,57.0,58.0,57.0,57.26,,27446.0,1571526.46,57.2589,0.0,0.0,,,,27446.0,1571526.46,57.2589,193999655.0,8492106961.58
2022-07-15,seee,listed,60.0,60.0,57.9,58.24,,2500.0,145600.0,58.24,0.0,0.0,,,,2500.0,145600.0,58.24,194002155.0,8492252561.58
2022-07-18,seee,listed,58.6,58.6,57.6,57.6,,10010.0,576586.0,57.601,0.0,0.0,,,,10010.0,576586.0,57.601,194012165.0,8492829147.58
2022-07-19,seee,listed,57.4,57.4,57.4,57.4,,10000.0,574000.0,57.4,0.0,0.0,,,,10000.0,574000.0,57.4,194022165.0,8493403147.58
2022-07-20,seee,listed,56.8,58.22,56.0,57.34,,30044.0,1722664.0,57.338,0.0,0.0,,,,30044.0,1722664.0,57.338,194052209.0,8495125811.58
2022-07-21,seee,listed,58.22,58.22,58.22,58.22,,25000.0,1455500.0,58.22,150000.0,8925000.0,59.5,,,175000.0,10380500.0,59.3171,194227209.0,8505506311.58
2022-07-22,seee,listed,57.0,57.0,57.0,57.0,,10000.0,570000.0,57.0,0.0,0.0,,,,10000.0,570000.0,57.0,194237209.0,8506076311.58
2022-07-25,seee,listed,57.3,57.3,57.3,57.3,,100.0,5730.0,57.3,0.0,0.0,,,,100.0,5730.0,57.3,194237309.0,8506082041.58
2022-07-26,seee,listed,57.3,57.3,57.3,57.3,,100.0,5730.0,57.3,0.0,0.0,,,,100.0,5730.0,57.3,194237409.0,8506087771.58
2022-07-27,seee,listed,57.0,57.0,57.0,57.0,,250.0,14250.0,57.0,0.0,0.0,,,,250.0,14250.0,57.0,194237659.0,8506102021.58
2022-07-28,seee,listed,57.0,59.0,57.0,58.96,,61081.0,3601617.0,58.9646,150000.0,8895000.0,59.3,,,211081.0,12496617.0,59.2029,194448740.0,8518598638.58
2022-07-29,seee,listed,58.0,58.0,58.0,58.0,,200.0,11600.0,58.0,150000.0,9381000.0,62.54,,,150200.0,9392600.0,62.534,194598940.0,8527991238.58
2022-08-01,seee,listed,58.0,59.5,58.0,58.68,,2800.0,164300.0,58.6786,0.0,0.0,,,,2800.0,164300.0,58.6786,194601740.0,8528155538.58
2022-08-02,seee,listed,57.0,59.0,57.0,57.35,,1731.0,99267.0,57.3466,0.0,0.0,,,,1731.0,99267.0,57.3466,194603471.0,8528254805.58
2022-08-03,seee,listed,57.5,57.5,57.5,57.5,,500.0,28750.0,57.5,0.0,0.0,,,,500.0,28750.0,57.5,194603971.0,8528283555.58
2022-08-04,seee,listed,57.5,57.5,57.5,57.5,,500.0,28750.0,57.5,0.0,0.0,,,,500.0,28750.0,57.5,194604471.0,8528312305.58
2022-08-05,seee,listed,58.5,58.5,58.5,58.5,,68765.0,4022752.5,58.5,0.0,0.0,,,,68765.0,4022752.5,58.5,194673236.0,8532335058.08
2022-08-08,seee,listed,59.0,59.0,59.0,59.0,,3000.0,177000.0,59.0,0.0,0.0,,,,3000.0,177000.0,59.0,194676236.0,8532512058.08
2022-08-09,seee,listed,58.0,59.0,58.0,58.88,,1700.0,100100.0,58.8824,100000.0,4582000.0,45.82,,,101700.0,4682100.0,46.0383,194777936.0,8537194158.08
2022-08-10,seee,listed,58.0,58.0,58.0,58.0,,17300.0,1003400.0,58.0,0.0,0.0,,,,17300.0,1003400.0,58.0,194795236.0,8538197558.08
2022-08-11,seee,listed,58.0,58.0,58.0,58.0,,5200.0,301600.0,58.0,0.0,0.0,,,,5200.0,301600.0,58.0,194800436.0,8538499158.08
2022-08-12,seee,listed,58.0,58.0,58.0,58.0,,200.0,11600.0,58.0,121335.0,7098097.5,58.5,,,121535.0,7109697.5,58.4992,194921971.0,8545608855.58
2022-08-15,seee,listed,58.0,58.0,58.0,58.0,,200.0,11600.0,58.0,0.0,0.0,,,,200.0,11600.0,58.0,194922171.0,8545620455.58
2022-08-16,seee,listed,58.0,58.0,58.0,58.0,,200.0,11600.0,58.0,0.0,0.0,,,,200.0,11600.0,58.0,194922371.0,8545632055.58
2022-08-17,seee,listed,58.0,58.0,58.0,58.0,,200.0,11600.0,58.0,0.0,0.0,,,,200.0,11600.0,58.0,194922571.0,8545643655.58
2022-08-18,seee,listed,58.0,58.0,58.0,58.0,,200.0,11600.0,58.0,0.0,0.0,,,,200.0,11600.0,58.0,194922771.0,8545655255.58
2022-08-19,seee,listed,58.0,58.0,58.0,58.0,,80000.0,4640000.0,58.0,0.0,0.0,,,,80000.0,4640000.0,58.0,195002771.0,8550295255.58
2022-08-22,seee,listed,58.0,58.0,58.0,58.0,,200.0,11600.0,58.0,0.0,0.0,,,,200.0,11600.0,58.0,195002971.0,8550306855.58
2022-08-23,seee,listed,58.8,59.5,58.8,58.8,,12002.0,705719.0,58.8001,0.0,0.0,,,,12002.0,705719.0,58.8001,195014973.0,8551012574.58
2022-08-24,seee,listed,58.5,58.5,58.0,58.42,,118.0,6894.0,58.4237,0.0,0.0,,,,118.0,6894.0,58.4237,195015091.0,8551019468.58
2022-08-25,seee,listed,58.5,58.5,58.5,58.5,,100.0,5850.0,58.5,0.0,0.0,,,,100.0,5850.0,58.5,195015191.0,8551025318.58
2022-08-26,seee,listed,58.5,58.5,58.5,58.5,,668.0,39078.0,58.5,0.0,0.0,,,,668.0,39078.0,58.5,195015859.0,8551064396.58
2022-08-29,seee,listed,58.5,58.5,58.5,58.5,,668.0,39078.0,58.5,130000.0,7605000.0,58.5,,,130668.0,7644078.0,58.5,195146527.0,8558708474.58
2022-08-30,seee,listed,58.0,58.0,58.0,58.0,,200.0,11600.0,58.0,0.0,0.0,,,,200.0,11600.0,58.0,195146727.0,8558720074.58
2022-08-31,seee,listed,58.0,58.0,58.0,58.0,,200.0,11600.0,58.0,0.0,0.0,,,,200.0,11600.0,58.0,195146927.0,8558731674.58
2022-09-01,seee,listed,58.0,58.0,58.0,58.0,,200.0,11600.0,58.0,0.0,0.0,,,,200.0,11600.0,58.0,195147127.0,8558743274.58
2022-09-02,seee,listed,58.0,58.0,58.0,58.0,,200.0,11600.0,58.0,0.0,0.0,,,,200.0,11600.0,58.0,195147327.0,8558754874.58
2022-09-05,seee,listed,58.5,58.5,58.5,58.5,,10.0,585.0,58.5,0.0,0.0,,,,10.0,585.0,58.5,195147337.0,8558755459.58
2022-09-06,seee,listed,58.5,59.0,58.5,58.98,,2100.0,123850.0,58.9762,0.0,0.0,,,,2100.0,123850.0,58.9762,195149437.0,8558879309.58
2022-09-07,seee,listed,58.5,59.0,58.5,58.99,,6090.0,359260.0,58.9918,0.0,0.0,,,,6090.0,359260.0,58.9918,195155527.0,8559238569.58
2022-09-08,seee,listed,58.5,58.5,58.5,58.5,,100.0,5850.0,58.5,0.0,0.0,,,,100.0,5850.0,58.5,195155627.0,8559244419.58
2022-09-09,seee,listed,58.0,58.0,58.0,58.0,,100.0,5800.0,58.0,0.0,0.0,,,,100.0,5800.0,58.0,195155727.0,8559250219.58
2022-09-13,seee,listed,58.0,58.0,58.0,58.0,,100.0,5800.0,58.0,0.0,0.0,,,,100.0,5800.0,58.0,195155827.0,8559256019.58
2022-09-14,seee,listed,58.5,58.5,58.5,58.5,,100.0,5850.0,58.5,0.0,0.0,,,,100.0,5850.0,58.5,195155927.0,8559261869.58
2022-09-15,seee,listed,58.0,58.0,58.0,58.0,,100.0,5800.0,58.0,0.0,0.0,,,,100.0,5800.0,58.0,195156027.0,8559267669.58
2022-09-16,seee,listed,58.0,58.0,58.0,58.0,,100.0,5800.0,58.0,0.0,0.0,,,,100.0,5800.0,58.0,195156127.0,8559273469.58
2022-09-19,seee,listed,58.0,58.0,58.0,58.0,,100.0,5800.0,58.0,0.0,0.0,,,,100.0,5800.0,58.0,195156227.0,8559279269.58
2022-09-20,seee,listed,58.0,58.0,58.0,58.0,,100.0,5800.0,58.0,0.0,0.0,,,,100.0,5800.0,58.0,195156327.0,8559285069.58
2022-09-21,seee,listed,58.0,58.0,58.0,58.0,,100.0,5800.0,58.0,0.0,0.0,,,,100.0,5800.0,58.0,195156427.0,8559290869.58
2022-09-22,seee,listed,58.0,58.0,58.0,58.0,,100.0,5800.0,58.0,0.0,0.0,,,,100.0,5800.0,58.0,195156527.0,8559296669.58
2022-09-23,seee,listed,57.0,57.5,57.0,57.48,,210.0,12070.0,57.4762,0.0,0.0,,,,210.0,12070.0,57.4762,195156737.0,8559308739.58
2022-09-26,seee,listed,57.5,57.5,57.5,57.5,,200.0,11500.0,57.5,0.0,0.0,,,,200.0,11500.0,57.5,195156937.0,8559320239.58
2022-09-27,seee,listed,57.5,57.5,57.5,57.5,,200.0,11500.0,57.5,0.0,0.0,,,,200.0,11500.0,57.5,195157137.0,8559331739.58
2022-09-28,seee,listed,57.5,57.5,57.5,57.5,,200.0,11500.0,57.5,0.0,0.0,,,,200.0,11500.0,57.5,195157337.0,8559343239.58
2022-09-29,seee,listed,57.5,57.5,57.5,57.5,,200.0,11500.0,57.5,0.0,0.0,,,,200.0,11500.0,57.5,195157537.0,8559354739.58
2022-09-30,seee,listed,57.5,57.5,57.5,57.5,,200.0,11500.0,57.5,0.0,0.0,,,,200.0,11500.0,57.5,195157737.0,8559366239.58
2022-10-10,seee,listed,57.5,57.5,57.5,57.5,,200.0,11500.0,57.5,0.0,0.0,,,,200.0,11500.0,57.5,195157937.0,8559377739.58
2022-10-11,seee,listed,57.52,58.45,57.52,58.34,,11000.0,641770.0,58.3427,180000.0,10440000.0,58.0,,,191000.0,11081770.0,58.0197,195348937.0,8570459509.58
2022-10-12,seee,listed,58.0,58.0,58.0,58.0,,200.0,11600.0,58.0,0.0,0.0,,,,200.0,11600.0,58.0,195349137.0,8570471109.58
2022-10-13,seee,listed,57.5,58.0,57.5,57.75,,400.0,23100.0,57.75,0.0,0.0,,,,400.0,23100.0,57.75,195349537.0,8570494209.58
2022-10-14,seee,listed,58.0,58.0,58.0,58.0,,300.0,17400.0,58.0,0.0,0.0,,,,300.0,17400.0,58.0,195349837.0,8570511609.58
2022-10-17,seee,listed,58.5,58.5,58.0,58.48,,10260.0,599961.0,58.4757,0.0,0.0,,,,10260.0,599961.0,58.4757,195360097.0,8571111570.58
2022-10-18,seee,listed,58.0,58.0,58.0,58.0,,300.0,17400.0,58.0,0.0,0.0,,,,300.0,17400.0,58.0,195360397.0,8571128970.58
2022-10-19,seee,listed,58.5,58.5,58.5,58.5,,169400.0,9909900.0,58.5,0.0,0.0,,,,169400.0,9909900.0,58.5,195529797.0,8581038870.58
2022-10-20,seee,listed,58.0,58.0,57.5,57.55,,11000.0,633000.0,57.5455,0.0,0.0,,,,11000.0,633000.0,57.5455,195540797.0,8581671870.58
2022-10-21,seee,listed,58.5,58.5,58.0,58.49,,55000.0,3217000.0,58.4909,0.0,0.0,,,,55000.0,3217000.0,58.4909,195595797.0,8584888870.58
2022-10-24,seee,listed,58.0,58.0,58.0,58.0,,1000.0,58000.0,58.0,0.0,0.0,,,,1000.0,58000.0,58.0,195596797.0,8584946870.58
2022-10-25,seee,listed,58.7,58.7,58.7,58.7,,15000.0,880500.0,58.7,0.0,0.0,,,,15000.0,880500.0,58.7,195611797.0,8585827370.58
2022-10-26,seee,listed,58.0,58.0,58.0,58.0,,5000.0,290000.0,58.0,130000.0,7735000.0,59.5,,,135000.0,8025000.0,59.4444,195746797.0,8593852370.58
2022-10-27,seee,listed,58.5,58.5,58.5,58.5,,21000.0,1228500.0,58.5,108274.0,6171618.0,57.0,,,129274.0,7400118.0,57.2437,195876071.0,8601252488.58
2022-10-28,seee,listed,58.0,58.0,58.0,58.0,,5000.0,290000.0,58.0,0.0,0.0,,,,5000.0,290000.0,58.0,195881071.0,8601542488.58
2022-10-31,seee,listed,58.0,58.0,58.0,58.0,,5000.0,290000.0,58.0,241412.0,10380716.0,43.0,,,246412.0,10670716.0,43.3044,196127483.0,8612213204.58
2022-11-01,seee,listed,58.0,58.0,58.0,58.0,,5000.0,290000.0,58.0,0.0,0.0,,,,5000.0,290000.0,58.0,196132483.0,8612503204.58
2022-11-02,seee,listed,58.0,58.0,58.0,58.0,,500.0,29000.0,58.0,559797.0,23813764.38,42.54,,,560297.0,23842764.38,42.5538,196692780.0,8636345968.96
2022-11-03,seee,listed,58.0,58.0,58.0,58.0,,17242.0,1000036.0,58.0,0.0,0.0,,,,17242.0,1000036.0,58.0,196710022.0,8637346004.96
2022-11-04,seee,listed,58.0,58.0,58.0,58.0,,500.0,29000.0,58.0,480000.0,28080000.0,58.5,,,480500.0,28109000.0,58.4995,197190522.0,8665455004.96
2022-11-07,seee,listed,58.0,58.1,58.0,58.08,,87000.0,5053000.0,58.0805,0.0,0.0,,,,87000.0,5053000.0,58.0805,197277522.0,8670508004.96
2022-11-08,seee,listed,57.7,58.2,57.7,57.87,,45398.0,2627084.2,57.8678,0.0,0.0,,,,45398.0,2627084.2,57.8678,197322920.0,8673135089.16
2022-11-09,seee,listed,58.0,58.0,58.0,58.0,,3000.0,174000.0,58.0,0.0,0.0,,,,3000.0,174000.0,58.0,197325920.0,8673309089.16
2022-11-10,seee,listed,58.0,58.0,58.0,58.0,,1725.0,100050.0,58.0,0.0,0.0,,,,1725.0,100050.0,58.0,197327645.0,8673409139.16
2022-11-11,seee,listed,58.0,58.0,58.0,58.0,,5000.0,290000.0,58.0,0.0,0.0,,,,5000.0,290000.0,58.0,197332645.0,8673699139.16
2022-11-14,seee,listed,58.0,58.0,57.3,57.87,,72275.0,4182250.0,57.8658,250000.0,14800000.0,59.2,,,322275.0,18982250.0,58.9008,197654920.0,8692681389.16
2022-11-15,seee,listed,57.5,57.5,57.5,57.5,,200.0,11500.0,57.5,0.0,0.0,,,,200.0,11500.0,57.5,197655120.0,8692692889.16
2022-11-16,seee,listed,57.8,57.8,57.8,57.8,,34137.0,1973118.6,57.8,0.0,0.0,,,,34137.0,1973118.6,57.8,197689257.0,8694666007.76
2022-11-17,seee,listed,57.8,57.8,57.8,57.8,,20000.0,1156000.0,57.8,920757.0,52483149.0,57.0,,,940757.0,53639149.0,57.017,198630014.0,8748305156.76
2022-11-18,seee,listed,57.5,57.7,57.5,57.5,,420010.0,24150577.0,57.5,0.0,0.0,,,,420010.0,24150577.0,57.5,199050024.0,8772455733.76
2022-11-21,seee,listed,57.8,57.8,57.8,57.8,,297.0,17166.6,57.8,0.0,0.0,,,,297.0,17166.6,57.8,199050321.0,8772472900.36
2022-11-22,seee,listed,57.8,57.9,57.7,57.8,,820050.0,47399890.0,57.8012,100000.0,5830000.0,58.3,,,920050.0,53229890.0,57.8554,199970371.0,8825702790.36
2022-11-23,seee,listed,58.0,58.0,58.0,58.0,,2553.0,148074.0,58.0,0.0,0.0,,,,2553.0,148074.0,58.0,199972924.0,8825850864.36
2022-11-24,seee,listed,58.0,58.0,58.0,58.0,,200.0,11600.0,58.0,205000.0,9942500.0,48.5,,,205200.0,9954100.0,48.5093,200178124.0,8835804964.36
2022-11-25,seee,listed,58.1,58.1,57.5,57.8,,747774.0,43222969.8,57.8022,1585000.0,85921500.0,54.2091,,,2332774.0,129144469.8,55.3609,202510898.0,8964949434.16
2022-11-28,seee,listed,57.8,57.8,57.8,57.8,,500.0,28900.0,57.8,363576.0,18925620.0,52.0541,,,364076.0,18954520.0,52.062,202874974.0,8983903954.16
2022-11-29,seee,listed,58.0,58.0,57.8,57.8,,501.0,28958.0,57.8004,200000.0,11800000.0,59.0,,,200501.0,11828958.0,58.997,203075475.0,8995732912.16
2022-11-30,seee,listed,57.8,57.8,57.5,57.52,,350380.0,20155126.0,57.5236,0.0,0.0,,,,350380.0,20155126.0,57.5236,203425855.0,9015888038.16
2022-12-01,seee,listed,57.52,57.7,57.52,57.7,,200523.0,11570139.3,57.6998,199990.0,11691415.4,58.46,,,400513.0,23261554.7,58.0794,203826368.0,9039149592.86
2022-12-02,seee,listed,55.0,57.7,55.0,57.69,,502.0,28960.0,57.6892,0.0,0.0,,,,502.0,28960.0,57.6892,203826870.0,9039178552.86
2022-12-05,seee,listed,53.0,58.0,53.0,57.0,,2500.0,142500.0,57.0,0.0,0.0,,,,2500.0,142500.0,57.0,203829370.0,9039321052.86
2022-12-06,seee,listed,58.0,58.0,57.0,57.39,,6100.0,350050.0,57.3852,0.0,0.0,,,,6100.0,350050.0,57.3852,203835470.0,9039671102.86
2022-12-07,seee,listed,58.0,58.0,57.0,57.44,,13510.0,776080.0,57.4449,0.0,0.0,,,,13510.0,776080.0,57.4449,203848980.0,9040447182.86
2022-12-08,seee,listed,57.5,57.5,57.5,57.5,,9000.0,517500.0,57.5,0.0,0.0,,,,9000.0,517500.0,57.5,203857980.0,9040964682.86
2022-12-09,seee,listed,57.0,57.5,57.0,57.03,,93000.0,5303500.0,57.0269,200000.0,11700000.0,58.5,,,293000.0,17003500.0,58.0324,204150980.0,9057968182.86
2022-12-12,seee,listed,56.8,56.8,56.8,56.8,,100.0,5680.0,56.8,0.0,0.0,,,,100.0,5680.0,56.8,204151080.0,9057973862.86
2022-12-13,seee,listed,56.79,56.8,56.51,56.55,,8000.0,452370.28,56.5463,0.0,0.0,,,,8000.0,452370.28,56.5463,204159080.0,9058426233.14
2022-12-14,seee,listed,56.0,56.8,54.0,55.3,,149818.0,8285206.0,55.3018,691952.0,39922291.36,57.6952,,,841770.0,48207497.36,57.2692,205000850.0,9106633730.5
2022-12-15,seee,listed,57.0,57.0,57.0,57.0,,82000.0,4674000.0,57.0,302129.0,17387523.95,57.55,,,384129.0,22061523.95,57.4326,205384979.0,9128695254.45
2022-12-16,seee,listed,57.0,57.0,57.0,57.0,,51000.0,2907000.0,57.0,1264400.0,70766000.0,55.968,,,1315400.0,73673000.0,56.0081,206700379.0,9202368254.45
2022-12-19,seee,listed,55.0,55.0,55.0,55.0,,40000.0,2200000.0,55.0,2157085.0,117621207.67,54.5279,,,2197085.0,119821207.67,54.5364,208897464.0,9322189462.12
2022-12-20,seee,listed,56.0,56.0,56.0,56.0,,500.0,28000.0,56.0,2507877.0,141382538.73,56.3754,,,2508377.0,141410538.73,56.3753,211405841.0,9463600000.85
2022-12-21,seee,listed,56.0,57.5,56.0,56.0,,12298.0,688689.5,56.0001,9125285.0,504649970.04,55.3024,,,9137583.0,505338659.54,55.3033,220543424.0,9968938660.39
2022-12-22,seee,listed,56.0,56.5,56.0,56.5,,60500.0,3418000.0,56.4959,2617774.0,148248944.0,56.6317,,,2678274.0,151666944.0,56.6286,223221698.0,10120605604.39
2022-12-23,seee,listed,56.5,56.5,56.5,56.5,,110.0,6215.0,56.5,1610000.0,88482500.0,54.9581,,,1610110.0,88488715.0,54.9582,224831808.0,10209094319.39
2022-12-26,seee,listed,56.3,56.5,56.0,56.26,,183955.0,10349530.0,56.2612,1803296.0,99685280.0,55.2795,,,1987251.0,110034810.0,55.3704,226819059.0,10319129129.39
2022-12-27,seee,listed,56.3,56.3,55.5,56.3,,40011.0,2252610.5,56.2998,986725.0,56894823.5,57.6603,,,1026736.0,59147434.0,57.6072,227845795.0,10378276563.39
2022-12-28,seee,listed,56.3,56.5,55.0,55.9,,21787.0,1217935.0,55.9019,1260200.0,68391200.0,54.2701,,,1281987.0,69609135.0,54.2978,229127782.0,10447885698.39
2022-12-29,seee,listed,55.0,55.0,55.0,55.0,,96304.0,5296720.0,55.0,424076.0,20364843.88,48.0217,,,520380.0,25661563.88,49.3131,229648162.0,10473547262.27
2022-12-30,seee,listed,55.0,55.0,55.0,55.0,,30681.0,1687455.0,55.0,0.0,0.0,,,,30681.0,1687455.0,55.0,229678843.0,10475234717.27
2023-01-03,ccn,listed,55.0,55.0,55.0,55.0,CEA,100.0,5500.0,55.0,0.0,0.0,,0.0,0.0,100.0,5500.0,55.0,,
2023-01-04,ccn,listed,55.0,55.0,55.0,55.0,CEA,100.0,5500.0,55.0,0.0,0.0,,0.0,0.0,100.0,5500.0,55.0,,
2023-01-05,ccn,listed,55.0,55.0,55.0,55.0,CEA,4291.0,236005.0,55.0,0.0,0.0,,0.0,0.0,4291.0,236005.0,55.0,,
2023-01-06,ccn,listed,56.0,56.0,56.0,56.0,CEA,1000.0,56000.0,56.0,0.0,0.0,,0.0,0.0,1000.0,56000.0,56.0,,
2023-01-09,ccn,listed,56.0,56.0,56.0,56.0,CEA,100.0,5600.0,56.0,0.0,0.0,,0.0,0.0,100.0,5600.0,56.0,,
2023-01-10,ccn,listed,56.0,56.0,56.0,56.0,CEA,100.0,5600.0,56.0,0.0,0.0,,0.0,0.0,100.0,5600.0,56.0,,
2023-01-11,ccn,listed,55.73,55.73,55.73,55.73,CEA,100.0,5573.0,55.73,0.0,0.0,,0.0,0.0,100.0,5573.0,55.73,,
2023-01-12,ccn,listed,55.5,55.5,55.5,55.5,CEA,100.0,5550.0,55.5,0.0,0.0,,0.0,0.0,100.0,5550.0,55.5,,
2023-01-13,ccn,listed,55.5,55.5,55.5,55.5,CEA,100.0,5550.0,55.5,0.0,0.0,,0.0,0.0,100.0,5550.0,55.5,,
2023-01-16,ccn,listed,55.73,55.73,55.73,55.73,CEA,150000.0,8359500.0,55.73,0.0,0.0,,0.0,0.0,150000.0,8359500.0,55.73,,
2023-01-17,ccn,listed,55.73,55.73,55.73,55.73,CEA,99999.0,5572944.27,55.73,0.0,0.0,,0.0,0.0,99999.0,5572944.27,55.73,,
2023-01-18,ccn,listed,56.0,56.0,56.0,56.0,CEA,100.0,5600.0,56.0,0.0,0.0,,0.0,0.0,100.0,5600.0,56.0,,
2023-01-19,ccn,listed,56.0,56.0,56.0,56.0,CEA,100.0,5600.0,56.0,0.0,0.0,,0.0,0.0,100.0,5600.0,56.0,,
2023-01-20,ccn,listed,56.0,56.0,56.0,56.0,CEA,10.0,560.0,56.0,0.0,0.0,,0.0,0.0,10.0,560.0,56.0,,
2023-01-30,ccn,listed,56.0,56.0,56.0,56.0,CEA,600.0,33600.0,56.0,0.0,0.0,,0.0,0.0,600.0,33600.0,56.0,,
2023-01-31,ccn,listed,56.0,56.0,56.0,56.0,CEA,600.0,33600.0,56.0,0.0,0.0,,0.0,0.0,600.0,33600.0,56.0,,
2023-02-01,ccn,listed,56.0,56.0,56.0,56.0,CEA,100.0,5600.0,56.0,0.0,0.0,,0.0,0.0,100.0,5600.0,56.0,,
2023-02-02,ccn,listed,56.0,56.0,56.0,56.0,CEA,300.0,16800.0,56.0,0.0,0.0,,0.0,0.0,300.0,16800.0,56.0,,
2023-02-03,ccn,listed,56.0,56.0,56.0,56.0,CEA,110.0,6160.0,56.0,0.0,0.0,,0.0,0.0,110.0,6160.0,56.0,,
2023-02-06,ccn,listed,56.0,56.0,56.0,56.0,CEA,600.0,33600.0,56.0,0.0,0.0,,0.0,0.0,600.0,33600.0,56.0,,
2023-02-07,ccn,listed,56.0,56.0,56.0,56.0,CEA,8500.0,476000.0,56.0,0.0,0.0,,0.0,0.0,8500.0,476000.0,56.0,,
2023-02-08,ccn,listed,56.0,56.0,56.0,56.0,CEA,100.0,5600.0,56.0,0.0,0.0,,0.0,0.0,100.0,5600.0,56.0,,
2023-02-09,ccn,listed,56.0,56.0,56.0,56.0,CEA,100.0,5600.0,56.0,100000.0,5550000.0,55.5,0.0,0.0,100100.0,5555600.0,55.5005,,
2023-02-10,ccn,listed,56.0,56.0,56.0,56.0,CEA,10.0,560.0,56.0,0.0,0.0,,0.0,0.0,10.0,560.0,56.0,,
2023-02-13,ccn,listed,56.0,56.0,56.0,56.0,CEA,500.0,28000.0,56.0,0.0,0.0,,0.0,0.0,500.0,28000.0,56.0,,
2023-02-14,ccn,listed,56.0,56.0,56.0,56.0,CEA,500.0,28000.0,56.0,200000.0,11500000.0,57.5,0.0,0.0,200500.0,11528000.0,57.4963,,
2023-02-15,ccn,listed,56.0,57.5,56.0,56.04,CEA,20510.0,1149310.0,56.0366,300000.0,17250000.0,57.5,0.0,0.0,320510.0,18399310.0,57.4064,,
2023-02-16,ccn,listed,56.3,56.3,56.2,56.3,CEA,10466.0,589185.8,56.2952,0.0,0.0,,0.0,0.0,10466.0,589185.8,56.2952,,
2023-02-17,ccn,listed,56.3,56.3,56.3,56.3,CEA,200000.0,11260000.0,56.3,0.0,0.0,,0.0,0.0,200000.0,11260000.0,56.3,,
2023-02-20,ccn,listed,56.2,56.2,56.2,56.2,CEA,500.0,28100.0,56.2,0.0,0.0,,0.0,0.0,500.0,28100.0,56.2,,
2023-02-21,ccn,listed,57.0,57.0,57.0,57.0,CEA,500.0,28500.0,57.0,0.0,0.0,,0.0,0.0,500.0,28500.0,57.0,,
2023-02-22,ccn,listed,57.0,57.0,57.0,57.0,CEA,500.0,28500.0,57.0,0.0,0.0,,0.0,0.0,500.0,28500.0,57.0,,
2023-02-23,ccn,listed,56.5,56.5,56.5,56.5,CEA,500.0,28250.0,56.5,0.0,0.0,,0.0,0.0,500.0,28500.0,57.0,,
2023-02-24,ccn,listed,56.5,56.5,56.5,56.5,CEA,10.0,565.0,56.5,1000000.0,55000000.0,55.0,0.0,0.0,1000010.0,55000565.0,55.0,,
2023-02-27,ccn,listed,55.0,55.0,55.0,55.0,CEA,10000.0,550000.0,55.0,0.0,0.0,,0.0,0.0,10000.0,550000.0,55.0,,
2023-02-28,ccn,listed,55.0,55.0,55.0,55.0,CEA,500.0,27500.0,55.0,0.0,0.0,,0.0,0.0,500.0,27500.0,55.0,,
2023-03-01,ccn,listed,55.0,56.5,55.5,55.5,CEA,1500.0,83250.0,55.5,0.0,0.0,,0.0,0.0,1500.0,83250.0,55.5,,
2023-03-02,ccn,listed,55.0,55.0,55.0,55.0,CEA,1000.0,55000.0,55.0,0.0,0.0,,0.0,0.0,1000.0,55000.0,55.0,,
2023-03-03,ccn,listed,56.0,56.0,56.0,56.0,CEA,10.0,560.0,56.0,300000.0,17010000.0,56.7,0.0,0.0,300010.0,17010560.0,56.7,,
2023-03-06,ccn,listed,55.0,56.0,55.0,55.5,CEA,1010.0,56060.0,55.505,0.0,0.0,,0.0,0.0,1010.0,56060.0,55.505,,
2023-03-07,ccn,listed,56.0,56.0,56.0,56.0,CEA,500.0,28000.0,56.0,200000.0,11340000.0,56.7,0.0,0.0,200500.0,11368000.0,56.6983,,
2023-03-08,ccn,listed,56.0,56.0,56.0,56.0,CEA,500.0,28000.0,56.0,0.0,0.0,,0.0,0.0,500.0,28000.0,56.0,,
2023-03-09,ccn,listed,56.0,56.0,56.0,56.0,CEA,1000.0,56000.0,56.0,0.0,0.0,,0.0,0.0,1000.0,56000.0,56.0,,
2023-03-10,ccn,listed,56.0,56.0,56.0,56.0,CEA,10.0,560.0,56.0,0.0,0.0,,0.0,0.0,10.0,560.0,56.0,,
2023-03-13,ccn,listed,56.0,56.0,56.0,56.0,CEA,510.0,28560.0,56.0,0.0,0.0,,0.0,0.0,510.0,28560.0,56.0,,
2023-03-14,ccn,listed,56.0,56.5,56.0,56.0,CEA,1010.0,56565.0,56.005,0.0,0.0,,0.0,0.0,1010.0,56565.0,56.005,,
2023-03-15,ccn,listed,56.0,56.0,56.0,56.0,CEA,1000.0,56000.0,56.0,0.0,0.0,,0.0,0.0,1000.0,56000.0,56.0,,
2023-03-16,ccn,listed,56.0,56.0,56.0,56.0,CEA,500.0,28000.0,56.0,0.0,0.0,,0.0,0.0,500.0,28000.0,56.0,,
2023-03-17,ccn,listed,57.5,57.5,55.0,56.75,CEA,1001.0,56805.0,56.7483,0.0,0.0,,0.0,0.0,1001.0,56805.0,56.7483,,
2023-03-20,ccn,listed,57.0,57.0,57.0,57.0,CEA,175.0,9975.0,57.0,0.0,0.0,,0.0,0.0,175.0,9975.0,57.0,,
2023-03-21,ccn,listed,56.0,56.0,56.0,56.0,CEA,1000.0,56000.0,56.0,0.0,0.0,,0.0,0.0,1000.0,56000.0,56.0,,
2023-03-22,ccn,listed,56.0,56.0,56.0,56.0,CEA,100.0,5600.0,56.0,0.0,0.0,,0.0,0.0,100.0,5600.0,56.0,,
2023-03-23,ccn,listed,56.0,56.0,56.0,56.0,CEA,100.0,5600.0,56.0,0.0,0.0,,0.0,0.0,100.0,5600.0,56.0,,
2023-03-24,ccn,listed,56.0,56.0,56.0,56.0,CEA,10.0,560.0,56.0,0.0,0.0,,0.0,0.0,10.0,560.0,56.0,,
2023-03-27,ccn,listed,56.0,56.0,56.0,56.0,CEA,8900.0,498400.0,56.0,0.0,0.0,,0.0,0.0,8900.0,498400.0,56.0,,
2023-03-28,ccn,listed,56.0,56.0,56.0,56.0,CEA,100.0,5600.0,56.0,476000.0,24558240.0,51.5929,0.0,0.0,476100.0,24563840.0,51.5939,,
2023-03-29,ccn,listed,56.0,56.0,56.0,56.0,CEA,100.0,5600.0,56.0,0.0,0.0,,0.0,0.0,100.0,5600.0,56.0,,
2023-03-30,ccn,listed,56.7,56.7,56.0,56.7,CEA,8830.0,500654.0,56.6992,300000.0,14272000.0,47.5733,0.0,0.0,308830.0,14772654.0,47.8343,,
2023-03-31,ccn,listed,56.0,56.0,56.0,56.0,CEA,2737.0,153272.0,56.0,0.0,0.0,,0.0,0.0,2737.0,153272.0,56.0,,
2023-04-03,ccn,listed,56.0,56.0,56.0,56.0,CEA,100.0,5600.0,56.0,400000.0,22440000.0,56.1,0.0,0.0,400100.0,22445600.0,56.1,,
2023-04-04,ccn,listed,56.0,56.0,56.0,56.0,CEA,100.0,5600.0,56.0,0.0,0.0,,0.0,0.0,100.0,5600.0,56.0,,
2023-04-06,ccn,listed,56.0,56.0,50.5,50.52,CEA,10037.0,507072.0,50.5203,0.0,0.0,,0.0,0.0,10037.0,507072.0,50.5203,,
2023-04-07,ccn,listed,55.4,55.4,55.4,55.4,CEA,10.0,554.0,55.4,0.0,0.0,,0.0,0.0,10.0,554.0,55.4,,
2023-04-10,ccn,listed,56.0,56.0,56.0,56.0,CEA,29990.0,1679440.0,56.0,0.0,0.0,,0.0,0.0,29990.0,1679440.0,56.0,,
2023-04-11,ccn,listed,56.0,56.0,56.0,56.0,CEA,56.0,560.0,10.0,0.0,0.0,,0.0,0.0,56.0,560.0,10.0,,
2023-04-12,ccn,listed,56.0,56.0,56.0,56.0,CEA,100.0,5600.0,56.0,0.0,0.0,,0.0,0.0,100.0,5600.0,56.0,,
2023-04-13,ccn,listed,56.0,56.0,56.0,56.0,CEA,100.0,5600.0,56.0,0.0,0.0,,0.0,0.0,100.0,5600.0,56.0,,
2023-04-14,ccn,listed,56.0,56.0,56.0,56.0,CEA,100.0,5600.0,56.0,0.0,0.0,,0.0,0.0,100.0,5600.0,56.0,,
2023-04-17,ccn,listed,56.0,56.0,56.0,56.0,CEA,100.0,5600.0,56.0,0.0,0.0,,0.0,0.0,100.0,5600.0,56.0,,
2023-04-18,ccn,listed,56.0,56.0,56.0,56.0,CEA,10.0,560.0,56.0,0.0,0.0,,0.0,0.0,10.0,560.0,56.0,,
2023-04-19,ccn,listed,56.0,56.0,56.0,56.0,CEA,100.0,5600.0,56.0,0.0,0.0,,0.0,0.0,100.0,5600.0,56.0,,
2023-04-20,ccn,listed,56.0,56.0,53.0,53.4,CEA,750.0,40050.0,53.4,300000.0,12888000.0,42.96,0.0,0.0,300750.0,12928050.0,42.986,,
2023-04-21,ccn,listed,53.4,53.4,53.4,53.4,CEA,10.0,534.0,53.4,300000.0,17250000.0,57.5,0.0,0.0,300010.0,17250534.0,57.4999,,
2023-04-24,ccn,listed,53.4,53.4,53.4,53.4,CEA,10.0,534.0,53.4,0.0,0.0,,0.0,0.0,10.0,534.0,53.4,,
2023-04-25,ccn,listed,53.4,53.4,53.4,53.4,CEA,500.0,26700.0,53.4,0.0,0.0,,0.0,0.0,500.0,26700.0,53.4,,
2023-04-26,ccn,listed,56.0,56.0,53.4,54.92,CEA,10510.0,577260.0,54.9248,0.0,0.0,,0.0,0.0,10510.0,577260.0,54.9248,,
2023-04-27,ccn,listed,55.0,55.0,55.0,55.0,CEA,110.0,6050.0,55.0,0.0,0.0,,0.0,0.0,110.0,6050.0,55.0,,
2023-04-28,ccn,listed,55.0,55.0,55.0,55.0,CEA,10.0,550.0,55.0,0.0,0.0,,0.0,0.0,10.0,550.0,55.0,,
2023-05-04,ccn,listed,55.5,55.5,55.5,55.5,CEA,10.0,555.0,55.5,0.0,0.0,,0.0,0.0,10.0,555.0,55.5,,
2023-05-05,ccn,listed,55.5,55.5,55.5,55.5,CEA,11.0,610.5,55.5,0.0,0.0,,0.0,0.0,11.0,610.5,55.5,,
2023-05-08,ccn,listed,56.0,56.0,56.0,56.0,CEA,15000.0,840000.0,56.0,100000.0,5750000.0,57.5,0.0,0.0,115000.0,6590000.0,57.3043,,
2023-05-09,ccn,listed,56.0,56.5,56.0,56.0,CEA,42317.0,2369752.5,56.0,100000.0,5480000.0,54.8,0.0,0.0,142317.0,7849752.5,55.1568,,
2023-05-10,ccn,listed,56.0,56.0,56.0,56.0,CEA,100.0,5600.0,56.0,0.0,0.0,,0.0,0.0,100.0,5600.0,56.0,,
2023-05-11,ccn,listed,56.0,56.0,56.0,56.0,CEA,100.0,5600.0,56.0,0.0,0.0,,0.0,0.0,100.0,5600.0,56.0,,
2023-05-12,ccn,listed,56.0,56.0,56.0,56.0,CEA,10.0,560.0,56.0,0.0,0.0,,0.0,0.0,10.0,560.0,56.0,,
2023-05-15,ccn,listed,56.0,56.0,56.0,56.0,CEA,100.0,5600.0,56.0,100000.0,5710000.0,57.1,0.0,0.0,100100.0,5715600.0,57.0989,,
2023-05-16,ccn,listed,56.5,56.5,56.5,56.5,CEA,100.0,5650.0,56.5,0.0,0.0,,0.0,0.0,100.0,5650.0,56.5,,
2023-05-17,ccn,listed,56.0,56.5,56.0,56.25,CEA,200.0,11250.0,56.25,362500.0,20417500.0,56.3241,0.0,0.0,362700.0,20428750.0,56.3241,,
2023-05-18,ccn,listed,56.5,58.0,56.5,57.93,CEA,210.0,12165.0,57.9286,362500.0,20417500.0,56.3241,0.0,0.0,362710.0,20429665.0,56.3251,,
2023-05-19,ccn,listed,57.0,57.0,57.0,57.0,CEA,10.0,570.0,57.0,0.0,0.0,,0.0,0.0,10.0,570.0,57.0,,
2023-05-22,ccn,listed,56.0,60.0,56.0,57.21,CEA,71792.0,4106868.0,57.2051,0.0,0.0,,0.0,0.0,71792.0,4106868.0,57.2051,,
2023-05-23,ccn,listed,56.5,57.0,56.0,56.0,CEA,49813.0,2789633.0,56.0021,0.0,0.0,,0.0,0.0,49813.0,2789633.0,56.0021,,
2023-05-24,seee,listed,57.0,57.0,57.0,57.0,,3410.0,194370.0,57.0,0.0,0.0,,,,3410.0,194370.0,57.0,235358992.0,10785708539.34
2023-05-25,seee,listed,57.0,57.0,57.0,57.0,,10.0,570.0,57.0,0.0,0.0,,,,10.0,570.0,57.0,235359002.0,10785709109.34
2023-05-26,seee,listed,57.0,57.0,57.0,57.0,,10.0,570.0,57.0,0.0,0.0,,,,10.0,570.0,57.0,235359012.0,10785709679.34
2023-05-29,seee,listed,57.0,57.0,57.0,57.0,,1000.0,57000.0,57.0,0.0,0.0,,,,1000.0,57000.0,57.0,235360012.0,10785766679.34
2023-05-30,seee,listed,57.0,57.0,57.0,57.0,,5524.0,314868.0,57.0,0.0,0.0,,,,5524.0,314868.0,57.0,235365536.0,10786081547.34
2023-05-31,seee,listed,58.01,59.0,58.01,58.5,,17107.0,1000740.01,58.4989,0.0,0.0,,,,17107.0,1000740.01,58.4989,235382643.0,10787082287.35
2023-06-01,seee,listed,57.5,58.0,57.5,57.51,,510.0,29330.0,57.5098,0.0,0.0,,,,510.0,29330.0,57.5098,235383153.0,10787111617.35
2023-06-02,seee,listed,58.5,58.5,58.5,58.5,,1000.0,58500.0,58.5,100000.0,4296000.0,42.96,,,101000.0,4354500.0,43.1139,235484153.0,10791466117.35
2023-06-05,seee,listed,58.5,58.5,58.5,58.5,,1000.0,58500.0,58.5,0.0,0.0,,,,1000.0,58500.0,58.5,235485153.0,10791524617.35
2023-06-06,seee,listed,58.5,58.5,58.5,58.5,,1000.0,58500.0,58.5,0.0,0.0,,,,1000.0,58500.0,58.5,235486153.0,10791583117.35
2023-06-07,seee,listed,58.5,58.5,58.5,58.5,,1000.0,58500.0,58.5,0.0,0.0,,,,1000.0,58500.0,58.5,235487153.0,10791641617.35
2023-06-08,seee,listed,58.6,58.6,58.6,58.6,,560.0,32816.0,58.6,0.0,0.0,,,,560.0,32816.0,58.6,235487713.0,10791674433.35
2023-06-09,seee,listed,58.5,58.5,58.5,58.5,,1000.0,58500.0,58.5,100000.0,4296000.0,42.96,,,101000.0,4354500.0,43.1139,235588713.0,10796028933.35
2023-06-12,seee,listed,57.0,57.0,57.0,57.0,,291000.0,16587000.0,57.0,0.0,0.0,,,,291000.0,16587000.0,57.0,235879713.0,10812615933.35
2023-06-13,seee,listed,57.0,57.0,57.0,57.0,,1000.0,57000.0,57.0,0.0,0.0,,,,1000.0,57000.0,57.0,235880713.0,10812672933.35
2023-06-14,seee,listed,57.0,57.0,57.0,57.0,,1000.0,57000.0,57.0,0.0,0.0,,,,1000.0,57000.0,57.0,235881713.0,10812729933.35
2023-06-15,seee,listed,57.0,57.0,57.0,57.0,,1000.0,57000.0,57.0,0.0,0.0,,,,1000.0,57000.0,57.0,235882713.0,10812786933.35
2023-06-16,seee,listed,57.8,57.8,57.8,57.8,,177700.0,10271060.0,57.8,0.0,0.0,,,,177700.0,10271060.0,57.8,236060413.0,10823057993.35
2023-06-19,seee,listed,57.8,57.8,57.8,57.8,,323300.0,18686740.0,57.8,0.0,0.0,,,,323300.0,18686740.0,57.8,236383713.0,10841744733.35
2023-06-20,seee,listed,57.5,57.8,57.5,57.53,,401000.0,23070100.0,57.5314,0.0,0.0,,,,401000.0,23070100.0,57.5314,236784713.0,10864814833.35
2023-06-21,seee,listed,57.0,59.0,57.0,57.0,,1001.0,57059.0,57.002,400000.0,17184000.0,42.96,,,401001.0,17241059.0,42.9951,237185714.0,10882055892.35
2023-06-26,seee,listed,57.4,57.4,57.4,57.4,,1000.0,57400.0,57.4,0.0,0.0,,,,1000.0,57400.0,57.4,237186714.0,10882113292.35
2023-06-27,seee,listed,57.5,57.5,57.4,57.4,,1001.0,57457.5,57.4001,0.0,0.0,,,,1001.0,57457.5,57.4001,237187715.0,10882170749.85
2023-06-28,seee,listed,57.5,57.5,57.5,57.5,,1000.0,57500.0,57.5,0.0,0.0,,,,1000.0,57500.0,57.5,237188715.0,10882228249.85
2023-06-29,seee,listed,58.0,58.0,57.5,57.98,,20140.0,1167620.0,57.9752,200000.0,11630000.0,58.15,,,220140.0,12797620.0,58.134,237408855.0,10895025869.85
2023-06-30,seee,listed,60.0,60.0,60.0,60.0,,501.0,30060.0,60.0,275748.0,16544880.0,60.0,,,276249.0,16574940.0,60.0,237685104.0,10911600809.85
2023-07-03,seee,listed,60.0,60.0,60.0,60.0,,500.0,30000.0,60.0,0.0,0.0,,,,500.0,30000.0,60.0,237685604.0,10911630809.85
2023-07-04,seee,listed,60.0,60.0,60.0,60.0,,1000.0,60000.0,60.0,200000.0,10932000.0,54.66,,,201000.0,10992000.0,54.6866,237886604.0,10922622809.85
2023-07-05,seee,listed,60.0,60.0,60.0,60.0,,1000.0,60000.0,60.0,650000.0,27924000.0,42.96,,,651000.0,27984000.0,42.9862,238537604.0,10950606809.85
2023-07-06,seee,listed,59.0,60.0,58.0,59.0,,401020.0,23659200.0,58.9976,0.0,0.0,,,,401020.0,23659200.0,58.9976,238938624.0,10974266009.85
2023-07-07,seee,listed,57.0,60.0,57.0,58.17,,82000.0,4770000.0,58.1707,193201.0,10560366.66,54.66,,,275201.0,15330366.66,55.7061,239213825.0,10989596376.51
2023-07-10,seee,listed,59.0,59.0,59.0,59.0,,1000.0,59000.0,59.0,150000.0,8925000.0,59.5,,,151000.0,8984000.0,59.4967,239364825.0,10998580376.51
2023-07-11,seee,listed,60.0,60.0,60.0,60.0,,1020.0,61200.0,60.0,0.0,0.0,,,,1020.0,61200.0,60.0,239365845.0,10998641576.51
2023-07-12,seee,listed,59.0,60.0,59.0,59.75,,11923.0,712380.0,59.7484,100000.0,5000000.0,50.0,,,111923.0,5712380.0,51.0385,239477768.0,11004353956.51
2023-07-13,seee,listed,60.0,60.0,60.0,60.0,,60000.0,3600000.0,60.0,0.0,0.0,,,,60000.0,3600000.0,60.0,239537768.0,11007953956.51
2023-07-14,seee,listed,60.0,60.0,60.0,60.0,,120078.0,7204680.0,60.0,250000.0,15000000.0,60.0,,,370078.0,22204680.0,60.0,239907846.0,11030158636.51
2023-07-17,seee,listed,60.0,60.0,60.0,60.0,,111000.0,6660000.0,60.0,0.0,0.0,,,,111000.0,6660000.0,60.0,240018846.0,11036818636.51
2023-07-18,seee,listed,65.0,65.0,61.0,61.02,,503.0,30695.0,61.0239,0.0,0.0,,,,503.0,30695.0,61.0239,240019349.0,11036849331.51
2023-07-19,seee,listed,61.0,61.0,61.0,61.0,,500.0,30500.0,61.0,0.0,0.0,,,,500.0,30500.0,61.0,240019849.0,11036879831.51
2023-07-20,seee,listed,61.0,61.0,61.0,61.0,,500.0,30500.0,61.0,0.0,0.0,,,,500.0,30500.0,61.0,240020349.0,11036910331.51
2023-07-21,seee,listed,64.0,64.0,61.0,63.43,,2700.0,171250.0,63.4259,318516.0,18448768.0,57.921,,,321216.0,18620018.0,57.9673,240341565.0,11055530349.51
2023-07-24,seee,listed,64.0,64.0,64.0,64.0,,500.0,32000.0,64.0,100000.0,5600000.0,56.0,,,100500.0,5632000.0,56.0398,240442065.0,11061162349.51
2023-07-25,seee,listed,64.0,64.0,64.0,64.0,,500.0,32000.0,64.0,0.0,0.0,,,,500.0,32000.0,64.0,240442565.0,11061194349.51
2023-07-26,seee,listed,58.23,64.0,58.23,61.12,,2000.0,122230.0,61.115,200000.0,12700000.0,63.5,,,202000.0,12822230.0,63.4764,240644565.0,11074016579.51
2023-07-27,seee,listed,64.0,64.0,64.0,64.0,,5000.0,320000.0,64.0,0.0,0.0,,,,5000.0,320000.0,64.0,240649565.0,11074336579.51
2023-07-28,seee,listed,58.4,64.0,58.4,61.05,,3800.0,232000.0,61.0526,0.0,0.0,,,,3800.0,232000.0,61.0526,240653365.0,11074568579.51
2023-07-31,seee,listed,62.0,65.0,62.0,64.74,,41000.0,2654500.0,64.7439,0.0,0.0,,,,41000.0,2654500.0,64.7439,240694365.0,11077223079.51
2023-08-01,seee,listed,65.0,65.0,62.6,64.99,,38847.0,2524575.0,64.9876,105713.0,6554206.0,62.0,,,144560.0,9078781.0,62.8029,240838925.0,11086301860.51
2023-08-02,seee,listed,65.0,65.0,64.0,64.97,,32380.0,2103800.0,64.9722,0.0,0.0,,,,32380.0,2103800.0,64.9722,240871305.0,11088405660.51
2023-08-03,seee,listed,65.0,65.0,64.0,64.27,,106739.0,6859674.0,64.2659,219800.0,13957300.0,63.5,,,326539.0,20816974.0,63.7503,241197844.0,11109222634.51
2023-08-04,seee,listed,66.0,66.0,66.0,66.0,,10000.0,660000.0,66.0,0.0,0.0,,,,10000.0,660000.0,66.0,241207844.0,11109882634.51
2023-08-07,seee,listed,66.0,66.0,66.0,66.0,,108140.0,7137240.0,66.0,112000.0,6944000.0,62.0,,,220140.0,14081240.0,63.9649,241427984.0,11123963874.51
2023-08-08,seee,listed,67.0,67.0,67.0,67.0,,17000.0,1139000.0,67.0,0.0,0.0,,,,17000.0,1139000.0,67.0,241444984.0,11125102874.51
2023-08-09,seee,listed,67.8,69.0,67.8,67.93,,68160.0,4630040.0,67.929,240000.0,16080000.0,67.0,,,308160.0,20710040.0,67.2055,241753144.0,11145812914.51
2023-08-10,seee,listed,68.9,70.0,68.9,69.52,,22200.0,1543280.0,69.5171,150000.0,10050000.0,67.0,,,172200.0,11593280.0,67.3245,241925344.0,11157406194.51
2023-08-11,seee,listed,70.0,70.0,69.5,69.9,,9034.0,631432.5,69.8951,110000.0,7370000.0,67.0,,,119034.0,8001432.5,67.2197,242044378.0,11165407627.01
2023-08-14,seee,listed,67.1,71.0,67.1,68.33,,82112.0,5610732.0,68.3302,400000.0,20800000.0,52.0,,,482112.0,26410732.0,54.7813,242526490.0,11191818359.01
2023-08-15,seee,listed,72.0,72.0,69.8,70.07,,18609.0,1303865.0,70.0664,0.0,0.0,,,,18609.0,1303865.0,70.0664,242545099.0,11193122224.01
2023-08-16,seee,listed,70.0,70.0,70.0,70.0,,6147.0,430290.0,70.0,0.0,0.0,,,,6147.0,430290.0,70.0,242551246.0,11193552514.01
2023-08-17,seee,listed,70.1,72.0,70.1,70.1,,20002.0,1402142.2,70.1001,1033900.0,57300850.0,55.422,,,1053902.0,58702992.2,55.7006,243605148.0,11252255506.21
2023-08-18,seee,listed,72.0,73.0,72.0,72.85,,1298.0,94554.0,72.8459,1483500.0,87183000.0,58.7685,,,1484798.0,87277554.0,58.7808,245089946.0,11339533060.21
2023-08-21,seee,listed,67.5,67.5,67.5,67.5,,10123.0,683302.5,67.5,0.0,0.0,,,,10123.0,683302.5,67.5,245100069.0,11340216362.71
2023-08-22,seee,listed,67.2,74.0,67.2,72.73,,45328.0,3296741.6,72.7308,370000.0,18500000.0,50.0,,,415328.0,21796741.6,52.4808,245515397.0,11362013104.31
2023-08-23,seee,listed,75.0,75.0,74.0,74.76,,84992.0,6354222.0,74.7626,784816.0,49053033.47,62.5026,,,869808.0,55407255.47,63.7006,246385205.0,11417420359.78
2023-08-24,seee,listed,67.9,75.0,67.9,72.3,,42621.0,3081405.95,72.2978,371400.0,25049840.0,67.4471,,,414021.0,28131245.95,67.9464,246799226.0,11445551605.73
2023-08-25,seee,listed,66.02,75.0,66.02,73.06,,24744.0,1807758.84,73.0585,1199703.0,73933962.0,61.6269,,,1224447.0,75741720.84,61.8579,248023673.0,11521293326.57
2023-08-28,seee,composite,73.38,73.71,73.37,73.53,,40736.0,3033284.1,74.462,508112.0,27438048.0,54.0,,,548848.0,30471332.1,55.5187,248572521.0,11551764658.67
2023-08-29,seee,composite,71.71,71.71,67.67,69.18,,194079.0,13288348.92,68.4688,1098672.0,64690741.04,58.8808,,,1292751.0,77979089.96,60.3203,249865272.0,11629743748.63
2023-08-30,seee,composite,69.58,69.58,68.62,69.04,,266983.0,18493060.2,69.2668,3242145.0,207095217.9,63.876,,,3509128.0,225588278.1,64.2861,253374400.0,11855332026.73
2023-08-31,seee,composite,68.38,69.03,67.57,68.79,,208894.0,14633091.95,70.0503,508782.0,33013490.6,64.8873,,,717676.0,47646582.55,66.3901,254092076.0,11902978609.28
2023-09-01,seee,composite,68.14,69.67,66.87,68.43,,272681.0,18452655.56,67.6712,120000.0,6672000.0,55.6,,,392681.0,25124655.56,63.9824,254484757.0,11928103264.84
2023-09-04,seee,composite,67.7,72.17,63.83,68.41,,267295.0,18495522.0,69.1952,6015323.0,325762442.0,54.1554,,,6282618.0,344257964.0,54.7953,260767375.0,12272361228.84
2023-09-05,seee,composite,66.36,70.53,65.44,66.21,,318660.0,20755375.5,65.1333,1204313.0,83802043.0,69.5849,,,1522973.0,104557418.5,68.6535,262290348.0,12376918647.34
2023-09-06,seee,composite,65.18,71.22,65.18,69.94,,44723.0,3127478.4,69.93,1958622.0,110066944.0,56.1961,,,2003345.0,113194422.4,56.5027,264293693.0,12490113069.74
2023-09-07,seee,composite,70.61,72.33,66.67,71.28,,384603.0,27432973.0,71.328,3067988.0,186393790.56,60.7544,,,3452591.0,213826763.56,61.9323,267746284.0,12703939833.3
2023-09-08,seee,composite,70.12,72.87,69.18,72.22,,118837.0,8555219.1,71.9912,1264468.0,81867543.8,64.7447,,,1383305.0,90422762.9,65.3672,269129589.0,12794362596.2
2023-09-11,seee,composite,72.2,72.97,71.9,72.75,,167729.0,12108583.0,72.1914,420000.0,25720000.0,61.2381,,,587729.0,37828583.0,64.364,269717318.0,12832191179.2
2023-09-12,seee,composite,73.37,73.37,72.54,72.82,,15000.0,1085000.0,72.3333,1331470.0,89733490.0,67.3943,,,1346470.0,90818490.0,67.4493,271063788.0,12923009669.2
2023-09-13,seee,composite,72.04,73.8,72.04,72.81,,219424.0,15965546.0,72.7612,659000.0,44133500.0,66.9704,,,878424.0,60099046.0,68.4169,271942212.0,12983108715.2
2023-09-14,seee,composite,73.35,74.2,73.2,74.01,,147934.0,10910896.2,73.7552,826679.0,60944646.0,73.7223,,,974613.0,71855542.2,73.7273,272916825.0,13054964257.4
2023-09-15,seee,composite,74.16,76.17,73.97,74.76,,924769.0,69147727.2,74.773,1215239.0,89016543.0,73.2502,,,2140008.0,158164270.2,73.9083,275056833.0,13213128527.6
2023-09-18,seee,composite,74.93,74.93,74.42,74.6,,372573.0,27910399.0,74.9126,720000.0,51350000.0,71.3194,,,1092573.0,79260399.0,72.5447,276149406.0,13292388926.6
2023-09-19,seee,composite,74.6,75.67,74.6,75.13,,582561.0,43747554.75,75.0952,320000.0,23400000.0,73.125,,,902561.0,67147554.75,74.3967,277051967.0,13359536481.35
2023-09-20,seee,composite,74.14,75.83,73.94,74.64,,171571.0,12666857.42,73.8287,1185034.0,81441142.02,68.7247,,,1356605.0,94107999.44,69.3702,278408572.0,13453644480.79
2023-09-21,seee,composite,74.54,75.49,74.24,75.06,,445166.0,33421547.24,75.0766,1879395.0,134217069.1,71.415,,,2324561.0,167638616.34,72.1162,280733133.0,13621283097.13
2023-09-22,seee,composite,74.35,75.57,74.33,75.34,,180249.0,13568628.0,75.2771,1239424.0,87397307.76,70.5145,,,1419673.0,100965935.76,71.1191,282152806.0,13722249032.89
2023-09-25,seee,composite,74.28,75.99,74.17,74.88,,495517.0,37411589.09,75.5001,1229014.0,79301571.0,64.5245,,,1724531.0,116713160.09,67.6782,283877337.0,13838962192.98
2023-09-26,seee,composite,74.61,76.36,74.33,76.06,,342149.0,25997802.58,75.9839,805587.0,54736192.82,67.9457,,,1147736.0,80733995.4,70.342,285025073.0,13919696188.38
2023-09-27,seee,composite,75.98,76.57,75.72,76.13,,561083.0,42737757.86,76.1701,1923402.0,126927793.35,65.9913,,,2484485.0,169665551.21,68.29,287509558.0,14089361739.59
2023-09-28,seee,composite,75.88,77.0,75.02,76.04,,645907.0,49030499.8,75.9095,1511782.0,103372205.9,68.3777,,,2157689.0,152402705.7,70.6324,289667247.0,14241764445.29
2023-10-09,seee,composite,75.29,78.6,75.29,76.99,,279104.0,21430887.8,76.7846,2291814.0,160775590.42,70.1521,,,2570918.0,182206478.22,70.8721,292238165.0,14423970923.51
2023-10-10,seee,composite,76.0,80.0,76.0,79.09,,342993.0,27094552.39,78.9945,4530282.0,306541627.21,67.665,,,4873275.0,333636179.6,68.4624,297111440.0,14757607103.11
2023-10-11,seee,composite,76.74,80.83,76.69,78.76,,507733.0,40189987.07,79.1558,5197418.0,357954139.11,68.8715,,,5705151.0,398144126.18,69.7868,302816591.0,15155751229.29
2023-10-12,seee,composite,78.8,81.56,76.63,80.74,,405120.0,32692486.38,80.6983,4830119.0,313474097.0,64.8999,,,5235239.0,346166583.38,66.1224,308051830.0,15501917812.67
2023-10-13,seee,composite,80.2,81.33,79.0,80.17,,444919.0,35662738.57,80.1556,7000822.0,472670759.18,67.5165,,,7445741.0,508333497.75,68.2717,315497571.0,16010251310.42
2023-10-16,seee,composite,80.26,81.98,80.26,81.33,,327239.0,26554324.68,81.1466,4712663.0,307217838.77,65.1899,,,5039902.0,333772163.45,66.2259,320537473.0,16344023473.87
2023-10-17,seee,composite,81.57,82.0,80.89,81.27,,261672.0,21191308.17,80.9842,4023115.0,272244752.52,67.6701,,,4284787.0,293436060.69,68.4832,324822260.0,16637459534.56
2023-10-18,seee,composite,80.76,81.46,80.76,81.15,,264999.0,21496354.12,81.1186,14089638.0,862328272.07,61.203,,,14354637.0,883824626.19,61.5707,339176897.0,17521284160.75
2023-10-19,seee,composite,81.32,81.63,81.0,81.22,,1011168.0,82007869.8,81.1021,5822792.0,386986175.69,66.4606,,,6833960.0,468994045.49,68.627,346010857.0,17990278206.24
2023-10-20,seee,composite,81.13,82.79,80.25,81.67,,584773.0,47413033.86,81.0794,5220905.0,348322600.48,66.7169,,,5805678.0,395735634.34,68.1636,351816535.0,18386013840.58
2023-10-23,seee,composite,81.8,81.88,81.45,81.43,,427060.0,34771709.33,81.4211,4753955.0,382735502.85,80.5089,,,5181015.0,417507212.18,80.5841,356997550.0,18803521052.76
2023-10-24,seee,composite,81.51,81.51,80.74,81.09,,267886.0,21719311.71,81.0767,4909579.0,382440573.4,77.8968,,,5177465.0,404159885.11,78.0613,362175015.0,19207680937.87
2023-10-25,seee,composite,81.11,82.07,80.61,81.26,,575777.0,46792951.43,81.2692,2456363.0,183308738.25,74.6261,,,3032140.0,230101689.68,75.8876,365207155.0,19437782627.55
2023-10-26,seee,composite,81.34,81.34,79.97,80.7,,353778.0,28495609.21,80.5466,3281344.0,242434755.83,73.8828,,,3635122.0,270930365.04,74.5313,368842277.0,19708712992.59
2023-10-27,seee,composite,80.51,80.51,77.17,78.71,,549997.0,43176571.67,78.5033,6220527.0,419442400.21,67.4288,,,6770524.0,462618971.88,68.3284,375612801.0,20171331964.47
2023-10-30,seee,composite,80.21,82.7,77.3,79.56,,473197.0,37631219.04,79.5255,3123300.0,215886895.98,69.1214,,,3596497.0,253518115.02,70.4903,379209298.0,20424850079.49
2023-10-31,seee,composite,80.02,80.02,75.5,78.05,,450111.0,34941649.85,77.629,3059159.0,203719151.34,66.5932,,,3509270.0,238660801.19,68.0087,382718568.0,20663510880.68
2023-11-01,seee,composite,77.47,78.89,76.34,77.53,,274172.0,21067404.61,76.8401,2125831.0,150501636.05,70.7966,,,2400003.0,171569040.66,71.487,385118571.0,20835079921.34
2023-11-02,seee,composite,77.36,77.59,76.03,76.91,,274947.0,20864770.59,75.8865,1915576.0,137493973.4,71.7768,,,2190523.0,158358743.99,72.2927,387309094.0,20993438665.33
2023-11-03,seee,composite,75.98,77.24,73.5,74.72,,872952.0,65238128.0,74.7328,2962553.0,229066026.21,77.3205,,,3835505.0,294304154.21,76.7315,391144599.0,21287742819.54
2023-11-06,seee,composite,74.49,76.67,73.0,75.2,,474058.0,35551448.59,74.9939,1421194.0,108687384.89,76.4761,,,1895252.0,144238833.48,76.1054,393039851.0,21431981653.02
2023-11-07,seee,composite,75.95,79.47,73.17,74.4,,340222.0,25235302.24,74.173,1418681.0,104162994.68,73.4224,,,1758903.0,129398296.92,73.5676,394798754.0,21561379949.94
2023-11-08,seee,composite,75.25,77.58,73.2,73.95,,858631.0,63006015.22,73.3796,1970288.0,143527626.45,72.846,,,2828919.0,206533641.67,73.008,397627673.0,21767913591.61
2023-11-09,seee,composite,74.03,74.03,72.37,72.83,,759476.0,55320646.65,72.8405,1958653.0,141003644.54,71.9901,,,2718129.0,196324291.19,72.2277,400345802.0,21964237882.8
2023-11-10,seee,composite,72.38,72.83,69.67,71.14,,886567.0,63312490.99,71.4131,4585758.0,334406491.0,72.9228,,,5472325.0,397718981.99,72.6782,405818127.0,22361956864.79
2023-11-13,seee,composite,72.75,72.75,68.88,71.81,,818648.0,58452058.4,71.4007,2703001.0,190716819.11,70.5574,,,3521649.0,249168877.51,70.7535,409339776.0,22611125742.3
2023-11-14,seee,composite,70.75,72.35,70.75,71.7,,503717.0,36121875.42,71.7107,2235246.0,148205008.97,66.3037,,,2738963.0,184326884.39,67.2981,412078739.0,22795452626.69
2023-11-15,seee,composite,72.01,74.66,71.79,73.31,,602064.0,43407881.36,72.0985,870000.0,49437200.0,56.8244,,,1472064.0,92845081.36,63.0714,413550803.0,22888297708.05
2023-11-16,seee,composite,73.61,73.61,71.3,71.53,,335036.0,23951868.59,71.4904,2063262.0,143905868.51,69.7468,,,2398298.0,167857737.1,69.9904,415949101.0,23056155445.15
2023-11-17,seee,composite,71.21,73.52,71.19,72.47,,66294.0,4757100.85,71.7576,515400.0,36275000.0,70.3822,,,581694.0,41032100.85,70.539,416530795.0,23097187546.0
2023-11-20,seee,composite,72.75,72.75,72.45,72.51,,123242.0,8866682.62,71.9453,395924.0,26510604.0,66.9588,,,519166.0,35377286.62,68.1425,417049961.0,23132564832.62
2023-11-21,seee,composite,72.53,72.68,72.13,72.52,,213651.0,15289099.7,71.5611,100000.0,7350000.0,73.5,,,313651.0,22639099.7,72.1793,417363612.0,23155203932.32
2023-11-22,seee,composite,72.52,72.65,71.6,71.67,,204565.0,14648925.76,71.6101,520981.0,37664870.5,72.2961,,,725546.0,52313796.26,72.1027,418089158.0,23207517728.58
2023-11-23,seee,composite,71.5,72.89,71.49,72.04,,141037.0,10165208.84,72.0748,321171.0,22823141.0,71.0623,,,462208.0,32988349.84,71.3712,418551366.0,23240506078.42
2023-11-24,seee,composite,72.4,72.4,71.7,71.84,,156298.0,11148921.4,71.3312,1298616.0,89471300.32,68.8974,,,1454914.0,100620221.72,69.1589,420006280.0,23341126300.14
2023-11-27,seee,composite,71.99,72.17,71.99,72.11,,189163.0,13597246.6,71.8811,0.0,0.0,,,,189163.0,13597246.6,71.8811,420195443.0,23354723546.74
2023-11-28,seee,composite,72.11,72.86,71.69,72.7,,430179.0,30677916.62,71.3143,260964.0,18747864.21,71.8408,,,691143.0,49425780.83,71.5131,420886586.0,23404149327.57
2023-11-29,seee,composite,72.66,72.67,70.3,70.95,,755177.0,53655710.4,71.0505,100000.0,6950000.0,69.5,,,855177.0,60605710.4,70.8692,421741763.0,23464755037.97
2023-11-30,seee,composite,71.12,71.13,69.8,70.45,,514042.0,36462496.08,70.9329,895051.0,64797792.84,72.3956,,,1409093.0,101260288.92,71.862,423150856.0,23566015326.89
2023-12-01,seee,composite,70.48,70.83,67.3,70.53,,253152.0,17499289.2,69.1256,200000.0,14380000.0,71.9,,,453152.0,31879289.2,70.3501,423604008.0,23597894616.09
2023-12-04,seee,composite,72.5,72.82,72.5,72.64,,682914.0,48558973.88,71.1055,626129.0,43846642.9,70.0281,,,1309043.0,92405616.78,70.5902,424913051.0,23690300232.87
2023-12-05,seee,composite,72.9,72.9,71.82,71.7,,419121.0,29793912.08,71.0867,340986.0,26860401.76,78.7727,,,760107.0,56654313.84,74.5347,425673158.0,23746954546.71
2023-12-06,seee,composite,71.87,72.0,70.33,70.21,,77050.0,5514163.2,71.566,232536.0,16564084.8,71.2323,,,309586.0,22078248.0,71.3154,425982744.0,23769032794.71
2023-12-07,seee,composite,67.91,69.0,65.58,67.91,,226395.0,15378313.9,67.9269,1024106.0,63602009.12,62.1049,,,1250501.0,78980323.02,63.1589,427233245.0,23848013117.73
2023-12-08,seee,composite,67.88,70.77,67.88,70.71,,167584.0,12028878.9,71.7782,0.0,0.0,,,,167584.0,12028878.9,71.7782,427400829.0,23860041996.63
2023-12-11,seee,composite,69.6,71.2,68.77,70.38,,213331.0,15124400.0,70.8964,452794.0,23726482.32,52.4002,,,666125.0,38850882.32,58.3237,428066954.0,23898892878.95
2023-12-12,seee,composite,70.71,70.77,70.44,70.81,,296523.0,21238084.1,71.6237,0.0,0.0,,,,296523.0,21238084.1,71.6237,428363477.0,23920130963.05
2023-12-13,seee,composite,69.98,71.52,69.98,71.33,,387156.0,27633274.8,71.375,700574.0,46594336.5,66.5088,,,1087730.0,74227611.3,68.2408,429451207.0,23994358574.35
2023-12-14,seee,composite,71.22,71.67,71.2,71.43,,211487.0,15100285.83,71.4005,571766.0,33242418.33,58.1399,,,783253.0,48342704.16,61.7204,430234460.0,24042701278.51
2023-12-15,seee,composite,71.26,72.79,71.26,71.35,,612027.0,43694363.64,71.3929,234102.0,16705502.66,71.3599,,,846129.0,60399866.3,71.3838,431080589.0,24103101144.81
2023-12-18,seee,composite,71.4,71.94,71.4,71.61,,140299.0,10073978.2,71.8036,444758.0,32207051.8,72.4148,,,585057.0,42281030.0,72.2682,431665646.0,24145382174.81
2023-12-19,seee,composite,71.68,72.36,71.68,72.24,,81336.0,5913262.46,72.7017,284913.0,19669101.4,69.0355,,,366249.0,25582363.86,69.8496,432031895.0,24170964538.67
2023-12-20,seee,composite,72.01,73.51,72.01,72.7,,228624.0,16754743.0,73.2851,326872.0,23056581.6,70.537,,,555496.0,39811324.6,71.6681,432587391.0,24210775863.27
2023-12-21,seee,composite,73.64,79.11,73.64,77.82,,702050.0,54619438.82,77.7999,200000.0,15450000.0,77.25,,,902050.0,70069438.82,77.678,433489441.0,24280845302.09
2023-12-22,seee,composite,78.56,81.03,78.56,80.64,,453122.0,36699982.5,80.9936,1213131.0,97244903.1,80.1603,,,1666253.0,133944885.6,80.3869,435155694.0,24414790187.69
2023-12-25,seee,composite,80.69,81.58,78.33,80.99,,714106.0,57666772.67,80.7538,3075939.0,234894622.45,76.3652,,,3790045.0,292561395.12,77.1921,438945739.0,24707351582.81
2023-12-26,seee,composite,78.3,81.45,78.0,79.84,,500328.0,39784812.9,79.5175,1154586.0,92503498.6,80.1183,,,1654914.0,132288311.5,79.9367,440600653.0,24839639894.31
2023-12-27,seee,composite,79.73,80.4,78.75,78.97,,145429.0,11278458.49,77.553,350000.0,27975000.0,79.9286,,,495429.0,39253458.49,79.2312,441096082.0,24878893352.8
2023-12-28,seee,composite,79.55,80.0,78.5,79.34,,99588.0,7768896.0,78.0104,263338.0,19958499.48,75.7904,,,362926.0,27727395.48,76.3996,441459008.0,24906620748.28
2023-12-29,seee,composite,80.1,80.1,79.1,79.42,,48655.0,3793723.0,77.9719,114948.0,8736048.0,76.0,,,163603.0,12529771.0,76.5864,441622611.0,24919150519.28
2024-01-02,ccn,composite,77.97,77.97,77.97,77.97,CEA22,25400.0,1789938.0,70.47,100000.0,5458000.0,54.58,0.0,0.0,125400.0,7247938.0,57.7985,,
2024-01-03,ccn,composite,70.47,70.47,70.47,70.47,CEA21,5.0,410.0,82.0,607388.0,40867160.0,67.2834,0.0,0.0,607393.0,40867570.0,67.2836,,
2024-01-04,ccn,composite,73.8,82.0,73.8,76.53,CEA19-20,15.0,1148.0,76.5333,299159.0,19756381.0,66.0397,0.0,0.0,299174.0,19757529.0,66.0403,,
2024-01-05,ccn,composite,76.53,76.53,76.53,76.53,CEA19-20,846.0,61779.14,73.025,149159.0,10894573.36,73.04,0.0,0.0,150005.0,10956352.5,73.0399,,
2024-01-08,ccn,composite,71.0,71.0,71.0,71.0,CEA22,600.0,42600.0,71.0,0.0,0.0,,0.0,0.0,600.0,42600.0,71.0,,
2024-01-09,ccn,composite,71.0,71.0,71.0,71.0,CEA22,8.0,568.16,71.02,100000.0,7800000.0,78.0,0.0,0.0,100008.0,7800568.16,77.9994,,
2024-01-10,ccn,composite,75.0,75.0,75.0,75.0,CEA22,82986.0,6223550.0,74.9952,100000.0,7800000.0,78.0,0.0,0.0,182986.0,14023550.0,76.6373,,
2024-01-11,ccn,composite,71.02,71.02,71.02,71.02,CEA19-20,8.0,568.16,71.02,0.0,0.0,,0.0,0.0,8.0,568.16,71.02,,
2024-01-12,ccn,composite,71.0,71.0,71.0,71.0,CEA21,100.0,7100.0,71.0,0.0,0.0,,0.0,0.0,100.0,7100.0,71.0,,
2024-01-15,ccn,composite,71.0,71.0,71.0,71.0,CEA19-20,500.0,35500.0,71.0,0.0,0.0,,0.0,0.0,500.0,35500.0,71.0,,
2024-01-16,ccn,composite,70.0,70.0,70.0,70.0,CEA19-20,73652.0,5155740.0,70.0014,0.0,0.0,,0.0,0.0,73652.0,5155740.0,70.0014,,
2024-01-17,ccn,composite,75.0,75.0,75.0,75.0,CEA22,28690.0,2151750.0,75.0,0.0,0.0,,0.0,0.0,28690.0,2151750.0,75.0,,
2024-01-18,ccn,composite,70.0,70.0,70.0,70.0,CEA19-20,8.0,560.0,70.0,0.0,0.0,,0.0,0.0,8.0,560.0,70.0,,
2024-01-19,ccn,composite,71.0,75.0,71.0,74.96,CEA22,10100.0,757100.0,74.9604,0.0,0.0,,0.0,0.0,10100.0,757100.0,74.9604,,
2024-01-22,ccn,composite,71.0,71.0,71.0,71.0,CEA22,100.0,7100.0,71.0,0.0,0.0,,0.0,0.0,100.0,7100.0,71.0,,
2024-01-23,ccn,composite,71.0,75.0,70.0,74.54,CEA19-20,949.0,70735.0,74.5364,0.0,0.0,,0.0,0.0,949.0,70735.0,74.5364,,
2024-01-24,ccn,composite,76.0,78.0,72.0,75.44,CEA22,150100.0,11087100.0,73.8648,0.0,0.0,,0.0,0.0,150100.0,11087100.0,73.8648,,
2024-01-25,ccn,composite,75.44,75.44,75.44,75.44,CEA22,100.0,7100.0,71.0,120000.0,7440000.0,62.0,0.0,0.0,120100.0,7447100.0,62.0075,,
2024-01-26,ccn,composite,75.51,79.9,75.5,75.61,CEA22,11563.0,854102.74,73.8652,119000.0,7378000.0,62.0,0.0,0.0,130563.0,8232102.74,63.0508,,
2024-01-29,ccn,composite,69.0,75.62,69.0,71.28,CEA22,30500.0,2174008.0,71.279,500000.0,41060000.0,82.12,0.0,0.0,530500.0,43234008.0,81.4967,,
2024-01-30,ccn,composite,66.0,66.0,66.0,66.0,CEA22,20000.0,1320000.0,66.0,0.0,0.0,,0.0,0.0,20000.0,1320000.0,66.0,,
2024-01-31,ccn,composite,72.6,72.6,72.6,72.6,CEA22,10.0,726.0,72.6,485300.0,38820369.0,79.9925,0.0,0.0,485310.0,38821095.0,79.9924,,
2024-02-01,ccn,composite,75.0,75.0,72.0,73.81,CEA22,83000.0,6126000.0,73.8072,0.0,0.0,,0.0,0.0,83000.0,6126000.0,73.8072,,
2024-02-02,ccn,composite,76.0,78.0,76.0,76.59,CEA22,73008.0,5539332.0,75.8729,630000.0,36900000.0,58.5714,0.0,0.0,703008.0,42439332.0,60.3682,,
2024-02-05,ccn,composite,76.0,76.0,76.0,76.0,CEA19-20,8.0,608.0,76.0,0.0,0.0,,0.0,0.0,8.0,608.0,76.0,,
2024-02-06,ccn,composite,76.0,76.0,76.0,76.0,CEA19-20,8.0,608.0,76.0,0.0,0.0,,0.0,0.0,8.0,608.0,76.0,,
2024-02-07,ccn,composite,76.0,76.0,76.0,76.0,CEA22,20000.0,1520000.0,76.0,0.0,0.0,,0.0,0.0,20000.0,1520000.0,76.0,,
2024-02-08,ccn,composite,76.0,76.0,76.0,76.0,CEA19-20,5.0,380.0,76.0,0.0,0.0,,0.0,0.0,5.0,380.0,76.0,,
2024-02-19,ccn,composite,76.0,76.0,76.0,76.0,CEA19-20,5.0,380.0,76.0,0.0,0.0,,0.0,0.0,5.0,380.0,76.0,,
2024-02-20,ccn,composite,80.0,80.0,80.0,80.0,CEA19-20,186584.0,14926720.0,80.0,0.0,0.0,,0.0,0.0,186584.0,14926720.0,80.0,,
2024-02-21,ccn,composite,82.5,82.5,82.5,82.5,CEA19-20,32599.0,2690717.0,82.5399,0.0,0.0,,0.0,0.0,32599.0,2690717.0,82.5399,,
2024-02-22,ccn,composite,82.5,83.0,82.5,83.0,CEA19-20,30852.0,2560666.0,82.9984,0.0,0.0,,0.0,0.0,30852.0,2560666.0,82.9984,,
2024-02-23,ccn,composite,80.0,80.0,80.0,80.0,CEA22,115970.0,9277600.0,80.0,109085.0,8781342.5,80.5,0.0,0.0,225055.0,18058942.5,80.2424,,
2024-02-26,ccn,composite,84.0,84.0,80.0,82.73,CEA22,15714.0,1299976.0,82.7272,0.0,0.0,,0.0,0.0,15714.0,1299976.0,82.7272,,
2024-02-27,ccn,composite,82.0,82.73,82.0,82.38,CEA22,40845.0,3364758.5,82.3787,300094.0,23607144.0,78.6658,0.0,0.0,340939.0,26971902.5,79.1106,,
2024-02-28,ccn,composite,79.24,84.0,79.24,82.41,CEA22,235371.0,19403898.04,82.4396,201480.0,16978760.0,84.2702,0.0,0.0,436851.0,36382658.04,83.2839,,
2024-02-29,ccn,composite,84.0,87.0,80.0,85.93,CEA22,331398.0,28482226.0,85.9457,0.0,0.0,,0.0,0.0,331398.0,28482226.0,85.9457,,
2024-03-01,ccn,composite,85.0,85.0,85.0,85.0,CEA22,184635.0,15692475.0,84.9919,0.0,0.0,,0.0,0.0,184635.0,15692475.0,84.9919,,
2024-03-04,ccn,composite,85.1,85.5,85.1,85.34,CEA19-20,6300.0,538130.0,85.4175,0.0,0.0,,0.0,0.0,6300.0,538130.0,85.4175,,
2024-03-05,ccn,composite,85.5,86.0,85.0,85.42,CEA22,97608.0,8337827.5,85.4216,0.0,0.0,,0.0,0.0,97608.0,8337827.5,85.4216,,
2024-03-06,ccn,composite,85.6,85.6,85.6,85.6,CEA22,169396.0,14015214.3,82.7364,160000.0,13072000.0,81.7,0.0,0.0,329396.0,27087214.3,82.233,,
2024-03-07,ccn,composite,85.6,85.6,85.6,85.6,CEA22,5.0,425.0,85.0,160000.0,13888000.0,86.8,0.0,0.0,160005.0,13888425.0,86.7999,,
2024-03-08,ccn,composite,85.6,85.86,85.6,85.78,CEA19-20,290000.0,24861400.0,85.729,140000.0,11438000.0,81.7,0.0,0.0,430000.0,36299400.0,84.4172,,
2024-03-11,ccn,composite,85.0,85.0,85.0,85.0,CEA22,12250.0,1041285.0,85.0029,500000.0,41405000.0,82.81,0.0,0.0,512250.0,42446285.0,82.8624,,
2024-03-12,ccn,composite,85.0,86.0,85.0,85.85,CEA22,168700.0,14475500.0,85.8062,140000.0,12124000.0,86.6,0.0,0.0,308700.0,26599500.0,86.1662,,
2024-03-13,ccn,composite,86.0,87.5,86.0,86.98,CEA22,107110.0,9316581.0,86.9814,0.0,0.0,,0.0,0.0,107110.0,9316581.0,86.9814,,
2024-03-14,ccn,composite,85.0,85.0,80.0,80.12,CEA19-20,635.0,50825.0,80.0394,100000.0,8510000.0,85.1,0.0,0.0,100635.0,8560825.0,85.0681,,
2024-03-15,ccn,composite,80.0,80.0,80.0,80.0,CEA19-20,100.0,8000.0,80.0,0.0,0.0,,0.0,0.0,100.0,0.0,0.0,,
2024-03-18,ccn,composite,78.5,81.5,78.5,81.49,CEA22,50100.0,4082850.0,81.494,0.0,0.0,,0.0,0.0,50100.0,4082850.0,81.494,,
2024-03-19,ccn,composite,79.0,81.5,79.0,81.49,CEA22,53447.0,4355680.5,81.4953,0.0,0.0,,0.0,0.0,53447.0,4355680.5,81.4953,,
2024-03-20,ccn,composite,86.8,88.0,86.8,87.17,CEA22,59200.0,5168560.0,87.3068,0.0,0.0,,0.0,0.0,59200.0,5168560.0,87.3068,,
2024-03-21,ccn,composite,86.0,86.0,86.0,86.0,CEA22,30100.0,2588550.0,85.9983,0.0,0.0,,0.0,0.0,30100.0,2588550.0,85.9983,,
2024-03-22,ccn,composite,80.0,80.0,80.0,80.0,CEA19-20,5.0,400.0,80.0,0.0,0.0,,0.0,0.0,5.0,400.0,80.0,,
2024-03-25,ccn,composite,83.0,89.0,83.0,85.75,CEA22,46000.0,3947000.0,85.8043,0.0,0.0,,0.0,0.0,46000.0,3947000.0,85.8043,,
2024-03-26,ccn,composite,82.5,82.5,82.5,82.5,CEA19-20,51420.0,4493544.0,87.389,527522.0,46949458.0,89.0,0.0,0.0,578942.0,51443002.0,88.8569,,
2024-03-27,ccn,composite,89.0,90.0,89.0,89.91,CEA22,125353.0,11231904.0,89.6022,0.0,0.0,,0.0,0.0,125353.0,11231904.0,89.6022,,
2024-03-28,ccn,composite,92.0,92.0,92.0,92.0,CEA22,3051.0,278058.0,91.1367,0.0,0.0,,0.0,0.0,3051.0,278058.0,91.1367,,
2024-03-29,ccn,composite,85.0,91.0,85.0,90.97,CEA19-20,10050.0,914250.0,90.9701,0.0,0.0,,0.0,0.0,10050.0,914250.0,90.9701,,
2024-04-01,ccn,composite,90.97,90.97,90.97,90.97,CEA19-20,5.0,454.85,90.97,0.0,0.0,,0.0,0.0,5.0,454.85,90.97,,
2024-04-02,ccn,composite,86.8,90.97,86.8,87.0,CEA19-20,125005.0,10900454.85,87.2002,0.0,0.0,,0.0,0.0,125005.0,10900454.85,87.2002,,
2024-04-03,ccn,composite,87.0,87.0,87.0,87.0,CEA22,39998.0,3479826.0,87.0,0.0,0.0,,0.0,0.0,39998.0,3479826.0,87.0,,
2024-04-08,ccn,composite,86.0,87.0,86.0,86.86,CEA22,58000.0,5038000.0,86.8621,137776.0,11715093.28,85.03,0.0,0.0,195776.0,16753093.28,85.5728,,
2024-04-09,ccn,composite,89.12,89.12,86.0,88.94,CEA22,92993.0,8278176.16,89.0193,695000.0,61872400.0,89.025,0.0,0.0,787993.0,70150576.16,89.0244,,
2024-04-10,ccn,composite,83.0,83.0,83.0,83.0,CEA22,100.0,8300.0,83.0,915000.0,81161500.0,88.7011,0.0,0.0,915100.0,81169800.0,88.7005,,
2024-04-11,ccn,composite,90.0,90.0,85.1,87.57,CEA22,73571.0,6442373.4,87.5668,0.0,0.0,,0.0,0.0,73571.0,6442373.4,87.5668,,
2024-04-12,ccn,composite,90.5,92.0,90.5,91.54,CEA21,84300.0,7741640.0,91.8344,300000.0,27060000.0,90.2,0.0,0.0,384300.0,34801640.0,90.5585,,
2024-04-15,ccn,composite,90.0,90.0,90.0,90.0,CEA22,2026.0,182470.0,90.0642,0.0,0.0,,0.0,0.0,2026.0,182470.0,90.0642,,
2024-04-16,ccn,composite,89.0,89.0,89.0,89.0,CEA22,2800.0,250680.0,89.5286,130000.0,12155000.0,93.5,0.0,0.0,132800.0,12405680.0,93.4163,,
2024-04-17,ccn,composite,88.6,88.6,88.6,88.6,CEA22,62277.0,5793370.0,93.0258,156032.0,14198912.0,91.0,0.0,0.0,218309.0,0.0,0.0,,
2024-04-18,ccn,composite,85.5,93.5,85.5,92.71,CEA22,120001.0,11090085.5,92.4166,152914.0,14221002.0,93.0,0.0,0.0,272915.0,25311087.5,92.7435,,
2024-04-19,ccn,composite,93.5,96.0,93.5,94.53,CEA22,173151.0,16426194.0,94.8663,0.0,0.0,,0.0,0.0,173151.0,16426194.0,94.8663,,
2024-04-22,ccn,composite,100.0,100.0,89.0,98.53,CEA22,156497.0,15285452.8,97.6725,559936.0,49078390.400000006,87.65,0.0,0.0,716433.0,64363843.2,89.8393,,
2024-04-23,ccn,composite,99.5,100.0,99.5,99.84,CEA22,107779.0,10750805.0,99.7486,0.0,0.0,,0.0,0.0,107779.0,10750805.0,99.7486,,
2024-04-24,ccn,composite,99.6,105.0,96.5,101.17,CEA22,448283.0,45299677.24,101.0515,0.0,0.0,,0.0,0.0,448283.0,45299677.24,101.0515,,
2024-04-25,ccn,composite,98.6,105.0,98.6,102.16,CEA22,327981.0,33559634.6,102.3219,200000.0,20820000.0,104.1,0.0,0.0,527981.0,54379634.6,102.9954,,
2024-04-26,ccn,composite,102.1,103.0,102.1,102.38,CEA22,210953.0,21598179.0,102.3838,506000.0,49220000.0,97.2727,0.0,0.0,716953.0,70818179.0,98.7766,,
2024-04-29,ccn,composite,101.5,104.0,101.5,102.41,CEA22,182040.0,18655125.0,102.4782,400000.0,38830000.0,97.075,0.0,0.0,582040.0,57485125.0,98.7649,,
2024-04-30,ccn,composite,101.0,101.0,101.0,101.0,CEA22,4950.0,499950.0,101.0,100000.0,9050000.0,90.5,0.0,0.0,104950.0,9549950.0,90.9952,,
2024-05-06,ccn,composite,105.0,105.0,105.0,105.0,CEA19-20,5.0,525.0,105.0,0.0,0.0,,0.0,0.0,5.0,525.0,105.0,,
2024-05-07,ccn,composite,100.0,100.0,100.0,100.0,CEA21,15005.0,1500525.0,100.0017,0.0,0.0,,0.0,0.0,15005.0,1500525.0,100.0017,,
2024-05-08,ccn,composite,97.5,98.5,97.5,98.27,CEA22,117192.0,11516220.0,98.268,0.0,0.0,,0.0,0.0,117192.0,11516220.0,98.268,,
2024-05-09,ccn,composite,98.27,98.27,98.27,98.27,CEA22,1050.0,104800.0,99.8095,108000.0,9914400.0,91.8,0.0,0.0,109050.0,10019200.0,91.8771,,
2024-05-10,ccn,composite,100.0,100.0,100.0,100.0,CEA21,1010.0,100985.0,99.9851,0.0,0.0,,0.0,0.0,1010.0,100985.0,99.9851,,
2024-05-13,ccn,composite,95.0,95.0,95.0,95.0,CEA22,55.0,5230.0,95.0909,0.0,0.0,,0.0,0.0,55.0,5230.0,95.0909,,
2024-05-14,ccn,composite,92.0,104.1,92.0,100.03,CEA22,250.0,24755.0,99.02,0.0,0.0,,0.0,0.0,250.0,24755.0,99.02,,
2024-05-15,ccn,composite,96.0,98.0,96.0,96.67,CEA19-20,3210.0,310602.0,96.7607,0.0,0.0,,0.0,0.0,3210.0,310602.0,96.7607,,
2024-05-16,ccn,composite,104.0,104.0,104.0,104.0,CEA22,105.0,10883.35,103.651,0.0,0.0,,0.0,0.0,105.0,10883.35,103.651,,
2024-05-17,ccn,composite,104.0,104.0,104.0,104.0,CEA22,142505.0,10834233.35,76.027,0.0,0.0,,0.0,0.0,142505.0,10834233.35,76.027,,
2024-05-20,ccn,composite,97.5,97.5,95.0,97.47,CEA22,143659.0,14000402.5,97.4558,130000.0,12807600.0,98.52,0.0,0.0,273659.0,0.0,0.0,,
2024-05-21,ccn,composite,95.0,96.0,95.0,95.17,CEA22,700.0,67200.0,96.0,256000.0,21514000.0,84.0391,0.0,0.0,256700.0,21581200.0,84.0717,,
2024-05-22,ccn,composite,102.0,102.0,102.0,102.0,CEA22,62055.0,6068585.0,97.7937,200000.0,19550000.0,97.75,0.0,0.0,262055.0,25618585.0,97.7603,,
2024-05-23,ccn,composite,95.5,98.0,95.5,96.75,CEA22,60000.0,5805000.0,96.75,114000.0,8436000.0,74.0,0.0,0.0,174000.0,14241000.0,81.8448,,
2024-05-24,seee,composite,97.6,99.6,97.6,98.97,,45505.0,4465275.0,98.1271,100000.0,9800000.0,98.0,,,145505.0,14265275.0,98.0398,458263544.0,26339920586.46
2024-05-27,seee,composite,97.93,99.04,97.93,98.83,,7000.0,683520.0,97.6457,0.0,0.0,,,,7000.0,683520.0,97.6457,458270544.0,26340604106.46
2024-05-28,seee,composite,98.83,98.83,97.17,97.17,,2320.0,227320.0,97.9828,100000.0,9800000.0,98.0,,,102320.0,10027320.0,97.9996,458372864.0,26350631426.46
2024-05-29,seee,composite,97.23,97.4,93.83,95.11,,256.0,24482.2,95.6336,869304.0,84757140.0,97.5,,,869560.0,84781622.2,97.4995,459242424.0,26435413048.66
2024-05-30,seee,composite,95.11,95.11,93.64,93.84,,108.0,10021.36,92.7904,0.0,0.0,,,,108.0,10021.36,92.7904,459242532.0,26435423070.02
2024-05-31,seee,composite,93.64,93.64,93.23,93.23,,2200.0,209155.0,95.0705,400000.0,38880000.0,97.2,,,402200.0,39089155.0,97.1884,459644732.0,26474512225.02
2024-06-03,seee,composite,93.83,96.13,92.37,95.71,,123767.0,11896338.86,96.1188,480000.0,46608000.0,97.1,,,603767.0,58504338.86,96.8989,460248499.0,26533016563.88
2024-06-04,seee,composite,95.63,96.87,94.0,94.23,,75779.0,7320404.18,96.602,0.0,0.0,,,,75779.0,7320404.18,96.602,460324278.0,26540336968.06
2024-06-05,seee,composite,94.0,96.83,91.17,96.0,,102441.0,9838948.0,96.045,0.0,0.0,,,,102441.0,9838948.0,96.045,460426719.0,26550175916.06
2024-06-06,seee,composite,95.2,95.43,95.2,95.43,,10008.0,968748.0,96.7974,0.0,0.0,,,,10008.0,968748.0,96.7974,460436727.0,26551144664.06
2024-06-07,seee,composite,95.93,96.6,95.43,96.07,,118915.0,11357820.0,95.5121,0.0,0.0,,,,118915.0,11357820.0,95.5121,460555642.0,26562502484.06
2024-06-11,seee,composite,95.97,95.97,92.83,92.83,,1152.0,109936.0,95.4306,0.0,0.0,,,,1152.0,109936.0,95.4306,460556794.0,26562612420.06
2024-06-12,seee,composite,93.5,96.17,93.5,96.17,,90000.0,8640000.0,96.0,0.0,0.0,,,,90000.0,8640000.0,96.0,460646794.0,26571252420.06
2024-06-13,seee,composite,96.17,96.5,96.17,96.48,,12653.0,1220514.5,96.4605,250000.0,24075000.0,96.3,,,262653.0,25295514.5,96.3077,460909447.0,26596547934.56
2024-06-14,seee,composite,96.5,96.5,94.67,94.67,,17100.0,1649600.0,96.4678,0.0,0.0,,,,17100.0,1649600.0,96.4678,460926547.0,26598197534.56
2024-06-17,seee,composite,94.67,94.67,94.67,94.67,,4005.0,386482.5,96.5,0.0,0.0,,,,4005.0,386482.5,96.5,460930552.0,26598584017.06
2024-06-18,seee,composite,94.67,94.67,94.5,94.5,,24907.0,2392025.5,96.0383,0.0,0.0,,,,24907.0,2392025.5,96.0383,460955459.0,26600976042.56
2024-06-19,seee,composite,93.0,93.0,92.67,92.71,,61680.0,5866172.6,95.1066,223181.0,14999995.01,67.21,,,284861.0,20866167.61,73.2503,461240320.0,26621842210.17
2024-06-20,seee,composite,91.67,91.67,90.33,91.41,,6010.0,564080.0,93.8569,0.0,0.0,,,,6010.0,564080.0,93.8569,461246330.0,26622406290.17
2024-06-21,seee,composite,91.08,93.17,90.33,91.43,,51497.0,4848335.0,94.1479,0.0,0.0,,,,51497.0,4848335.0,94.1479,461297827.0,26627254625.17
2024-06-24,seee,composite,90.71,91.11,90.71,91.08,,24000.0,2234700.0,93.1125,0.0,0.0,,,,24000.0,2234700.0,93.1125,461321827.0,26629489325.17
2024-06-25,seee,composite,91.12,91.38,88.93,88.88,,69010.0,6462140.0,93.6406,700000.0,65600000.0,93.7143,,,769010.0,72062140.0,93.7077,462090837.0,26701551465.17
2024-06-26,seee,composite,88.67,92.97,88.67,92.87,,262100.0,24467900.0,93.3533,100000.0,8000000.0,80.0,,,362100.0,32467900.0,89.6656,462452937.0,26734019365.17
2024-06-27,seee,composite,93.0,93.0,91.77,92.13,,27010.0,2514001.0,93.0767,800000.0,72000000.0,90.0,,,827010.0,74514001.0,90.1005,463279947.0,26808533366.17
2024-06-28,seee,composite,92.1,92.24,90.1,90.66,,101868.0,9450909.6,92.776,250000.0,22750000.0,91.0,,,351868.0,32200909.6,91.5142,463631815.0,26840734275.77
2024-07-01,seee,composite,89.74,89.74,88.0,88.38,,11010.0,999840.0,90.812,0.0,0.0,,,,11010.0,999840.0,90.812,463642825.0,26841734115.77
2024-07-02,seee,composite,88.0,91.47,88.0,91.33,,33000.0,3022000.0,91.5758,0.0,0.0,,,,33000.0,3022000.0,91.5758,463675825.0,26844756115.77
2024-07-03,seee,composite,90.47,91.13,90.13,90.8,,18000.0,1632000.0,90.6667,150000.0,13500000.0,90.0,,,168000.0,15132000.0,90.0714,463843825.0,26859888115.77
2024-07-04,seee,composite,90.8,90.8,90.8,90.8,,20000.0,1820000.0,91.0,0.0,0.0,,,,20000.0,1820000.0,91.0,463863825.0,26861708115.77
2024-07-05,seee,composite,89.8,90.8,89.47,90.61,,38500.0,3509500.0,91.1558,0.0,0.0,,,,38500.0,3509500.0,91.1558,463902325.0,26865217615.77
2024-07-08,seee,composite,90.61,90.64,90.61,90.63,,15.0,1387.0,92.4667,335000.0,29982500.0,89.5,,,335015.0,29983887.0,89.5001,464237340.0,26895201502.77
2024-07-09,seee,composite,90.66,90.87,90.66,90.87,,9005.0,797262.5,88.5355,0.0,0.0,,,,9005.0,797262.5,88.5355,464246345.0,26895998765.27
2024-07-10,seee,composite,90.17,91.47,90.17,90.82,,27005.0,2431962.5,90.056,320000.0,29808000.0,93.15,,,347005.0,32239962.5,92.9092,464593350.0,26928238727.77
2024-07-11,seee,composite,90.52,90.9,89.5,89.88,,87189.0,7842681.4,89.9504,100000.0,9000000.0,90.0,,,187189.0,16842681.4,89.9769,464780539.0,26945081409.17
2024-07-12,seee,composite,88.87,91.13,88.87,90.18,,53144.0,4752340.0,89.4238,200000.0,18300000.0,91.5,,,253144.0,23052340.0,91.0641,465033683.0,26968133749.17
2024-07-15,seee,composite,88.49,89.66,87.52,87.05,,10065.0,865642.0,86.0052,0.0,0.0,,,,10065.0,865642.0,86.0052,465043748.0,26968999391.17
2024-07-16,seee,composite,86.86,88.19,86.86,87.57,,10720.0,944581.6,88.114,0.0,0.0,,,,10720.0,944581.6,88.114,465054468.0,26969943972.77
2024-07-17,seee,composite,86.86,86.86,86.86,86.86,,2000.0,172000.0,86.0,300000.0,27000000.0,90.0,,,302000.0,27172000.0,89.9735,465356468.0,26997115972.77
2024-07-18,seee,composite,86.86,87.5,86.86,87.5,,8600.0,769300.0,89.4535,280000.0,25424000.0,90.8,,,288600.0,26193300.0,90.7599,465645068.0,27023309272.77
2024-07-19,seee,composite,87.5,89.17,87.5,88.61,,33401.0,2983988.0,89.3383,0.0,0.0,,,,33401.0,2983988.0,89.3383,465678469.0,27026293260.77
2024-07-22,seee,composite,87.5,89.17,87.5,89.11,,54500.0,4949500.0,90.8165,0.0,0.0,,,,54500.0,4949500.0,90.8165,465732969.0,27031242760.77
2024-07-23,seee,composite,87.77,89.4,87.17,88.4,,64508.0,5765728.0,89.38,100000.0,9150000.0,91.5,,,164508.0,14915728.0,90.6687,465897477.0,27046158488.77
2024-07-24,seee,composite,89.12,90.95,88.95,90.94,,107446.0,9827836.0,91.4677,490000.0,45104000.0,92.049,,,597446.0,54931836.0,91.9444,466494923.0,27101090324.77
2024-07-25,seee,composite,89.79,91.17,89.79,90.46,,66120.0,5845660.0,88.4099,210000.0,19220000.0,91.5238,,,276120.0,25065660.0,90.7781,466771043.0,27126155984.77
2024-07-26,seee,composite,91.6,91.6,91.6,91.6,,10000.0,918000.0,91.8,0.0,0.0,,,,10000.0,918000.0,91.8,466781043.0,27127073984.77
2024-07-29,seee,composite,91.6,91.6,91.6,91.6,,5.0,457.5,91.5,174000.0,15981900.0,91.85,,,174005.0,15982357.5,91.85,466955048.0,27143056342.27
2024-07-30,seee,composite,92.0,92.33,91.0,91.21,,37005.0,3353457.5,90.6217,100000.0,9185000.0,91.85,,,137005.0,12538457.5,91.5182,467092053.0,27155594799.77
2024-07-31,seee,composite,91.4,91.78,91.0,91.2,,30384.0,2752644.0,90.5952,0.0,0.0,,,,30384.0,2752644.0,90.5952,467122437.0,27158347443.77
2024-08-01,seee,composite,90.67,91.0,89.83,90.17,,12000.0,1075000.0,89.5833,0.0,0.0,,,,12000.0,1075000.0,89.5833,467134437.0,27159422443.77
2024-08-02,seee,composite,89.8,90.17,89.8,90.13,,33000.0,2966700.0,89.9,120000.0,10860000.0,90.5,,,153000.0,13826700.0,90.3706,467287437.0,27173249143.77
2024-08-05,seee,composite,89.9,92.17,89.9,91.45,,100528.0,9197416.0,91.4911,550000.0,49790000.0,90.5273,,,650528.0,58987416.0,90.6762,467937965.0,27232236559.77
2024-08-06,seee,composite,91.83,92.17,91.83,91.87,,55503.0,5111776.0,92.0991,0.0,0.0,,,,55503.0,5111776.0,92.0991,467993468.0,27237348335.77
2024-08-07,seee,composite,91.57,92.0,91.57,91.76,,51000.0,4681200.0,91.7882,180000.0,16290000.0,90.5,,,231000.0,20971200.0,90.7844,468224468.0,27258319535.77
2024-08-08,seee,composite,91.6,91.93,91.6,91.93,,13200.0,1220800.0,92.4848,100000.0,9100000.0,91.0,,,113200.0,10320800.0,91.1731,468337668.0,27268640335.77
2024-08-09,seee,composite,89.83,91.57,89.83,90.57,,97971.0,8882455.6,90.6641,115000.0,10644400.0,92.56,,,212971.0,19526855.6,91.6879,468550639.0,27288167191.37
2024-08-12,seee,composite,90.57,92.97,90.57,91.83,,56401.0,5209605.9,92.3673,350000.0,32335000.0,92.3857,,,406401.0,37544605.9,92.3832,468957040.0,27325711797.27
2024-08-13,seee,composite,91.83,91.83,90.97,91.03,,68370.0,6242647.0,91.3068,0.0,0.0,,,,68370.0,6242647.0,91.3068,469025410.0,27331954444.27
2024-08-14,seee,composite,91.02,91.1,91.02,91.09,,15000.0,1376750.0,91.7833,0.0,0.0,,,,15000.0,1376750.0,91.7833,469040410.0,27333331194.27
2024-08-15,seee,composite,91.0,91.0,91.0,91.0,,1000.0,91500.0,91.5,112554.0,10354968.0,92.0,,,113554.0,10446468.0,91.9956,469153964.0,27343777662.27
2024-08-16,seee,composite,91.5,91.5,91.0,91.29,,40005.0,3675460.0,91.875,100000.0,9200000.0,92.0,,,140005.0,12875460.0,91.9643,469293969.0,27356653122.27
2024-08-19,seee,composite,90.93,92.18,89.97,91.8,,140767.0,13105824.4,93.103,0.0,0.0,,,,140767.0,13105824.4,93.103,469434736.0,27369758946.67
2024-08-20,seee,composite,90.81,91.73,89.04,91.33,,249519.0,23098960.7,92.574,400000.0,37440000.0,93.6,,,649519.0,60538960.7,93.2058,470084255.0,27430297907.37
2024-08-21,seee,composite,90.77,90.77,88.32,88.53,,44861.0,4070522.28,90.7363,1150000.0,85050000.0,73.9565,,,1194861.0,89120522.28,74.5865,471279116.0,27519418429.65
2024-08-22,seee,composite,88.34,89.54,88.0,89.22,,34112.0,3105231.92,91.0305,0.0,0.0,,,,34112.0,3105231.92,91.0305,471313228.0,27522523661.57
2024-08-23,seee,composite,88.69,89.84,88.69,89.6,,90700.0,8391676.0,92.5212,100000.0,9460000.0,94.6,,,190700.0,17851676.0,93.6113,471503928.0,27540375337.57
2024-08-26,seee,composite,89.66,90.54,89.66,90.41,,51657.0,4840175.03,93.6983,0.0,0.0,,,,51657.0,4840175.03,93.6983,471555585.0,27545215512.6
2024-08-27,seee,composite,90.04,92.54,89.57,92.34,,154671.0,14593853.46,94.3542,0.0,0.0,,,,154671.0,14593853.46,94.3542,471710256.0,27559809366.06
2024-08-28,seee,composite,90.65,90.65,88.77,89.04,,57001.0,5395774.7,94.6611,1050000.0,82815000.0,78.8714,,,1107001.0,88210774.7,79.6845,472817257.0,27648020140.76
2024-08-29,seee,composite,88.42,92.04,88.42,89.77,,42924.0,4083327.74,95.1292,0.0,0.0,,,,42924.0,4083327.74,95.1292,472860181.0,27652103468.5
2024-08-30,seee,composite,90.25,95.01,89.58,92.27,,124367.0,11620781.69,93.4394,0.0,0.0,,,,124367.0,11620781.69,93.4394,472984548.0,27663724250.19
2024-09-02,seee,composite,89.41,92.77,89.41,92.42,,97337.0,9277786.26,95.3161,250000.0,22900000.0,91.6,,,347337.0,32177786.26,92.6414,473331885.0,27695902036.45
2024-09-03,seee,composite,92.1,93.41,92.1,93.07,,12350.0,1185835.0,96.019,0.0,0.0,,,,12350.0,1185835.0,96.019,473344235.0,27697087871.45
2024-09-04,seee,composite,93.1,93.27,93.1,93.12,,15500.0,1489000.0,96.0645,200000.0,19320000.0,96.6,,,215500.0,20809000.0,96.5615,473559735.0,27717896871.45
2024-09-05,seee,composite,90.23,93.38,90.06,92.51,,157957.0,15116961.8,95.703,768343.0,61929271.0,80.6011,,,926300.0,77046232.8,83.1763,474486035.0,27794943104.25
2024-09-06,seee,composite,92.91,93.25,92.91,93.13,,38100.0,3720300.0,97.6457,0.0,0.0,,,,38100.0,3720300.0,97.6457,474524135.0,27798663404.25
2024-09-09,seee,composite,92.45,93.41,92.45,92.84,,167630.0,16223495.0,96.7816,0.0,0.0,,,,167630.0,16223495.0,96.7816,474691765.0,27814886899.25
2024-09-10,seee,composite,89.76,90.5,89.76,89.98,,139917.0,13595185.38,97.1661,0.0,0.0,,,,139917.0,13595185.38,97.1661,474831682.0,27828482084.63
2024-09-11,seee,composite,89.4,89.92,89.4,89.75,,53466.0,4867971.76,91.048,100000.0,9900000.0,99.0,,,153466.0,14767971.76,96.2296,474985148.0,27843250056.39
2024-09-12,seee,composite,89.92,90.08,89.92,89.92,,100501.0,9949849.49,99.0025,0.0,0.0,,,,100501.0,9949849.49,99.0025,475085649.0,27853199905.88
2024-09-13,seee,composite,86.65,92.99,86.65,92.8,,179802.0,17762278.92,98.788,500000.0,50040000.0,100.08,,,679802.0,67802278.92,99.7383,475765451.0,27921002184.8
2024-09-18,seee,composite,93.09,93.09,93.09,93.09,,2000.0,199600.0,99.8,0.0,0.0,,,,2000.0,199600.0,99.8,475767451.0,27921201784.8
2024-09-19,seee,composite,91.49,93.09,91.49,91.87,,36000.0,3461550.0,96.1542,300000.0,30330000.0,101.1,,,336000.0,33791550.0,100.5701,476103451.0,27954993334.8
2024-09-20,seee,composite,89.09,97.29,89.09,94.94,,172757.0,17006209.46,98.4401,409192.0,41058392.0,100.3402,,,581949.0,58064601.46,99.7761,476685400.0,28013057936.26
2024-09-23,seee,composite,95.22,95.22,95.22,95.22,,11000.0,1100000.0,100.0,703701.0,70773801.0,100.5737,,,714701.0,71873801.0,100.5649,477400101.0,28084931737.26
2024-09-24,seee,composite,95.22,100.6,95.22,100.37,,234686.0,23533137.6,100.275,350000.0,32200000.0,92.0,,,584686.0,55733137.6,95.3215,477984787.0,28140664874.86
2024-09-25,seee,composite,100.79,100.79,96.33,97.04,,303942.0,29602339.2,97.3947,200000.0,20230000.0,101.15,,,503942.0,49832339.2,98.8851,478488729.0,28190497214.06
2024-09-26,seee,composite,96.73,100.3,96.4,100.21,,208717.0,20991450.2,100.5737,400000.0,40260000.0,100.65,,,608717.0,61251450.2,100.6239,479097446.0,28251748664.26
2024-09-27,seee,composite,99.54,99.67,99.0,99.16,,369149.0,37072171.9,100.426,356004.0,35531404.0,99.8062,,,725153.0,72603575.9,100.1217,479822599.0,28324352240.16
2024-09-30,seee,composite,99.23,99.8,98.73,99.48,,157536.0,15764291.2,100.0679,840000.0,81250000.0,96.7262,,,997536.0,97014291.2,97.2539,480820135.0,28421366531.36
2024-10-08,seee,composite,99.9,100.07,99.9,100.03,,120121.0,12237707.8,101.8782,710000.0,60380000.0,85.0423,,,830121.0,72617707.8,87.4785,481650256.0,28493984239.16
2024-10-09,seee,composite,100.06,101.4,100.06,101.1,,187601.0,19153177.0,102.0953,720000.0,60160000.0,83.5556,,,907601.0,79313177.0,87.3877,482557857.0,28573297416.16
2024-10-10,seee,composite,100.1,103.17,99.73,102.9,,100647.0,10330378.7,102.6397,800000.0,81520000.0,101.9,,,900647.0,91850378.7,101.9827,483458504.0,28665147794.86
2024-10-11,seee,composite,103.09,103.66,99.93,100.95,,571092.0,54821900.47,95.9949,400000.0,40310000.0,100.775,,,971092.0,95131900.47,97.9638,484429596.0,28760279695.33
2024-10-14,seee,composite,100.98,104.1,100.02,103.49,,88713.0,9222011.0,103.9533,340000.0,34233000.0,100.6853,,,428713.0,43455011.0,101.3615,484858309.0,28803734706.33
2024-10-15,seee,composite,103.47,103.66,102.33,103.03,,216139.0,22113987.31,102.3137,1000000.0,101401000.0,101.401,,,1216139.0,123514987.31,101.5632,486074448.0,28927249693.64
2024-10-16,seee,composite,102.52,103.02,102.52,102.67,,108000.0,11118050.0,102.9449,140000.0,14420000.0,103.0,,,248000.0,25538050.0,102.976,486322448.0,28952787743.64
2024-10-17,seee,composite,102.39,103.8,102.39,103.42,,211113.0,21678881.02,102.6885,292000.0,25176000.0,86.2192,,,503113.0,46854881.02,93.1299,486825561.0,28999642624.66
2024-10-18,seee,composite,103.87,104.6,103.31,103.51,,439325.0,45196152.86,102.8764,620000.0,61763000.0,99.6177,,,1059325.0,106959152.86,100.9692,487884886.0,29106601777.52
2024-10-21,seee,composite,103.2,104.53,103.2,104.14,,217563.0,22663870.5,104.1715,100000.0,9800000.0,98.0,,,317563.0,32463870.5,102.2281,488202449.0,29139065648.02
2024-10-22,seee,composite,104.06,104.33,104.0,104.13,,566416.0,59095583.49,104.3325,810000.0,78730000.0,97.1975,,,1376416.0,137825583.49,100.1337,489578865.0,29276891231.51
2024-10-23,seee,composite,104.04,104.14,104.0,104.1,,196800.0,20527070.0,104.3042,350000.0,35400000.0,101.1429,,,546800.0,55927070.0,102.2807,490125665.0,29332818301.51
2024-10-24,seee,composite,104.01,104.14,104.01,104.04,,186268.0,19389863.09,104.0966,200000.0,20650000.0,103.25,,,386268.0,40039863.09,103.6582,490511933.0,29372858164.6
2024-10-25,seee,composite,104.03,104.3,103.0,104.25,,150666.0,15718535.4,104.327,240000.0,24940000.0,103.9167,,,390666.0,40658535.4,104.0749,490902599.0,29413516700.0
2024-10-28,seee,composite,104.14,104.14,102.44,103.44,,168614.0,17486502.38,103.7073,1083798.0,105794727.56,97.6148,,,1252412.0,123281229.94,98.435,492155011.0,29536797929.94
2024-10-29,seee,composite,103.69,103.69,102.62,103.38,,281433.0,29100281.87,103.4004,835995.0,74234926.05,88.7983,,,1117428.0,103335207.92,92.4759,493272439.0,29640133137.86
2024-10-30,seee,composite,100.91,104.29,100.91,104.18,,180935.0,18839134.06,104.121,173139.0,12876347.43,74.37,,,354074.0,31715481.49,89.573,493626513.0,29671848619.35
2024-10-31,seee,composite,103.53,104.15,103.32,104.01,,109379.0,11380793.83,104.0492,330000.0,33660000.0,102.0,,,439379.0,45040793.83,102.5101,494065892.0,29716889413.18
2024-11-01,seee,composite,104.09,104.46,104.09,104.43,,145565.0,15209835.49,104.4883,1540000.0,143170000.0,92.9675,,,1685565.0,158379835.49,93.9625,495751457.0,29875269248.67
2024-11-04,seee,composite,104.5,104.74,104.5,104.71,,51166.0,5367662.8,104.9068,570000.0,58331000.0,102.3351,,,621166.0,63698662.8,102.5469,496372623.0,29938967911.47
2024-11-05,seee,composite,104.04,105.23,104.04,105.03,,119030.0,12494372.3,104.9683,2155000.0,222262700.0,103.1381,,,2274030.0,234757072.3,103.2339,498646653.0,30173724983.77
2024-11-06,seee,composite,105.29,105.29,104.81,105.23,,45405.0,4794922.55,105.6034,556000.0,57532000.0,103.4748,,,601405.0,62326922.55,103.6355,499248058.0,30236051906.32
2024-11-07,seee,composite,105.32,105.76,105.32,105.4,,115642.0,12188284.66,105.3967,697420.0,67773282.34,97.1771,,,813062.0,79961567.0,98.3462,500061120.0,30316013473.32
2024-11-08,seee,composite,104.9,105.54,104.77,105.03,,110088.0,11570945.09,105.1063,2688230.0,270941457.58,100.788,,,2798318.0,282512402.67,100.9579,502859438.0,30598525875.99
2024-11-11,seee,composite,105.06,105.43,104.85,105.43,,148543.0,15602192.58,105.0349,1864192.0,193094554.4,103.5808,,,2012735.0,208696746.98,103.6881,504872173.0,30807222622.97
2024-11-12,seee,composite,104.37,105.51,103.58,105.14,,212618.0,22324104.33,104.9963,1245251.0,123285407.54,99.0045,,,1457869.0,145609511.87,99.8783,506330042.0,30952832134.84
2024-11-13,seee,composite,105.34,106.02,105.19,105.65,,252654.0,26696632.78,105.6648,1916930.0,193411392.8,100.8964,,,2169584.0,220108025.58,101.4517,508499626.0,31172940160.42
2024-11-14,seee,composite,105.35,105.47,105.02,105.09,,354705.0,37280819.02,105.1037,860596.0,86084130.0,100.0285,,,1215301.0,123364949.02,101.5098,509714927.0,31296305109.44
2024-11-15,seee,composite,104.87,105.13,104.78,104.78,,445903.0,46781751.28,104.9146,3030733.0,306084845.1,100.9937,,,3476636.0,352866596.38,101.4966,513191563.0,31649171705.82
2024-11-18,seee,composite,104.76,104.81,104.51,104.62,,435384.0,45611034.48,104.7605,2723005.0,269070716.5,98.8139,,,3158389.0,314681750.98,99.6336,516349952.0,31963853456.8
2024-11-19,seee,composite,104.78,105.1,104.65,104.9,,315059.0,33025277.56,104.8225,2809409.0,249975682.71,88.978,,,3124468.0,283000960.27,90.5757,519474420.0,32246854417.07
2024-11-20,seee,composite,104.88,104.9,104.82,104.86,,388719.0,40702833.32,104.7102,1686169.0,155507960.29,92.2256,,,2074888.0,196210793.61,94.5645,521549308.0,32443065210.68
2024-11-21,seee,composite,104.83,104.94,104.62,104.71,,512990.0,53708298.58,104.6966,2769996.0,250389542.78,90.3935,,,3282986.0,304097841.36,92.6284,524832294.0,32747163052.04
2024-11-22,seee,composite,104.84,104.84,104.65,104.78,,342883.0,35925265.77,104.7741,3342070.0,316862088.88,94.8101,,,3684953.0,352787354.65,95.7373,528517247.0,33099950406.69
2024-11-25,seee,composite,104.35,104.48,104.07,104.14,,793376.0,82743093.75,104.2924,4298525.0,394820284.5,91.8502,,,5091901.0,477563378.25,93.7888,533609148.0,33577513784.94
2024-11-26,seee,composite,102.36,104.16,102.13,102.85,,735160.0,75753764.99,103.0439,4832059.0,469776429.2,97.2208,,,5567219.0,545530194.19,97.9897,539176367.0,34123043979.13
2024-11-27,seee,composite,102.88,103.31,102.08,102.91,,1002492.0,103421634.77,103.1645,4986712.0,474733659.76,95.1997,,,5989204.0,578155294.53,96.5329,545165571.0,34701199273.66
2024-11-28,seee,composite,102.88,104.61,100.53,102.32,,552420.0,56489081.29,102.2575,2715932.0,250844440.28,92.3604,,,3268352.0,307333521.57,94.0332,548433923.0,35008532795.23
2024-11-29,seee,composite,102.09,102.38,100.77,102.38,,588624.0,59633654.6,101.3103,5880586.0,578999319.89,98.4595,,,6469210.0,638632974.49,98.7189,554903133.0,35647165769.72
2024-12-02,seee,composite,102.3,102.5,101.5,101.79,,762742.0,76227437.69,99.9387,4181699.0,406758005.75,97.271,,,4944441.0,482985443.44,97.6825,559847574.0,36130151213.16
2024-12-03,seee,composite,101.72,102.25,98.75,100.76,,448297.0,44458208.76,99.1713,2568656.0,249352826.14,97.0752,,,3016953.0,293811034.9,97.3867,562864527.0,36423962248.06
2024-12-04,seee,composite,101.14,101.14,100.05,100.7,,200347.0,19819452.62,98.9256,3468673.0,335470120.97,96.7143,,,3669020.0,355289573.59,96.835,566533547.0,36779251821.65
2024-12-05,seee,composite,100.96,101.25,100.7,100.9,,657516.0,65633065.81,99.8197,1356125.0,123884092.0,91.3515,,,2013641.0,189517157.81,94.1167,568547188.0,36968768979.46
2024-12-06,seee,composite,98.46,101.12,98.44,100.94,,655213.0,65189755.6,99.494,1952880.0,192981570.74,98.819,,,2608093.0,258171326.34,98.9885,571155281.0,37226940305.8
2024-12-09,seee,composite,101.06,101.82,101.06,101.72,,647821.0,64645907.07,99.7898,5677325.0,574236217.01,101.1456,,,6325146.0,638882124.08,101.0067,577480427.0,37865822429.88
2024-12-10,seee,composite,101.77,101.77,101.62,101.67,,1049574.0,104680075.45,99.7358,8684118.0,864134315.57,99.5074,,,9733692.0,968814391.02,99.5321,587214119.0,38834636820.9
2024-12-11,seee,composite,99.23,102.03,99.23,101.21,,1629472.0,162389430.85,99.6577,8265953.0,804836321.68,97.3676,,,9895425.0,967225752.53,97.7447,597109544.0,39801862573.43
2024-12-12,seee,composite,101.15,101.29,99.88,99.9,,664139.0,66059732.39,99.4667,8504320.0,841280251.88,98.9239,,,9168459.0,907339984.27,98.9632,606278003.0,40709202557.7
2024-12-13,seee,composite,99.66,101.74,98.95,100.74,,464194.0,46118764.87,99.3524,4617079.0,450306945.18,97.5307,,,5081273.0,496425710.05,97.6971,611359276.0,41205628267.75
2024-12-16,seee,composite,99.69,100.69,97.84,98.16,,255198.0,24831493.8,97.3029,2283600.0,223816428.0,98.0103,,,2538798.0,248647921.8,97.9392,613898074.0,41454276189.55
2024-12-17,seee,composite,98.54,98.59,97.01,97.49,,1243068.0,118642877.3,95.4436,480000.0,45920000.0,95.6667,,,1723068.0,164562877.3,95.5057,615621142.0,41618839066.85
2024-12-18,seee,composite,98.15,98.15,97.21,97.52,,614289.0,59105006.68,96.2169,2160913.0,204518077.96,94.6443,,,2775202.0,263623084.64,94.9924,618396344.0,41882462151.49
2024-12-19,seee,composite,98.24,98.24,97.64,97.95,,324272.0,31689682.21,97.7256,2402807.0,235239726.9,97.902,,,2727079.0,266929409.11,97.8811,621123423.0,42149391560.6
2024-12-20,seee,composite,98.4,98.52,97.95,98.33,,787147.0,77398833.44,98.3283,1756083.0,170749562.4,97.2332,,,2543230.0,248148395.84,97.5721,623666653.0,42397539956.44
2024-12-23,seee,composite,98.6,98.6,97.64,98.46,,158834.0,15649834.25,98.5295,1309732.0,119863078.9,91.5173,,,1468566.0,135512913.15,92.2757,625135219.0,42533052869.59
2024-12-24,seee,composite,97.85,98.6,97.85,98.23,,452375.0,44118277.87,97.5259,252000.0,24696000.0,98.0,,,704375.0,68814277.87,97.6955,625839594.0,42601867147.46
2024-12-25,seee,composite,98.35,98.35,97.73,97.94,,251002.0,24401337.87,97.2157,274933.0,27208447.4,98.9639,,,525935.0,51609785.27,98.1296,626365529.0,42653476932.73
2024-12-26,seee,composite,98.09,98.09,97.51,97.8,,394450.0,38343260.14,97.2069,1040200.0,100951476.0,97.0501,,,1434650.0,139294736.14,97.0932,627800179.0,42792771668.87
2024-12-27,seee,composite,97.22,98.4,97.01,97.74,,1164628.0,112854847.36,96.9021,592666.0,57743802.0,97.4306,,,1757294.0,170598649.36,97.0803,629557473.0,42963370318.23
2024-12-30,seee,composite,97.28,98.05,97.22,97.71,,594823.0,57961337.28,97.443,0.0,0.0,,,,594823.0,57961337.28,97.443,630152296.0,43021331655.51
2024-12-31,seee,composite,97.96,97.96,97.26,97.49,,116368.0,11395448.0,97.926,0.0,0.0,,,,116368.0,11395448.0,97.926,630268664.0,43032727103.51
2025-01-02,ccn,composite,96.0,96.0,96.0,96.0,CEA23,3991.0,383136.0,96.0,0.0,0.0,,0.0,0.0,3991.0,383136.0,96.0,,
2025-01-03,ccn,composite,95.0,95.0,95.0,95.0,CEA23,20000.0,1900000.0,95.0,0.0,0.0,,0.0,0.0,20000.0,1900000.0,95.0,,
2025-01-06,ccn,composite,97.0,97.0,97.0,97.0,CEA19-20,8.0,776.0,97.0,0.0,0.0,,0.0,0.0,8.0,776.0,97.0,,
2025-01-07,ccn,composite,95.0,95.0,95.0,95.0,CEA23,30008.0,2850776.0,95.0005,0.0,0.0,,0.0,0.0,30008.0,2850776.0,95.0005,,
2025-01-08,ccn,composite,93.0,93.51,93.0,93.07,CEA22,82671.0,7717658.48,93.3539,0.0,0.0,,0.0,0.0,82671.0,7717658.48,93.3539,,
2025-01-09,ccn,composite,94.0,94.0,94.0,94.0,CEA23,15000.0,1410000.0,94.0,0.0,0.0,,0.0,0.0,15000.0,1410000.0,94.0,,
2025-01-10,ccn,composite,94.01,94.01,94.01,94.01,CEA19-20,8.0,752.08,94.01,0.0,0.0,,0.0,0.0,8.0,752.08,94.01,,
2025-01-13,ccn,composite,94.0,94.0,94.0,94.0,CEA23,10008.0,940752.08,94.0,0.0,0.0,,0.0,0.0,10008.0,752.08,0.0751,,
2025-01-14,ccn,composite,94.01,94.01,94.01,94.01,CEA19-20,0.0,0.0,,0.0,0.0,,0.0,0.0,0.0,0.0,,,
2025-01-15,ccn,composite,94.0,94.0,94.0,94.0,CEA23,106595.0,9946525.0,93.3114,0.0,0.0,,0.0,0.0,106595.0,9946525.0,93.3114,,
2025-01-16,ccn,composite,94.01,94.01,94.01,94.01,CEA19-20,0.0,0.0,,0.0,0.0,,0.0,0.0,0.0,0.0,,,
2025-01-17,ccn,composite,94.0,94.0,94.0,94.0,CEA23,17497.0,1644718.0,94.0,0.0,0.0,,0.0,0.0,17497.0,1644718.0,94.0,,
2025-01-20,ccn,composite,93.2,93.2,93.2,93.2,CEA23,50000.0,4660000.0,93.2,200000.0,18640000.0,93.2,0.0,0.0,250000.0,23300000.0,93.2,,
2025-01-21,ccn,composite,93.2,93.2,93.2,93.2,CEA23,5058.0,465336.0,92.0,1000000.0,90000000.0,90.0,0.0,0.0,1005058.0,90465336.0,90.0101,,
2025-01-22,ccn,composite,93.2,93.2,93.2,93.2,CEA23,0.0,0.0,,250000.0,23300000.0,93.2,0.0,0.0,250000.0,23300000.0,93.2,,
2025-01-23,ccn,composite,93.2,93.2,93.2,93.2,CEA23,0.0,0.0,,200000.0,18400000.0,92.0,0.0,0.0,200000.0,18400000.0,92.0,,
2025-01-24,ccn,composite,93.5,93.5,93.5,93.5,CEA23,725.0,67787.5,93.5,0.0,0.0,,0.0,0.0,725.0,67787.5,93.5,,
2025-01-27,ccn,composite,92.0,92.0,92.0,92.0,CEA19-20,0.0,0.0,,0.0,0.0,,0.0,0.0,0.0,0.0,,,
2025-02-05,ccn,composite,92.0,92.0,92.0,92.0,CEA19-20,0.0,0.0,,0.0,0.0,,0.0,0.0,0.0,0.0,,,
2025-02-06,ccn,composite,93.0,93.0,93.0,93.0,CEA22,10000.0,930000.0,93.0,0.0,0.0,,0.0,0.0,10000.0,930000.0,93.0,,
2025-02-07,ccn,composite,92.0,92.0,92.0,92.0,CEA19-20,0.0,0.0,,0.0,0.0,,0.0,0.0,0.0,0.0,,,
2025-02-10,ccn,composite,92.0,92.0,92.0,92.0,CEA19-20,0.0,0.0,,0.0,0.0,,0.0,0.0,0.0,0.0,,,
2025-02-11,ccn,composite,93.5,93.5,93.5,93.5,CEA23,0.0,0.0,,100000.0,9280000.0,92.8,0.0,0.0,100000.0,9280000.0,92.8,,
2025-02-12,ccn,composite,93.5,93.5,92.0,92.86,CEA23,40000.0,3695000.0,92.375,0.0,0.0,,0.0,0.0,40000.0,3695000.0,92.375,,
2025-02-13,ccn,composite,92.5,92.5,92.5,92.5,CEA21,8648.0,799940.0,92.5,0.0,0.0,,0.0,0.0,8648.0,799940.0,92.5,,
2025-02-14,ccn,composite,92.86,92.86,92.86,92.86,CEA23,61513.0,5567670.0,90.5121,200000.0,18480000.0,92.4,0.0,0.0,261513.0,4657670.0,17.8105,,
2025-02-17,ccn,composite,90.48,90.48,90.48,90.48,CEA19-20,0.0,0.0,,0.0,0.0,,0.0,0.0,0.0,0.0,,,
2025-02-18,ccn,composite,90.5,90.5,90.0,90.2,CEA23,16733.0,1520552.59,90.8715,0.0,0.0,,0.0,0.0,16733.0,1520552.59,90.8715,,
2025-02-19,ccn,composite,90.5,90.5,90.5,90.5,CEA23,74000.0,6697000.0,90.5,0.0,0.0,,0.0,0.0,74000.0,6697000.0,90.5,,
2025-02-20,ccn,composite,92.5,92.5,90.0,90.44,CEA23,119594.0,10802445.0,90.326,0.0,0.0,,0.0,0.0,119594.0,10802445.0,90.326,,
2025-02-21,ccn,composite,90.0,90.0,89.0,89.09,CEA22,38906.0,3482090.0,89.5001,0.0,0.0,,0.0,0.0,38906.0,3482090.0,89.5001,,
2025-02-24,ccn,composite,90.0,90.0,90.0,90.0,CEA23,5000.0,450000.0,90.0,0.0,0.0,,0.0,0.0,5000.0,450000.0,90.0,,
2025-02-25,ccn,composite,94.0,94.0,89.0,89.85,CEA23,187174.0,17037430.119999997,91.0246,0.0,0.0,,0.0,0.0,187174.0,17037430.119999997,91.0246,,
2025-02-26,ccn,composite,90.0,90.0,89.5,89.5,CEA23,60050.0,5369500.0,89.4172,0.0,0.0,,0.0,0.0,60050.0,5369500.0,89.4172,,
2025-02-27,ccn,composite,90.0,90.0,89.5,89.5,CEA23,0.0,0.0,,100000.0,8900000.0,89.0,0.0,0.0,100000.0,8900000.0,89.0,,
2025-02-28,ccn,composite,89.0,89.0,88.0,88.74,CEA23,173950.0,15436550.0,88.7413,100000.0,8350000.0,83.5,0.0,0.0,273950.0,23786550.0,86.8281,,
2025-03-03,ccn,composite,90.48,90.48,90.48,90.48,CEA19-20,173951.0,15436640.0,88.7413,100000.0,8350000.0,83.5,0.0,0.0,273951.0,23786640.0,86.8281,,
2025-03-04,ccn,composite,90.48,90.48,90.48,90.48,CEA19-20,2000.0,176000.0,88.0,100000.0,8874000.0,88.74,0.0,0.0,102000.0,9050000.0,88.7255,,
2025-03-05,ccn,composite,88.0,88.0,88.0,88.0,CEA23,5000.0,440000.0,88.0,0.0,0.0,,0.0,0.0,5000.0,440000.0,88.0,,
2025-03-06,ccn,composite,89.99,89.99,89.99,89.99,CEA23,1300.0,116987.0,89.99,100000.0,8650000.0,86.5,0.0,0.0,101300.0,8766987.0,86.5448,,
2025-03-07,ccn,composite,90.48,90.48,90.48,90.48,CEA19-20,0.0,0.0,,0.0,0.0,,0.0,0.0,0.0,0.0,,,
2025-03-10,ccn,composite,87.0,87.0,87.0,87.0,CEA21,566.0,49242.0,87.0,0.0,0.0,,0.0,0.0,566.0,49242.0,87.0,,
2025-03-11,ccn,composite,89.99,89.99,89.99,89.99,CEA23,10000.0,850000.0,85.0,200000.0,17500000.0,87.5,0.0,0.0,210000.0,18350000.0,87.381,,
2025-03-12,ccn,composite,85.5,87.0,85.5,85.93,CEA23,18596.0,1587160.0,85.3495,0.0,0.0,,0.0,0.0,18596.0,1587160.0,85.3495,,
2025-03-13,ccn,composite,86.0,86.0,86.0,86.0,CEA23,85091.0,7472004.42,87.8119,0.0,0.0,,0.0,0.0,85091.0,7472004.42,87.8119,,
2025-03-14,ccn,composite,86.0,86.0,86.0,86.0,CEA23,10000.0,870000.0,87.0,100000.0,8550000.0,85.5,0.0,0.0,110000.0,9420000.0,85.6364,,
2025-03-17,ccn,composite,86.0,86.0,86.0,86.0,CEA23,2423.0,213224.0,88.0,100000.0,8600000.0,86.0,0.0,0.0,102423.0,8813224.0,86.0473,,
2025-03-18,ccn,composite,90.48,90.48,90.48,90.48,CEA19-20,0.0,0.0,,0.0,0.0,,0.0,0.0,0.0,0.0,,,
2025-03-19,ccn,composite,90.48,90.48,90.48,90.48,CEA19-20,0.0,0.0,,0.0,0.0,,0.0,0.0,0.0,0.0,,,
2025-03-20,ccn,composite,86.0,87.0,85.5,85.69,CEA23,42050.0,3603275.0,85.6902,0.0,0.0,,0.0,0.0,42050.0,3603275.0,85.6902,,
2025-03-21,ccn,composite,86.8,86.8,85.31,85.65,CEA23,14545.0,1245812.5,85.6523,118941.0,10109985.0,85.0,0.0,0.0,133486.0,11355797.5,85.0711,,
2025-03-24,ccn,composite,87.5,87.5,85.0,85.46,CEA23,198009.0,16920966.8,85.4555,0.0,0.0,,0.0,0.0,198009.0,16920966.8,85.4555,,
2025-03-25,ccn,composite,87.0,87.0,87.0,87.0,CEA21,57123.0,4758086.0,83.2955,150000.0,12675000.0,84.5,0.0,0.0,207123.0,17433086.0,84.1678,,
2025-03-26,ccn,composite,88.49,88.49,88.49,88.49,CEA22,257821.0,22001982.5,85.3382,150000.0,12855000.0,85.7,0.0,0.0,407821.0,34856982.5,85.4713,,
2025-03-27,ccn,composite,85.0,85.0,84.0,84.01,CEA23,100487.0,8477926.0,84.3684,200000.0,15500000.0,77.5,0.0,0.0,300487.0,23977926.0,79.7969,,
2025-03-28,ccn,composite,84.0,84.0,84.0,84.0,CEA23,140500.0,11802000.0,84.0,0.0,0.0,,0.0,0.0,140500.0,11802000.0,84.0,,
2025-03-31,ccn,composite,84.0,84.0,84.0,84.0,CEA23,10000.0,840000.0,84.0,1000000.0,76000000.0,76.0,0.0,0.0,1010000.0,76840000.0,76.0792,,
2025-04-01,ccn,composite,84.49,84.49,83.5,83.54,CEA23,101100.0,8443439.0,83.5157,100000.0,8450000.0,84.5,0.0,0.0,201100.0,16893439.0,84.0052,,
2025-04-02,ccn,composite,83.3,83.3,83.1,83.22,CEA23,50000.0,4161000.0,83.22,200000.0,15900000.0,79.5,0.0,0.0,250000.0,20061000.0,80.244,,
2025-04-03,ccn,composite,83.1,83.1,83.1,83.1,CEA23,10000.0,831000.0,83.1,263489.0,18466318.0,70.0838,0.0,0.0,273489.0,19297318.0,70.5598,,
2025-04-07,ccn,composite,83.4,83.4,83.1,83.19,CEA23,4600.0,382680.0,83.1913,0.0,0.0,,0.0,0.0,4600.0,382680.0,83.1913,,
2025-04-08,ccn,composite,83.2,83.5,83.2,83.48,CEA23,21083.0,1760105.6,83.4846,0.0,0.0,,0.0,0.0,21083.0,1760105.6,83.4846,,
2025-04-09,ccn,composite,83.5,83.5,83.5,83.5,CEA23,1000.0,83500.0,83.5,0.0,0.0,,0.0,0.0,1000.0,83500.0,83.5,,
2025-04-10,ccn,composite,83.1,83.99,83.0,83.09,CEA23,21000.0,1744990.0,83.0948,282926.0,23179932.0,81.9293,0.0,0.0,303926.0,24924922.0,82.0098,,
2025-04-11,ccn,composite,83.0,83.0,82.7,82.78,CEA23,26700.0,2210100.0,82.7753,0.0,0.0,,0.0,0.0,26700.0,2210100.0,82.7753,,
2025-04-14,ccn,composite,82.7,83.0,82.6,82.7,CEA23,62649.0,5160807.4,82.3765,100000.0,7900000.0,79.0,0.0,0.0,162649.0,13060807.4,80.3006,,
2025-04-15,ccn,composite,83.0,83.0,82.4,82.7,CEA23,358650.0,29658950.0,82.6961,100000.0,8180000.0,81.8,0.0,0.0,458650.0,37838950.0,82.5007,,
2025-04-16,ccn,composite,82.0,82.15,81.8,82.06,CEA23,97789.0,8024576.9,82.0601,0.0,0.0,,0.0,0.0,97789.0,8024576.9,82.0601,,
2025-04-17,ccn,composite,81.9,82.0,80.0,80.45,CEA23,127284.0,10239673.0,80.4474,100000.0,8100000.0,81.0,0.0,0.0,227284.0,18339673.0,80.6906,,
2025-04-18,ccn,composite,80.0,80.0,78.5,79.03,CEA23,52500.0,4148965.0,79.0279,500000.0,42729000.0,85.458,0.0,0.0,552500.0,46877965.0,84.847,,
2025-04-21,ccn,composite,79.9,79.9,78.5,78.74,CEA23,26000.0,2035900.0,78.3038,140000.0,11060000.0,79.0,0.0,0.0,166000.0,13095900.0,78.891,,
2025-04-22,ccn,composite,79.5,79.5,77.0,77.39,CEA23,248357.0,19217682.0,77.3793,300000.0,24999000.0,83.33,0.0,0.0,548357.0,44216682.0,80.6348,,
2025-04-23,ccn,composite,78.0,78.0,77.0,77.58,CEA23,116510.0,9039304.0,77.5839,0.0,0.0,,0.0,0.0,116510.0,9039304.0,77.5839,,
2025-04-24,ccn,composite,76.0,76.5,76.0,76.06,CEA23,77778.0,5915428.0,76.0553,155000.0,11780000.0,76.0,0.0,0.0,232778.0,17695428.0,76.0185,,
2025-04-25,ccn,composite,76.0,76.0,74.8,75.03,CEA23,250500.0,18794885.0,75.0295,300000.0,22600000.0,75.3333,0.0,0.0,550500.0,41394885.0,75.1951,,
2025-04-28,ccn,composite,75.0,75.0,73.0,73.68,CEA23,87000.0,6406410.0,73.6369,340000.0,24350000.0,71.6176,0.0,0.0,427000.0,30756410.0,72.0291,,
2025-04-29,ccn,composite,73.0,73.0,72.5,72.77,CEA23,15543.0,1131134.0,72.7745,450000.0,33139500.0,73.6433,0.0,0.0,465543.0,34270634.0,73.6143,,
2025-04-30,ccn,composite,70.0,70.0,70.0,70.0,CEA24,106250.0,7448760.0,70.106,712305.0,49189417.5,69.0567,0.0,0.0,818555.0,56638177.5,69.1929,,
2025-05-06,ccn,composite,70.0,70.0,70.0,70.0,CEA24,153746.0,10764220.0,70.013,300000.0,21000000.0,70.0,0.0,0.0,453746.0,31764220.0,70.0044,,
2025-05-07,ccn,composite,70.0,70.0,70.0,70.0,CEA24,110500.0,7735000.0,70.0,200000.0,13990000.0,69.95,0.0,0.0,310500.0,21725000.0,69.9678,,
2025-05-08,ccn,composite,70.0,71.0,69.0,70.59,CEA24,56194.0,3952983.0,70.3453,100000.0,6990000.0,69.9,0.0,0.0,156194.0,10942983.0,70.0602,,
2025-05-09,ccn,composite,69.67,70.0,69.01,69.7,CEA23,106011.0,7452677.57,70.301,150000.0,10425000.0,69.5,0.0,0.0,256011.0,17877677.57,69.8317,,
2025-05-12,ccn,composite,70.5,71.0,70.5,70.51,CEA23,125608.0,8855914.0,70.5044,200000.0,14200000.0,71.0,0.0,0.0,325608.0,23055914.0,70.8088,,
2025-05-13,ccn,composite,70.5,71.0,70.5,70.5,CEA24,334151.0,23558138.5,70.5015,1782098.0,132792573.1,74.5147,0.0,0.0,2116249.0,156350711.6,73.8811,,
2025-05-14,ccn,composite,70.8,71.0,70.8,70.91,CEA23,194565.0,13778462.5,70.8168,200000.0,14120000.0,70.6,0.0,0.0,394565.0,27898462.5,70.7069,,
2025-05-15,ccn,composite,70.6,71.0,70.6,70.96,CEA23,286041.0,20289481.0,70.9321,300000.0,20400000.0,68.0,0.0,0.0,586041.0,40689481.0,69.4311,,
2025-05-16,ccn,composite,71.0,71.0,70.99,71.0,CEA23,149700.0,10628850.0,71.001,100000.0,7099000.0,70.99,0.0,0.0,249700.0,17727850.0,70.9966,,
2025-05-19,ccn,composite,71.0,71.2,70.9,71.01,CEA24,525553.0,37308367.2,70.9888,0.0,0.0,,0.0,0.0,525553.0,37308367.2,70.9888,,
2025-05-20,ccn,composite,71.2,71.2,71.0,71.02,CEA24,146796.0,10416051.27,70.956,700000.0,47570000.0,67.9571,0.0,0.0,846796.0,57986051.27,68.477,,
2025-05-21,ccn,composite,71.9,71.9,70.8,70.96,CEA24,353315.0,25072250.0,70.9629,786111.0,56012426.7,71.2526,0.0,0.0,1139426.0,81084676.7,71.1627,,
2025-05-22,ccn,composite,70.6,70.9,70.52,70.6,CEA23,63600.0,4453880.0,70.0296,247906.0,17793185.0,71.7739,0.0,0.0,311506.0,22247065.0,71.4178,,
2025-05-23,ccn,composite,71.0,71.0,70.5,70.73,CEA24,156358.0,11010120.0,70.4161,420000.0,30889000.0,73.5452,0.0,0.0,576358.0,41899119.3,72.6963,,
2025-05-26,ccn,composite,70.43,70.43,70.43,70.43,CEA23,97516.0,6796223.36,69.6934,350000.0,24700000.0,70.5714,0.0,0.0,447516.0,31496223.36,70.3801,,
2025-05-27,seee,composite,68.69,68.93,68.35,68.46,,205848.0,14200031.93,68.9831,200000.0,13900000.0,69.5,,,405848.0,28100031.93,69.2378,651739884.0,44697785531.41
2025-05-28,seee,composite,68.36,68.75,68.35,68.45,,61029.0,4206015.5,68.9183,240500.0,16462700.0,68.452,,,301529.0,20668715.5,68.5464,652041413.0,44718454246.91
2025-05-29,seee,composite,68.45,68.45,68.21,68.21,,55000.0,3766500.0,68.4818,253914.0,16393481.1,64.5631,,,308914.0,20159981.1,65.2608,652350327.0,44738614228.01
2025-05-30,seee,composite,67.91,68.72,67.91,68.46,,358520.0,24472261.2,68.2591,300000.0,20760000.0,69.2,,,658520.0,45232261.2,68.6878,653008847.0,44783846489.21
2025-06-03,seee,composite,68.34,68.36,68.34,68.34,,11782.0,795385.0,67.5085,300000.0,20480000.0,68.2667,,,311782.0,21275385.0,68.238,653320629.0,44805121874.21
2025-06-04,seee,composite,68.64,68.64,67.92,68.0,,161987.0,10947322.5,67.5815,110000.0,7491000.0,68.1,,,271987.0,18438322.5,67.7912,653592616.0,44823560196.71
2025-06-05,seee,composite,68.88,68.88,67.41,67.72,,97940.0,6722780.0,68.6418,270000.0,15895200.0,58.8711,,,367940.0,22617980.0,61.4719,653960556.0,44846178176.71
2025-06-06,seee,composite,67.12,68.86,67.12,67.9,,118612.0,8180004.12,68.9644,1150000.0,78720000.0,68.4522,,,1268612.0,86900004.12,68.5001,655229168.0,44933078180.83
2025-06-09,seee,composite,67.85,67.85,67.6,67.68,,69212.0,4750628.0,68.6388,600000.0,41280000.0,68.8,,,669212.0,46030628.0,68.7833,655898380.0,44979108808.83
2025-06-10,seee,composite,67.1,67.88,67.1,67.67,,26716.0,1832406.0,68.5883,990000.0,68308000.0,68.998,,,1016716.0,70140406.0,68.9872,656915096.0,45049249214.83
2025-06-11,seee,composite,67.05,68.64,67.05,68.48,,212487.0,14739156.0,69.365,640000.0,44564000.0,69.6312,,,852487.0,59303156.0,69.5649,657767583.0,45108552370.83
2025-06-12,seee,composite,67.62,70.48,67.62,70.39,,82000.0,5746790.0,70.0828,100000.0,7000000.0,70.0,,,182000.0,12746790.0,70.0373,657949583.0,45121299160.83
2025-06-13,seee,composite,70.62,70.96,70.62,70.96,,14500.0,1029900.0,71.0276,420000.0,29904000.0,71.2,,,434500.0,30933900.0,71.1942,658384083.0,45152233060.83
2025-06-16,seee,composite,71.16,72.9,69.0,69.03,,87148.0,6370909.2,73.1045,160000.0,11046400.0,69.04,,,247148.0,17417309.2,70.4732,658631231.0,45169650370.03
2025-06-17,seee,composite,69.06,72.72,69.06,72.68,,18021.0,1328436.11,73.716,750000.0,50911000.0,67.8813,,,768021.0,52239436.11,68.0182,659399252.0,45221889806.14
2025-06-18,seee,composite,72.92,73.02,72.04,72.8,,201000.0,14757780.0,73.4218,0.0,0.0,,,,201000.0,14757780.0,73.4218,659600252.0,45236647586.14
2025-06-19,seee,composite,72.14,73.72,72.14,73.44,,924340.0,69166654.1,74.8282,550000.0,40500000.0,73.6364,,,1474340.0,109666654.1,74.3836,661074592.0,45346314240.24
2025-06-20,seee,composite,72.82,73.68,72.82,73.01,,182898.0,13479883.3,73.7016,650000.0,47405000.0,72.9308,,,832898.0,60884883.3,73.1,661907490.0,45407199123.54
2025-06-23,seee,composite,73.24,73.82,73.24,73.72,,184052.0,13856970.04,75.2883,469000.0,31892000.0,68.0,,,653052.0,45748970.04,70.0541,662560542.0,45452948093.58
2025-06-24,seee,composite,72.82,75.25,72.82,74.32,,422395.0,31623933.84,74.8682,1425000.0,114115000.0,80.0807,,,1847395.0,145738933.84,78.8889,664407937.0,45598687027.42
2025-06-25,seee,composite,74.14,76.34,73.87,75.97,,458825.0,34622562.5,75.4592,345000.0,26820000.0,77.7391,,,803825.0,61442562.5,76.4377,665211762.0,45660129589.92
2025-06-26,seee,composite,75.7,76.7,75.7,76.57,,389066.0,30028983.7,77.1822,1465540.0,105164740.0,71.7584,,,1854606.0,135193723.7,72.8962,667066368.0,45795323313.62
2025-06-27,seee,composite,75.47,77.2,75.47,76.54,,384460.0,29807053.9,77.5297,1002000.0,74119810.0,73.9719,,,1386460.0,103926863.9,74.9584,668452828.0,45899250177.52
2025-06-30,seee,composite,75.54,77.1,74.23,75.02,,140694.0,10279308.0,73.0615,300000.0,19400000.0,64.6667,,,440694.0,29679308.0,67.3467,668893522.0,45928929485.52
2025-07-01,seee,composite,74.26,74.47,73.97,74.28,,300910.0,22334340.9,74.2227,480000.0,35505000.0,73.9688,,,780910.0,57839340.9,74.0666,669674432.0,45986768826.42
2025-07-02,seee,composite,73.69,73.69,72.57,73.11,,355000.0,25822500.0,72.7394,250000.0,18420000.0,73.68,,,605000.0,44242500.0,73.1281,670279432.0,46031011326.42
2025-07-03,seee,composite,73.47,74.25,73.47,74.03,,210735.0,15624557.8,74.1432,101104.0,7481696.0,74.0,,,311839.0,23106253.8,74.0967,670591271.0,46054117580.22
2025-07-04,seee,composite,74.01,74.17,74.01,74.08,,76812.0,5715092.4,74.4036,250000.0,18500000.0,74.0,,,326812.0,24215092.4,74.0949,670918083.0,46078332672.62
2025-07-07,seee,composite,74.48,74.78,74.37,74.78,,41000.0,3121900.0,76.1439,0.0,0.0,,,,41000.0,3121900.0,76.1439,670959083.0,46081454572.62
2025-07-08,seee,composite,74.74,74.74,74.09,74.22,,229000.0,17122600.0,74.7712,0.0,0.0,,,,229000.0,17122600.0,74.7712,671188083.0,46098577172.62
2025-07-09,seee,composite,74.2,74.2,74.17,74.17,,52720.0,3931500.0,74.5732,527161.0,41025212.0,77.8229,,,579881.0,44956712.0,77.5275,671767964.0,46143533884.62
2025-07-10,seee,composite,74.15,74.3,74.15,74.3,,273030.0,20447123.0,74.8897,330359.0,23755445.0,71.908,,,603389.0,44202568.0,73.2572,672371353.0,46187736452.62
2025-07-11,seee,composite,73.3,73.4,73.11,73.21,,313027.0,23315601.5,74.4843,201673.0,14925475.0,74.0083,,,514700.0,38241076.5,74.2978,672886053.0,46225977529.12
2025-07-14,seee,composite,73.26,73.27,73.09,73.09,,31100.0,2308800.0,74.2379,0.0,0.0,,,,31100.0,2308800.0,74.2379,672917153.0,46228286329.12
2025-07-15,seee,composite,73.39,73.59,73.09,73.38,,278720.0,20839130.0,74.7673,0.0,0.0,,,,278720.0,20839130.0,74.7673,673195873.0,46249125459.12
2025-07-16,seee,composite,72.61,73.29,72.19,72.98,,383874.0,28348627.41,73.8488,525000.0,39006285.0,74.2977,130000.0,9771500.0,1038874.0,77126412.41,74.2404,674234747.0,46326251871.53
2025-07-17,seee,composite,72.66,73.21,72.66,72.94,,340820.0,25236860.22,74.0475,300000.0,20808000.0,69.36,0.0,0.0,640820.0,46044860.22,71.853,674875567.0,46372296731.75
2025-07-18,seee,composite,72.21,73.26,72.19,72.82,,376400.0,27628200.0,73.4012,100000.0,7480000.0,74.8,0.0,0.0,476400.0,35108200.0,73.6948,675351967.0,46407404931.75
2025-07-21,seee,composite,72.92,73.28,72.92,73.12,,114641.0,8547851.8,74.5619,500000.0,37000000.0,74.0,0.0,0.0,614641.0,45547851.8,74.1048,675966608.0,46452952783.55
2025-07-22,seee,composite,73.07,73.31,73.07,73.3,,205900.0,15336770.0,74.4865,900000.0,63108000.0,70.12,0.0,0.0,1105900.0,78444770.0,70.933,677072508.0,46531397553.55
2025-07-23,seee,composite,73.38,73.82,73.2,73.81,,464450.0,34652165.6,74.609,223000.0,13588620.0,60.9355,0.0,0.0,687450.0,48240785.6,70.1735,677759958.0,46579638339.15
2025-07-24,seee,composite,73.81,73.85,73.79,73.84,,416673.0,31033751.17,74.4799,124187.0,8793681.47,70.81,0.0,0.0,540860.0,39827432.64,73.6372,678300818.0,46619465771.79
2025-07-25,seee,composite,73.85,73.85,73.49,73.7,,288406.0,21370344.81,74.0981,0.0,0.0,,0.0,0.0,288406.0,21370344.81,74.0981,678589224.0,46640836116.6
2025-07-28,seee,composite,73.69,73.69,73.65,73.66,,110183.0,8157694.8,74.0377,200000.0,14140000.0,70.7,0.0,0.0,310183.0,22297694.8,71.8856,678899407.0,46663133811.4
2025-07-29,seee,composite,73.08,73.65,73.08,73.32,,251580.0,18438528.8,73.2909,406430.0,29863633.8,73.4779,0.0,0.0,658010.0,48302162.6,73.4064,679557417.0,46711435974.0
2025-07-30,seee,composite,73.67,73.67,73.44,73.48,,233300.0,17244810.0,73.9169,100000.0,7292000.0,72.92,0.0,0.0,333300.0,24536810.0,73.6178,679890717.0,46735972784.0
2025-07-31,seee,composite,73.62,73.62,72.33,72.48,,291481.0,21265243.8,72.9558,375550.0,26753164.0,71.2373,0.0,0.0,667031.0,48018407.8,71.9883,680557748.0,46783991191.8
2025-08-01,seee,composite,72.55,72.6,72.27,72.43,,110104.0,8086005.52,73.4397,412621.0,31005807.08,75.1436,0.0,0.0,522725.0,39091812.6,74.7847,681080473.0,46823083004.4
2025-08-04,seee,composite,72.68,72.68,72.3,72.62,,177000.0,13089810.0,73.9537,100000.0,7292000.0,72.92,0.0,0.0,277000.0,20381810.0,73.5805,681357473.0,46843464814.4
2025-08-05,seee,composite,72.4,72.47,72.33,72.38,,124246.0,9124729.0,73.4408,897122.0,58571000.15,65.2877,0.0,0.0,1021368.0,67695729.15,66.2795,682378841.0,46911160543.55
2025-08-06,seee,composite,72.26,72.42,72.16,72.19,,143000.0,10450710.0,73.0819,1239300.0,88031500.0,71.0332,0.0,0.0,1382300.0,98482210.0,71.2452,683761141.0,47009642753.55
2025-08-07,seee,composite,72.18,72.28,72.07,72.12,,93022.0,6803797.1,73.1418,100000.0,5500000.0,55.0,0.0,0.0,193022.0,12303797.1,63.743,683954163.0,47021946550.65
2025-08-08,seee,composite,72.19,72.23,72.01,72.09,,269079.0,19675942.0,73.1233,100000.0,7300000.0,73.0,0.0,0.0,369079.0,26975942.0,73.0899,684323242.0,47048922492.65
2025-08-11,seee,composite,72.07,72.08,71.94,72.0,,71752.0,5226820.4,72.8456,745654.0,41195915.0,55.248,0.0,0.0,817406.0,46422735.4,56.7928,685140648.0,47095345228.05
2025-08-12,seee,composite,72.13,72.17,71.46,71.52,,292649.0,20997682.09,71.7504,190289.0,14176530.5,74.5,0.0,0.0,482938.0,35174212.59,72.8338,685623586.0,47130519440.64
2025-08-13,seee,composite,71.45,71.45,71.3,71.41,,159928.0,11586830.0,72.4503,100000.0,7400000.0,74.0,0.0,0.0,259928.0,18986830.0,73.0465,685883514.0,47149506270.64
2025-08-14,seee,composite,71.51,71.85,71.51,71.72,,341862.0,24754800.7,72.4117,200000.0,14280000.0,71.4,0.0,0.0,541862.0,39034800.7,72.0383,686425376.0,47188541071.34
2025-08-15,seee,composite,71.74,71.74,71.53,71.57,,209519.0,15118386.8,72.1576,720000.0,52089200.0,72.3461,0.0,0.0,929519.0,67207586.8,72.3036,687354895.0,47255748658.14
2025-08-18,seee,composite,71.31,71.31,70.85,70.86,,90844.0,6452689.6,71.0304,300000.0,21480000.0,71.6,0.0,0.0,390844.0,27932689.6,71.4676,687745739.0,47283681347.74
2025-08-19,seee,composite,71.03,71.03,70.85,70.92,,250528.0,17819758.1,71.1288,0.0,0.0,,0.0,0.0,250528.0,17819758.1,71.1288,687996267.0,47301501105.84
2025-08-20,seee,composite,70.89,70.95,70.45,70.57,,211274.0,14920551.27,70.6218,869791.0,61198204.72,70.3597,0.0,0.0,1081065.0,76118755.99,70.4109,689077332.0,47377619861.83
2025-08-21,seee,composite,70.06,70.55,69.93,70.36,,398264.0,27930947.41,70.1317,103632.0,7002414.24,67.57,0.0,0.0,501896.0,34933361.65,69.6028,689579228.0,47412553223.48
2025-08-22,seee,composite,70.33,70.33,70.24,70.3,,49846.0,3484021.35,69.8957,0.0,0.0,,0.0,0.0,49846.0,3484021.35,69.8957,689629074.0,47416037244.83
2025-08-25,seee,composite,70.2,70.69,70.03,70.34,,304719.0,21349326.43,70.0623,0.0,0.0,,0.0,0.0,304719.0,21349326.43,70.0623,689933793.0,47437386571.26
2025-08-26,seee,composite,70.2,70.4,69.66,69.69,,369883.0,25695413.89,69.469,200000.0,13950000.0,69.75,0.0,0.0,569883.0,39645413.89,69.5676,690503676.0,47477031985.15
2025-08-27,seee,composite,69.8,70.39,69.48,69.72,,567187.0,39561047.26,69.7496,1716752.0,112887790.88,65.7566,0.0,0.0,2283939.0,152448838.14,66.7482,692787615.0,47629480823.29
2025-08-28,seee,composite,69.6,69.66,69.35,69.45,,364385.0,25253083.92,69.3033,897184.0,60861238.76,67.8358,5000.0,348900.0,1266569.0,86463222.68,68.2657,694054184.0,47715944045.97
2025-08-29,seee,composite,69.57,69.71,69.23,69.3,,431436.0,29862508.22,69.2165,1180939.0,80619866.4,68.2676,0.0,0.0,1612375.0,110482374.62,68.5215,695666559.0,47826426420.59
2025-09-01,seee,composite,69.25,69.49,69.25,69.41,,152600.0,10569857.4,69.2651,317000.0,22223640.0,70.1061,0.0,0.0,469600.0,32793497.4,69.8328,696136159.0,47859219917.99
2025-09-02,seee,composite,69.24,69.24,68.59,68.75,,473202.0,32420095.71,68.5122,1159450.0,65588200.0,56.5684,0.0,0.0,1632652.0,98008295.71,60.0301,697768811.0,47957228213.7
2025-09-03,seee,composite,68.69,68.91,68.69,68.76,,591219.0,40415121.28,68.359,2481256.0,158183849.68,63.7515,0.0,0.0,3072475.0,198598970.96,64.6381,700841286.0,48155827184.66
2025-09-04,seee,composite,68.58,68.68,67.45,67.95,,725566.0,48941057.61,67.4522,2001510.0,131927902.4,65.9142,0.0,0.0,2727076.0,180868960.01,66.3234,703568362.0,48336696144.67
2025-09-05,seee,composite,67.73,67.73,66.01,66.18,,181735.0,11883245.05,65.3878,295077.0,19622620.5,66.5,2000.0,134600.0,478812.0,31640465.55,66.0812,704047174.0,48368336610.22
2025-09-08,seee,composite,66.14,66.14,64.55,64.74,,312098.0,19514122.0,62.5256,322120.0,21317901.6,66.18,0.0,0.0,634218.0,40832023.6,64.3817,704681392.0,48409168633.82
2025-09-09,seee,composite,64.47,65.27,64.18,64.45,,330452.0,20431436.3,61.8288,818000.0,51397600.0,62.8333,0.0,0.0,1148452.0,71829036.3,62.5442,705829844.0,48480997670.12
2025-09-10,seee,composite,64.24,64.24,63.53,63.55,,390436.0,23646445.17,60.5642,957741.0,61101132.4,63.7971,0.0,0.0,1348177.0,84747577.57,62.8609,707178021.0,48565745247.69
2025-09-11,seee,composite,63.55,64.1,63.2,63.28,,338358.0,20398348.79,60.2863,717000.0,45082800.0,62.877,0.0,0.0,1055358.0,65481148.79,62.0464,708233379.0,48631226396.48
2025-09-12,seee,composite,63.28,63.41,61.95,62.07,,393390.0,23681527.43,60.1986,748490.0,46040155.0,61.5107,0.0,0.0,1141880.0,69721682.43,61.0587,709375259.0,48700948078.91
2025-09-15,seee,composite,62.01,62.09,61.41,61.42,,145146.0,8695286.75,59.9072,388000.0,28479200.0,73.4,0.0,0.0,533146.0,37174486.75,69.7267,709908405.0,48738122565.66
2025-09-16,seee,composite,61.45,61.45,60.25,60.91,,188910.0,11043473.89,58.4589,1317065.0,87884550.0,66.7276,0.0,0.0,1505975.0,98928023.89,65.6903,711414380.0,48837050589.55
2025-09-17,seee,composite,61.26,61.3,59.8,60.58,,701258.0,40544637.19,57.817,0.0,0.0,,0.0,0.0,701258.0,40544637.19,57.817,712115638.0,48877595226.74
2025-09-18,seee,composite,61.02,61.4,59.22,60.33,,483033.0,27431215.54,56.7895,978180.0,55695775.8,56.9382,0.0,0.0,1461213.0,83126991.34,56.889,713576851.0,48960722218.08
2025-09-19,seee,composite,60.49,60.8,59.12,59.68,,598891.0,33240645.39,55.5037,719209.0,45754729.82,63.6181,0.0,0.0,1318100.0,78995375.21,59.9312,714894951.0,49039717593.29
2025-09-22,seee,composite,59.38,60.28,59.24,59.42,,193195.0,10619945.45,54.9701,100000.0,5540000.0,55.4,0.0,0.0,293195.0,16159945.45,55.1167,715188146.0,49055877538.74
2025-09-23,seee,composite,59.63,60.33,59.57,59.83,,449704.0,25090893.93,55.7942,1120696.0,67112170.56,59.8844,0.0,0.0,1570400.0,92203064.49,58.7131,716758546.0,49148080603.23
2025-09-24,seee,composite,60.03,60.24,58.16,58.51,,792921.0,45082122.1,56.8558,630000.0,45297000.0,71.9,0.0,0.0,1422921.0,90379122.1,63.5166,718181467.0,49238459725.33
2025-09-25,seee,composite,58.37,60.2,58.2,59.76,,812915.0,46803080.4,57.5744,844819.0,55232515.98,65.3779,0.0,0.0,1657734.0,102035596.38,61.5512,719839201.0,49340495321.71
2025-09-26,seee,composite,59.77,59.77,58.6,59.16,,1349058.0,75403294.22,55.8933,1833827.0,108685663.9,59.2671,0.0,0.0,3182885.0,184088958.12,57.8371,723022086.0,49524584279.83
2025-09-29,seee,composite,59.17,60.3,58.34,58.59,,585404.0,31943038.2,54.5658,1164669.0,68671941.34,58.9626,0.0,0.0,1750073.0,100614979.54,57.4919,724772159.0,49625199259.37
2025-09-30,seee,composite,57.72,58.52,57.72,57.97,,1049302.0,55917103.52,53.2898,2546005.0,148972997.44,58.5125,0.0,0.0,3595307.0,204890100.96,56.9882,728367466.0,49830089360.33
2025-10-09,seee,composite,58.68,58.8,58.68,58.8,,40000.0,2200000.0,55.0,200000.0,11812000.0,59.06,0.0,0.0,240000.0,14012000.0,58.3833,728607466.0,49844101360.33
2025-10-10,seee,composite,59.3,59.3,57.9,58.23,,681263.0,36856590.4,54.1004,300000.0,16992000.0,56.64,0.0,0.0,981263.0,53848590.4,54.8768,729588729.0,49897949950.73
2025-10-13,seee,composite,58.2,58.2,56.8,57.15,,650290.0,33057714.1,50.8353,942254.0,58211383.71,61.7789,0.0,0.0,1592544.0,91269097.81,57.3103,731181273.0,49989219048.54
2025-10-14,seee,composite,57.15,57.18,55.2,55.82,,595604.0,29113228.12,48.8802,506100.0,20249061.0,40.01,0.0,0.0,1101704.0,49362289.12,44.8054,732282977.0,50038581337.66
2025-10-15,seee,composite,56.02,56.42,54.03,55.42,,857880.0,40022947.81,46.6533,2116970.0,122895445.72,58.0525,0.0,0.0,2974850.0,162918393.53,54.7652,735257827.0,50201499731.19
2025-10-16,seee,composite,56.14,56.14,52.26,53.99,,598023.0,27096591.1,45.3103,2293709.0,113820260.79,49.6228,0.0,0.0,2891732.0,140916851.89,48.731,738149559.0,50342416583.08
2025-10-17,seee,composite,53.12,53.12,52.18,52.21,,334346.0,13414920.2,40.1229,2913389.0,124410934.6,42.7032,0.0,0.0,3247735.0,137825854.8,42.4375,741397294.0,50480242437.88
2025-10-20,seee,composite,52.19,52.28,51.21,51.34,,540397.0,20804369.05,38.4983,723450.0,33388250.0,46.1514,0.0,0.0,1263847.0,54192619.05,42.8791,742661141.0,50534435056.93
2025-10-21,seee,composite,52.11,52.88,52.11,52.59,,441833.0,18440731.3,41.7369,631108.0,22452386.1,35.5761,0.0,0.0,1072941.0,40893117.4,38.1131,743734082.0,50575328174.33
2025-10-22,seee,composite,52.3,54.27,52.09,52.96,,424367.0,18115636.46,42.6886,1540160.0,74719367.26,48.514,0.0,0.0,1964527.0,92835003.72,47.2557,745698609.0,50668163178.05
2025-10-23,seee,composite,52.43,54.67,52.43,53.87,,227941.0,10271309.94,45.0613,620000.0,27846000.0,44.9129,0.0,0.0,847941.0,38117309.94,44.9528,746546550.0,50706280487.99
2025-10-24,seee,composite,53.1,55.67,53.1,54.7,,748384.0,35922308.53,47.9998,1729662.0,84495758.69,48.851,0.0,0.0,2478046.0,120418067.22,48.594,749024596.0,50826698555.21
2025-10-27,seee,composite,55.14,55.14,52.87,53.71,,1050009.0,50889715.79,48.466,6328573.0,301523011.03,47.6447,0.0,0.0,7378582.0,352412726.82,47.7616,756403178.0,51179111282.03
2025-10-28,seee,composite,54.21,54.61,51.44,51.73,,582256.0,26614551.26,45.7094,4894827.0,237119451.27,48.4429,0.0,0.0,5477083.0,263734002.53,48.1523,761880261.0,51442845284.56
2025-10-29,seee,composite,52.59,52.59,51.02,51.24,,912040.0,40433363.76,44.3329,2604749.0,136814678.25,52.5251,0.0,0.0,3516789.0,177248042.01,50.4005,765397050.0,51620093326.57
2025-10-30,seee,composite,51.24,51.9,50.34,51.25,,897326.0,39867729.29,44.4295,2003259.0,86377518.45,43.1185,100000.0,4475000.0,3000585.0,130720247.74,43.5649,768397635.0,51750813574.31
2025-10-31,seee,composite,51.18,53.02,51.14,51.96,,943851.0,43995377.01,46.6126,588510.0,23714740.0,40.2962,0.0,0.0,1532361.0,67710117.01,44.1868,769929996.0,51818523691.32
2025-11-03,seee,composite,51.54,53.28,51.54,52.73,,421568.0,20448225.3,48.5052,1105615.0,55169669.0,49.8995,0.0,0.0,1527183.0,75617894.3,49.5146,771457179.0,51894141585.62
2025-11-04,seee,composite,53.0,53.42,52.4,52.77,,691493.0,34636672.32,50.0897,460961.0,16127557.0,34.9868,100000.0,4894850.0,1252454.0,55659079.32,44.44,772709633.0,51949800664.94
2025-11-05,seee,composite,52.65,53.4,51.56,52.86,,955863.0,48179576.62,50.4043,773057.0,37568580.73,48.5974,0.0,0.0,1728920.0,85748157.35,49.5964,774438553.0,52035548822.29
2025-11-06,seee,composite,52.97,55.8,52.97,54.86,,844102.0,44910195.57,53.2047,555261.0,28537096.46,51.394,0.0,0.0,1399363.0,73447292.03,52.4862,775837916.0,52108996114.32
2025-11-07,seee,composite,55.05,58.51,55.05,57.79,,1068129.0,61569440.45,57.6423,2259608.0,111098844.82,49.1673,0.0,0.0,3327737.0,172668285.27,51.8876,779165653.0,52281664399.59
2025-11-10,seee,composite,57.79,60.66,57.72,59.04,,1080386.0,64233390.09,59.4541,1925260.0,114602668.54,59.5258,0.0,0.0,3005646.0,178836058.63,59.5,782171299.0,52460500458.22
2025-11-11,seee,composite,58.26,62.02,58.26,60.94,,1106016.0,69979813.34,63.272,3096862.0,195869487.94,63.2477,0.0,0.0,4202878.0,265849301.28,63.2541,786374177.0,52726349759.5
2025-11-12,seee,composite,61.82,62.48,60.3,60.97,,1147386.0,73318622.3,63.9006,1768814.0,97238900.0,54.9741,0.0,0.0,2916200.0,170557522.3,58.4862,789290377.0,52896907281.8
2025-11-13,seee,composite,60.9,62.0,59.94,60.59,,1159309.0,70747231.98,61.0253,2101470.0,123665875.03,58.8473,0.0,0.0,3260779.0,194413107.01,59.6217,792551156.0,53091320388.81
2025-11-14,seee,composite,60.44,60.98,59.24,60.17,,1654755.0,99370630.36,60.0516,1734731.0,98480421.84,56.7699,0.0,0.0,3389486.0,197851052.2,58.372,795940642.0,53289171441.01
2025-11-17,seee,composite,60.17,61.23,60.17,60.83,,509912.0,31266645.31,61.3177,2161179.0,121248189.79,56.1028,0.0,0.0,2671091.0,152514835.1,57.0983,798611733.0,53441686276.11
2025-11-18,seee,composite,60.99,61.96,60.02,61.76,,974791.0,60242530.32,61.8005,2378902.0,133179252.73,55.9835,0.0,0.0,3353693.0,193421783.05,57.6743,801965426.0,53635108059.16
2025-11-19,seee,composite,61.96,67.94,61.96,66.86,,1146422.0,77209757.63,67.3485,908508.0,55311087.98,60.8812,0.0,0.0,2054930.0,132520845.61,64.4892,804020356.0,53767628904.77
2025-11-20,seee,composite,67.34,70.14,66.92,67.87,,817149.0,55849397.91,68.3467,2197275.0,129089695.08,58.7499,0.0,0.0,3014424.0,184939092.99,61.3514,807034780.0,53952567997.76
2025-11-21,seee,composite,67.0,67.87,65.13,65.27,,400242.0,25509878.37,63.7361,200000.0,12122000.0,60.61,0.0,0.0,600242.0,37631878.37,62.6945,807635022.0,53990199876.13
2025-11-24,seee,composite,65.02,65.42,62.24,62.53,,582110.0,33766284.85,58.0067,200000.0,11910000.0,59.55,0.0,0.0,782110.0,45676284.85,58.4014,808417132.0,54035876160.98
2025-11-25,seee,composite,62.0,62.0,59.87,60.16,,667973.0,37704444.3,56.4461,943051.0,56033702.5,59.4175,0.0,0.0,1611024.0,93738146.8,58.1854,810028156.0,54129614307.78
2025-11-26,seee,composite,60.07,60.07,59.29,59.6,,782381.0,43449301.6,55.5347,1638531.0,97848723.36,59.7173,0.0,0.0,2420912.0,141298024.96,58.3656,812449068.0,54270912332.74
2025-11-27,seee,composite,59.09,60.59,59.09,60.21,,938054.0,52969056.12,56.467,2112574.0,120511294.2,57.0448,0.0,0.0,3050628.0,173480350.32,56.8671,815499696.0,54444392683.06
2025-11-28,seee,composite,60.11,60.11,58.8,59.65,,684373.0,39712101.4,58.027,1499152.0,91387848.0,60.9597,0.0,0.0,2183525.0,131099949.4,60.0405,817683221.0,54575492632.46
2025-12-01,seee,composite,58.59,61.67,58.59,59.84,,854941.0,50843395.62,59.4701,1419656.0,80118130.48,56.4349,0.0,0.0,2274597.0,130961526.1,57.5757,819957818.0,54706454158.56
2025-12-02,seee,composite,58.64,60.07,58.16,59.75,,626682.0,37490267.9,59.8234,240000.0,14400000.0,60.0,0.0,0.0,866682.0,51890267.9,59.8723,820824500.0,54758344426.46
2025-12-03,seee,composite,59.66,60.13,59.56,59.9,,639256.0,38268042.1,59.8634,226790.0,12472500.0,54.9958,0.0,0.0,866046.0,50740542.1,58.5887,821690546.0,54809084968.56
2025-12-04,seee,composite,58.92,60.12,58.92,60.03,,629497.0,37685005.94,59.8653,621671.0,35709835.64,57.4417,0.0,0.0,1251168.0,73394841.58,58.6611,822941714.0,54882479810.14
2025-12-05,seee,composite,60.05,60.12,59.81,60.06,,605212.0,36333749.98,60.0347,954681.0,55618842.3,58.2591,0.0,0.0,1559893.0,91952592.28,58.948,824501607.0,54974432402.42
2025-12-08,seee,composite,59.45,60.2,59.45,60.16,,512841.0,30742957.1,59.9464,1804531.0,106761248.0,59.1629,0.0,0.0,2317372.0,137504205.1,59.3363,826818979.0,55111936607.52
2025-12-09,seee,composite,60.16,60.17,58.7,59.5,,707913.0,42225260.06,59.6475,1940000.0,115902000.0,59.7433,0.0,0.0,2647913.0,158127260.06,59.7177,829466892.0,55270063867.58
2025-12-10,seee,composite,59.55,59.55,58.7,58.9,,275733.0,16128422.19,58.4929,570500.0,37758850.0,66.1855,0.0,0.0,846233.0,53887272.19,63.679,830313125.0,55323951139.77
2025-12-11,seee,composite,58.04,58.08,56.32,57.41,,899947.0,51411027.28,57.1267,165000.0,8910000.0,54.0,0.0,0.0,1064947.0,60321027.28,56.6423,831378072.0,55384272167.05
2025-12-12,seee,composite,57.43,58.64,57.43,58.03,,785879.0,46054879.97,58.603,390500.0,22716295.0,58.1723,0.0,0.0,1176379.0,68771174.97,58.46,832554451.0,55453043342.02
2025-12-15,seee,composite,57.86,58.18,57.74,57.9,,1013360.0,59400316.65,58.6172,200000.0,10740000.0,53.7,0.0,0.0,1213360.0,70140316.65,57.8067,833767811.0,55523183658.67
2025-12-16,seee,composite,58.01,58.9,57.98,58.71,,857620.0,50602496.04,59.0034,1454803.0,84384373.28,58.004,0.0,0.0,2312423.0,134986869.32,58.3746,836080234.0,55658170527.99
2025-12-17,seee,composite,58.59,59.19,58.59,59.09,,1994276.0,119488335.13,59.9156,1031235.0,60426774.1,58.5965,0.0,0.0,3025511.0,179915109.23,59.466,839105745.0,55838085637.22
2025-12-18,seee,composite,59.1,61.3,59.1,60.65,,812775.0,49550035.47,60.964,710789.0,44155120.0,62.1213,0.0,0.0,1523564.0,93705155.47,61.5039,840629309.0,55931790792.69
2025-12-19,seee,composite,60.85,62.98,60.85,62.4,,590441.0,38613954.4,65.3985,1063519.0,62272023.81,58.5528,0.0,0.0,1653960.0,100885978.21,60.9966,842283269.0,56032676770.9
2025-12-22,seee,composite,61.72,64.63,61.72,63.52,,503066.0,33431511.95,66.4555,2021548.0,120472884.5,59.5944,0.0,0.0,2524614.0,153904396.45,60.9616,844807883.0,56186581167.35
2025-12-23,seee,composite,62.17,67.97,62.01,67.0,,763174.0,53135694.48,69.6246,2810773.0,196827975.0,70.0263,0.0,0.0,3573947.0,249963669.48,69.9405,848381830.0,56436544836.83
2025-12-24,seee,composite,66.54,70.72,66.0,68.89,,1186352.0,86392187.08,72.8217,2275234.0,165095890.86,72.5622,0.0,0.0,3461586.0,251488077.94,72.6511,851843416.0,56688032914.77
2025-12-25,seee,composite,67.79,73.26,67.79,72.58,,1097636.0,88735764.28,80.8426,1969110.0,147741397.48,75.0295,0.0,0.0,3066746.0,236477161.76,77.1101,854910162.0,56924510076.53
2025-12-26,seee,composite,70.96,76.34,70.3,72.35,,304440.0,22799832.16,74.8911,2724282.0,207730520.06,76.2515,0.0,0.0,3028722.0,230530352.22,76.1147,857938884.0,57155040428.75
2025-12-29,seee,composite,71.12,71.58,70.18,71.12,,815043.0,58657344.9,71.9684,981949.0,69018666.8,70.2874,0.0,0.0,1796992.0,127676011.7,71.0498,859735876.0,57282716440.45
2025-12-30,seee,composite,71.32,73.24,71.32,72.87,,1065532.0,77823593.23,73.0373,3100000.0,228860000.0,73.8258,0.0,0.0,4165532.0,306683593.23,73.6241,863901408.0,57589400033.68
2025-12-31,seee,composite,73.06,75.99,72.87,74.63,,865112.0,65578197.89,75.8031,100000.0,7640000.0,76.4,0.0,0.0,965112.0,73218197.89,75.865,864866520.0,57662618231.57
2026-01-05,seee,composite,74.63,74.63,74.63,74.63,,1000.0,76390.0,76.39,0.0,0.0,,0.0,0.0,1000.0,76390.0,76.39,864867520.0,57662694621.57
2026-01-06,seee,composite,74.63,74.63,74.63,74.63,,5316.0,378510.0,71.202,100000.0,8000000.0,80.0,0.0,0.0,105316.0,8378510.0,79.5559,864972836.0,57671073131.57
2026-01-07,seee,composite,78.5,79.19,74.0,77.97,,324311.0,25286503.5,77.9699,3046405.0,229982688.0,75.4931,0.0,0.0,3370716.0,255269191.5,75.7314,868343552.0,57926342323.07
2026-01-08,seee,composite,78.0,83.0,78.0,78.61,,57000.0,4481000.0,78.614,706626.0,50747560.0,71.8167,0.0,0.0,763626.0,55228560.0,72.3241,869107178.0,57981570883.07
2026-01-09,seee,composite,78.0,78.0,72.5,75.96,,147410.0,11059230.0,75.0236,300000.0,22000000.0,73.3333,0.0,0.0,447410.0,33059230.0,73.8902,869554588.0,58014630113.07
2026-01-12,seee,composite,78.19,83.4,78.19,78.31,,43930.0,3440096.7,78.3086,400000.0,29435000.0,73.5875,0.0,0.0,443930.0,32875096.7,74.0547,869998518.0,58047505209.77
2026-01-13,seee,composite,78.31,,,78.31,,0.0,0.0,,1070000.0,67129000.0,62.7374,0.0,0.0,1070000.0,67129000.0,62.7374,871068518.0,58114634209.77
2026-01-14,seee,composite,72.5,72.5,72.5,72.5,,13700.0,993250.0,72.5,572000.0,35780000.0,62.5524,0.0,0.0,585700.0,36773250.0,62.7851,871654218.0,58151407459.77
2026-01-15,seee,composite,78.5,78.5,78.5,78.5,,60000.0,4710000.0,78.5,100000.0,6800000.0,68.0,0.0,0.0,160000.0,11510000.0,71.9375,871814218.0,58162917459.77
2026-01-16,seee,composite,78.5,,,78.5,,0.0,0.0,,700000.0,50730000.0,72.4714,0.0,0.0,700000.0,50730000.0,72.4714,872514218.0,58213647459.77
2026-01-19,seee,composite,81.0,81.0,81.0,81.0,,46947.0,3718813.0,79.213,100000.0,7900000.0,79.0,0.0,0.0,146947.0,11618813.0,79.0681,872661165.0,58225266272.77
2026-01-20,seee,composite,73.0,73.0,73.0,73.0,,51643.0,3769939.0,73.0,200000.0,13800000.0,69.0,0.0,0.0,251643.0,17569939.0,69.8209,872912808.0,58242836211.77
2026-01-21,seee,composite,78.5,80.3,78.5,78.6,,62500.0,4912500.0,78.6,570000.0,35385000.0,62.0789,0.0,0.0,632500.0,40297500.0,63.7115,873545308.0,58283133711.77
2026-01-22,seee,composite,73.0,79.0,73.0,77.27,,75839.0,5860172.0,77.2712,860000.0,64047000.0,74.4733,0.0,0.0,935839.0,69907172.0,74.7,874481147.0,58353040883.77
2026-01-23,seee,composite,81.0,81.0,81.0,81.0,,58236.0,4635579.6,79.5999,400000.0,32100000.0,80.25,0.0,0.0,458236.0,36735579.6,80.1674,874939383.0,58389776463.37
2026-01-26,seee,composite,81.0,82.0,81.0,81.79,,2439.0,199498.0,81.795,0.0,0.0,,0.0,0.0,2439.0,199498.0,81.795,874941822.0,58389975961.37
2026-01-27,seee,composite,78.0,78.5,78.0,78.48,,111515.0,8750938.5,78.4732,0.0,0.0,,0.0,0.0,111515.0,8750938.5,78.4732,875053337.0,58398726899.87
2026-01-28,seee,composite,75.0,81.0,75.0,78.57,,148090.0,11635516.5,78.5706,500000.0,38938000.0,77.876,0.0,0.0,648090.0,50573516.5,78.0347,875701427.0,58449300416.37
2026-01-29,seee,composite,78.0,79.0,78.0,78.5,,2.0,157.0,78.5,0.0,0.0,,0.0,0.0,2.0,157.0,78.5,875701429.0,58449300573.37
2026-01-30,seee,composite,79.0,79.0,79.0,79.0,,100.0,7900.0,79.0,100000.0,8040000.0,80.4,0.0,0.0,100100.0,8047900.0,80.3986,875801529.0,58457348473.37
2026-02-02,seee,composite,81.0,81.0,79.0,81.0,,19010.0,1539790.0,80.9989,0.0,0.0,,0.0,0.0,19010.0,1539790.0,80.9989,875820539.0,58458888263.37
2026-02-03,seee,composite,,,,81.0,,0.0,0.0,,0.0,0.0,,0.0,0.0,0.0,0.0,,875820539.0,58458888263.37
2026-02-04,seee,composite,81.0,81.0,78.0,78.74,,82930.0,6529489.0,78.7349,0.0,0.0,,0.0,0.0,82930.0,6529489.0,78.7349,875903469.0,58465417752.37
2026-02-05,seee,composite,78.74,,,78.74,,0.0,0.0,,100000.0,7850000.0,78.5,0.0,0.0,100000.0,7850000.0,78.5,876003469.0,58473267752.37
2026-02-06,seee,composite,74.0,81.0,74.0,76.14,,132640.0,10346135.0,78.0016,400000.0,31440000.0,78.6,0.0,0.0,532640.0,41786135.0,78.451,876536109.0,58515053887.37
2026-02-09,seee,composite,80.0,82.0,78.0,80.56,,131676.0,10615756.0,80.6203,400000.0,31440000.0,78.6,0.0,0.0,531676.0,42055756.0,79.1003,877067785.0,58557109643.37
2026-02-10,seee,composite,80.56,81.0,80.0,80.5,,32640.0,2628840.0,80.5404,400000.0,31440000.0,78.6,0.0,0.0,432640.0,34068840.0,78.7464,877500425.0,58591178483.37
2026-02-11,seee,composite,78.7,78.7,78.7,78.7,,20000.0,1574000.0,78.7,300000.0,23590000.0,78.6333,0.0,0.0,320000.0,25164000.0,78.6375,877820425.0,58616342483.37
2026-02-12,seee,composite,78.7,,,78.7,,0.0,0.0,,500000.0,32370000.0,64.74,0.0,0.0,500000.0,32370000.0,64.74,878320425.0,58648712483.37
2026-02-13,seee,composite,78.7,78.7,78.7,78.7,,20000.0,1620000.0,81.0,0.0,0.0,,0.0,0.0,20000.0,1620000.0,81.0,878340425.0,58650332483.37
2026-02-24,seee,composite,81.0,81.0,81.0,81.0,,10000.0,810000.0,81.0,0.0,0.0,,0.0,0.0,10000.0,810000.0,81.0,878350425.0,58651142483.37
2026-02-25,seee,composite,81.0,,,81.0,,0.0,0.0,,400000.0,31100000.0,77.75,0.0,0.0,400000.0,31100000.0,77.75,878750425.0,58682242483.37
2026-02-26,seee,composite,81.0,81.0,81.0,81.0,,30000.0,2430000.0,81.0,400000.0,31440000.0,78.6,0.0,0.0,430000.0,33870000.0,78.7674,879180425.0,58716112483.37
2026-02-27,seee,composite,80.5,80.5,80.5,80.5,,7901.0,636030.5,80.5,100000.0,7870000.0,78.7,0.0,0.0,107901.0,8506030.5,78.8318,879288326.0,58724618513.87
2026-03-02,seee,composite,80.5,,,80.5,,0.0,0.0,,200000.0,16200000.0,81.0,0.0,0.0,200000.0,16200000.0,81.0,879488326.0,58740818513.87
2026-03-03,seee,composite,80.5,81.5,80.5,80.55,,10500.0,845750.0,80.5476,100000.0,8100000.0,81.0,0.0,0.0,110500.0,8945750.0,80.957,879598826.0,58749764263.87
2026-03-04,seee,composite,81.5,81.5,80.5,80.7,,50000.0,4035000.0,80.7,0.0,0.0,,0.0,0.0,50000.0,4035000.0,80.7,879648826.0,58753799263.87
2026-03-05,seee,composite,83.2,83.2,80.5,81.85,,100000.0,8185000.0,81.85,0.0,0.0,,0.0,0.0,100000.0,8185000.0,81.85,879748826.0,58761984263.87
2026-03-06,seee,composite,81.85,,,81.85,,0.0,0.0,,100000.0,8200000.0,82.0,0.0,0.0,100000.0,8200000.0,82.0,879848826.0,58770184263.87
2026-03-09,seee,composite,82.8,82.8,82.8,82.8,,1851.0,153262.8,82.8,0.0,0.0,,0.0,0.0,1851.0,153262.8,82.8,879850677.0,58770337526.67
2026-03-10,seee,composite,82.0,82.0,82.0,82.0,,10000.0,820000.0,82.0,414650.0,30529658.5,73.6275,0.0,0.0,424650.0,31349658.5,73.8247,880275327.0,58801687185.17
2026-03-11,seee,composite,79.0,79.0,79.0,79.0,,10000.0,790000.0,79.0,500000.0,39820000.0,79.64,0.0,0.0,510000.0,40610000.0,79.6275,880785327.0,58842297185.17
2026-03-12,seee,composite,82.0,82.5,82.0,82.45,,33000.0,2721000.0,82.4545,600000.0,47580000.0,79.3,0.0,0.0,633000.0,50301000.0,79.4645,881418327.0,58892598185.17
2026-03-13,seee,composite,82.5,82.5,80.5,81.83,,3000.0,245500.0,81.8333,600000.0,47630000.0,79.3833,0.0,0.0,603000.0,47875500.0,79.3955,882021327.0,58940473685.17
2026-03-16,seee,composite,81.0,82.0,81.0,81.95,,20000.0,1639000.0,81.95,400000.0,32090000.0,80.225,0.0,0.0,420000.0,33729000.0,80.3071,882441327.0,58974202685.17
2026-03-17,seee,composite,81.5,82.0,81.5,81.58,,61768.0,5039092.0,81.5809,0.0,0.0,,0.0,0.0,61768.0,5039092.0,81.5809,882503095.0,58979241777.17
2026-03-18,seee,composite,81.58,,,81.58,,0.0,0.0,,416187.0,33975427.5,81.635,0.0,0.0,416187.0,33975427.5,81.635,882919282.0,59013217204.67
2026-03-19,seee,composite,82.0,82.0,80.0,80.18,,471056.0,37769022.5,80.1795,0.0,0.0,,0.0,0.0,471056.0,37769022.5,80.1795,883390338.0,59050986227.17
2026-03-20,seee,composite,80.1,80.5,80.1,80.16,,204664.0,16406605.9,80.1636,0.0,0.0,,0.0,0.0,204664.0,16406605.9,80.1636,883595002.0,59067392833.07
2026-03-23,seee,composite,80.8,80.8,80.8,80.8,,20000.0,1616000.0,80.8,0.0,0.0,,0.0,0.0,20000.0,1616000.0,80.8,883615002.0,59069008833.07
2026-03-24,seee,composite,80.0,81.0,80.0,80.22,,140600.0,11278800.0,80.2191,0.0,0.0,,0.0,0.0,140600.0,11278800.0,80.2191,883755602.0,59080287633.07
2026-03-25,seee,composite,79.5,80.0,79.5,79.95,,100700.0,8051150.0,79.9518,0.0,0.0,,0.0,0.0,100700.0,8051150.0,79.9518,883856302.0,59088338783.07
2026-03-26,seee,composite,80.5,80.5,79.5,79.75,,179300.0,14299650.0,79.7526,275350.0,18638441.5,67.69,0.0,0.0,454650.0,32938091.5,72.4471,884310952.0,59121276874.57
2026-03-27,seee,composite,80.0,80.0,79.75,79.9,,17789.0,1421422.75,79.9046,100000.0,8100000.0,81.0,0.0,0.0,117789.0,9521422.75,80.8346,884428741.0,59130798297.32
2026-03-30,seee,composite,80.0,80.0,79.6,79.91,,56600.0,4522760.0,79.9074,280000.0,15680000.0,56.0,0.0,0.0,336600.0,20202760.0,60.0201,884765341.0,59151001057.32
2026-03-31,seee,composite,79.8,79.8,79.5,79.54,,27800.0,2211200.0,79.5396,0.0,0.0,,0.0,0.0,27800.0,2211200.0,79.5396,884793141.0,59153212257.32
2026-04-01,seee,composite,,,,79.54,,0.0,0.0,,0.0,0.0,,0.0,0.0,0.0,0.0,,884793141.0,59153212257.32
2026-04-02,seee,composite,79.54,,,79.54,,0.0,0.0,,100000.0,8100000.0,81.0,0.0,0.0,100000.0,8100000.0,81.0,884893141.0,59161312257.32
2026-04-03,seee,composite,80.0,80.0,79.5,79.87,,62978.0,5029942.2,79.8682,0.0,0.0,,0.0,0.0,62978.0,5029942.2,79.8682,884956119.0,59166342199.52
2026-04-07,seee,composite,,,,79.87,,0.0,0.0,,0.0,0.0,,0.0,0.0,0.0,0.0,,884956119.0,59166342199.52
2026-04-08,seee,composite,79.5,79.6,79.5,79.55,,41314.0,3286594.4,79.5516,0.0,0.0,,0.0,0.0,41314.0,3286594.4,79.5516,884997433.0,59169628793.92
2026-04-09,seee,composite,78.0,79.9,78.0,79.52,,61780.0,4912640.0,79.5183,600000.0,43650000.0,72.75,0.0,0.0,661780.0,48562640.0,73.3818,885659213.0,59218191433.92
2026-04-10,seee,composite,79.5,79.6,79.5,79.5,,56022.0,4453949.0,79.5036,500000.0,40340000.0,80.68,0.0,0.0,556022.0,44793949.0,80.5615,886215235.0,59262985382.92
2026-04-13,seee,composite,80.0,80.0,79.5,79.54,,34952.0,2780110.0,79.5408,0.0,0.0,,0.0,0.0,34952.0,2780110.0,79.5408,886250187.0,59265765492.92
2026-04-14,seee,composite,79.8,79.8,79.4,79.52,,32000.0,2544700.0,79.5219,100000.0,7960000.0,79.6,0.0,0.0,132000.0,10504700.0,79.5811,886382187.0,59276270192.92
2026-04-15,seee,composite,78.0,78.6,77.6,78.02,,57000.0,4447200.0,78.0211,450000.0,30420000.0,67.6,0.0,0.0,507000.0,34867200.0,68.7716,886889187.0,59311137392.92
2026-04-16,seee,composite,78.9,79.2,78.9,78.93,,55000.0,4341000.0,78.9273,550000.0,43410000.0,78.9273,0.0,0.0,605000.0,47751000.0,78.9273,887494187.0,59358888392.92
2026-04-17,seee,composite,79.5,79.6,79.5,79.56,,11548.0,918720.8,79.5567,200000.0,14650000.0,73.25,0.0,0.0,211548.0,15568720.8,73.5943,887705735.0,59374457113.72
2026-04-20,seee,composite,78.9,79.0,77.9,78.61,,278700.0,21908300.0,78.6089,1420000.0,107338000.0,75.5901,0.0,0.0,1698700.0,129246300.0,76.0854,889404435.0,59503703413.72
2026-04-21,seee,composite,78.0,78.0,75.0,76.14,,171000.0,13020500.0,76.1433,621862.0,46378772.36,74.5805,0.0,0.0,792862.0,59399272.36,74.9175,890197297.0,59563102686.08
2026-04-22,seee,composite,76.0,78.0,75.7,75.81,,182999.0,13873724.2,75.8131,800000.0,54819000.0,68.5238,0.0,0.0,982999.0,68692724.2,69.8808,891180296.0,59631795410.28
2026-04-23,seee,composite,79.5,79.5,75.5,76.22,,320801.0,24452158.5,76.2222,500000.0,31825000.0,63.65,0.0,0.0,820801.0,56277158.5,68.5637,892001097.0,59688072568.78
2026-04-24,seee,composite,77.5,78.0,77.5,77.59,,121700.0,9442600.0,77.5892,0.0,0.0,,0.0,0.0,121700.0,9442600.0,77.5892,892122797.0,59697515168.78
2026-04-27,seee,composite,79.3,79.5,78.5,79.0,,20001.0,1580019.5,78.997,282558.0,19419816.7,68.7286,0.0,0.0,302559.0,20999836.2,69.4074,892425356.0,59718515004.98
2026-04-28,seee,composite,78.0,79.2,78.0,78.3,,236912.0,18551136.0,78.3039,311142.0,24247518.9,77.9307,0.0,0.0,548054.0,42798654.9,78.092,892973410.0,59761313659.88
2026-04-29,seee,composite,78.5,80.0,78.5,78.89,,304735.0,24040063.2,78.8884,297442.0,21568034.0,72.5117,0.0,0.0,602177.0,45608097.2,75.7387,893575587.0,59806921757.08
2026-04-30,seee,composite,79.5,80.0,79.3,79.5,,132000.0,10494500.0,79.5038,100000.0,7700000.0,77.0,0.0,0.0,232000.0,18194500.0,78.4246,893807587.0,59825116257.08
2026-05-06,seee,composite,80.0,80.5,80.0,80.01,,57500.0,4600500.0,80.0087,0.0,0.0,,0.0,0.0,57500.0,4600500.0,80.0087,893865087.0,59829716757.08
2026-05-07,seee,composite,80.0,80.0,80.0,80.0,,36000.0,2880000.0,80.0,430000.0,33549000.0,78.0209,0.0,0.0,466000.0,36429000.0,78.1738,894331087.0,59866145757.08
2026-05-08,seee,composite,79.9,80.8,79.9,80.06,,81400.0,6517170.0,80.0635,600000.0,46380000.0,77.3,0.0,0.0,681400.0,52897170.0,77.6301,895012487.0,59919042927.08
2026-05-11,seee,composite,80.1,81.5,80.1,81.06,,239200.0,19390450.0,81.0638,300000.0,22430000.0,74.7667,0.0,0.0,539200.0,41820450.0,77.5602,895551687.0,59960863377.08
2026-05-12,seee,composite,81.5,82.5,81.5,82.1,,219167.0,17993344.0,82.0988,400000.0,32690000.0,81.725,0.0,0.0,619167.0,50683344.0,81.8573,896170854.0,60011546721.08
2026-05-13,seee,composite,73.89,83.5,73.89,82.56,,221189.0,18261237.0,82.5594,350000.0,29070000.0,83.0571,0.0,0.0,571189.0,47331237.0,82.8644,896742043.0,60058877958.08
2026-05-14,seee,composite,84.0,85.0,82.7,83.95,,142000.0,11920190.0,83.945,335715.0,25025957.7,74.5452,0.0,0.0,477715.0,36946147.7,77.3393,897219758.0,60095824105.78
2026-05-15,seee,composite,85.0,85.01,84.22,84.91,,405165.0,34401115.0,84.9064,400000.0,31168000.0,77.92,0.0,0.0,805165.0,65569115.0,81.4356,898024923.0,60161393220.78
2026-05-18,seee,composite,84.4,84.4,82.1,84.08,,56510.0,4751464.0,84.0818,100000.0,8350000.0,83.5,0.0,0.0,156510.0,13101464.0,83.7101,898181433.0,60174494684.78
2026-05-19,seee,composite,84.99,85.0,82.0,82.64,,220348.0,18209374.0,82.6392,550000.0,46115000.0,83.8455,0.0,0.0,770348.0,64324374.0,83.5004,898951781.0,60238819058.78
2026-05-20,seee,composite,82.1,82.1,81.6,81.7,,120000.0,9803500.0,81.6958,200000.0,16300000.0,81.5,0.0,0.0,320000.0,26103500.0,81.5734,899271781.0,60264922558.78
2026-05-21,seee,composite,81.0,81.15,80.15,80.43,,310104.0,24942779.2,80.4336,548800.0,42546350.0,77.5261,0.0,0.0,858904.0,67489129.2,78.5759,900130685.0,60332411687.98
2026-05-22,seee,composite,80.12,81.0,80.1,80.16,,160500.0,12865100.0,80.1564,700000.0,55880000.0,79.8286,1000.0,80430.0,861500.0,68825530.0,79.8903,900992185.0,60401237217.98
2026-05-25,seee,composite,80.1,80.5,80.0,80.09,,91100.0,7296056.0,80.0884,200000.0,16280000.0,81.4,0.0,0.0,291100.0,23576056.0,80.9895,901283285.0,60424813273.98
2026-05-26,seee,composite,79.5,80.2,79.5,80.01,,268840.0,21510780.4,80.0133,450000.0,35850000.0,79.6667,0.0,0.0,718840.0,57360780.4,79.7963,902002125.0,60482174054.38
2026-05-27,seee,composite,80.0,80.2,80.0,80.06,,357798.0,28646992.78,80.0647,300000.0,24005000.0,80.0167,0.0,0.0,657798.0,52651992.78,80.0428,902659923.0,60534826047.16
2026-05-28,seee,composite,79.5,81.0,79.5,80.3,,364524.0,29270984.0,80.2992,950000.0,72714000.0,76.5411,0.0,0.0,1314524.0,101984984.0,77.5832,903974447.0,60636811031.16
2026-05-29,seee,composite,80.3,83.0,80.3,80.77,,411988.0,33274691.35,80.7662,529196.0,41169876.0,77.797,0.0,0.0,941184.0,74444567.35,79.0967,904915631.0,60711255598.51
2026-06-01,seee,composite,82.5,82.5,81.1,82.01,,195250.0,16012925.0,82.0124,500000.0,33116000.0,66.232,0.0,0.0,695250.0,49128925.0,70.6637,905610881.0,60760384523.51
2026-06-02,seee,composite,81.5,82.1,81.5,81.84,,195290.0,15982180.0,81.8382,500000.0,40520000.0,81.04,0.0,0.0,695290.0,56502180.0,81.2642,906306171.0,60816886703.51
2026-06-03,seee,composite,82.0,82.0,81.51,81.97,,107290.0,8794800.0,81.9722,210000.0,16136400.0,76.84,0.0,0.0,317290.0,24931200.0,78.5754,906623461.0,60841817903.51
2026-06-04,seee,composite,82.1,82.1,82.0,82.03,,118962.0,9758333.0,82.029,300000.0,24545000.0,81.8167,0.0,0.0,418962.0,34303333.0,81.877,907042423.0,60876121236.51
2026-06-05,seee,composite,85.5,85.5,82.01,82.87,,96000.0,7955300.0,82.8677,200000.0,16500000.0,82.5,0.0,0.0,296000.0,24455300.0,82.6193,907338423.0,60900576536.51
2026-06-08,seee,composite,82.2,82.3,82.2,82.25,,75512.0,6211037.6,82.2523,300000.0,24448000.0,81.4933,0.0,0.0,375512.0,30659037.6,81.646,907713935.0,60931235574.11
2026-06-09,seee,composite,82.5,82.5,82.0,82.3,,135681.0,11166777.5,82.3017,0.0,0.0,,0.0,0.0,135681.0,11166777.5,82.3017,907849616.0,60942402351.61
2026-06-10,seee,composite,81.6,81.95,81.0,81.64,,241000.0,19675650.0,81.6417,620000.0,50499200.0,81.4503,0.0,0.0,861000.0,70174850.0,81.5039,908710616.0,61012577201.61
2026-06-11,seee,composite,81.0,81.8,80.5,81.23,,100917.0,8197152.1,81.2267,300000.0,24260000.0,80.8667,0.0,0.0,400917.0,32457152.1,80.9573,909111533.0,61045034353.71
2026-06-12,seee,composite,81.0,81.9,81.0,81.42,,238000.0,19378450.0,81.4221,200000.0,16250000.0,81.25,0.0,0.0,438000.0,35628450.0,81.3435,909549533.0,61080662803.71
2026-06-15,seee,composite,81.0,81.6,81.0,81.45,,197024.0,16047518.4,81.4496,200000.0,16150000.0,80.75,0.0,0.0,397024.0,32197518.4,81.0972,909946557.0,61112860322.11
2026-06-16,seee,composite,82.5,82.5,81.5,81.81,,420650.0,34414665.0,81.8131,400000.0,32600000.0,81.5,0.0,0.0,820650.0,67014665.0,81.6605,910767207.0,61179874987.11
2026-06-17,seee,composite,82.5,82.5,82.0,82.04,,219430.0,18001853.0,82.0392,400000.0,32545000.0,81.3625,0.0,0.0,619430.0,50546853.0,81.6022,911386637.0,61230421840.11
2026-06-18,seee,composite,82.5,82.5,82.2,82.34,,350200.0,28834100.0,82.3361,200000.0,16393000.0,81.965,0.0,0.0,550200.0,45227100.0,82.2012,911936837.0,61275648940.11
2026-06-22,seee,composite,81.8,82.26,81.8,82.05,,293000.0,24041300.0,82.0522,350000.0,28745000.0,82.1286,0.0,0.0,643000.0,52786300.0,82.0938,912579837.0,61328435240.11
2026-06-23,seee,composite,82.0,83.2,82.0,82.41,,505500.0,41658534.8,82.4106,420000.0,31807800.0,75.7329,0.0,0.0,925500.0,73466334.8,79.3802,913505337.0,61401901574.91
2026-06-24,seee,composite,82.5,83.0,82.5,82.68,,367858.0,30414000.74,82.6786,394000.0,31688000.0,80.4264,0.0,0.0,761858.0,62102000.74,81.5139,914267195.0,61464003575.65
2026-06-25,seee,composite,83.45,83.45,83.0,83.12,,283067.0,23528571.0,83.1201,1140000.0,94195000.0,82.6272,0.0,0.0,1423067.0,117723571.0,82.7252,915690262.0,61581727146.65
2026-06-26,seee,composite,83.0,85.0,83.0,83.11,,533900.0,44372130.0,83.1094,950000.0,76222000.0,80.2337,0.0,0.0,1483900.0,120594130.0,81.2684,917174162.0,61702321276.65
2026-06-29,seee,composite,83.0,83.3,83.0,83.14,,81431.0,6769872.2,83.1363,400000.0,28500000.0,71.25,0.0,0.0,481431.0,35269872.2,73.2605,917655593.0,61737591148.85
2026-06-30,seee,composite,83.15,83.6,83.0,83.34,,169500.0,14126800.0,83.344,0.0,0.0,,0.0,0.0,169500.0,14126800.0,83.344,917825093.0,61751717948.85
2026-07-01,seee,composite,83.55,84.2,83.55,83.9,,56500.0,4740575.0,83.904,150000.0,12201000.0,81.34,0.0,0.0,206500.0,16941575.0,82.0415,918031593.0,61768659523.85
2026-07-02,seee,composite,84.01,85.0,84.01,84.82,,145900.0,12375754.0,84.8235,500000.0,39920000.0,79.84,0.0,0.0,645900.0,52295754.0,80.9657,918677493.0,61820955277.85
2026-07-03,seee,composite,85.3,86.0,85.3,85.72,,95700.0,8203630.0,85.7224,679957.0,45514445.8,66.9372,0.0,0.0,775657.0,53718075.8,69.2549,919453150.0,61874673353.65
2026-07-06,seee,composite,85.9,86.5,85.9,86.22,,155119.0,13374026.7,86.2179,300000.0,25578000.0,85.26,0.0,0.0,455119.0,38952026.7,85.5865,919908269.0,61913625380.35
2026-07-07,seee,composite,86.48,86.5,86.2,86.36,,106159.0,9168358.19,86.3644,620000.0,53286000.0,85.9452,0.0,0.0,726159.0,62454358.19,86.0065,920634428.0,61976079738.54
2026-07-08,seee,composite,86.36,86.5,86.0,86.24,,399415.0,34445582.78,86.2401,680000.0,58434600.0,85.9332,0.0,0.0,1079415.0,92880182.78,86.0468,921713843.0,62068959921.32
2026-07-09,seee,composite,86.24,86.25,86.1,86.21,,283700.0,24457500.0,86.209,600000.0,49538000.0,82.5633,0.0,0.0,883700.0,73995500.0,83.7337,922597543.0,62142955421.32
2026-07-10,seee,composite,86.5,87.25,86.5,86.95,,292176.0,25405638.0,86.9532,309000.0,26634800.0,86.1968,0.0,0.0,601176.0,52040438.0,86.5644,923198719.0,62194995859.32
2026-07-13,seee,composite,87.0,87.8,87.0,87.42,,142100.0,12422205.0,87.4188,100000.0,8780000.0,87.8,0.0,0.0,242100.0,21202205.0,87.5762,923440819.0,62216198064.32
2026-07-14,seee,composite,87.6,88.5,87.6,87.89,,266310.0,23407100.0,87.8942,550510.0,47954048.5,87.1084,0.0,0.0,816820.0,71361148.5,87.3646,924257639.0,62287559212.82
2026-07-15,seee,composite,89.0,90.2,88.0,89.81,,433319.0,38917993.0,89.8137,300000.0,27020000.0,90.0667,0.0,0.0,733319.0,65937993.0,89.9172,924990958.0,62353497205.82
2026-07-16,seee,composite,90.0,90.4,89.81,90.13,,304972.0,27486291.0,90.1273,1040000.0,93549600.0,89.9515,0.0,0.0,1344972.0,121035891.0,89.9914,926335930.0,62474533096.82
2026-07-17,seee,composite,90.1,90.11,90.0,90.02,,447645.0,40295250.79,90.0161,400000.0,33700000.0,84.25,0.0,0.0,847645.0,73995250.79,87.2951,927183575.0,62548528347.61
2026-07-20,seee,composite,90.2,90.3,90.05,90.15,,69272.0,6244559.4,90.1455,200000.0,18005000.0,90.025,0.0,0.0,269272.0,24249559.4,90.056,927452847.0,62572777907.01
2026-07-21,seee,composite,90.8,90.8,90.2,90.54,,144195.0,13055846.5,90.543,100000.0,9025000.0,90.25,0.0,0.0,244195.0,22080846.5,90.423,927697042.0,62594858753.51
2026-07-22,seee,composite,90.4,91.5,90.4,91.03,,211404.0,19243174.0,91.0256,615021.0,55282616.0,89.8874,0.0,0.0,826425.0,74525790.0,90.1785,928523467.0,62669384543.51
2026-07-23,seee,composite,92.0,92.8,92.0,92.54,,234697.0,21719281.5,92.5418,300000.0,27870000.0,92.9,0.0,0.0,534697.0,49589281.5,92.7428,929058164.0,62718973825.01
2026-07-24,seee,composite,93.5,93.8,93.0,93.58,,133560.0,12497888.5,93.5751,200000.0,18760000.0,93.8,0.0,0.0,333560.0,31257888.5,93.7099,929391724.0,62750231713.51
2026-07-27,seee,composite,93.7,93.9,93.6,93.77,,137360.0,12880006.0,93.7682,300000.0,28340000.0,94.4667,0.0,0.0,437360.0,41220006.0,94.2473,929829084.0,62791451719.51
2026-07-28,seee,composite,93.5,97.0,93.5,94.67,,384499.0,36402392.25,94.6749,1260251.0,111152512.52,88.1987,0.0,0.0,1644750.0,147554904.77,89.7127,931473834.0,62939006624.28
2026-07-29,seee,composite,95.5,95.98,95.5,95.65,,487846.0,46663197.9,95.6515,827513.0,76756222.0,92.7553,0.0,0.0,1315359.0,123419419.9,93.8295,932789193.0,63062426044.18
2026-07-30,seee,composite,96.0,97.0,95.9,96.61,,544313.0,52585579.0,96.6091,500000.0,47575000.0,95.15,0.0,0.0,1044313.0,100160579.0,95.9105,933833506.0,63162586623.18
2026-07-31,seee,composite,97.5,99.5,97.5,98.59,,365987.0,36083143.4,98.5913,885819.0,73687330.0,83.1855,0.0,0.0,1251806.0,109770473.4,87.6897,935085312.0,63272357096.58
2026-08-03,seee,composite,99.5,100.0,99.3,99.69,,270001.0,26917529.5,99.6942,1000000.0,92971000.0,92.971,0.0,0.0,1270001.0,119888529.5,94.4003,936355313.0,63392245626.08
2026-08-04,seee,composite,99.3,99.95,97.5,98.56,,916241.0,90301473.12,98.5565,926736.0,88686511.12,95.6977,0.0,0.0,1842977.0,178987984.24,97.1189,938198290.0,63571233610.32
2026-08-05,seee,composite,97.0,98.4,96.5,97.56,,393255.0,38365189.0,97.558,300000.0,29070000.0,96.9,0.0,0.0,693255.0,67435189.0,97.2733,938891545.0,63638668799.32
2026-08-06,seee,composite,96.5,98.3,96.5,97.44,,307506.0,29964435.5,97.4434,540000.0,51768000.0,95.8667,0.0,0.0,847506.0,81732435.5,96.4388,939739051.0,63720401234.82
2026-08-07,seee,composite,99.4,99.4,98.0,98.54,,51057.0,5031197.3,98.5408,925000.0,87863900.0,94.988,0.0,0.0,976057.0,92895097.3,95.1738,940715108.0,63813296332.12
2026-08-10,seee,composite,99.0,99.0,98.1,98.52,,210234.0,20711760.8,98.5177,200000.0,19500000.0,97.5,0.0,0.0,410234.0,40211760.8,98.0215,941125342.0,63853508092.92
2026-08-11,seee,composite,98.3,98.5,98.3,98.32,,244814.0,24069216.2,98.3163,100000.0,9810000.0,98.1,0.0,0.0,344814.0,33879216.2,98.2536,941470156.0,63887387309.12
2026-08-12,seee,composite,98.3,98.4,98.3,98.31,,122350.0,12027903.75,98.3073,300000.0,28794000.0,95.98,0.0,0.0,422350.0,40821903.75,96.6542,941892506.0,63928209212.87
2026-08-13,seee,composite,98.25,98.25,98.1,98.15,,146240.0,14353800.3,98.1524,300000.0,29340000.0,97.8,0.0,0.0,446240.0,43693800.3,97.9155,942338746.0,63971903013.17
2026-08-14,seee,composite,98.8,98.8,98.0,98.21,,224197.0,22017438.0,98.2058,500000.0,46945000.0,93.89,0.0,0.0,724197.0,68962438.0,95.2261,943062943.0,64040865451.17
