trade_date,vintage,open,high,low,close,chg_pct,total_vol_t,total_amt_cny,listed_vol_t,listed_amt_cny,block_vol_t,block_amt_cny,auction_vol_t,auction_amt_cny,source_month
2023-01-03,CEA,55.0,55.0,55.0,55.0,0.0,100.0,5500.0,100.0,5500.0,0.0,0.0,,,2023-01
2023-01-04,CEA,55.0,55.0,55.0,55.0,0.0,100.0,5500.0,100.0,5500.0,0.0,0.0,,,2023-01
2023-01-05,CEA,55.0,55.0,55.0,55.0,0.0,4291.0,236005.0,4291.0,236005.0,0.0,0.0,,,2023-01
2023-01-06,CEA,56.0,56.0,56.0,56.0,1.82,1000.0,56000.0,1000.0,56000.0,0.0,0.0,,,2023-01
2023-01-09,CEA,56.0,56.0,56.0,56.0,0.0,100.0,5600.0,100.0,5600.0,0.0,0.0,,,2023-01
2023-01-10,CEA,56.0,56.0,56.0,56.0,0.0,100.0,5600.0,100.0,5600.0,0.0,0.0,,,2023-01
2023-01-11,CEA,55.73,55.73,55.73,55.73,0.48,100.0,5573.0,100.0,5573.0,0.0,0.0,,,2023-01
2023-01-12,CEA,55.5,55.5,55.5,55.5,0.41,100.0,5550.0,100.0,5550.0,0.0,0.0,,,2023-01
2023-01-13,CEA,55.5,55.5,55.5,55.5,0.0,100.0,5550.0,100.0,5550.0,0.0,0.0,,,2023-01
2023-01-16,CEA,55.73,55.73,55.73,55.73,0.41,150000.0,8359500.0,150000.0,8359500.0,0.0,0.0,,,2023-01
2023-01-17,CEA,55.73,55.73,55.73,55.73,0.0,99999.0,5572944.27,99999.0,5572944.27,0.0,0.0,,,2023-01
2023-01-18,CEA,56.0,56.0,56.0,56.0,0.48,100.0,5600.0,100.0,5600.0,0.0,0.0,,,2023-01
2023-01-19,CEA,56.0,56.0,56.0,56.0,0.0,100.0,5600.0,100.0,5600.0,0.0,0.0,,,2023-01
2023-01-20,CEA,56.0,56.0,56.0,56.0,0.0,10.0,560.0,10.0,560.0,0.0,0.0,,,2023-01
2023-01-30,CEA,56.0,56.0,56.0,56.0,0.0,600.0,33600.0,600.0,33600.0,0.0,0.0,,,2023-01
2023-01-31,CEA,56.0,56.0,56.0,56.0,0.0,600.0,33600.0,600.0,33600.0,0.0,0.0,,,2023-01
2023-02-01,CEA,56.0,56.0,56.0,56.0,0.0,100.0,5600.0,100.0,5600.0,0.0,0.0,,,2023-02
2023-02-02,CEA,56.0,56.0,56.0,56.0,0.0,300.0,16800.0,300.0,16800.0,0.0,0.0,,,2023-02
2023-02-03,CEA,56.0,56.0,56.0,56.0,0.0,110.0,6160.0,110.0,6160.0,0.0,0.0,,,2023-02
2023-02-06,CEA,56.0,56.0,56.0,56.0,0.0,600.0,33600.0,600.0,33600.0,0.0,0.0,,,2023-02
2023-02-07,CEA,56.0,56.0,56.0,56.0,0.0,8500.0,476000.0,8500.0,476000.0,0.0,0.0,,,2023-02
2023-02-08,CEA,56.0,56.0,56.0,56.0,0.0,100.0,5600.0,100.0,5600.0,0.0,0.0,,,2023-02
2023-02-09,CEA,56.0,56.0,56.0,56.0,0.0,100100.0,5555600.0,100.0,5600.0,100000.0,5550000.0,,,2023-02
2023-02-10,CEA,56.0,56.0,56.0,56.0,0.0,10.0,560.0,10.0,560.0,0.0,0.0,,,2023-02
2023-02-13,CEA,56.0,56.0,56.0,56.0,0.0,500.0,28000.0,500.0,28000.0,0.0,0.0,,,2023-02
2023-02-14,CEA,56.0,56.0,56.0,56.0,0.0,200500.0,11528000.0,500.0,28000.0,200000.0,11500000.0,,,2023-02
2023-02-15,CEA,56.0,57.5,56.0,56.04,0.07,320510.0,18399310.0,20510.0,1149310.0,300000.0,17250000.0,,,2023-02
2023-02-16,CEA,56.3,56.3,56.2,56.3,0.46,10466.0,589185.8,10466.0,589185.8,0.0,0.0,,,2023-02
2023-02-17,CEA,56.3,56.3,56.3,56.3,0.0,200000.0,11260000.0,200000.0,11260000.0,0.0,0.0,,,2023-02
2023-02-20,CEA,56.2,56.2,56.2,56.2,0.18,500.0,28100.0,500.0,28100.0,0.0,0.0,,,2023-02
2023-02-21,CEA,57.0,57.0,57.0,57.0,1.42,500.0,28500.0,500.0,28500.0,0.0,0.0,,,2023-02
2023-02-22,CEA,57.0,57.0,57.0,57.0,0.0,500.0,28500.0,500.0,28500.0,0.0,0.0,,,2023-02
2023-02-23,CEA,56.5,56.5,56.5,56.5,0.88,500.0,28500.0,500.0,28250.0,0.0,0.0,,,2023-02
2023-02-24,CEA,56.5,56.5,56.5,56.5,0.0,1000010.0,55000565.0,10.0,565.0,1000000.0,55000000.0,,,2023-02
2023-02-27,CEA,55.0,55.0,55.0,55.0,2.65,10000.0,550000.0,10000.0,550000.0,0.0,0.0,,,2023-02
2023-02-28,CEA,55.0,55.0,55.0,55.0,0.0,500.0,27500.0,500.0,27500.0,0.0,0.0,,,2023-02
2023-03-01,CEA,55.0,56.5,55.5,55.5,0.91,1500.0,83250.0,1500.0,83250.0,0.0,0.0,,,2023-03
2023-03-02,CEA,55.0,55.0,55.0,55.0,0.9,1000.0,55000.0,1000.0,55000.0,0.0,0.0,,,2023-03
2023-03-03,CEA,56.0,56.0,56.0,56.0,1.82,300010.0,17010560.0,10.0,560.0,300000.0,17010000.0,,,2023-03
2023-03-06,CEA,55.0,56.0,55.0,55.5,0.89,1010.0,56060.0,1010.0,56060.0,0.0,0.0,,,2023-03
2023-03-07,CEA,56.0,56.0,56.0,56.0,0.9,200500.0,11368000.0,500.0,28000.0,200000.0,11340000.0,,,2023-03
2023-03-08,CEA,56.0,56.0,56.0,56.0,0.0,500.0,28000.0,500.0,28000.0,0.0,0.0,,,2023-03
2023-03-09,CEA,56.0,56.0,56.0,56.0,0.0,1000.0,56000.0,1000.0,56000.0,0.0,0.0,,,2023-03
2023-03-10,CEA,56.0,56.0,56.0,56.0,0.0,10.0,560.0,10.0,560.0,0.0,0.0,,,2023-03
2023-03-13,CEA,56.0,56.0,56.0,56.0,0.0,510.0,28560.0,510.0,28560.0,0.0,0.0,,,2023-03
2023-03-14,CEA,56.0,56.5,56.0,56.0,0.0,1010.0,56565.0,1010.0,56565.0,0.0,0.0,,,2023-03
2023-03-15,CEA,56.0,56.0,56.0,56.0,0.0,1000.0,56000.0,1000.0,56000.0,0.0,0.0,,,2023-03
2023-03-16,CEA,56.0,56.0,56.0,56.0,0.0,500.0,28000.0,500.0,28000.0,0.0,0.0,,,2023-03
2023-03-17,CEA,57.5,57.5,55.0,56.75,1.34,1001.0,56805.0,1001.0,56805.0,0.0,0.0,,,2023-03
2023-03-20,CEA,57.0,57.0,57.0,57.0,0.44,175.0,9975.0,175.0,9975.0,0.0,0.0,,,2023-03
2023-03-21,CEA,56.0,56.0,56.0,56.0,1.75,1000.0,56000.0,1000.0,56000.0,0.0,0.0,,,2023-03
2023-03-22,CEA,56.0,56.0,56.0,56.0,0.0,100.0,5600.0,100.0,5600.0,0.0,0.0,,,2023-03
2023-03-23,CEA,56.0,56.0,56.0,56.0,0.0,100.0,5600.0,100.0,5600.0,0.0,0.0,,,2023-03
2023-03-24,CEA,56.0,56.0,56.0,56.0,0.0,10.0,560.0,10.0,560.0,0.0,0.0,,,2023-03
2023-03-27,CEA,56.0,56.0,56.0,56.0,0.0,8900.0,498400.0,8900.0,498400.0,0.0,0.0,,,2023-03
2023-03-28,CEA,56.0,56.0,56.0,56.0,0.0,476100.0,24563840.0,100.0,5600.0,476000.0,24558240.0,,,2023-03
2023-03-29,CEA,56.0,56.0,56.0,56.0,0.0,100.0,5600.0,100.0,5600.0,0.0,0.0,,,2023-03
2023-03-30,CEA,56.7,56.7,56.0,56.7,1.25,308830.0,14772654.0,8830.0,500654.0,300000.0,14272000.0,,,2023-03
2023-03-31,CEA,56.0,56.0,56.0,56.0,0.0,2737.0,153272.0,2737.0,153272.0,0.0,0.0,,,2023-03
2023-04-03,CEA,56.0,56.0,56.0,56.0,0.0,400100.0,22445600.0,100.0,5600.0,400000.0,22440000.0,,,2023-04
2023-04-04,CEA,56.0,56.0,56.0,56.0,0.0,100.0,5600.0,100.0,5600.0,0.0,0.0,,,2023-04
2023-04-06,CEA,56.0,56.0,50.5,50.52,9.79,10037.0,507072.0,10037.0,507072.0,0.0,0.0,,,2023-04
2023-04-07,CEA,55.4,55.4,55.4,55.4,9.66,10.0,554.0,10.0,554.0,0.0,0.0,,,2023-04
2023-04-10,CEA,56.0,56.0,56.0,56.0,1.08,29990.0,1679440.0,29990.0,1679440.0,0.0,0.0,,,2023-04
2023-04-11,CEA,56.0,56.0,56.0,56.0,0.0,56.0,560.0,56.0,560.0,0.0,0.0,,,2023-04
2023-04-12,CEA,56.0,56.0,56.0,56.0,0.0,100.0,5600.0,100.0,5600.0,0.0,0.0,,,2023-04
2023-04-13,CEA,56.0,56.0,56.0,56.0,0.0,100.0,5600.0,100.0,5600.0,0.0,0.0,,,2023-04
2023-04-14,CEA,56.0,56.0,56.0,56.0,0.0,100.0,5600.0,100.0,5600.0,0.0,0.0,,,2023-04
2023-04-17,CEA,56.0,56.0,56.0,56.0,0.0,100.0,5600.0,100.0,5600.0,0.0,0.0,,,2023-04
2023-04-18,CEA,56.0,56.0,56.0,56.0,0.0,10.0,560.0,10.0,560.0,0.0,0.0,,,2023-04
2023-04-19,CEA,56.0,56.0,56.0,56.0,0.0,100.0,5600.0,100.0,5600.0,0.0,0.0,,,2023-04
2023-04-20,CEA,56.0,56.0,53.0,53.4,4.64,300750.0,12928050.0,750.0,40050.0,300000.0,12888000.0,,,2023-04
2023-04-21,CEA,53.4,53.4,53.4,53.4,0.0,300010.0,17250534.0,10.0,534.0,300000.0,17250000.0,,,2023-04
2023-04-24,CEA,53.4,53.4,53.4,53.4,0.0,10.0,534.0,10.0,534.0,0.0,0.0,,,2023-04
2023-04-25,CEA,53.4,53.4,53.4,53.4,0.0,500.0,26700.0,500.0,26700.0,0.0,0.0,,,2023-04
2023-04-26,CEA,56.0,56.0,53.4,54.92,2.85,10510.0,577260.0,10510.0,577260.0,0.0,0.0,,,2023-04
2023-04-27,CEA,55.0,55.0,55.0,55.0,0.15,110.0,6050.0,110.0,6050.0,0.0,0.0,,,2023-04
2023-04-28,CEA,55.0,55.0,55.0,55.0,0.0,10.0,550.0,10.0,550.0,0.0,0.0,,,2023-04
2023-05-04,CEA,55.5,55.5,55.5,55.5,0.91,10.0,555.0,10.0,555.0,0.0,0.0,,,2023-05
2023-05-05,CEA,55.5,55.5,55.5,55.5,0.0,11.0,610.5,11.0,610.5,0.0,0.0,,,2023-05
2023-05-08,CEA,56.0,56.0,56.0,56.0,0.9,115000.0,6590000.0,15000.0,840000.0,100000.0,5750000.0,,,2023-05
2023-05-09,CEA,56.0,56.5,56.0,56.0,0.0,142317.0,7849752.5,42317.0,2369752.5,100000.0,5480000.0,,,2023-05
2023-05-10,CEA,56.0,56.0,56.0,56.0,0.0,100.0,5600.0,100.0,5600.0,0.0,0.0,,,2023-05
2023-05-11,CEA,56.0,56.0,56.0,56.0,0.0,100.0,5600.0,100.0,5600.0,0.0,0.0,,,2023-05
2023-05-12,CEA,56.0,56.0,56.0,56.0,0.0,10.0,560.0,10.0,560.0,0.0,0.0,,,2023-05
2023-05-15,CEA,56.0,56.0,56.0,56.0,0.0,100100.0,5715600.0,100.0,5600.0,100000.0,5710000.0,,,2023-05
2023-05-16,CEA,56.5,56.5,56.5,56.5,0.89,100.0,5650.0,100.0,5650.0,0.0,0.0,,,2023-05
2023-05-17,CEA,56.0,56.5,56.0,56.25,0.44,362700.0,20428750.0,200.0,11250.0,362500.0,20417500.0,,,2023-05
2023-05-18,CEA,56.5,58.0,56.5,57.93,2.99,362710.0,20429665.0,210.0,12165.0,362500.0,20417500.0,,,2023-05
2023-05-19,CEA,57.0,57.0,57.0,57.0,1.61,10.0,570.0,10.0,570.0,0.0,0.0,,,2023-05
2023-05-22,CEA,56.0,60.0,56.0,57.21,0.37,71792.0,4106868.0,71792.0,4106868.0,0.0,0.0,,,2023-05
2023-05-23,CEA,56.5,57.0,56.0,56.0,2.12,49813.0,2789633.0,49813.0,2789633.0,0.0,0.0,,,2023-05
2023-05-24,CEA,57.0,57.0,57.0,57.0,1.79,3410.0,194370.0,3410.0,194370.0,0.0,0.0,,,2023-05
2023-05-25,CEA,57.0,57.0,57.0,57.0,0.0,10.0,570.0,10.0,570.0,0.0,0.0,,,2023-05
2023-05-26,CEA,57.0,57.0,57.0,57.0,0.0,10.0,570.0,10.0,570.0,0.0,0.0,,,2023-05
2023-05-29,CEA,57.0,57.0,57.0,57.0,0.0,1000.0,57000.0,1000.0,57000.0,0.0,0.0,,,2023-05
2023-05-30,CEA,57.0,57.0,57.0,57.0,0.0,5524.0,314868.0,5524.0,314868.0,0.0,0.0,,,2023-05
2023-05-31,CEA,58.01,59.0,58.01,58.5,2.63,17107.0,1000740.01,17107.0,1000740.01,0.0,0.0,,,2023-05
2023-06-01,CEA,57.5,58.0,57.5,57.51,1.69,510.0,29330.0,510.0,29330.0,0.0,0.0,,,2023-06
2023-06-02,CEA,58.5,58.5,58.5,58.5,1.72,101000.0,4354500.0,1000.0,58500.0,100000.0,4296000.0,,,2023-06
2023-06-05,CEA,58.5,58.5,58.5,58.5,0.0,1000.0,58500.0,1000.0,58500.0,0.0,0.0,,,2023-06
2023-06-06,CEA,58.5,58.5,58.5,58.5,0.0,1000.0,58500.0,1000.0,58500.0,0.0,0.0,,,2023-06
2023-06-07,CEA,58.5,58.5,58.5,58.5,0.0,1000.0,58500.0,1000.0,58500.0,0.0,0.0,,,2023-06
2023-06-08,CEA,58.6,58.6,58.6,58.6,0.17,560.0,32816.0,560.0,32816.0,0.0,0.0,,,2023-06
2023-06-09,CEA,58.5,58.5,58.5,58.5,0.17,101000.0,4354500.0,1000.0,58500.0,100000.0,4296000.0,,,2023-06
2023-06-12,CEA,57.0,57.0,57.0,57.0,2.56,291000.0,16587000.0,291000.0,16587000.0,0.0,0.0,,,2023-06
2023-06-13,CEA,57.0,57.0,57.0,57.0,0.0,1000.0,57000.0,1000.0,57000.0,0.0,0.0,,,2023-06
2023-06-14,CEA,57.0,57.0,57.0,57.0,0.0,1000.0,57000.0,1000.0,57000.0,0.0,0.0,,,2023-06
2023-06-15,CEA,57.0,57.0,57.0,57.0,0.0,1000.0,57000.0,1000.0,57000.0,0.0,0.0,,,2023-06
2023-06-16,CEA,57.8,57.8,57.8,57.8,1.4,177700.0,10271060.0,177700.0,10271060.0,0.0,0.0,,,2023-06
2023-06-19,CEA,57.8,57.8,57.8,57.8,0.0,323300.0,18686740.0,323300.0,18686740.0,0.0,0.0,,,2023-06
2023-06-20,CEA,57.5,57.8,57.5,57.53,0.47,401000.0,23070100.0,401000.0,23070100.0,0.0,0.0,,,2023-06
2023-06-21,CEA,57.0,59.0,57.0,57.0,0.92,401001.0,17241059.0,1001.0,57059.0,400000.0,17184000.0,,,2023-06
2023-06-26,CEA,57.4,57.4,57.4,57.4,0.7,1000.0,57400.0,1000.0,57400.0,0.0,0.0,,,2023-06
2023-06-27,CEA,57.5,57.5,57.4,57.4,0.0,1001.0,57457.5,1001.0,57457.5,0.0,0.0,,,2023-06
2023-06-28,CEA,57.5,57.5,57.5,57.5,0.17,1000.0,57500.0,1000.0,57500.0,0.0,0.0,,,2023-06
2023-06-29,CEA,58.0,58.0,57.5,57.98,0.83,220140.0,12797620.0,20140.0,1167620.0,200000.0,11630000.0,,,2023-06
2023-06-30,CEA,60.0,60.0,60.0,60.0,3.48,276249.0,16574940.0,501.0,30060.0,275748.0,16544880.0,,,2023-06
2023-07-03,CEA,60.0,60.0,60.0,60.0,0.0,500.0,30000.0,500.0,30000.0,0.0,0.0,,,2023-07
2023-07-04,CEA,60.0,60.0,60.0,60.0,0.0,201000.0,10992000.0,1000.0,60000.0,200000.0,10932000.0,,,2023-07
2023-07-05,CEA,60.0,60.0,60.0,60.0,0.0,651000.0,27984000.0,1000.0,60000.0,650000.0,27924000.0,,,2023-07
2023-07-06,CEA,59.0,60.0,58.0,59.0,1.67,401020.0,23659200.0,401020.0,23659200.0,0.0,0.0,,,2023-07
2023-07-07,CEA,57.0,60.0,57.0,58.17,1.41,275201.0,15330366.66,82000.0,4770000.0,193201.0,10560366.66,,,2023-07
2023-07-10,CEA,59.0,59.0,59.0,59.0,1.43,151000.0,8984000.0,1000.0,59000.0,150000.0,8925000.0,,,2023-07
2023-07-11,CEA,60.0,60.0,60.0,60.0,1.69,1020.0,61200.0,1020.0,61200.0,0.0,0.0,,,2023-07
2023-07-12,CEA,59.0,60.0,59.0,59.75,0.42,111923.0,5712380.0,11923.0,712380.0,100000.0,5000000.0,,,2023-07
2023-07-13,CEA,60.0,60.0,60.0,60.0,0.42,60000.0,3600000.0,60000.0,3600000.0,0.0,0.0,,,2023-07
2023-07-14,CEA,60.0,60.0,60.0,60.0,0.0,370078.0,22204680.0,120078.0,7204680.0,250000.0,15000000.0,,,2023-07
2023-07-17,CEA,60.0,60.0,60.0,60.0,0.0,111000.0,6660000.0,111000.0,6660000.0,0.0,0.0,,,2023-07
2023-07-18,CEA,65.0,65.0,61.0,61.02,1.7,503.0,30695.0,503.0,30695.0,0.0,0.0,,,2023-07
2023-07-19,CEA,61.0,61.0,61.0,61.0,0.03,500.0,30500.0,500.0,30500.0,0.0,0.0,,,2023-07
2023-07-20,CEA,61.0,61.0,61.0,61.0,0.0,500.0,30500.0,500.0,30500.0,0.0,0.0,,,2023-07
2023-07-21,CEA,64.0,64.0,61.0,63.43,3.98,321216.0,18620018.0,2700.0,171250.0,318516.0,18448768.0,,,2023-07
2023-07-24,CEA,64.0,64.0,64.0,64.0,0.9,100500.0,5632000.0,500.0,32000.0,100000.0,5600000.0,,,2023-07
2023-07-25,CEA,64.0,64.0,64.0,64.0,0.0,500.0,32000.0,500.0,32000.0,0.0,0.0,,,2023-07
2023-07-26,CEA,58.23,64.0,58.23,61.12,4.5,202000.0,12822230.0,2000.0,122230.0,200000.0,12700000.0,,,2023-07
2023-07-27,CEA,64.0,64.0,64.0,64.0,4.71,5000.0,320000.0,5000.0,320000.0,0.0,0.0,,,2023-07
2023-07-27,CEA19-20,76.0,76.5,75.5,75.82,0.56,200862.0,15191262.0,80862.0,6131262.0,120000.0,9060000.0,,,2023-09
2023-07-27,CEA21,75.8,76.69,75.8,76.18,0.13,369811.0,28171250.94,369811.0,28171250.94,0.0,0.0,,,2023-09
2023-07-27,CEA22,76.02,76.6,76.02,76.4,0.73,1913812.0,126303038.27,110410.0,8435244.92,1803402.0,117867793.35,,,2023-09
2023-07-28,CEA,58.4,64.0,58.4,61.05,4.61,3800.0,232000.0,3800.0,232000.0,0.0,0.0,,,2023-07
2023-07-31,CEA,62.0,65.0,62.0,64.74,6.04,41000.0,2654500.0,41000.0,2654500.0,0.0,0.0,,,2023-07
2023-08-01,CEA,65.0,65.0,62.6,64.99,0.39,144560.0,9078781.0,38847.0,2524575.0,105713.0,6554206.0,,,2023-08
2023-08-02,CEA,65.0,65.0,64.0,64.97,0.03,32380.0,2103800.0,32380.0,2103800.0,0.0,0.0,,,2023-08
2023-08-03,CEA,65.0,65.0,64.0,64.27,1.08,326539.0,20816974.0,106739.0,6859674.0,219800.0,13957300.0,,,2023-08
2023-08-04,CEA,66.0,66.0,66.0,66.0,2.69,10000.0,660000.0,10000.0,660000.0,0.0,0.0,,,2023-08
2023-08-07,CEA,66.0,66.0,66.0,66.0,0.0,220140.0,14081240.0,108140.0,7137240.0,112000.0,6944000.0,,,2023-08
2023-08-08,CEA,67.0,67.0,67.0,67.0,1.52,17000.0,1139000.0,17000.0,1139000.0,0.0,0.0,,,2023-08
2023-08-09,CEA,67.8,69.0,67.8,67.93,1.39,308160.0,20710040.0,68160.0,4630040.0,240000.0,16080000.0,,,2023-08
2023-08-10,CEA,68.0,70.0,68.9,69.52,2.34,172200.0,11593280.0,22200.0,1543280.0,150000.0,10050000.0,,,2023-08
2023-08-11,CEA,70.0,70.0,69.5,69.9,0.55,119034.0,8001432.5,9034.0,631432.5,110000.0,7370000.0,,,2023-08
2023-08-14,CEA,67.1,71.0,67.1,68.33,2.25,482112.0,26410732.0,82112.0,5610732.0,400000.0,20800000.0,,,2023-08
2023-08-15,CEA,72.0,72.0,69.8,70.07,2.55,18609.0,1303865.0,18609.0,1303865.0,0.0,0.0,,,2023-08
2023-08-16,CEA,70.0,70.0,70.0,70.0,0.1,6147.0,430290.0,6147.0,430290.0,0.0,0.0,,,2023-08
2023-08-17,CEA,70.1,72.0,70.1,70.1,0.14,1053902.0,58702992.2,20002.0,1402142.2,1033900.0,57300850.0,,,2023-08
2023-08-18,CEA,72.0,73.0,72.0,72.85,3.92,1484798.0,87277554.0,1298.0,94554.0,1483500.0,87183000.0,,,2023-08
2023-08-21,CEA,67.5,67.5,67.5,67.5,7.34,10123.0,683302.5,10123.0,683302.5,0.0,0.0,,,2023-08
2023-08-22,CEA,67.2,74.0,67.2,72.73,7.75,415328.0,21796741.6,45328.0,3296741.6,370000.0,18500000.0,,,2023-08
2023-08-23,CEA,75.0,75.0,74.0,74.76,2.79,869808.0,55407255.47,84992.0,6354222.0,784816.0,49053033.47,,,2023-08
2023-08-24,CEA,67.9,75.0,67.9,72.3,3.29,414021.0,28131245.95,42621.0,3081405.95,371400.0,25049840.0,,,2023-08
2023-08-25,CEA,66.02,75.0,66.02,73.06,1.05,1224447.0,75741720.84,24744.0,1807758.84,1199703.0,73933962.0,,,2023-08
2023-08-28,CEA,74.01,75.0,74.0,74.46,1.92,548848.0,30471332.1,40736.0,3033284.1,508112.0,27438048.0,,,2023-08
2023-08-29,CEA,69.01,74.0,69.01,69.37,6.84,165055.0,9595269.52,30379.0,2107283.92,134676.0,7487985.6,,,2023-08
2023-08-30,CEA,69.5,69.5,67.0,68.07,1.87,210822.0,15036696.8,10822.0,736696.8,200000.0,14300000.0,,,2023-08
2023-08-31,CEA,66.1,66.1,66.1,66.1,2.89,14300.0,945230.0,14300.0,945230.0,0.0,0.0,,,2023-08
2023-09-01,CEA19-20,72.0,72.0,70.0,71.98,8.9,131873.0,7526676.0,11873.0,854676.0,120000.0,6672000.0,,,2023-09
2023-09-01,CEA21,67.0,67.0,63.5,64.11,8.2,88714.0,5687428.0,88714.0,5687428.0,0.0,0.0,,,2023-09
2023-09-01,CEA22,68.48,73.06,68.48,69.21,1.73,172094.0,11910551.56,172094.0,11910551.56,0.0,0.0,,,2023-09
2023-09-04,CEA19-20,67.0,73.0,64.8,70.93,1.46,343511.0,24737542.0,93511.0,6632542.0,250000.0,18105000.0,,,2023-09
2023-09-04,CEA21,65.0,70.52,62.9,64.84,1.14,5710107.0,303331422.0,44784.0,2903980.0,5665323.0,300427442.0,,,2023-09
2023-09-04,CEA22,67.0,73.0,63.8,69.45,0.35,229000.0,16189000.0,129000.0,8959000.0,100000.0,7230000.0,,,2023-09
2023-09-05,CEA19-20,69.1,69.1,69.1,69.1,2.58,10000.0,691000.0,10000.0,691000.0,0.0,0.0,,,2023-09
2023-09-05,CEA21,70.0,71.32,62.1,65.57,1.13,1157044.0,79362004.0,199644.0,13090784.0,957400.0,66271220.0,,,2023-09
2023-09-05,CEA22,63.3,71.5,63.3,63.97,7.89,355929.0,24504414.5,109016.0,6973591.5,246913.0,17530823.0,,,2023-09
2023-09-06,CEA19-20,66.0,71.8,66.0,69.85,1.09,16169.0,1129384.4,16169.0,1129384.4,0.0,0.0,,,2023-09
2023-09-06,CEA21,66.0,71.5,66.0,69.98,6.73,1377121.0,78310877.0,7666.0,536456.0,1369455.0,77774421.0,,,2023-09
2023-09-06,CEA22,70.37,70.37,66.0,69.98,9.4,610055.0,33754161.0,20888.0,1461638.0,589167.0,32292523.0,,,2023-09
2023-09-07,CEA19-20,66.0,72.0,66.0,71.13,1.83,254975.0,16432210.0,39000.0,2774000.0,215975.0,13658210.0,,,2023-09
2023-09-07,CEA21,72.0,72.5,66.01,71.38,2.0,2098253.0,130831767.5,186556.0,13316354.0,1911697.0,117515413.5,,,2023-09
2023-09-07,CEA22,68.0,72.5,68.0,71.32,1.91,1099363.0,66562786.06,159047.0,11342619.0,940316.0,55220167.06,,,2023-09
2023-09-08,CEA19-20,73.0,73.0,72.8,72.94,2.54,743278.0,51994443.8,21000.0,1531800.0,722278.0,50462643.8,,,2023-09
2023-09-08,CEA21,67.9,73.0,67.9,71.7,0.45,388359.0,20957458.1,70939.0,5086458.1,317420.0,15871000.0,,,2023-09
2023-09-08,CEA22,68.5,73.0,68.5,72.01,0.97,251668.0,17470861.0,26898.0,1936961.0,224770.0,15533900.0,,,2023-09
2023-09-11,CEA19-20,72.9,73.0,72.0,72.22,0.99,86495.0,6246318.0,86495.0,6246318.0,0.0,0.0,,,2023-09
2023-09-11,CEA21,73.9,73.9,73.9,73.9,3.07,2000.0,147800.0,2000.0,147800.0,0.0,0.0,,,2023-09
2023-09-11,CEA22,72.0,72.5,72.0,72.12,0.15,499234.0,31434465.0,79234.0,5714465.0,420000.0,25720000.0,,,2023-09
2023-09-12,CEA19-20,72.22,72.22,72.22,72.22,0.0,178201.0,12652271.0,0.0,0.0,178201.0,12652271.0,,,2023-09
2023-09-12,CEA21,73.9,73.9,73.9,73.9,0.0,765000.0,55099500.0,0.0,0.0,765000.0,55099500.0,,,2023-09
2023-09-12,CEA22,74.0,74.0,71.5,72.33,0.29,403269.0,23066719.0,15000.0,1085000.0,388269.0,21981719.0,,,2023-09
2023-09-13,CEA19-20,74.0,75.0,74.0,74.1,2.6,20924.0,1550376.0,20924.0,1550376.0,0.0,0.0,,,2023-09
2023-09-13,CEA21,72.82,73.0,72.82,72.87,1.39,688500.0,46801670.0,163500.0,11914170.0,525000.0,34887500.0,,,2023-09
2023-09-13,CEA22,70.0,73.4,70.0,71.46,1.2,169000.0,11747000.0,35000.0,2501000.0,134000.0,9246000.0,,,2023-09
2023-09-14,CEA19-20,75.0,75.0,75.0,75.0,1.21,10614.0,796050.0,10614.0,796050.0,0.0,0.0,,,2023-09
2023-09-14,CEA21,74.5,74.5,72.6,74.07,1.65,186257.0,15228990.2,86257.0,6388990.2,100000.0,8840000.0,,,2023-09
2023-09-14,CEA22,72.0,73.9,72.0,72.97,2.11,777742.0,55830502.0,51063.0,3725856.0,726679.0,52104646.0,,,2023-09
2023-09-15,CEA19-20,75.0,76.0,73.68,75.53,0.71,388821.0,29305689.6,271720.0,20523114.6,117101.0,8782575.0,,,2023-09
2023-09-15,CEA21,74.5,76.0,74.0,75.26,1.61,954653.0,70941395.5,354653.0,26691395.5,600000.0,44250000.0,,,2023-09
2023-09-15,CEA22,77.0,77.0,72.3,73.5,0.73,796534.0,57917185.1,298396.0,21933217.1,498138.0,35983968.0,,,2023-09
2023-09-18,CEA19-20,74.95,75.0,74.95,75.0,0.7,629997.0,46408275.0,329997.0,24748275.0,300000.0,21660000.0,,,2023-09
2023-09-18,CEA21,74.0,74.7,74.0,74.54,0.96,2570.0,191580.0,2570.0,191580.0,0.0,0.0,,,2023-09
2023-09-18,CEA22,74.0,74.3,74.0,74.25,1.02,460006.0,32660544.0,40006.0,2970544.0,420000.0,29690000.0,,,2023-09
2023-09-19,CEA19-20,75.0,75.99,75.0,75.08,0.11,615092.0,46115460.0,395092.0,29665460.0,220000.0,16450000.0,,,2023-09
2023-09-19,CEA21,75.0,76.5,75.0,75.3,1.02,70919.0,5340122.1,70919.0,5340122.1,0.0,0.0,,,2023-09
2023-09-19,CEA22,74.25,75.1,74.25,75.01,1.02,216550.0,15691972.65,116550.0,8741972.65,100000.0,6950000.0,,,2023-09
2023-09-20,CEA19-20,74.5,75.6,74.5,75.3,0.29,24707.0,1860378.5,24707.0,1860378.5,0.0,0.0,,,2023-09
2023-09-20,CEA21,75.9,75.9,75.9,75.9,0.8,239500.0,17398050.0,39500.0,2998050.0,200000.0,14400000.0,,,2023-09
2023-09-20,CEA22,72.03,75.98,72.03,72.73,3.04,1092398.0,74849570.94,107364.0,7808428.92,985034.0,67041142.02,,,2023-09
2023-09-21,CEA19-20,75.0,75.0,74.99,75.0,0.4,882675.0,64658621.87,112307.0,8422757.87,770368.0,56235864.0,,,2023-09
2023-09-21,CEA21,75.0,75.54,75.0,75.06,1.11,701922.0,49759082.6,124796.0,9367067.5,577126.0,40392015.1,,,2023-09
2023-09-21,CEA22,75.0,75.99,74.0,75.13,3.3,739964.0,53220911.87,208063.0,15631721.87,531901.0,37589190.0,,,2023-09
2023-09-22,CEA19-20,75.0,75.6,75.6,75.6,0.8,525581.0,37685953.76,34785.0,2629746.0,490796.0,35056207.76,,,2023-09
2023-09-22,CEA21,75.0,75.5,75.0,75.09,0.04,336886.0,25423579.0,78258.0,5876479.0,258628.0,19547100.0,,,2023-09
2023-09-22,CEA22,73.0,75.6,73.0,75.33,0.27,557206.0,37856403.0,67206.0,5062403.0,490000.0,32794000.0,,,2023-09
2023-09-25,CEA19-20,72.43,75.99,72.43,72.86,3.62,765111.0,55308601.89,56097.0,4087030.89,709014.0,51221571.0,,,2023-09
2023-09-25,CEA21,76.0,76.0,75.9,75.96,1.16,534010.0,29144200.0,14010.0,1064200.0,520000.0,28080000.0,,,2023-09
2023-09-25,CEA22,75.0,76.0,75.0,75.83,0.66,425410.0,32260358.2,425410.0,32260358.2,0.0,0.0,,,2023-09
2023-09-26,CEA19-20,76.0,76.5,76.0,76.25,4.65,190241.0,14688710.5,43982.0,3353638.0,146259.0,11335072.5,,,2023-09
2023-09-26,CEA21,75.1,76.2,75.1,76.08,0.16,125369.0,9537818.7,125369.0,9537818.7,0.0,0.0,,,2023-09
2023-09-26,CEA22,75.02,76.49,75.02,75.85,0.03,832126.0,56507466.2,172798.0,13106345.88,659328.0,43401120.32,,,2023-09
2023-09-28,CEA19-20,75.06,77.0,75.06,76.37,0.73,576171.0,40875318.2,68171.0,5206118.2,508000.0,35669200.0,,,2023-09
2023-09-28,CEA21,75.0,77.0,75.0,76.05,0.17,702505.0,46509751.0,272505.0,20722851.0,430000.0,25786900.0,,,2023-09
2023-09-28,CEA22,75.99,76.99,75.0,75.69,0.93,879013.0,65017636.5,305231.0,23101530.6,573782.0,41916105.9,,,2023-09
2023-10-09,CEA19-20,77.0,79.0,76.5,76.98,0.8,1434517.0,107291722.4,76462.0,5886228.2,1358055.0,101405494.2,,,2023-10
2023-10-09,CEA21,73.8,78.9,73.8,76.2,0.2,335084.0,22691474.72,137582.0,10483876.1,197502.0,12207598.62,,,2023-10
2023-10-09,CEA22,79.0,79.0,76.5,77.79,2.77,801317.0,52223281.1,65060.0,5060783.5,736257.0,47162497.6,,,2023-10
2023-10-10,CEA19-20,74.0,80.0,74.0,78.22,1.61,1268492.0,94933459.67,131808.0,10310293.79,1136684.0,84623165.88,,,2023-10
2023-10-10,CEA21,77.0,80.0,77.0,79.4,4.2,887708.0,60009024.67,147612.0,11720944.5,740096.0,48288080.17,,,2023-10
2023-10-10,CEA22,78.0,80.0,78.0,79.65,2.39,2717075.0,178693695.26,63573.0,5063314.1,2653502.0,173630381.16,,,2023-10
2023-10-11,CEA19-20,71.18,80.5,71.18,76.89,1.7,1530618.0,115077568.67,97096.0,7465265.36,1433522.0,107612303.31,,,2023-10
2023-10-11,CEA21,78.05,81.9,78.05,79.51,0.14,1242587.0,90913816.76,205211.0,16315643.72,1037376.0,74598173.04,,,2023-10
2023-10-11,CEA22,79.5,81.0,78.5,79.88,0.29,2931946.0,192152740.75,205426.0,16409077.99,2726520.0,175743662.76,,,2023-10
2023-10-12,CEA19-20,80.0,81.5,80.0,81.11,5.49,971476.0,59130838.67,90067.0,7305660.5,881409.0,51825178.17,,,2023-10
2023-10-12,CEA21,74.0,81.8,74.0,80.32,1.02,1269295.0,94216314.67,136753.0,10983905.8,1132542.0,83232408.87,,,2023-10
2023-10-12,CEA22,80.0,81.6,79.0,80.78,1.13,2994468.0,192819430.04,178300.0,14402920.08,2816168.0,178416509.96,,,2023-10
2023-10-13,CEA19-20,79.5,82.0,78.5,80.31,0.99,1459936.0,112143697.14,129505.0,10401194.0,1330431.0,101742503.14,,,2023-10
2023-10-13,CEA21,79.5,81.79,79.5,80.22,0.12,1572173.0,116648304.84,154761.0,12414450.84,1417412.0,104233854.0,,,2023-10
2023-10-13,CEA22,79.0,81.5,79.0,79.97,1.0,4413632.0,279541495.77,160653.0,12847093.73,4252979.0,266694402.04,,,2023-10
2023-10-16,CEA19-20,81.95,82.0,81.8,81.97,2.07,463840.0,35527878.8,48985.0,4015493.0,414855.0,31512385.8,,,2023-10
2023-10-16,CEA21,80.5,81.99,80.5,81.3,1.35,1204375.0,93232318.84,131303.0,10674976.68,1073072.0,82557342.16,,,2023-10
2023-10-16,CEA22,80.0,82.0,80.0,80.73,0.95,3371687.0,205011965.81,146951.0,11863855.0,3224736.0,193148110.81,,,2023-10
2023-10-17,CEA19-20,80.06,82.0,80.06,80.32,2.01,994883.0,68574218.33,144901.0,11638171.83,849982.0,56936046.5,,,2023-10
2023-10-17,CEA21,82.0,82.0,81.5,81.94,0.79,918054.0,72113557.84,77429.0,6344257.84,840625.0,65769300.0,,,2023-10
2023-10-17,CEA22,81.0,82.0,81.0,81.56,1.03,2371850.0,152748284.52,39342.0,3208878.5,2332508.0,149539406.02,,,2023-10
2023-10-18,CEA19-20,80.5,81.1,80.5,80.99,0.83,60990.0,4939689.0,60990.0,4939689.0,0.0,0.0,,,2023-10
2023-10-18,CEA21,81.0,81.95,81.0,81.39,0.67,1035063.0,74225418.18,61730.0,5024184.68,973333.0,69201233.5,,,2023-10
2023-10-18,CEA22,80.02,81.6,80.02,81.06,0.61,13258584.0,804659519.01,142279.0,11532480.44,13116305.0,793127038.57,,,2023-10
2023-10-19,CEA19-20,81.5,81.9,80.5,80.94,0.06,878287.0,70183188.51,517362.0,41876575.55,360925.0,28306612.96,,,2023-10
2023-10-19,CEA21,81.5,81.5,81.3,81.46,0.09,518684.0,37191097.9,43183.0,3517777.9,475501.0,33673320.0,,,2023-10
2023-10-19,CEA22,81.61,81.75,80.7,81.25,0.23,5436989.0,361619759.08,450623.0,36613516.35,4986366.0,325006242.73,,,2023-10
2023-10-20,CEA19-20,84.0,84.0,81.0,82.04,1.36,559626.0,45470075.8,38634.0,3169723.8,520992.0,42300352.0,,,2023-10
2023-10-20,CEA21,85.0,85.0,81.0,82.37,1.12,471883.0,36025506.03,124521.0,10256879.05,347362.0,25768626.98,,,2023-10
2023-10-20,CEA22,81.0,81.68,74.82,80.61,0.79,4774169.0,314240052.51,421618.0,33986431.01,4352551.0,280253621.5,,,2023-10
2023-10-23,CEA19-20,81.01,81.6,81.01,81.36,0.83,1280461.0,109517359.47,153075.0,12453679.73,1127386.0,97063679.74,,,2023-10
2023-10-23,CEA21,82.0,82.0,81.4,81.66,0.86,1007567.0,80157670.6,126607.0,10338998.6,880960.0,69818672.0,,,2023-10
2023-10-23,CEA22,81.0,81.6,81.0,81.28,0.83,2892987.0,227832182.11,147378.0,11979031.0,2745609.0,215853151.11,,,2023-10
2023-10-24,CEA19-20,81.0,81.5,80.6,80.95,0.5,595244.0,40833308.92,84287.0,6823291.1,510957.0,34010017.82,,,2023-10
2023-10-24,CEA21,81.6,81.6,81.61,81.21,0.55,1697337.0,133447811.42,47905.0,3890332.8,1649432.0,129557478.62,,,2023-10
2023-10-24,CEA22,81.5,81.5,81.0,81.11,0.21,2884884.0,229878764.77,135694.0,11005687.81,2749190.0,218873076.96,,,2023-10
2023-10-25,CEA19-20,81.0,81.5,81.1,80.98,0.04,352228.0,28873009.38,232359.0,18816000.28,119869.0,10057009.1,,,2023-10
2023-10-25,CEA21,81.5,81.76,80.11,81.26,0.06,240199.0,19492817.21,103639.0,8421898.01,136560.0,11070919.2,,,2023-10
2023-10-25,CEA22,84.0,84.0,80.21,81.55,0.54,2439713.0,181735863.09,239779.0,19555053.14,2199934.0,162180809.95,,,2023-10
2023-10-26,CEA19-20,81.2,81.2,79.0,81.1,0.15,177125.0,14582617.0,41125.0,3335417.0,136000.0,11247200.0,,,2023-10
2023-10-26,CEA21,81.5,81.5,80.11,80.57,0.85,956974.0,75291157.62,98931.0,7970460.4,858043.0,67320697.22,,,2023-10
2023-10-26,CEA22,81.4,81.4,80.0,80.43,1.37,2501023.0,181056590.42,213722.0,17189731.81,2287301.0,163866858.61,,,2023-10
2023-10-27,CEA19-20,79.0,80.0,78.0,79.47,2.01,867963.0,58154747.32,63629.0,5056281.0,804334.0,53098466.32,,,2023-10
2023-10-27,CEA21,80.0,80.0,76.0,79.15,1.76,515662.0,37101327.5,258555.0,20463837.5,257107.0,16637490.0,,,2023-10
2023-10-27,CEA22,81.5,81.5,76.0,77.5,3.64,5386899.0,367362897.06,227813.0,17656453.17,5159086.0,349706443.89,,,2023-10
2023-10-30,CEA19-20,84.0,84.0,78.99,79.96,0.62,278586.0,22226062.44,60181.0,4812159.94,218405.0,17413902.5,,,2023-10
2023-10-30,CEA21,81.1,81.1,75.0,78.63,0.66,478154.0,37668801.5,178154.0,14007801.5,300000.0,23661000.0,,,2023-10
2023-10-30,CEA22,82.0,82.99,76.0,80.09,3.34,2839757.0,193623251.08,234862.0,18811257.6,2604895.0,174811993.48,,,2023-10
2023-10-31,CEA19-20,74.0,79.0,74.0,78.09,2.34,281438.0,22521920.0,31438.0,2454920.0,250000.0,20067000.0,,,2023-10
2023-10-31,CEA21,80.0,80.0,76.0,78.72,0.11,80614.0,6346087.0,80614.0,6346087.0,0.0,0.0,,,2023-10
2023-10-31,CEA22,79.5,79.5,74.53,77.33,3.45,3147218.0,209792794.19,338059.0,26140642.85,2809159.0,183652151.34,,,2023-10
2023-11-01,CEA19-20,79.0,79.0,79.0,79.0,1.17,796926.0,56484272.6,4700.0,371300.0,792226.0,56112972.6,,,2023-11
2023-11-01,CEA21,77.0,77.8,75.01,76.29,3.09,425217.0,26249104.7,133073.0,10151970.3,292144.0,16097134.4,,,2023-11
2023-11-01,CEA22,79.88,79.88,75.0,77.3,0.04,1177860.0,88835663.36,136399.0,10544134.31,1041461.0,78291529.05,,,2023-11
2023-11-02,CEA19-20,79.0,79.0,79.0,79.0,0.0,0.0,0.0,0.0,0.0,0.0,0.0,,,2023-11
2023-11-02,CEA21,76.98,76.98,74.0,75.79,0.66,196237.0,14784229.49,96237.0,7294229.49,100000.0,7490000.0,,,2023-11
2023-11-02,CEA22,76.8,76.8,74.5,75.94,1.76,1994286.0,143574514.5,178710.0,13570541.1,1815576.0,130003973.4,,,2023-11
2023-11-03,CEA19-20,75.0,75.0,74.5,74.57,5.61,296264.0,22718839.88,38500.0,2870900.0,257764.0,19847939.88,,,2023-11
2023-11-03,CEA21,73.0,76.56,73.0,74.91,1.16,1280579.0,94500632.15,223989.0,16778677.4,1056590.0,77721954.75,,,2023-11
2023-11-03,CEA22,76.16,76.16,73.0,74.68,1.66,2258662.0,177084682.18,610463.0,45588550.6,1648199.0,131496131.58,,,2023-11
2023-11-06,CEA19-20,82.0,82.0,72.2,75.08,0.68,531645.0,42315821.0,62054.0,4659318.71,469591.0,37656502.29,,,2023-11
2023-11-06,CEA21,75.0,78.8,73.0,76.15,1.66,249569.0,18767578.8,139569.0,10627578.8,110000.0,8140000.0,,,2023-11
2023-11-06,CEA22,74.0,75.16,73.5,74.38,0.4,1114038.0,83155433.68,272435.0,20264551.08,841603.0,62890882.6,,,2023-11
2023-11-07,CEA19-20,82.0,82.0,73.5,75.01,0.09,79000.0,5925500.0,79000.0,5925500.0,0.0,0.0,,,2023-11
2023-11-07,CEA21,78.4,78.4,73.0,75.45,0.92,673132.0,50647816.97,113934.0,8596127.37,559198.0,42051689.6,,,2023-11
2023-11-07,CEA22,69.6,78.0,69.6,72.74,2.2,1006771.0,72824979.95,147288.0,10713674.87,859483.0,62111305.08,,,2023-11
2023-11-08,CEA19-20,81.99,81.99,73.5,75.6,0.79,371951.0,27710413.8,81908.0,6192006.0,290043.0,21518407.8,,,2023-11
2023-11-08,CEA21,78.0,78.0,72.81,73.28,2.88,984106.0,73060585.05,437675.0,32073990.96,546431.0,40986594.09,,,2023-11
2023-11-08,CEA22,72.74,74.8,72.0,72.97,0.32,1472862.0,105762642.82,339048.0,24740018.26,1133814.0,81022624.56,,,2023-11
2023-11-09,CEA19-20,71.5,73.0,71.5,73.0,3.44,653218.0,46135487.5,59060.0,4311375.5,594158.0,41824112.0,,,2023-11
2023-11-09,CEA21,73.0,73.0,72.6,72.65,0.86,62043.0,4507220.53,62043.0,4507220.53,0.0,0.0,,,2023-11
2023-11-09,CEA22,73.2,73.2,72.5,72.84,0.18,2002868.0,145681583.16,638373.0,46502050.62,1364495.0,99179532.54,,,2023-11
2023-11-10,CEA19-20,71.0,71.9,70.0,70.63,3.25,1407300.0,106290653.81,118900.0,8397980.5,1288400.0,97892673.31,,,2023-11
2023-11-10,CEA21,68.0,72.8,68.0,71.16,2.05,798257.0,55222878.0,158954.0,11311606.0,639303.0,43911272.0,,,2023-11
2023-11-10,CEA22,71.5,72.8,68.0,71.63,1.66,3266768.0,236205450.18,608713.0,43602904.49,2658055.0,192602545.69,,,2023-11
2023-11-13,CEA19-20,73.75,73.75,71.65,73.02,3.38,313336.0,22830987.65,91387.0,6673100.45,221949.0,16157887.2,,,2023-11
2023-11-13,CEA21,76.0,76.0,68.0,71.24,0.11,772630.0,53046252.9,277434.0,19764299.9,495196.0,33281953.0,,,2023-11
2023-11-13,CEA22,70.5,72.0,68.01,71.17,0.64,2435683.0,173291636.96,449827.0,32014658.05,1985856.0,141276978.91,,,2023-11
2023-11-14,CEA19-20,72.0,72.0,70.0,71.61,1.93,65649.0,4700834.39,65649.0,4700834.39,0.0,0.0,,,2023-11
2023-11-14,CEA21,72.0,72.0,71.49,71.76,0.73,72147.0,5177137.3,72147.0,5177137.3,0.0,0.0,,,2023-11
2023-11-14,CEA22,68.0,72.8,68.0,71.72,0.77,2601167.0,174448912.7,365921.0,26243903.73,2235246.0,148205008.97,,,2023-11
2023-11-15,CEA19-20,75.0,78.0,75.0,75.0,4.73,2623.0,196734.0,2623.0,196734.0,0.0,0.0,,,2023-11
2023-11-15,CEA21,72.88,73.0,72.88,72.92,1.62,55092.0,4017432.24,55092.0,4017432.24,0.0,0.0,,,2023-11
2023-11-15,CEA22,72.66,72.98,71.2,72.0,0.39,1414349.0,88630915.12,544349.0,39193715.12,870000.0,49437200.0,,,2023-11
2023-11-16,CEA19-20,70.0,70.0,70.0,70.0,6.67,449023.0,27113016.75,57708.0,4039560.0,391315.0,23073456.75,,,2023-11
2023-11-16,CEA21,72.79,72.79,72.79,72.79,0.18,148362.0,10601804.9,1000.0,72790.0,147362.0,10529014.9,,,2023-11
2023-11-16,CEA22,72.9,72.9,71.11,71.8,0.28,1800913.0,130142915.45,276328.0,19839518.59,1524585.0,110303396.86,,,2023-11
2023-11-17,CEA19-20,72.12,77.0,71.0,73.92,5.6,281941.0,18763486.68,1941.0,143486.68,280000.0,18620000.0,,,2023-11
2023-11-17,CEA21,71.82,71.82,71.82,71.82,1.33,4806.0,345166.92,4806.0,345166.92,0.0,0.0,,,2023-11
2023-11-17,CEA22,71.8,71.8,71.2,71.68,0.17,294947.0,21923447.25,59547.0,4268447.25,235400.0,17655000.0,,,2023-11
2023-11-20,CEA19-20,73.9,74.0,73.9,74.0,0.11,10765.0,796609.4,10765.0,796609.4,0.0,0.0,,,2023-11
2023-11-20,CEA21,71.8,71.8,71.8,71.8,0.03,9998.0,717856.4,9998.0,717856.4,0.0,0.0,,,2023-11
2023-11-20,CEA22,72.5,72.5,71.6,71.74,0.08,498403.0,33862820.82,102479.0,7352216.82,395924.0,26510604.0,,,2023-11
2023-11-21,CEA19-20,74.0,74.0,74.0,74.0,0.0,0.0,0.0,0.0,0.0,0.0,0.0,,,2023-11
2023-11-21,CEA21,72.0,72.0,72.0,72.0,0.28,5120.0,368640.0,5120.0,368640.0,0.0,0.0,,,2023-11
2023-11-21,CEA22,71.8,72.25,70.6,71.55,0.26,308531.0,22270459.7,208531.0,14920459.7,100000.0,7350000.0,,,2023-11
2023-11-22,CEA19-20,71.5,71.5,71.5,71.5,3.38,157917.0,11402033.5,46949.0,3356853.5,110968.0,8045180.0,,,2023-11
2023-11-22,CEA21,72.0,72.0,72.0,72.0,0.0,45785.0,3296520.0,45785.0,3296520.0,0.0,0.0,,,2023-11
2023-11-22,CEA22,70.5,71.95,70.5,71.5,0.07,521844.0,37615242.76,111831.0,7995552.26,410013.0,29619690.5,,,2023-11
2023-11-23,CEA19-20,71.0,75.0,71.0,72.61,1.55,55913.0,4059831.2,55913.0,4059831.2,0.0,0.0,,,2023-11
2023-11-23,CEA21,71.8,71.8,71.8,71.8,0.28,226171.0,16112141.0,5000.0,359000.0,221171.0,15753141.0,,,2023-11
2023-11-23,CEA22,71.5,71.8,71.46,71.72,0.31,180124.0,12816377.64,80124.0,5746377.64,100000.0,7070000.0,,,2023-11
2023-11-24,CEA19-20,72.61,72.61,72.61,72.61,0.0,100000.0,7150000.0,0.0,0.0,100000.0,7150000.0,,,2023-11
2023-11-24,CEA21,71.8,71.8,71.5,71.65,0.21,253214.0,15026627.52,24598.0,1762327.2,228616.0,13264300.32,,,2023-11
2023-11-24,CEA22,72.8,72.8,71.0,71.27,0.63,1101700.0,78443594.2,131700.0,9386594.2,970000.0,69057000.0,,,2023-11
2023-11-27,CEA19-20,72.61,72.61,72.61,72.61,0.0,0.0,0.0,0.0,0.0,0.0,0.0,,,2023-11
2023-11-27,CEA21,71.8,72.0,71.8,71.97,0.45,109237.0,7861920.4,109237.0,7861920.4,0.0,0.0,,,2023-11
2023-11-27,CEA22,71.7,72.0,71.7,71.76,0.69,79926.0,5735326.2,79926.0,5735326.2,0.0,0.0,,,2023-11
2023-11-28,CEA19-20,75.0,75.0,75.0,75.0,3.29,500.0,37500.0,500.0,37500.0,0.0,0.0,,,2023-11
2023-11-28,CEA21,71.97,71.99,71.97,71.97,0.0,198211.0,14265257.83,97794.0,7038246.34,100417.0,7227011.49,,,2023-11
2023-11-28,CEA22,71.0,71.8,70.5,71.12,0.89,492432.0,35123023.0,331885.0,23602170.28,160547.0,11520852.72,,,2023-11
2023-11-29,CEA19-20,69.9,69.9,69.9,69.9,6.8,100016.0,6951118.4,16.0,1118.4,100000.0,6950000.0,,,2023-11
2023-11-29,CEA21,72.0,72.0,70.0,71.95,0.03,40161.0,2889592.0,40161.0,2889592.0,0.0,0.0,,,2023-11
2023-11-29,CEA22,71.0,71.0,71.0,71.0,0.17,715000.0,50765000.0,715000.0,50765000.0,0.0,0.0,,,2023-11
2023-11-30,CEA19-20,69.9,69.9,69.9,69.9,0.0,0.0,0.0,0.0,0.0,0.0,0.0,,,2023-11
2023-11-30,CEA21,71.0,72.0,69.5,70.48,2.04,169582.0,12134457.5,31482.0,2218877.5,138100.0,9915580.0,,,2023-11
2023-11-30,CEA22,71.5,71.5,70.0,70.96,0.06,1239511.0,89125831.42,482560.0,34243618.58,756951.0,54882212.84,,,2023-11
2023-12-01,CEA19-20,75.0,75.0,75.0,75.0,7.3,1000.0,75000.0,1000.0,75000.0,0.0,0.0,,,2023-12
2023-12-01,CEA21,66.0,66.0,66.0,66.0,6.36,81816.0,5399856.0,81816.0,5399856.0,0.0,0.0,,,2023-12
2023-12-01,CEA22,71.05,72.0,66.0,70.59,0.52,370336.0,26404433.2,170336.0,12024433.2,200000.0,14380000.0,,,2023-12
2023-12-04,CEA19-20,75.0,75.0,75.0,75.0,0.0,500.0,37500.0,500.0,37500.0,0.0,0.0,,,2023-12
2023-12-04,CEA21,71.9,71.9,71.9,71.9,8.94,170221.0,12048889.9,70221.0,5048889.9,100000.0,7000000.0,,,2023-12
2023-12-04,CEA22,71.0,71.55,71.0,71.01,0.59,1138322.0,80319226.88,612193.0,43472583.98,526129.0,36846642.9,,,2023-12
2023-12-05,CEA19-20,75.0,75.0,75.0,75.0,0.0,223016.0,18366861.76,100.0,7500.0,222916.0,18359361.76,,,2023-12
2023-12-05,CEA21,69.0,69.0,69.0,69.0,4.03,100.0,6900.0,100.0,6900.0,0.0,0.0,,,2023-12
2023-12-05,CEA22,71.8,71.8,71.0,71.09,0.11,536991.0,38280552.08,418921.0,29779512.08,118070.0,8501040.0,,,2023-12
2023-12-06,CEA19-20,70.0,70.0,70.0,70.0,6.67,10.0,700.0,10.0,700.0,0.0,0.0,,,2023-12
2023-12-06,CEA21,69.0,69.0,69.0,69.0,0.0,121853.0,8611857.0,1853.0,127857.0,120000.0,8484000.0,,,2023-12
2023-12-06,CEA22,71.6,72.0,71.0,71.63,0.76,187723.0,13465691.0,75187.0,5385606.2,112536.0,8080084.8,,,2023-12
2023-12-07,CEA19-20,63.0,63.0,63.0,63.0,10.0,73849.0,4652487.0,73849.0,4652487.0,0.0,0.0,,,2023-12
2023-12-07,CEA21,62.1,72.0,62.1,68.84,0.23,184626.0,12937899.9,78855.0,5428158.9,105771.0,7509741.0,,,2023-12
2023-12-07,CEA22,72.0,72.0,71.8,71.89,0.36,992026.0,61389936.12,73691.0,5297668.0,918335.0,56092268.12,,,2023-12
2023-12-08,CEA19-20,69.3,69.3,69.3,69.3,10.0,129.0,8939.7,129.0,8939.7,0.0,0.0,,,2023-12
2023-12-08,CEA21,71.0,71.0,71.0,71.0,3.14,9476.0,672796.0,9476.0,672796.0,0.0,0.0,,,2023-12
2023-12-08,CEA22,71.8,72.0,71.4,71.83,0.08,157979.0,11347143.2,157979.0,11347143.2,0.0,0.0,,,2023-12
2023-12-11,CEA19-20,69.3,69.3,69.3,69.3,0.0,0.0,0.0,0.0,0.0,0.0,0.0,,,2023-12
2023-12-11,CEA21,68.5,72.3,68.5,71.03,0.04,87492.0,6214469.5,87492.0,6214469.5,0.0,0.0,,,2023-12
2023-12-11,CEA22,68.5,72.0,68.5,70.8,1.43,578633.0,32636412.82,125839.0,8909930.5,452794.0,23726482.32,,,2023-12
2023-12-12,CEA19-20,69.3,69.3,69.3,69.3,0.0,0.0,0.0,0.0,0.0,0.0,0.0,,,2023-12
2023-12-12,CEA21,71.5,71.5,71.5,71.5,0.66,4969.0,355283.5,4969.0,355283.5,0.0,0.0,,,2023-12
2023-12-12,CEA22,71.8,71.8,71.0,71.63,1.17,291554.0,20882800.6,291554.0,20882800.6,0.0,0.0,,,2023-12
2023-12-13,CEA19-20,71.2,71.2,71.2,71.2,2.74,144013.0,10174181.1,30378.0,2162913.6,113635.0,8011267.5,,,2023-12
2023-12-13,CEA21,69.0,72.0,69.0,71.33,0.24,196579.0,14022228.0,196579.0,14022228.0,0.0,0.0,,,2023-12
2023-12-13,CEA22,72.0,72.0,70.63,71.46,0.24,747138.0,50031202.2,160199.0,11448133.2,586939.0,38583069.0,,,2023-12
2023-12-14,CEA19-20,71.4,71.4,71.4,71.4,0.28,156654.0,11310094.1,43019.0,3071556.6,113635.0,8238537.5,,,2023-12
2023-12-14,CEA21,71.0,71.8,71.0,71.37,0.06,334726.0,19641994.33,136595.0,9749313.5,198131.0,9892680.83,,,2023-12
2023-12-14,CEA22,71.41,71.9,71.41,71.52,0.08,291873.0,17390615.73,31873.0,2279415.73,260000.0,15111200.0,,,2023-12
2023-12-15,CEA19-20,73.0,75.0,71.2,71.22,0.25,197592.0,14073250.4,197592.0,14073250.4,0.0,0.0,,,2023-12
2023-12-15,CEA21,71.37,71.37,71.37,71.37,0.0,0.0,0.0,0.0,0.0,0.0,0.0,,,2023-12
2023-12-15,CEA22,71.0,72.0,71.0,71.47,0.07,648537.0,46326615.9,414435.0,29621113.24,234102.0,16705502.66,,,2023-12
2023-12-18,CEA19-20,71.22,71.22,71.22,71.22,0.0,0.0,0.0,0.0,0.0,0.0,0.0,,,2023-12
2023-12-18,CEA21,71.8,72.2,71.8,71.81,0.62,101999.0,7324228.2,101999.0,7324228.2,0.0,0.0,,,2023-12
2023-12-18,CEA22,71.6,72.5,71.6,71.8,0.46,483058.0,34956801.8,38300.0,2749750.0,444758.0,32207051.8,,,2023-12
2023-12-19,CEA19-20,71.22,71.22,71.22,71.22,0.0,0.0,0.0,0.0,0.0,0.0,0.0,,,2023-12
2023-12-19,CEA21,72.8,72.8,72.8,72.8,1.38,500.0,36400.0,500.0,36400.0,0.0,0.0,,,2023-12
2023-12-19,CEA22,72.0,73.05,72.0,72.7,1.25,365749.0,25545963.86,80836.0,5876862.46,284913.0,19669101.4,,,2023-12
2023-12-20,CEA19-20,71.22,71.22,71.22,71.22,0.0,201500.0,14556360.0,0.0,0.0,201500.0,14556360.0,,,2023-12
2023-12-20,CEA21,73.5,74.5,73.5,73.71,1.25,52847.0,3895254.5,52847.0,3895254.5,0.0,0.0,,,2023-12
2023-12-20,CEA22,72.0,74.8,72.0,73.17,0.65,301149.0,21359710.1,175777.0,12859488.5,125372.0,8500221.6,,,2023-12
2023-12-21,CEA19-20,75.0,78.34,75.0,77.86,9.32,12302.0,957828.0,12302.0,957828.0,0.0,0.0,,,2023-12
2023-12-21,CEA21,75.0,79.5,75.0,77.82,5.58,209359.0,16293360.82,209359.0,16293360.82,0.0,0.0,,,2023-12
2023-12-21,CEA22,76.0,79.49,76.0,77.79,6.31,680389.0,52818250.0,480389.0,37368250.0,200000.0,15450000.0,,,2023-12
2023-12-22,CEA19-20,80.0,80.0,80.0,80.0,2.75,500081.0,40006480.0,81.0,6480.0,500000.0,40000000.0,,,2023-12
2023-12-22,CEA21,80.0,82.0,80.0,80.85,3.89,146175.0,11817668.0,146175.0,11817668.0,0.0,0.0,,,2023-12
2023-12-22,CEA22,80.0,82.0,80.0,81.06,4.2,1019997.0,82120737.6,306866.0,24875834.5,713131.0,57244903.1,,,2023-12
2023-12-25,CEA19-20,81.0,81.5,81.0,81.15,1.44,572407.0,44144807.9,16738.0,1358294.9,555669.0,42786513.0,,,2023-12
2023-12-25,CEA21,81.0,81.75,81.0,81.13,0.35,95567.0,7753139.5,95567.0,7753139.5,0.0,0.0,,,2023-12
2023-12-25,CEA22,81.0,82.0,74.0,80.68,0.47,3122071.0,240663447.72,601801.0,48555338.27,2520270.0,192108109.45,,,2023-12
2023-12-26,CEA19-20,80.3,80.3,79.0,79.99,1.43,235462.0,18836319.1,85462.0,6836319.1,150000.0,12000000.0,,,2023-12
2023-12-26,CEA21,81.0,81.15,79.0,80.32,1.0,202932.0,16284450.6,78338.0,6292011.8,124594.0,9992438.8,,,2023-12
2023-12-26,CEA22,72.63,82.0,72.63,79.21,1.82,1216520.0,97167541.8,336528.0,26656482.0,879992.0,70511059.8,,,2023-12
2023-12-27,CEA19-20,82.0,82.0,82.0,82.0,2.51,101000.0,8082000.0,1000.0,82000.0,100000.0,8000000.0,,,2023-12
2023-12-27,CEA21,80.0,80.0,76.6,77.75,3.2,90272.0,7018245.94,90272.0,7018245.94,0.0,0.0,,,2023-12
2023-12-27,CEA22,77.15,77.15,77.15,77.15,2.6,304157.0,24153212.55,54157.0,4178212.55,250000.0,19975000.0,,,2023-12
2023-12-28,CEA19-20,82.0,82.0,82.0,82.0,0.0,100000.0,7143000.0,0.0,0.0,100000.0,7143000.0,,,2023-12
2023-12-28,CEA21,79.5,79.5,77.0,78.3,0.71,51259.0,4013375.0,51259.0,4013375.0,0.0,0.0,,,2023-12
2023-12-28,CEA22,79.0,79.0,76.5,77.71,0.73,211667.0,16571020.48,48329.0,3755521.0,163338.0,12815499.48,,,2023-12
2023-12-29,CEA19-20,82.0,82.0,82.0,82.0,0.0,0.0,0.0,0.0,0.0,0.0,0.0,,,2023-12
2023-12-29,CEA21,78.3,78.3,78.3,78.3,0.0,0.0,0.0,0.0,0.0,0.0,0.0,,,2023-12
2023-12-29,CEA22,80.0,80.0,77.0,77.97,0.33,163603.0,12529771.0,48655.0,3793723.0,114948.0,8736048.0,,,2023-12
2024-01-02,CEA19-20,82.0,82.0,82.0,82.0,0.0,0.0,0.0,0.0,0.0,0.0,0.0,,,2024-01
2024-01-02,CEA21,70.47,70.47,70.47,70.47,10.0,25400.0,1789938.0,25400.0,1789938.0,0.0,0.0,,,2024-01
2024-01-02,CEA22,77.97,77.97,77.97,77.97,0.0,100000.0,5458000.0,0.0,0.0,100000.0,5458000.0,,,2024-01
2024-01-03,CEA19-20,82.0,82.0,82.0,82.0,0.0,150005.0,8850410.0,5.0,410.0,150000.0,8850000.0,,,2024-01
2024-01-03,CEA21,70.47,70.47,70.47,70.47,0.0,231213.0,16184910.0,0.0,0.0,231213.0,16184910.0,,,2024-01
2024-01-03,CEA22,77.97,77.97,77.97,77.97,0.0,226175.0,15832250.0,0.0,0.0,226175.0,15832250.0,,,2024-01
2024-01-04,CEA19-20,73.8,82.0,73.8,76.53,6.67,299174.0,19757529.0,15.0,1148.0,299159.0,19756381.0,,,2024-01
2024-01-04,CEA21,70.47,70.47,70.47,70.47,0.0,0.0,0.0,0.0,0.0,0.0,0.0,,,2024-01
2024-01-04,CEA22,77.97,77.97,77.97,77.97,0.0,0.0,0.0,0.0,0.0,0.0,0.0,,,2024-01
2024-01-05,CEA19-20,76.53,76.53,76.53,76.53,0.0,149159.0,10894573.36,0.0,0.0,149159.0,10894573.36,,,2024-01
2024-01-05,CEA21,73.04,73.04,73.04,73.04,3.65,841.0,61426.64,841.0,61426.64,0.0,0.0,,,2024-01
2024-01-05,CEA22,70.5,70.5,70.5,70.5,9.58,5.0,352.5,5.0,352.5,0.0,0.0,,,2024-01
2024-01-08,CEA19-20,71.0,71.0,71.0,71.0,7.23,100.0,7100.0,100.0,7100.0,0.0,0.0,,,2024-01
2024-01-08,CEA21,71.0,71.0,71.0,71.0,2.79,200.0,14200.0,200.0,14200.0,0.0,0.0,,,2024-01
2024-01-08,CEA22,71.0,71.0,71.0,71.0,0.71,300.0,21300.0,300.0,21300.0,0.0,0.0,,,2024-01
2024-01-09,CEA19-20,71.02,71.02,71.02,71.02,0.03,8.0,568.16,8.0,568.16,0.0,0.0,,,2024-01
2024-01-09,CEA21,71.0,71.0,71.0,71.0,0.0,0.0,0.0,0.0,0.0,0.0,0.0,,,2024-01
2024-01-09,CEA22,71.0,71.0,71.0,71.0,0.0,100000.0,7800000.0,0.0,0.0,100000.0,7800000.0,,,2024-01
2024-01-10,CEA19-20,71.0,71.0,71.0,71.0,0.03,100.0,7100.0,100.0,7100.0,0.0,0.0,,,2024-01
2024-01-10,CEA21,71.0,71.0,71.0,71.0,0.0,0.0,0.0,0.0,0.0,0.0,0.0,,,2024-01
2024-01-10,CEA22,75.0,75.0,75.0,75.0,5.63,182886.0,14016450.0,82886.0,6216450.0,100000.0,7800000.0,,,2024-01
2024-01-11,CEA19-20,71.02,71.02,71.02,71.02,0.03,8.0,568.16,8.0,568.16,0.0,0.0,,,2024-01
2024-01-11,CEA21,71.0,71.0,71.0,71.0,0.0,0.0,0.0,0.0,0.0,0.0,0.0,,,2024-01
2024-01-11,CEA22,75.0,75.0,75.0,75.0,0.0,0.0,0.0,0.0,0.0,0.0,0.0,,,2024-01
2024-01-12,CEA19-20,71.02,71.02,71.02,71.02,0.0,0.0,0.0,0.0,0.0,0.0,0.0,,,2024-01
2024-01-12,CEA21,71.0,71.0,71.0,71.0,0.0,100.0,7100.0,100.0,7100.0,0.0,0.0,,,2024-01
2024-01-12,CEA22,75.0,75.0,75.0,75.0,0.0,0.0,0.0,0.0,0.0,0.0,0.0,,,2024-01
2024-01-15,CEA19-20,71.0,71.0,71.0,71.0,0.03,500.0,35500.0,500.0,35500.0,0.0,0.0,,,2024-01
2024-01-15,CEA21,71.0,71.0,71.0,71.0,0.0,0.0,0.0,0.0,0.0,0.0,0.0,,,2024-01
2024-01-15,CEA22,75.0,75.0,75.0,75.0,0.0,0.0,0.0,0.0,0.0,0.0,0.0,,,2024-01
2024-01-16,CEA19-20,70.0,70.0,70.0,70.0,1.41,73552.0,5148640.0,73552.0,5148640.0,0.0,0.0,,,2024-01
2024-01-16,CEA21,71.0,71.0,71.0,71.0,0.0,100.0,7100.0,100.0,7100.0,0.0,0.0,,,2024-01
2024-01-16,CEA22,75.0,75.0,75.0,75.0,0.0,0.0,0.0,0.0,0.0,0.0,0.0,,,2024-01
2024-01-17,CEA19-20,70.0,70.0,70.0,70.0,0.0,0.0,0.0,0.0,0.0,0.0,0.0,,,2024-01
2024-01-17,CEA21,71.0,71.0,71.0,71.0,0.0,0.0,0.0,0.0,0.0,0.0,0.0,,,2024-01
2024-01-17,CEA22,75.0,75.0,75.0,75.0,0.0,28690.0,2151750.0,28690.0,2151750.0,0.0,0.0,,,2024-01
2024-01-18,CEA19-20,70.0,70.0,70.0,70.0,0.0,8.0,560.0,8.0,560.0,0.0,0.0,,,2024-01
2024-01-18,CEA21,71.0,71.0,71.0,71.0,0.0,0.0,0.0,0.0,0.0,0.0,0.0,,,2024-01
2024-01-18,CEA22,75.0,75.0,75.0,75.0,0.0,0.0,0.0,0.0,0.0,0.0,0.0,,,2024-01
2024-01-19,CEA19-20,70.0,70.0,70.0,70.0,0.0,0.0,0.0,0.0,0.0,0.0,0.0,,,2024-01
2024-01-19,CEA21,71.0,71.0,71.0,71.0,0.0,0.0,0.0,0.0,0.0,0.0,0.0,,,2024-01
2024-01-19,CEA22,71.0,75.0,71.0,74.96,0.05,10100.0,757100.0,10100.0,757100.0,0.0,0.0,,,2024-01
2024-01-22,CEA19-20,70.0,70.0,70.0,70.0,0.0,0.0,0.0,0.0,0.0,0.0,0.0,,,2024-01
2024-01-22,CEA21,71.0,71.0,71.0,71.0,0.0,0.0,0.0,0.0,0.0,0.0,0.0,,,2024-01
2024-01-22,CEA22,71.0,71.0,71.0,71.0,5.28,100.0,7100.0,100.0,7100.0,0.0,0.0,,,2024-01
2024-01-23,CEA19-20,71.0,75.0,70.0,74.54,6.49,949.0,70735.0,949.0,70735.0,0.0,0.0,,,2024-01
2024-01-23,CEA21,71.0,71.0,71.0,71.0,0.0,0.0,0.0,0.0,0.0,0.0,0.0,,,2024-01
2024-01-23,CEA22,71.0,71.0,71.0,71.0,0.0,0.0,0.0,0.0,0.0,0.0,0.0,,,2024-01
2024-01-24,CEA19-20,71.0,71.0,71.0,71.0,4.75,100.0,7100.0,100.0,7100.0,0.0,0.0,,,2024-01
2024-01-24,CEA21,72.0,72.0,72.0,72.0,1.41,68554.0,4935888.0,68554.0,4935888.0,0.0,0.0,,,2024-01
2024-01-24,CEA22,76.0,78.0,72.0,75.44,6.25,81446.0,6144112.0,81446.0,6144112.0,0.0,0.0,,,2024-01
2024-01-25,CEA19-20,71.0,71.0,71.0,71.0,0.0,100.0,7100.0,100.0,7100.0,0.0,0.0,,,2024-01
2024-01-25,CEA21,72.0,72.0,72.0,72.0,0.0,0.0,0.0,0.0,0.0,0.0,0.0,,,2024-01
2024-01-25,CEA22,75.44,75.44,75.44,75.44,0.0,120000.0,7440000.0,0.0,0.0,120000.0,7440000.0,,,2024-01
2024-01-26,CEA19-20,71.0,71.0,71.0,71.0,0.0,0.0,0.0,0.0,0.0,0.0,0.0,,,2024-01
2024-01-26,CEA21,72.0,72.0,72.0,72.0,0.0,5593.0,402696.0,5593.0,402696.0,0.0,0.0,,,2024-01
2024-01-26,CEA22,75.51,79.9,75.5,75.61,0.23,124970.0,7829406.74,5970.0,451406.74,119000.0,7378000.0,,,2024-01
2024-01-29,CEA19-20,71.0,71.0,71.0,71.0,0.0,0.0,0.0,0.0,0.0,0.0,0.0,,,2024-01
2024-01-29,CEA21,72.0,72.0,72.0,72.0,0.0,0.0,0.0,0.0,0.0,0.0,0.0,,,2024-01
2024-01-29,CEA22,69.0,75.62,69.0,71.28,5.73,530500.0,43234008.0,30500.0,2174008.0,500000.0,41060000.0,,,2024-01
2024-01-30,CEA19-20,71.0,71.0,71.0,71.0,0.0,0.0,0.0,0.0,0.0,0.0,0.0,,,2024-01
2024-01-30,CEA21,72.0,72.0,72.0,72.0,0.0,0.0,0.0,0.0,0.0,0.0,0.0,,,2024-01
2024-01-30,CEA22,66.0,66.0,66.0,66.0,7.41,20000.0,1320000.0,20000.0,1320000.0,0.0,0.0,,,2024-01
2024-01-31,CEA19-20,71.0,71.0,71.0,71.0,0.0,0.0,0.0,0.0,0.0,0.0,0.0,,,2024-01
2024-01-31,CEA21,72.0,72.0,72.0,72.0,0.0,0.0,0.0,0.0,0.0,0.0,0.0,,,2024-01
2024-01-31,CEA22,72.6,72.6,72.6,72.6,10.0,485310.0,38821095.0,10.0,726.0,485300.0,38820369.0,,,2024-01
2024-02-01,CEA19-20,71.0,71.0,71.0,71.0,0.0,0.0,0.0,0.0,0.0,0.0,0.0,,,2024-02
2024-02-01,CEA21,72.0,72.0,72.0,72.0,0.0,0.0,0.0,0.0,0.0,0.0,0.0,,,2024-02
2024-02-01,CEA22,75.0,75.0,72.0,73.81,1.67,83000.0,6126000.0,83000.0,6126000.0,0.0,0.0,,,2024-02
2024-02-02,CEA19-20,71.0,75.0,71.0,75.0,5.63,163008.0,12875568.0,33008.0,2475568.0,130000.0,10400000.0,,,2024-02
2024-02-02,CEA21,72.0,72.0,72.0,72.0,0.0,0.0,0.0,0.0,0.0,0.0,0.0,,,2024-02
2024-02-02,CEA22,76.0,78.0,76.0,76.59,3.77,540000.0,29563764.0,40000.0,3063764.0,500000.0,26500000.0,,,2024-02
2024-02-05,CEA19-20,76.0,76.0,76.0,76.0,1.33,8.0,608.0,8.0,608.0,0.0,0.0,,,2024-02
2024-02-05,CEA21,72.0,72.0,72.0,72.0,0.0,0.0,0.0,0.0,0.0,0.0,0.0,,,2024-02
2024-02-05,CEA22,76.59,76.59,76.59,76.59,0.0,0.0,0.0,0.0,0.0,0.0,0.0,,,2024-02
2024-02-06,CEA19-20,76.0,76.0,76.0,76.0,0.0,8.0,608.0,8.0,608.0,0.0,0.0,,,2024-02
2024-02-06,CEA21,72.0,72.0,72.0,72.0,0.0,0.0,0.0,0.0,0.0,0.0,0.0,,,2024-02
2024-02-06,CEA22,76.59,76.59,76.59,76.59,0.0,0.0,0.0,0.0,0.0,0.0,0.0,,,2024-02
2024-02-07,CEA19-20,76.0,76.0,76.0,76.0,0.0,0.0,0.0,0.0,0.0,0.0,0.0,,,2024-02
2024-02-07,CEA21,72.0,72.0,72.0,72.0,0.0,0.0,0.0,0.0,0.0,0.0,0.0,,,2024-02
2024-02-07,CEA22,76.0,76.0,76.0,76.0,0.77,20000.0,1520000.0,20000.0,1520000.0,0.0,0.0,,,2024-02
2024-02-08,CEA19-20,76.0,76.0,76.0,76.0,0.0,5.0,380.0,5.0,380.0,0.0,0.0,,,2024-02
2024-02-08,CEA21,72.0,72.0,72.0,72.0,0.0,0.0,0.0,0.0,0.0,0.0,0.0,,,2024-02
2024-02-08,CEA22,76.0,76.0,76.0,76.0,0.0,0.0,0.0,0.0,0.0,0.0,0.0,,,2024-02
2024-02-19,CEA19-20,76.0,76.0,76.0,76.0,0.0,5.0,380.0,5.0,380.0,0.0,0.0,,,2024-02
2024-02-19,CEA21,72.0,72.0,72.0,72.0,0.0,0.0,0.0,0.0,0.0,0.0,0.0,,,2024-02
2024-02-19,CEA22,76.0,76.0,76.0,76.0,0.0,0.0,0.0,0.0,0.0,0.0,0.0,,,2024-02
2024-02-20,CEA19-20,80.0,80.0,80.0,80.0,5.26,124481.0,9958480.0,124481.0,9958480.0,0.0,0.0,,,2024-02
2024-02-20,CEA21,72.0,72.0,72.0,72.0,0.0,0.0,0.0,0.0,0.0,0.0,0.0,,,2024-02
2024-02-20,CEA22,80.0,80.0,80.0,80.0,5.26,62103.0,4968240.0,62103.0,4968240.0,0.0,0.0,,,2024-02
2024-02-21,CEA19-20,82.5,82.5,82.5,82.5,3.13,20000.0,1650000.0,20000.0,1650000.0,0.0,0.0,,,2024-02
2024-02-21,CEA21,72.0,72.0,72.0,72.0,0.0,0.0,0.0,0.0,0.0,0.0,0.0,,,2024-02
2024-02-21,CEA22,82.5,83.0,82.5,82.6,3.25,12599.0,1040717.0,12599.0,1040717.0,0.0,0.0,,,2024-02
2024-02-22,CEA19-20,82.5,83.0,82.5,83.0,0.61,20852.0,1730666.0,20852.0,1730666.0,0.0,0.0,,,2024-02
2024-02-22,CEA21,72.0,72.0,72.0,72.0,0.0,0.0,0.0,0.0,0.0,0.0,0.0,,,2024-02
2024-02-22,CEA22,83.0,83.0,83.0,83.0,0.48,10000.0,830000.0,10000.0,830000.0,0.0,0.0,,,2024-02
2024-02-23,CEA19-20,83.0,83.0,83.0,83.0,0.0,0.0,0.0,0.0,0.0,0.0,,,,2024-02
2024-02-23,CEA21,72.0,72.0,72.0,72.0,0.0,109085.0,8781342.5,0.0,0.0,109085.0,8781342.5,,,2024-02
2024-02-23,CEA22,80.0,80.0,80.0,80.0,3.61,115970.0,9277600.0,115970.0,9277600.0,0.0,0.0,,,2024-02
2024-02-26,CEA19-20,83.0,83.0,83.0,83.0,0.0,0.0,0.0,0.0,0.0,0.0,0.0,,,2024-02
2024-02-26,CEA21,72.0,72.0,72.0,72.0,0.0,0.0,0.0,0.0,0.0,0.0,0.0,,,2024-02
2024-02-26,CEA22,84.0,84.0,80.0,82.73,3.41,15714.0,1299976.0,15714.0,1299976.0,0.0,0.0,,,2024-02
2024-02-27,CEA19-20,83.0,83.0,83.0,83.0,0.0,0.0,0.0,0.0,0.0,0.0,0.0,,,2024-02
2024-02-27,CEA21,72.0,72.0,72.0,72.0,0.0,0.0,0.0,0.0,0.0,0.0,0.0,,,2024-02
2024-02-27,CEA22,82.0,82.73,82.0,82.38,0.42,340939.0,26971902.5,40845.0,3364758.5,300094.0,23607144.0,,,2024-02
2024-02-28,CEA19-20,84.0,84.0,84.0,84.0,1.2,5000.0,420000.0,5000.0,420000.0,0.0,0.0,,,2024-02
2024-02-28,CEA21,72.0,72.0,72.0,72.0,0.0,0.0,0.0,0.0,0.0,0.0,0.0,,,2024-02
2024-02-28,CEA22,79.24,84.0,79.24,82.41,0.04,431851.0,35962658.04,230371.0,18983898.04,201480.0,16978760.0,,,2024-02
2024-02-29,CEA19-20,87.0,87.0,87.0,87.0,3.57,4998.0,434826.0,4998.0,434826.0,0.0,0.0,,,2024-02
2024-02-29,CEA21,72.0,72.0,72.0,72.0,0.0,0.0,0.0,0.0,0.0,0.0,0.0,,,2024-02
2024-02-29,CEA22,84.0,87.0,80.0,85.93,4.27,326400.0,28047400.0,326400.0,28047400.0,0.0,0.0,,,2024-02
2024-03-01,CEA19-20,82.0,82.0,82.0,82.0,5.75,500.0,41000.0,500.0,41000.0,0.0,0.0,,,2024-03
2024-03-01,CEA21,72.0,72.0,72.0,72.0,0.0,0.0,0.0,0.0,0.0,0.0,0.0,,,2024-03
2024-03-01,CEA22,85.0,85.0,85.0,85.0,1.08,184135.0,15651475.0,184135.0,15651475.0,0.0,0.0,,,2024-03
2024-03-04,CEA19-20,85.1,85.5,85.1,85.34,4.07,3300.0,281630.0,3300.0,281630.0,0.0,0.0,,,2024-03
2024-03-04,CEA21,72.0,72.0,72.0,72.0,0.0,0.0,0.0,0.0,0.0,0.0,0.0,,,2024-03
2024-03-04,CEA22,85.5,85.5,85.5,85.5,0.59,3000.0,256500.0,3000.0,256500.0,0.0,0.0,,,2024-03
2024-03-05,CEA19-20,85.4,85.6,85.4,85.5,0.19,3000.0,256500.0,3000.0,256500.0,0.0,0.0,,,2024-03
2024-03-05,CEA21,72.0,72.0,72.0,72.0,0.0,0.0,0.0,0.0,0.0,0.0,0.0,,,2024-03
2024-03-05,CEA22,85.5,86.0,85.0,85.42,0.09,94608.0,8081327.5,94608.0,8081327.5,0.0,0.0,,,2024-03
2024-03-06,CEA19-20,77.0,85.94,77.0,82.58,3.42,160473.0,13251469.5,160473.0,13251469.5,0.0,0.0,,,2024-03
2024-03-06,CEA21,79.2,79.2,79.2,79.2,10.0,10.0,792.0,10.0,792.0,0.0,0.0,,,2024-03
2024-03-06,CEA22,85.6,85.6,85.6,85.6,0.21,168913.0,13834952.8,8913.0,762952.8,160000.0,13072000.0,,,2024-03
2024-03-07,CEA19-20,85.0,85.0,85.0,85.0,2.93,5.0,425.0,5.0,425.0,0.0,0.0,,,2024-03
2024-03-07,CEA21,79.2,79.2,79.2,79.2,0.0,0.0,0.0,0.0,0.0,0.0,0.0,,,2024-03
2024-03-07,CEA22,85.6,85.6,85.6,85.6,0.0,160000.0,13888000.0,0.0,0.0,160000.0,13888000.0,,,2024-03
2024-03-08,CEA19-20,85.6,85.86,85.6,85.78,0.92,270000.0,23161400.0,270000.0,23161400.0,0.0,0.0,,,2024-03
2024-03-08,CEA21,79.2,79.2,79.2,79.2,0.0,0.0,0.0,0.0,0.0,0.0,0.0,,,2024-03
2024-03-08,CEA22,85.0,85.0,85.0,85.0,0.7,160000.0,13138000.0,20000.0,1700000.0,140000.0,11438000.0,,,2024-03
2024-03-11,CEA19-20,85.1,85.1,85.1,85.1,0.79,350.0,29785.0,350.0,29785.0,0.0,0.0,,,2024-03
2024-03-11,CEA21,79.2,79.2,79.2,79.2,0.0,0.0,0.0,0.0,0.0,0.0,0.0,,,2024-03
2024-03-11,CEA22,85.0,85.0,85.0,85.0,0.0,511900.0,42416500.0,11900.0,1011500.0,500000.0,41405000.0,,,2024-03
2024-03-12,CEA19-20,85.86,85.86,85.86,85.86,0.89,100000.0,8586000.0,100000.0,8586000.0,0.0,0.0,,,2024-03
2024-03-12,CEA21,85.0,85.0,85.0,85.0,7.32,10000.0,850000.0,10000.0,850000.0,0.0,0.0,,,2024-03
2024-03-12,CEA22,85.0,86.0,85.0,85.85,1.0,198700.0,17163500.0,58700.0,5039500.0,140000.0,12124000.0,,,2024-03
2024-03-13,CEA19-20,85.86,85.86,85.86,85.86,0.0,0.0,0.0,0.0,0.0,0.0,0.0,,,2024-03
2024-03-13,CEA21,85.0,85.0,85.0,85.0,0.0,0.0,0.0,0.0,0.0,0.0,0.0,,,2024-03
2024-03-13,CEA22,86.0,87.5,86.0,86.98,1.32,107110.0,9316581.0,107110.0,9316581.0,0.0,0.0,,,2024-03
2024-03-14,CEA19-20,85.0,85.0,80.0,80.12,6.69,100215.0,8527225.0,215.0,17225.0,100000.0,8510000.0,,,2024-03
2024-03-14,CEA21,80.0,80.0,80.0,80.0,5.88,210.0,16800.0,210.0,16800.0,0.0,0.0,,,2024-03
2024-03-14,CEA22,80.0,80.0,80.0,80.0,8.02,210.0,16800.0,210.0,16800.0,0.0,0.0,,,2024-03
2024-03-15,CEA19-20,80.0,80.0,80.0,80.0,0.15,100.0,0.0,100.0,8000.0,0.0,0.0,,,2024-03
2024-03-15,CEA21,80.0,80.0,80.0,80.0,0.0,0.0,0.0,0.0,0.0,0.0,0.0,,,2024-03
2024-03-15,CEA22,80.0,80.0,80.0,80.0,0.0,0.0,0.0,0.0,0.0,0.0,0.0,,,2024-03
2024-03-18,CEA19-20,80.0,80.0,80.0,80.0,0.0,0.0,0.0,0.0,0.0,0.0,0.0,,,2024-03
2024-03-18,CEA21,80.0,80.0,80.0,80.0,0.0,0.0,0.0,0.0,0.0,0.0,0.0,,,2024-03
2024-03-18,CEA22,78.5,81.5,78.5,81.49,1.86,50100.0,4082850.0,50100.0,4082850.0,0.0,0.0,,,2024-03
2024-03-19,CEA19-20,80.0,80.0,80.0,80.0,0.0,0.0,0.0,0.0,0.0,0.0,0.0,,,2024-03
2024-03-19,CEA21,81.5,81.5,81.5,81.5,1.88,11359.0,925758.5,11359.0,925758.5,0.0,0.0,,,2024-03
2024-03-19,CEA22,79.0,81.5,79.0,81.49,0.0,42088.0,3429922.0,42088.0,3429922.0,0.0,0.0,,,2024-03
2024-03-20,CEA19-20,80.0,80.0,80.0,80.0,0.0,0.0,0.0,0.0,0.0,0.0,0.0,,,2024-03
2024-03-20,CEA21,86.8,88.0,86.8,87.48,7.34,26359.0,2305961.2,26359.0,2305961.2,0.0,0.0,,,2024-03
2024-03-20,CEA22,86.8,88.0,86.8,87.17,6.97,32841.0,2862598.8,32841.0,2862598.8,0.0,0.0,,,2024-03
2024-03-21,CEA19-20,80.0,80.0,80.0,80.0,0.0,0.0,0.0,0.0,0.0,0.0,0.0,,,2024-03
2024-03-21,CEA21,85.5,85.5,85.5,85.5,2.26,100.0,8550.0,100.0,8550.0,0.0,0.0,,,2024-03
2024-03-21,CEA22,86.0,86.0,86.0,86.0,1.34,30000.0,2580000.0,30000.0,2580000.0,0.0,0.0,,,2024-03
2024-03-22,CEA19-20,80.0,80.0,80.0,80.0,0.0,5.0,400.0,5.0,400.0,0.0,0.0,,,2024-03
2024-03-22,CEA21,85.5,85.5,85.5,85.5,0.0,0.0,0.0,0.0,0.0,0.0,0.0,,,2024-03
2024-03-22,CEA22,86.0,86.0,86.0,86.0,0.0,0.0,0.0,0.0,0.0,0.0,0.0,,,2024-03
2024-03-25,CEA19-20,80.0,85.0,80.0,82.5,3.13,2000.0,165000.0,2000.0,165000.0,0.0,0.0,,,2024-03
2024-03-25,CEA21,88.0,88.0,88.0,88.0,2.92,4000.0,352000.0,4000.0,352000.0,0.0,0.0,,,2024-03
2024-03-25,CEA22,83.0,89.0,83.0,85.75,0.29,40000.0,3430000.0,40000.0,3430000.0,0.0,0.0,,,2024-03
2024-03-26,CEA19-20,82.5,82.5,82.5,82.5,0.0,403701.0,35929389.0,0.0,0.0,403701.0,35929389.0,,,2024-03
2024-03-26,CEA21,88.0,88.0,88.0,88.0,0.0,123821.0,11020069.0,0.0,0.0,123821.0,11020069.0,,,2024-03
2024-03-26,CEA22,87.0,89.0,87.0,87.39,1.91,51420.0,4493544.0,51420.0,4493544.0,0.0,0.0,,,2024-03
2024-03-27,CEA19-20,80.0,90.0,80.0,90.0,9.09,20005.0,1800400.0,20005.0,1800400.0,0.0,0.0,,,2024-03
2024-03-27,CEA21,89.0,89.0,89.0,89.0,1.14,44373.0,3949197.0,44373.0,3949197.0,0.0,0.0,,,2024-03
2024-03-27,CEA22,89.0,90.0,89.0,89.91,2.88,60975.0,5482307.0,60975.0,5482307.0,0.0,0.0,,,2024-03
2024-03-28,CEA19-20,89.0,89.0,89.0,89.0,1.11,878.0,78142.0,878.0,78142.0,0.0,0.0,,,2024-03
2024-03-28,CEA21,89.0,89.0,89.0,89.0,0.0,0.0,0.0,0.0,0.0,0.0,0.0,,,2024-03
2024-03-28,CEA22,92.0,92.0,92.0,92.0,2.32,2173.0,199916.0,2173.0,199916.0,0.0,0.0,,,2024-03
2024-03-29,CEA19-20,85.0,91.0,85.0,90.97,2.21,10050.0,914250.0,10050.0,914250.0,0.0,0.0,,,2024-03
2024-03-29,CEA21,89.0,89.0,89.0,89.0,0.0,0.0,0.0,0.0,0.0,0.0,0.0,,,2024-03
2024-03-29,CEA22,92.0,92.0,92.0,92.0,0.0,0.0,0.0,0.0,0.0,0.0,0.0,,,2024-03
2024-04-01,CEA19-20,90.97,90.97,90.97,90.97,0.0,5.0,454.85,5.0,454.85,0.0,0.0,,,2024-04
2024-04-01,CEA21,89.0,89.0,89.0,89.0,0.0,0.0,0.0,0.0,0.0,0.0,0.0,,,2024-04
2024-04-01,CEA22,92.0,92.0,92.0,92.0,0.0,0.0,0.0,0.0,0.0,0.0,0.0,,,2024-04
2024-04-02,CEA19-20,86.8,90.97,86.8,87.0,4.36,80005.0,6960454.85,80005.0,6960454.85,0.0,0.0,,,2024-04
2024-04-02,CEA21,89.0,89.0,89.0,89.0,0.0,0.0,0.0,0.0,0.0,0.0,0.0,,,2024-04
2024-04-02,CEA22,87.0,92.0,87.0,87.56,4.83,45000.0,3940000.0,45000.0,3940000.0,0.0,0.0,,,2024-04
2024-04-03,CEA19-20,87.0,87.0,87.0,87.0,0.0,0.0,0.0,0.0,0.0,0.0,0.0,,,2024-04
2024-04-03,CEA21,89.0,89.0,89.0,89.0,0.0,0.0,0.0,0.0,0.0,0.0,0.0,,,2024-04
2024-04-03,CEA22,87.0,87.0,87.0,87.0,0.64,39998.0,3479826.0,39998.0,3479826.0,0.0,0.0,,,2024-04
2024-04-08,CEA19-20,87.0,87.0,87.0,87.0,0.0,0.0,0.0,0.0,0.0,0.0,0.0,,,2024-04
2024-04-08,CEA21,89.0,89.0,89.0,89.0,0.0,0.0,0.0,0.0,0.0,0.0,0.0,,,2024-04
2024-04-08,CEA22,86.0,87.0,86.0,86.86,0.16,195776.0,16753093.28,58000.0,5038000.0,137776.0,11715093.28,,,2024-04
2024-04-09,CEA19-20,87.0,87.0,87.0,87.0,0.0,0.0,0.0,0.0,0.0,0.0,0.0,,,2024-04
2024-04-09,CEA21,89.12,89.12,89.12,89.12,0.13,40000.0,3564800.0,40000.0,3564800.0,0.0,0.0,,,2024-04
2024-04-09,CEA22,89.12,89.12,86.0,88.94,2.39,747993.0,66585776.16,52993.0,4713376.16,695000.0,61872400.0,,,2024-04
2024-04-10,CEA19-20,87.0,87.0,87.0,87.0,0.0,0.0,0.0,0.0,0.0,0.0,0.0,,,2024-04
2024-04-10,CEA21,89.12,89.12,89.12,89.12,0.0,0.0,0.0,0.0,0.0,0.0,0.0,,,2024-04
2024-04-10,CEA22,83.0,83.0,83.0,83.0,6.68,915100.0,81169800.0,100.0,8300.0,915000.0,81161500.0,,,2024-04
2024-04-11,CEA19-20,87.0,87.0,87.0,87.0,0.0,0.0,0.0,0.0,0.0,0.0,0.0,,,2024-04
2024-04-11,CEA21,89.12,89.12,89.12,89.12,0.0,0.0,0.0,0.0,0.0,0.0,0.0,,,2024-04
2024-04-11,CEA22,90.0,90.0,85.1,87.57,5.51,73571.0,6442373.4,73571.0,6442373.4,0.0,0.0,,,2024-04
2024-04-12,CEA19-20,92.0,92.0,92.0,92.0,5.75,6000.0,552000.0,6000.0,552000.0,0.0,0.0,,,2024-04
2024-04-12,CEA21,90.5,92.0,90.5,91.54,2.72,327300.0,29559040.0,27300.0,2499040.0,300000.0,27060000.0,,,2024-04
2024-04-12,CEA22,91.5,92.0,91.5,91.97,5.02,51000.0,4690600.0,51000.0,4690600.0,0.0,0.0,,,2024-04
2024-04-15,CEA19-20,92.0,92.0,92.0,92.0,0.0,0.0,0.0,0.0,0.0,0.0,0.0,,,2024-04
2024-04-15,CEA21,95.0,95.0,95.0,95.0,3.78,26.0,2470.0,26.0,2470.0,0.0,0.0,,,2024-04
2024-04-15,CEA22,90.0,90.0,90.0,90.0,2.14,2000.0,180000.0,2000.0,180000.0,0.0,0.0,,,2024-04
2024-04-16,CEA19-20,90.1,90.1,90.1,90.1,2.07,800.0,72080.0,800.0,72080.0,0.0,0.0,,,2024-04
2024-04-16,CEA21,89.6,89.6,89.6,89.6,5.68,1000.0,89600.0,1000.0,89600.0,0.0,0.0,,,2024-04
2024-04-16,CEA22,89.0,89.0,89.0,89.0,1.11,131000.0,12244000.0,1000.0,89000.0,130000.0,12155000.0,,,2024-04
2024-04-17,CEA19-20,87.8,93.2,87.8,93.15,3.39,60600.0,0.0,60600.0,5644680.0,0.0,0.0,,,2024-04
2024-04-17,CEA21,90.0,90.0,90.0,90.0,0.45,77.0,0.0,77.0,6930.0,0.0,0.0,,,2024-04
2024-04-17,CEA22,88.6,88.6,88.6,88.6,0.45,157632.0,0.0,1600.0,141760.0,156032.0,14198912.0,,,2024-04
2024-04-18,CEA19-20,93.15,93.15,93.15,93.15,0.0,0.0,0.0,0.0,0.0,0.0,0.0,,,2024-04
2024-04-18,CEA21,92.0,92.0,92.0,92.0,2.22,50000.0,4600000.0,50000.0,4600000.0,0.0,0.0,,,2024-04
2024-04-18,CEA22,85.5,93.5,85.5,92.71,4.64,222915.0,20711087.5,70001.0,6490085.5,152914.0,14221002.0,,,2024-04
2024-04-19,CEA19-20,93.15,93.15,93.15,93.15,0.0,0.0,0.0,0.0,0.0,0.0,0.0,,,2024-04
2024-04-19,CEA21,94.0,97.0,94.0,95.5,3.8,60000.0,5730000.0,60000.0,5730000.0,0.0,0.0,,,2024-04
2024-04-19,CEA22,93.5,96.0,93.5,94.53,1.96,113151.0,10696194.0,113151.0,10696194.0,0.0,0.0,,,2024-04
2024-04-22,CEA19-20,95.0,95.0,90.1,90.25,3.11,25057.0,2261452.8,25057.0,2261452.8,0.0,0.0,,,2024-04
2024-04-22,CEA21,100.0,100.0,100.0,100.0,4.71,152031.0,13943004.8,49999.0,4999900.0,102032.0,8943104.8,,,2024-04
2024-04-22,CEA22,100.0,100.0,89.0,98.53,4.23,539345.0,48159385.6,81441.0,8024100.0,457904.0,40135285.6,,,2024-04
2024-04-23,CEA19-20,95.0,99.28,95.0,98.97,9.66,10779.0,1066805.0,10779.0,1066805.0,0.0,0.0,,,2024-04
2024-04-23,CEA21,100.0,100.0,100.0,100.0,0.0,0.0,0.0,0.0,0.0,0.0,0.0,,,2024-04
2024-04-23,CEA22,99.5,100.0,99.5,99.84,1.33,97000.0,9684000.0,97000.0,9684000.0,0.0,0.0,,,2024-04
2024-04-24,CEA19-20,100.6,100.6,99.76,100.52,1.57,38526.0,3872818.44,38526.0,3872818.44,0.0,0.0,,,2024-04
2024-04-24,CEA21,100.6,100.6,99.76,100.08,0.08,26141.0,2616306.8,26141.0,2616306.8,0.0,0.0,,,2024-04
2024-04-24,CEA22,99.6,105.0,96.5,101.17,1.33,383616.0,38810552.0,383616.0,38810552.0,0.0,0.0,,,2024-04
2024-04-25,CEA19-20,105.0,105.0,105.0,105.0,4.46,19062.0,2001510.0,19062.0,2001510.0,0.0,0.0,,,2024-04
2024-04-25,CEA21,100.08,100.08,100.08,100.08,0.0,0.0,0.0,0.0,0.0,0.0,0.0,,,2024-04
2024-04-25,CEA22,98.6,105.0,98.6,102.16,0.98,508919.0,52378124.6,308919.0,31558124.6,200000.0,20820000.0,,,2024-04
2024-04-26,CEA19-20,105.0,105.0,105.0,105.0,0.0,0.0,0.0,0.0,0.0,0.0,0.0,,,2024-04
2024-04-26,CEA21,100.08,100.08,100.08,100.08,0.0,0.0,0.0,0.0,0.0,0.0,0.0,,,2024-04
2024-04-26,CEA22,102.1,103.0,102.1,102.38,0.22,716953.0,70818179.0,210953.0,21598179.0,506000.0,49220000.0,,,2024-04
2024-04-29,CEA19-20,105.0,105.0,105.0,105.0,0.0,0.0,0.0,0.0,0.0,0.0,0.0,,,2024-04
2024-04-29,CEA21,103.0,103.0,103.0,103.0,2.92,21711.0,2236233.0,21711.0,2236233.0,0.0,0.0,,,2024-04
2024-04-29,CEA22,101.5,104.0,101.5,102.41,0.03,560329.0,55248892.0,160329.0,16418892.0,400000.0,38830000.0,,,2024-04
2024-04-30,CEA19-20,105.0,105.0,105.0,105.0,0.0,0.0,0.0,0.0,0.0,0.0,0.0,,,2024-04
2024-04-30,CEA21,103.0,103.0,103.0,103.0,0.0,0.0,0.0,0.0,0.0,0.0,0.0,,,2024-04
2024-04-30,CEA22,101.0,101.0,101.0,101.0,1.38,104950.0,9549950.0,4950.0,499950.0,100000.0,9050000.0,,,2024-04
2024-05-06,CEA19-20,105.0,105.0,105.0,105.0,0.0,5.0,525.0,5.0,525.0,0.0,0.0,,,2024-05
2024-05-06,CEA21,103.0,103.0,103.0,103.0,0.0,0.0,0.0,0.0,0.0,0.0,0.0,,,2024-05
2024-05-06,CEA22,101.0,101.0,101.0,101.0,0.0,0.0,0.0,0.0,0.0,0.0,0.0,,,2024-05
2024-05-07,CEA19-20,105.0,105.0,105.0,105.0,0.0,5.0,525.0,5.0,525.0,0.0,0.0,,,2024-05
2024-05-07,CEA21,100.0,100.0,100.0,100.0,2.91,12000.0,1200000.0,12000.0,1200000.0,0.0,0.0,,,2024-05
2024-05-07,CEA22,100.0,100.0,100.0,100.0,0.99,3000.0,300000.0,3000.0,300000.0,0.0,0.0,,,2024-05
2024-05-08,CEA19-20,105.0,105.0,105.0,105.0,0.0,0.0,0.0,0.0,0.0,0.0,0.0,,,2024-05
2024-05-08,CEA21,100.0,100.0,100.0,100.0,0.0,0.0,0.0,0.0,0.0,0.0,0.0,,,2024-05
2024-05-08,CEA22,97.5,98.5,97.5,98.27,1.73,117192.0,11516220.0,117192.0,11516220.0,0.0,0.0,,,2024-05
2024-05-09,CEA19-20,96.0,96.0,96.0,96.0,8.57,50.0,4800.0,50.0,4800.0,0.0,0.0,,,2024-05
2024-05-09,CEA21,100.0,100.0,100.0,100.0,0.0,1000.0,100000.0,1000.0,100000.0,0.0,0.0,,,2024-05
2024-05-09,CEA22,98.27,98.27,98.27,98.27,0.0,108000.0,9914400.0,0.0,0.0,108000.0,9914400.0,,,2024-05
2024-05-10,CEA19-20,96.0,96.0,96.0,96.0,0.0,5.0,480.0,5.0,480.0,0.0,0.0,,,2024-05
2024-05-10,CEA21,100.0,100.0,100.0,100.0,0.0,1000.0,100000.0,1000.0,100000.0,0.0,0.0,,,2024-05
2024-05-10,CEA22,101.0,101.0,101.0,101.0,2.78,5.0,505.0,5.0,505.0,0.0,0.0,,,2024-05
2024-05-13,CEA19-20,96.0,96.0,96.0,96.0,0.0,5.0,480.0,5.0,480.0,0.0,0.0,,,2024-05
2024-05-13,CEA21,100.0,100.0,100.0,100.0,0.0,0.0,0.0,0.0,0.0,0.0,0.0,,,2024-05
2024-05-13,CEA22,95.0,95.0,95.0,95.0,5.94,50.0,4750.0,50.0,4750.0,0.0,0.0,,,2024-05
2024-05-14,CEA19-20,96.0,96.0,96.0,96.0,0.0,0.0,0.0,0.0,0.0,0.0,0.0,,,2024-05
2024-05-14,CEA21,95.0,100.0,95.0,97.5,2.5,100.0,9750.0,100.0,9750.0,0.0,0.0,,,2024-05
2024-05-14,CEA22,92.0,104.1,92.0,100.03,5.29,150.0,15005.0,150.0,15005.0,0.0,0.0,,,2024-05
2024-05-15,CEA19-20,96.0,98.0,96.0,96.67,0.7,3000.0,290000.0,3000.0,290000.0,0.0,0.0,,,2024-05
2024-05-15,CEA21,97.5,97.5,97.5,97.5,0.0,0.0,0.0,0.0,0.0,0.0,0.0,,,2024-05
2024-05-15,CEA22,95.0,104.2,95.0,98.1,1.93,210.0,20602.0,210.0,20602.0,0.0,0.0,,,2024-05
2024-05-16,CEA19-20,96.67,96.67,96.67,96.67,0.0,5.0,483.35,5.0,483.35,0.0,0.0,,,2024-05
2024-05-16,CEA21,97.5,97.5,97.5,97.5,0.0,0.0,0.0,0.0,0.0,0.0,0.0,,,2024-05
2024-05-16,CEA22,104.0,104.0,104.0,104.0,6.01,100.0,10400.0,100.0,10400.0,0.0,0.0,,,2024-05
2024-05-17,CEA19-20,97.5,97.5,96.67,97.1,0.44,12505.0,1214233.35,12505.0,1214233.35,0.0,0.0,,,2024-05
2024-05-17,CEA21,97.5,97.5,97.5,97.5,0.0,0.0,0.0,0.0,0.0,0.0,0.0,,,2024-05
2024-05-17,CEA22,104.0,104.0,104.0,104.0,0.0,130000.0,9620000.0,130000.0,9620000.0,0.0,0.0,,,2024-05
2024-05-20,CEA19-20,97.0,97.0,97.0,97.0,0.1,3700.0,0.0,3700.0,358900.0,0.0,0.0,,,2024-05
2024-05-20,CEA21,97.5,97.5,97.5,97.5,0.0,0.0,0.0,0.0,0.0,0.0,0.0,,,2024-05
2024-05-20,CEA22,97.5,97.5,95.0,97.47,6.28,269959.0,0.0,139959.0,13641502.5,130000.0,12807600.0,,,2024-05
2024-05-21,CEA19-20,97.0,97.0,97.0,97.0,0.0,0.0,0.0,0.0,0.0,0.0,0.0,,,2024-05
2024-05-21,CEA21,101.0,101.0,101.0,101.0,3.59,100.0,10100.0,100.0,10100.0,0.0,0.0,,,2024-05
2024-05-21,CEA22,95.0,96.0,95.0,95.17,2.36,256600.0,21571100.0,600.0,57100.0,256000.0,21514000.0,,,2024-05
2024-05-22,CEA19-20,97.0,97.8,97.0,97.79,0.81,62005.0,6063485.0,62005.0,6063485.0,0.0,0.0,,,2024-05
2024-05-22,CEA21,101.0,101.0,101.0,101.0,0.0,0.0,0.0,0.0,0.0,0.0,0.0,,,2024-05
2024-05-22,CEA22,102.0,102.0,102.0,102.0,7.18,200050.0,19555100.0,50.0,5100.0,200000.0,19550000.0,,,2024-05
2024-05-23,CEA19-20,97.79,97.79,97.79,97.79,0.0,0.0,0.0,0.0,0.0,0.0,0.0,,,2024-05
2024-05-23,CEA21,101.0,101.0,101.0,101.0,0.0,0.0,0.0,0.0,0.0,0.0,0.0,,,2024-05
2024-05-23,CEA22,95.5,98.0,95.5,96.75,5.15,174000.0,14241000.0,60000.0,5805000.0,114000.0,8436000.0,,,2024-05
2024-05-24,CEA19-20,97.79,97.79,97.79,97.79,0.0,1005.0,98275.0,1005.0,98275.0,0.0,0.0,,,2024-05
2024-05-24,CEA21,101.0,101.0,101.0,101.0,0.0,0.0,0.0,0.0,0.0,0.0,0.0,,,2024-05
2024-05-24,CEA22,94.0,100.0,94.0,98.13,1.43,144500.0,14167000.0,44500.0,4367000.0,100000.0,9800000.0,,,2024-05
2024-05-27,CEA19-20,98.0,98.0,98.0,98.0,0.21,2000.0,196000.0,2000.0,196000.0,0.0,0.0,,,2024-05
2024-05-27,CEA21,101.0,101.0,101.0,101.0,0.0,0.0,0.0,0.0,0.0,0.0,0.0,,,2024-05
2024-05-27,CEA22,95.0,98.13,95.0,97.5,0.64,5000.0,487520.0,5000.0,487520.0,0.0,0.0,,,2024-05
2024-05-28,CEA19-20,98.0,98.0,98.0,98.0,0.0,2300.0,225400.0,2300.0,225400.0,0.0,0.0,,,2024-05
2024-05-28,CEA21,96.0,96.0,96.0,96.0,4.95,20.0,1920.0,20.0,1920.0,0.0,0.0,,,2024-05
2024-05-28,CEA22,97.5,97.5,97.5,97.5,0.0,100000.0,9800000.0,0.0,0.0,100000.0,9800000.0,,,2024-05
2024-05-29,CEA19-20,98.2,98.2,93.0,96.42,1.61,146.0,14077.2,146.0,14077.2,0.0,0.0,,,2024-05
2024-05-29,CEA21,93.0,93.0,93.0,93.0,3.13,50.0,4650.0,50.0,4650.0,0.0,0.0,,,2024-05
2024-05-29,CEA22,98.0,98.0,95.5,95.92,1.62,869364.0,84762895.0,60.0,5755.0,869304.0,84757140.0,,,2024-05
2024-05-30,CEA19-20,96.42,96.42,92.0,92.61,3.95,58.0,5371.36,58.0,5371.36,0.0,0.0,,,2024-05
2024-05-30,CEA21,93.0,93.0,93.0,93.0,0.0,50.0,4650.0,50.0,4650.0,0.0,0.0,,,2024-05
2024-05-30,CEA22,95.92,95.92,95.92,95.92,0.0,0.0,0.0,0.0,0.0,0.0,0.0,,,2024-05
2024-05-31,CEA19-20,92.0,92.0,92.0,92.0,0.66,50.0,4600.0,50.0,4600.0,0.0,0.0,,,2024-05
2024-05-31,CEA21,92.5,92.5,92.5,92.5,0.54,100050.0,9774625.0,50.0,4625.0,100000.0,9770000.0,,,2024-05
2024-05-31,CEA22,95.3,95.3,95.2,95.2,0.75,302100.0,29309930.0,2100.0,199930.0,300000.0,29110000.0,,,2024-05
2024-06-03,CEA19-20,88.0,98.0,88.0,97.9,6.41,2028.0,198531.36,2028.0,198531.36,0.0,0.0,,,2024-06
2024-06-03,CEA21,92.5,92.5,92.5,92.5,0.0,18739.0,1733357.5,18739.0,1733357.5,0.0,0.0,,,2024-06
2024-06-03,CEA22,97.0,97.9,96.6,96.74,1.62,583000.0,56572450.0,103000.0,9964450.0,480000.0,46608000.0,,,2024-06
2024-06-04,CEA19-20,90.0,90.0,90.0,90.0,8.07,10.0,900.0,10.0,900.0,0.0,0.0,,,2024-06
2024-06-04,CEA21,96.0,96.0,96.0,96.0,3.78,8612.0,826752.0,8612.0,826752.0,0.0,0.0,,,2024-06
2024-06-04,CEA22,96.5,96.74,96.0,96.68,0.06,67157.0,6492752.18,67157.0,6492752.18,0.0,0.0,,,2024-06
2024-06-05,CEA19-20,96.0,97.5,81.5,95.9,6.56,30208.0,2897080.0,30208.0,2897080.0,0.0,0.0,,,2024-06
2024-06-05,CEA21,96.0,96.0,96.0,96.0,0.0,0.0,0.0,0.0,0.0,0.0,0.0,,,2024-06
2024-06-05,CEA22,96.0,97.0,96.0,96.1,0.6,72233.0,6941868.0,72233.0,6941868.0,0.0,0.0,,,2024-06
2024-06-06,CEA19-20,93.5,93.5,93.5,93.5,2.5,8.0,748.0,8.0,748.0,0.0,0.0,,,2024-06
2024-06-06,CEA21,96.0,96.0,96.0,96.0,0.0,0.0,0.0,0.0,0.0,0.0,0.0,,,2024-06
2024-06-06,CEA22,96.8,96.8,96.8,96.8,0.73,10000.0,968000.0,10000.0,968000.0,0.0,0.0,,,2024-06
2024-06-07,CEA19-20,95.0,97.0,93.5,95.4,2.03,97008.0,9254748.0,97008.0,9254748.0,0.0,0.0,,,2024-06
2024-06-07,CEA21,96.0,96.0,96.0,96.0,0.0,21907.0,2103072.0,21907.0,2103072.0,0.0,,,,2024-06
2024-06-07,CEA22,96.8,96.8,96.8,96.8,0.0,0.0,0.0,0.0,0.0,0.0,0.0,,,2024-06
2024-06-11,CEA19-20,88.0,88.0,88.0,88.0,7.76,142.0,12496.0,142.0,12496.0,0.0,0.0,,,2024-06
2024-06-11,CEA21,94.0,94.0,94.0,94.0,2.08,10.0,940.0,10.0,940.0,0.0,0.0,,,2024-06
2024-06-11,CEA22,96.5,96.5,96.5,96.5,0.31,1000.0,96500.0,1000.0,96500.0,0.0,0.0,,,2024-06
2024-06-12,CEA19-20,96.0,96.0,96.0,96.0,9.09,17154.0,1646784.0,17154.0,1646784.0,0.0,0.0,,,2024-06
2024-06-12,CEA21,96.0,96.0,96.0,96.0,2.13,72846.0,6993216.0,72846.0,6993216.0,0.0,0.0,,,2024-06
2024-06-12,CEA22,96.5,96.5,96.5,96.5,0.0,0.0,0.0,0.0,0.0,0.0,0.0,,,2024-06
2024-06-13,CEA19-20,96.5,96.5,96.5,96.5,0.52,119.0,11483.5,119.0,11483.5,0.0,0.0,,,2024-06
2024-06-13,CEA21,96.5,96.5,96.5,96.5,0.52,2000.0,193000.0,2000.0,193000.0,0.0,0.0,,,2024-06
2024-06-13,CEA22,96.5,96.5,96.0,96.45,0.05,260534.0,25091031.0,10534.0,1016031.0,250000.0,24075000.0,,,2024-06
2024-06-14,CEA19-20,91.0,91.0,91.0,91.0,5.7,100.0,9100.0,100.0,9100.0,0.0,0.0,,,2024-06
2024-06-14,CEA21,96.5,96.5,96.5,96.5,0.0,2000.0,193000.0,2000.0,193000.0,0.0,0.0,,,2024-06
2024-06-14,CEA22,96.5,96.5,96.5,96.5,0.05,15000.0,1447500.0,15000.0,1447500.0,0.0,0.0,,,2024-06
2024-06-17,CEA19-20,91.0,91.0,91.0,91.0,0.0,0.0,0.0,0.0,0.0,0.0,0.0,,,2024-06
2024-06-17,CEA21,96.5,96.5,96.5,96.5,0.0,5.0,482.5,5.0,482.5,0.0,0.0,,,2024-06
2024-06-17,CEA22,96.5,96.5,96.5,96.5,0.0,4000.0,386000.0,4000.0,386000.0,0.0,0.0,,,2024-06
2024-06-18,CEA19-20,91.0,91.0,91.0,91.0,0.0,0.0,0.0,0.0,0.0,0.0,0.0,,,2024-06
2024-06-18,CEA21,96.5,96.5,96.5,96.5,0.0,1504.0,0.0,1504.0,145136.0,0.0,0.0,,,2024-06
2024-06-18,CEA22,96.5,96.5,96.0,96.01,0.51,23403.0,0.0,23403.0,2246889.5,0.0,0.0,,,2024-06
2024-06-19,CEA19-20,91.0,91.0,91.0,91.0,0.0,0.0,0.0,0.0,0.0,0.0,0.0,,,2024-06
2024-06-19,CEA21,92.0,92.0,92.0,92.0,4.66,500.0,46000.0,500.0,46000.0,0.0,0.0,,,2024-06
2024-06-19,CEA22,95.0,95.2,95.0,95.13,0.92,284361.0,20820167.61,61180.0,5820172.6,223181.0,14999995.01,,,2024-06
2024-06-20,CEA19-20,93.1,95.0,93.1,94.24,3.56,5000.0,471200.0,5000.0,471200.0,0.0,0.0,,,2024-06
2024-06-20,CEA21,88.0,88.0,88.0,88.0,4.35,10.0,880.0,10.0,880.0,0.0,0.0,,,2024-06
2024-06-20,CEA22,92.0,92.0,92.0,92.0,3.29,1000.0,92000.0,1000.0,92000.0,0.0,0.0,,,2024-06
2024-06-21,CEA19-20,92.0,97.5,92.0,92.14,2.23,308.0,28380.0,308.0,28380.0,0.0,0.0,,,2024-06
2024-06-21,CEA21,88.0,88.0,88.0,88.0,0.0,0.0,0.0,0.0,0.0,0.0,0.0,,,2024-06
2024-06-21,CEA22,91.0,95.0,91.0,94.16,2.35,51189.0,4819955.0,51189.0,4819955.0,0.0,0.0,,,2024-06
2024-06-24,CEA19-20,92.14,92.14,92.14,92.14,0.0,0.0,0.0,0.0,0.0,0.0,0.0,,,2024-06
2024-06-24,CEA21,88.0,88.0,88.0,88.0,0.0,0.0,0.0,0.0,0.0,0.0,0.0,,,2024-06
2024-06-24,CEA22,92.0,92.14,92.0,93.11,1.12,24000.0,2234700.0,24000.0,2234700.0,0.0,0.0,,,2024-06
2024-06-25,CEA19-20,85.0,85.0,85.0,85.0,7.75,10.0,850.0,10.0,850.0,0.0,0.0,,,2024-06
2024-06-25,CEA21,88.0,88.0,88.0,88.0,0.0,0.0,0.0,0.0,0.0,0.0,0.0,,,2024-06
2024-06-25,CEA22,93.21,94.0,93.21,93.64,0.57,769000.0,72061290.0,69000.0,6461290.0,700000.0,65600000.0,,,2024-06
2024-06-26,CEA19-20,92.0,92.0,92.0,92.0,8.24,100.0,9200.0,100.0,9200.0,0.0,0.0,,,2024-06
2024-06-26,CEA21,93.0,93.9,93.0,93.21,5.92,165000.0,14058500.0,65000.0,6058500.0,100000.0,8000000.0,,,2024-06
2024-06-26,CEA22,93.0,93.9,93.0,93.4,0.26,197000.0,18400200.0,197000.0,18400200.0,0.0,0.0,,,2024-06
2024-06-27,CEA19-20,90.1,90.1,90.1,90.1,2.07,10.0,901.0,10.0,901.0,0.0,0.0,,,2024-06
2024-06-27,CEA21,93.21,93.21,93.21,93.21,0.0,0.0,0.0,0.0,0.0,0.0,0.0,,,2024-06
2024-06-27,CEA22,93.8,93.8,92.0,93.08,0.34,827000.0,74513100.0,27000.0,2513100.0,800000.0,72000000.0,,,2024-06
2024-06-28,CEA19-20,86.0,86.0,86.0,86.0,4.55,10.0,860.0,10.0,860.0,0.0,0.0,,,2024-06
2024-06-28,CEA21,93.21,93.21,93.21,93.21,0.0,0.0,0.0,0.0,0.0,0.0,0.0,,,2024-06
2024-06-28,CEA22,93.0,93.4,91.1,92.78,0.32,351858.0,32200049.6,101858.0,9450049.6,250000.0,22750000.0,,,2024-06
2024-07-01,CEA19-20,84.0,84.0,84.0,84.0,2.33,10.0,840.0,10.0,840.0,0.0,0.0,,,2024-07
2024-07-01,CEA21,90.0,90.0,90.0,90.0,3.44,3000.0,270000.0,3000.0,270000.0,0.0,0.0,,,2024-07
2024-07-01,CEA22,90.0,93.0,90.0,91.13,1.78,8000.0,729000.0,8000.0,729000.0,0.0,0.0,,,2024-07
2024-07-02,CEA19-20,92.4,92.4,92.4,92.4,10.0,5000.0,462000.0,5000.0,462000.0,0.0,0.0,,,2024-07
2024-07-02,CEA21,90.0,90.0,90.0,90.0,0.0,3000.0,270000.0,3000.0,270000.0,0.0,0.0,,,2024-07
2024-07-02,CEA22,90.0,92.0,90.0,91.6,0.52,25000.0,2290000.0,25000.0,2290000.0,0.0,0.0,,,2024-07
2024-07-03,CEA19-20,92.4,92.4,92.4,92.4,0.0,0.0,0.0,0.0,0.0,0.0,0.0,,,2024-07
2024-07-03,CEA21,89.0,89.0,89.0,89.0,1.11,3000.0,267000.0,3000.0,267000.0,0.0,0.0,,,2024-07
2024-07-03,CEA22,89.0,92.0,89.0,91.0,0.66,165000.0,14865000.0,15000.0,1365000.0,150000.0,13500000.0,,,2024-07
2024-07-04,CEA19-20,92.4,92.4,92.4,92.4,0.0,0.0,0.0,0.0,0.0,0.0,0.0,,,2024-07
2024-07-04,CEA21,89.0,89.0,89.0,89.0,0.0,0.0,0.0,0.0,0.0,0.0,0.0,,,2024-07
2024-07-04,CEA22,91.0,91.0,91.0,91.0,0.0,20000.0,1820000.0,20000.0,1820000.0,0.0,0.0,,,2024-07
2024-07-05,CEA19-20,92.4,92.4,92.4,92.4,0.0,0.0,0.0,0.0,0.0,0.0,0.0,,,2024-07
2024-07-05,CEA21,88.0,88.0,88.0,88.0,1.12,3000.0,264000.0,3000.0,264000.0,0.0,0.0,,,2024-07
2024-07-05,CEA22,88.0,92.0,88.0,91.42,0.46,35500.0,3245500.0,35500.0,3245500.0,0.0,0.0,,,2024-07
2024-07-08,CEA19-20,92.4,92.5,92.4,92.47,0.08,15.0,1387.0,15.0,1387.0,0.0,0.0,,,2024-07
2024-07-08,CEA21,88.0,88.0,88.0,88.0,0.0,335000.0,29982500.0,0.0,0.0,335000.0,29982500.0,,,2024-07
2024-07-08,CEA22,91.42,91.42,91.42,91.42,0.0,0.0,0.0,0.0,0.0,0.0,0.0,,,2024-07
2024-07-09,CEA19-20,92.5,92.5,92.5,92.5,0.03,5.0,462.5,5.0,462.5,0.0,0.0,,,2024-07
2024-07-09,CEA21,88.1,88.1,88.1,88.1,0.11,8000.0,704800.0,8000.0,704800.0,0.0,0.0,,,2024-07
2024-07-09,CEA22,92.0,92.0,92.0,92.0,0.63,1000.0,92000.0,1000.0,92000.0,0.0,0.0,,,2024-07
2024-07-10,CEA19-20,92.5,92.5,92.5,92.5,0.0,5.0,462.5,5.0,462.5,0.0,0.0,,,2024-07
2024-07-10,CEA21,89.9,89.9,89.9,89.9,2.04,320452.0,29848634.8,452.0,40634.8,320000.0,29808000.0,,,2024-07
2024-07-10,CEA22,89.9,92.0,89.9,90.06,2.11,26548.0,2390865.2,26548.0,2390865.2,0.0,0.0,,,2024-07
2024-07-11,CEA19-20,90.9,90.9,90.9,90.9,1.73,22094.0,2008344.6,22094.0,2008344.6,0.0,0.0,,,2024-07
2024-07-11,CEA21,89.0,90.9,89.0,90.05,0.17,44762.0,4030865.8,44762.0,4030865.8,0.0,0.0,,,2024-07
2024-07-11,CEA22,87.0,90.9,87.0,88.7,1.51,120333.0,10803471.0,20333.0,1803471.0,100000.0,9000000.0,,,2024-07
2024-07-12,CEA19-20,90.9,90.9,90.9,90.9,0.0,0.0,0.0,0.0,0.0,0.0,0.0,,,2024-07
2024-07-12,CEA21,87.0,91.0,87.0,88.57,1.64,35096.0,3108448.0,35096.0,3108448.0,0.0,0.0,,,2024-07
2024-07-12,CEA22,91.0,91.5,91.0,91.08,2.68,218048.0,19943892.0,18048.0,1643892.0,200000.0,18300000.0,,,2024-07
2024-07-15,CEA19-20,86.0,92.4,86.0,86.58,4.75,55.0,0.0,55.0,4762.0,0.0,0.0,,,2024-07
2024-07-15,CEA21,88.57,88.57,88.57,88.57,0.0,0.0,0.0,0.0,0.0,0.0,0.0,,,2024-07
2024-07-15,CEA22,86.0,88.0,86.0,86.0,5.58,10010.0,0.0,10010.0,860880.0,0.0,0.0,,,2024-07
2024-07-16,CEA19-20,86.0,86.0,86.0,86.0,0.67,150.0,12900.0,150.0,12900.0,0.0,0.0,,,2024-07
2024-07-16,CEA21,88.57,88.57,88.57,88.57,0.0,0.0,0.0,0.0,0.0,0.0,0.0,,,2024-07
2024-07-16,CEA22,88.01,90.0,88.01,88.14,2.49,10570.0,931681.6,10570.0,931681.6,0.0,0.0,,,2024-07
2024-07-17,CEA19-20,86.0,86.0,86.0,86.0,0.0,0.0,0.0,0.0,0.0,0.0,0.0,,,2024-07
2024-07-17,CEA21,88.57,88.57,88.57,88.57,0.0,300000.0,27000000.0,0.0,0.0,300000.0,27000000.0,,,2024-07
2024-07-17,CEA22,86.0,86.0,86.0,86.0,2.43,2000.0,172000.0,2000.0,172000.0,0.0,0.0,,,2024-07
2024-07-18,CEA19-20,86.0,86.0,86.0,86.0,0.0,0.0,0.0,0.0,0.0,0.0,0.0,,,2024-07
2024-07-18,CEA21,90.5,90.5,90.5,90.5,2.18,6600.0,597300.0,6600.0,597300.0,0.0,0.0,,,2024-07
2024-07-18,CEA22,86.0,86.0,86.0,86.0,0.0,282000.0,25596000.0,2000.0,172000.0,280000.0,25424000.0,,,2024-07
2024-07-19,CEA19-20,86.0,86.0,86.0,86.0,0.0,0.0,0.0,0.0,0.0,0.0,0.0,,,2024-07
2024-07-19,CEA21,90.5,90.5,90.5,90.5,0.0,0.0,0.0,0.0,0.0,0.0,0.0,,,2024-07
2024-07-19,CEA22,86.0,91.0,86.0,89.34,3.88,33401.0,2983988.0,33401.0,2983988.0,0.0,0.0,,,2024-07
2024-07-22,CEA19-20,86.0,86.0,86.0,86.0,0.0,0.0,0.0,0.0,0.0,0.0,0.0,,,2024-07
2024-07-22,CEA21,90.5,90.5,90.5,90.5,0.0,0.0,0.0,0.0,0.0,0.0,0.0,,,2024-07
2024-07-22,CEA22,86.0,91.0,86.0,90.82,1.66,54500.0,4949500.0,54500.0,4949500.0,0.0,0.0,,,2024-07
2024-07-23,CEA19-20,86.0,86.0,86.0,86.0,0.0,0.0,0.0,0.0,0.0,0.0,0.0,,,2024-07
2024-07-23,CEA21,86.5,91.0,86.5,89.86,0.71,5508.0,494928.0,5508.0,494928.0,0.0,0.0,,,2024-07
2024-07-23,CEA22,89.0,91.2,89.0,89.34,1.63,159000.0,14420800.0,59000.0,5270800.0,100000.0,9150000.0,,,2024-07
2024-07-24,CEA19-20,91.5,91.5,91.5,91.5,6.4,500.0,45750.0,500.0,45750.0,0.0,0.0,,,2024-07
2024-07-24,CEA21,89.86,89.86,89.86,89.86,0.0,290000.0,26854000.0,0.0,0.0,290000.0,26854000.0,,,2024-07
2024-07-24,CEA22,91.5,91.5,91.0,91.47,2.38,306946.0,28032086.0,106946.0,9782086.0,200000.0,18250000.0,,,2024-07
2024-07-25,CEA19-20,91.5,91.5,91.5,91.5,0.0,0.0,0.0,0.0,0.0,0.0,0.0,,,2024-07
2024-07-25,CEA21,91.5,91.5,91.5,91.5,1.83,600.0,54900.0,600.0,54900.0,0.0,0.0,,,2024-07
2024-07-25,CEA22,88.0,91.5,88.0,88.38,3.38,275520.0,25010760.0,65520.0,5790760.0,210000.0,19220000.0,,,2024-07
2024-07-26,CEA19-20,91.5,91.5,91.5,91.5,0.0,0.0,0.0,0.0,0.0,0.0,0.0,,,2024-07
2024-07-26,CEA21,91.5,91.5,91.5,91.5,0.0,0.0,0.0,0.0,0.0,0.0,0.0,,,2024-07
2024-07-26,CEA22,91.8,91.8,91.8,91.8,3.87,10000.0,918000.0,10000.0,918000.0,0.0,0.0,,,2024-07
2024-07-29,CEA19-20,91.5,91.5,91.5,91.5,0.0,5.0,457.5,5.0,457.5,0.0,0.0,,,2024-07
2024-07-29,CEA21,91.5,91.5,91.5,91.5,0.0,0.0,0.0,0.0,0.0,0.0,0.0,,,2024-07
2024-07-29,CEA22,91.8,91.8,91.8,91.8,0.0,174000.0,15981900.0,0.0,0.0,174000.0,15981900.0,,,2024-07
2024-07-30,CEA19-20,91.5,91.5,91.5,91.5,0.0,5.0,457.5,5.0,457.5,0.0,0.0,,,2024-07
2024-07-30,CEA21,91.5,91.5,91.5,91.5,0.0,0.0,0.0,0.0,0.0,0.0,0.0,,,2024-07
2024-07-30,CEA22,93.0,94.0,90.0,90.62,1.29,137000.0,12538000.0,37000.0,3353000.0,100000.0,9185000.0,,,2024-07
2024-07-31,CEA19-20,91.5,91.5,91.5,91.5,0.0,0.0,0.0,0.0,0.0,0.0,0.0,,,2024-07
2024-07-31,CEA21,91.5,91.5,91.5,91.5,0.0,0.0,0.0,0.0,0.0,0.0,0.0,,,2024-07
2024-07-31,CEA22,91.21,92.33,90.0,90.6,0.02,30384.0,2752644.0,30384.0,2752644.0,0.0,0.0,,,2024-07
2024-08-01,CEA19-20,91.5,91.5,91.5,91.5,0.0,0.0,0.0,0.0,0.0,0.0,0.0,,,2024-08
2024-08-01,CEA21,89.0,89.0,89.0,89.0,2.73,5000.0,445000.0,5000.0,445000.0,0.0,0.0,,,2024-08
2024-08-01,CEA22,89.0,92.5,89.0,90.0,0.66,7000.0,630000.0,7000.0,630000.0,0.0,0.0,,,2024-08
2024-08-02,CEA19-20,91.5,91.5,91.5,91.5,0.0,0.0,0.0,0.0,0.0,0.0,0.0,,,2024-08
2024-08-02,CEA21,89.0,89.0,89.0,89.0,0.0,0.0,0.0,0.0,0.0,0.0,0.0,,,2024-08
2024-08-02,CEA22,88.9,90.0,88.9,89.9,0.11,153000.0,13826700.0,33000.0,2966700.0,120000.0,10860000.0,,,2024-08
2024-08-05,CEA19-20,91.5,91.5,91.5,91.5,0.0,0.0,0.0,0.0,0.0,0.0,0.0,,,2024-08
2024-08-05,CEA21,92.0,92.0,92.0,92.0,3.37,56528.0,5200576.0,56528.0,5200576.0,0.0,0.0,,,2024-08
2024-08-05,CEA22,89.2,93.0,89.2,90.84,1.05,594000.0,53786840.0,44000.0,3996840.0,550000.0,49790000.0,,,2024-08
2024-08-06,CEA19-20,91.5,91.5,91.5,91.5,0.0,0.0,0.0,0.0,0.0,0.0,0.0,,,2024-08
2024-08-06,CEA21,92.0,92.0,92.0,92.0,0.0,0.0,0.0,0.0,0.0,0.0,0.0,,,2024-08
2024-08-06,CEA22,92.0,93.0,92.0,92.1,1.39,55503.0,5111776.0,55503.0,5111776.0,0.0,0.0,,,2024-08
2024-08-07,CEA19-20,91.5,91.5,91.5,91.5,0.0,0.0,0.0,0.0,0.0,0.0,0.0,,,2024-08
2024-08-07,CEA21,92.0,92.0,92.0,92.0,0.0,180000.0,16290000.0,0.0,0.0,180000.0,16290000.0,,,2024-08
2024-08-07,CEA22,91.2,92.5,91.2,91.79,0.34,51000.0,4681200.0,51000.0,4681200.0,0.0,0.0,,,2024-08
2024-08-08,CEA19-20,91.5,91.5,91.5,91.5,0.0,0.0,0.0,0.0,0.0,0.0,0.0,,,2024-08
2024-08-08,CEA21,92.5,92.5,92.5,92.5,0.54,103200.0,9392800.0,3200.0,292800.0,100000.0,9100000.0,,,2024-08
2024-08-08,CEA22,92.8,92.8,92.8,92.8,1.1,10000.0,928000.0,10000.0,928000.0,0.0,0.0,,,2024-08
2024-08-09,CEA19-20,91.5,91.5,91.5,91.5,0.0,0.0,0.0,0.0,0.0,0.0,0.0,,,2024-08
2024-08-09,CEA21,85.2,90.2,85.2,88.92,3.87,140513.0,12913107.6,25513.0,2268707.6,115000.0,10644400.0,,,2024-08
2024-08-09,CEA22,92.8,93.0,91.0,91.28,1.64,72458.0,6613748.0,72458.0,6613748.0,0.0,0.0,,,2024-08
2024-08-12,CEA19-20,91.5,91.5,91.5,91.5,0.0,0.0,0.0,0.0,0.0,0.0,0.0,,,2024-08
2024-08-12,CEA21,92.56,93.5,92.56,92.58,4.12,46000.0,4258700.0,46000.0,4258700.0,0.0,0.0,,,2024-08
2024-08-12,CEA22,91.28,93.9,91.28,91.42,0.15,360401.0,33285905.9,10401.0,950905.9,350000.0,32335000.0,,,2024-08
2024-08-13,CEA19-20,91.5,91.5,91.5,91.5,0.0,40270.0,3684705.0,40270.0,3684705.0,0.0,0.0,,,2024-08
2024-08-13,CEA21,90.0,90.0,90.0,90.0,2.79,10000.0,900000.0,10000.0,900000.0,0.0,0.0,,,2024-08
2024-08-13,CEA22,91.6,91.6,91.42,91.6,0.2,18100.0,1657942.0,18100.0,1657942.0,0.0,0.0,,,2024-08
2024-08-14,CEA19-20,91.5,91.5,91.5,91.5,0.0,0.0,0.0,0.0,0.0,0.0,0.0,,,2024-08
2024-08-14,CEA21,90.0,90.0,90.0,90.0,0.0,0.0,0.0,0.0,0.0,0.0,0.0,,,2024-08
2024-08-14,CEA22,91.55,91.8,91.55,91.78,0.2,15000.0,1376750.0,15000.0,1376750.0,0.0,0.0,,,2024-08
2024-08-15,CEA19-20,91.5,91.5,91.5,91.5,0.0,0.0,0.0,0.0,0.0,0.0,0.0,,,2024-08
2024-08-15,CEA21,90.0,90.0,90.0,90.0,0.0,112554.0,0.0,0.0,0.0,112554.0,10354968.0,,,2024-08
2024-08-15,CEA22,91.5,91.5,91.5,91.5,0.31,1000.0,0.0,1000.0,91500.0,0.0,0.0,,,2024-08
2024-08-16,CEA19-20,92.0,92.0,92.0,92.0,0.55,5.0,460.0,5.0,460.0,0.0,0.0,,,2024-08
2024-08-16,CEA21,90.0,90.0,90.0,90.0,0.0,0.0,0.0,0.0,0.0,0.0,0.0,,,2024-08
2024-08-16,CEA22,93.0,93.0,91.5,91.88,0.42,140000.0,12875000.0,40000.0,3675000.0,100000.0,9200000.0,,,2024-08
2024-08-19,CEA19-20,89.1,89.1,89.1,89.1,3.15,367.0,32699.7,367.0,32699.7,0.0,0.0,,,2024-08
2024-08-19,CEA21,88.92,93.7,88.92,93.34,3.71,57866.0,5401012.2,57866.0,5401012.2,0.0,0.0,,,2024-08
2024-08-19,CEA22,91.51,93.75,91.51,92.96,1.18,82534.0,7672112.5,82534.0,7672112.5,0.0,0.0,,,2024-08
2024-08-20,CEA19-20,89.1,89.1,89.1,89.1,0.0,0.0,0.0,0.0,0.0,0.0,0.0,,,2024-08
2024-08-20,CEA21,88.02,92.5,88.02,92.02,1.41,86582.0,7966867.0,86582.0,7966867.0,0.0,0.0,,,2024-08
2024-08-20,CEA22,90.0,94.0,90.0,92.87,0.1,562937.0,52572093.7,162937.0,15132093.7,400000.0,37440000.0,,,2024-08
2024-08-21,CEA19-20,88.2,88.2,87.02,87.65,1.63,961.0,84236.28,961.0,84236.28,0.0,0.0,,,2024-08
2024-08-21,CEA21,86.74,86.74,86.74,86.74,5.74,3900.0,338286.0,3900.0,338286.0,0.0,0.0,,,2024-08
2024-08-21,CEA22,91.2,91.2,91.2,91.2,1.8,1190000.0,88698000.0,40000.0,3648000.0,1150000.0,85050000.0,,,2024-08
2024-08-22,CEA19-20,86.61,86.61,86.61,86.61,1.19,388.0,33604.68,388.0,33604.68,0.0,0.0,,,2024-08
2024-08-22,CEA21,86.18,88.01,86.18,87.56,0.95,13724.0,1201627.24,13724.0,1201627.24,0.0,0.0,,,2024-08
2024-08-22,CEA22,93.0,94.0,93.0,93.5,2.52,20000.0,1870000.0,20000.0,1870000.0,0.0,0.0,,,2024-08
2024-08-23,CEA19-20,86.61,86.61,86.61,86.61,0.0,0.0,0.0,0.0,0.0,0.0,0.0,,,2024-08
2024-08-23,CEA21,85.96,88.51,85.96,88.17,0.7,23100.0,2036676.0,23100.0,2036676.0,0.0,0.0,,,2024-08
2024-08-23,CEA22,94.0,94.4,94.0,94.01,0.55,167600.0,15815000.0,67600.0,6355000.0,100000.0,9460000.0,,,2024-08
2024-08-26,CEA19-20,86.61,86.61,86.61,86.61,0.0,0.0,0.0,0.0,0.0,0.0,0.0,,,2024-08
2024-08-26,CEA21,90.01,90.01,90.01,90.01,2.09,10203.0,918372.03,10203.0,918372.03,0.0,0.0,,,2024-08
2024-08-26,CEA22,94.2,95.0,94.2,94.61,0.64,41454.0,3921803.0,41454.0,3921803.0,0.0,0.0,,,2024-08
2024-08-27,CEA19-20,85.58,92.6,85.2,92.33,6.6,20671.0,1908453.46,20671.0,1908453.46,0.0,0.0,,,2024-08
2024-08-27,CEA21,90.01,90.01,90.01,90.01,0.0,0.0,0.0,0.0,0.0,0.0,0.0,,,2024-08
2024-08-27,CEA22,93.5,95.0,93.5,94.67,0.06,134000.0,12685400.0,134000.0,12685400.0,0.0,0.0,,,2024-08
2024-08-28,CEA19-20,86.7,86.7,86.7,86.7,6.1,2001.0,173486.7,2001.0,173486.7,0.0,0.0,,,2024-08
2024-08-28,CEA21,84.94,84.94,84.94,84.94,5.63,2700.0,229338.0,2700.0,229338.0,0.0,0.0,,,2024-08
2024-08-28,CEA22,95.1,95.6,95.1,95.47,0.85,1102300.0,87807950.0,52300.0,4992950.0,1050000.0,82815000.0,,,2024-08
2024-08-29,CEA19-20,84.84,95.37,84.84,88.75,2.36,2995.0,265794.63,2995.0,265794.63,0.0,0.0,,,2024-08
2024-08-29,CEA21,84.94,84.94,84.94,84.94,0.0,0.0,0.0,0.0,0.0,0.0,0.0,,,2024-08
2024-08-29,CEA22,95.59,95.8,95.59,95.61,0.15,39929.0,3817533.11,39929.0,3817533.11,0.0,0.0,,,2024-08
2024-08-30,CEA19-20,95.8,95.8,95.8,95.8,7.94,20000.0,1916000.0,20000.0,1916000.0,0.0,0.0,,,2024-08
2024-08-30,CEA21,86.39,93.43,86.39,86.42,1.74,20367.0,1760131.69,20367.0,1760131.69,0.0,0.0,,,2024-08
2024-08-30,CEA22,93.6,95.8,93.6,94.58,1.08,84000.0,7944650.0,84000.0,7944650.0,0.0,0.0,,,2024-08
2024-09-02,CEA19-20,87.24,87.24,87.24,87.24,8.94,1774.0,154763.76,1774.0,154763.76,0.0,0.0,,,2024-09
2024-09-02,CEA21,95.06,95.06,94.5,94.55,9.41,101100.0,9354006.0,1100.0,104006.0,100000.0,9250000.0,,,2024-09
2024-09-02,CEA22,96.0,96.0,95.35,95.48,0.95,244463.0,22669016.5,94463.0,9019016.5,150000.0,13650000.0,,,2024-09
2024-09-03,CEA19-20,87.24,87.24,87.24,87.24,0.0,0.0,0.0,0.0,0.0,0.0,0.0,,,2024-09
2024-09-03,CEA21,96.0,96.0,96.0,96.07,1.61,8700.0,835800.0,8700.0,835800.0,0.0,0.0,,,2024-09
2024-09-03,CEA22,94.5,96.9,94.5,95.9,0.44,3650.0,350035.0,3650.0,350035.0,0.0,0.0,,,2024-09
2024-09-04,CEA19-20,87.24,87.24,87.24,87.24,0.0,0.0,0.0,0.0,0.0,0.0,0.0,,,2024-09
2024-09-04,CEA21,96.07,96.07,96.07,96.07,0.0,0.0,0.0,0.0,0.0,0.0,0.0,,,2024-09
2024-09-04,CEA22,96.0,96.5,96.0,96.06,0.17,215500.0,20809000.0,15500.0,1489000.0,200000.0,19320000.0,,,2024-09
2024-09-05,CEA19-20,87.24,87.24,87.24,87.24,0.0,0.0,0.0,0.0,0.0,0.0,0.0,,,2024-09
2024-09-05,CEA21,87.4,95.5,87.4,94.5,1.63,329758.0,31957942.0,11415.0,1078671.0,318343.0,30879271.0,,,2024-09
2024-09-05,CEA22,95.55,97.4,95.5,95.8,0.27,596542.0,45088290.8,146542.0,14038290.8,450000.0,31050000.0,,,2024-09
2024-09-06,CEA19-20,87.24,87.24,87.24,87.24,0.0,0.0,0.0,0.0,0.0,0.0,0.0,,,2024-09
2024-09-06,CEA21,87.4,87.4,87.4,94.5,0.0,0.0,0.0,0.0,0.0,0.0,0.0,,,2024-09
2024-09-06,CEA22,97.0,98.0,97.0,97.65,1.93,38100.0,3720300.0,38100.0,3720300.0,0.0,0.0,,,2024-09
2024-09-09,CEA19-20,87.24,87.24,87.24,87.24,0.0,0.0,0.0,0.0,0.0,0.0,0.0,,,2024-09
2024-09-09,CEA21,94.5,94.5,94.5,94.5,0.0,0.0,0.0,0.0,0.0,0.0,0.0,,,2024-09
2024-09-09,CEA22,95.6,98.5,95.6,96.78,0.89,167630.0,16223495.0,167630.0,16223495.0,0.0,0.0,,,2024-09
2024-09-10,CEA19-20,87.24,87.24,87.24,87.24,0.0,0.0,0.0,0.0,0.0,0.0,0.0,,,2024-09
2024-09-10,CEA21,85.26,85.26,85.26,85.26,9.78,3263.0,278203.38,3263.0,278203.38,0.0,0.0,,,2024-09
2024-09-10,CEA22,98.0,99.0,97.0,97.45,0.69,136654.0,13316982.0,136654.0,13316982.0,0.0,0.0,,,2024-09
2024-09-11,CEA19-20,87.24,87.24,87.24,87.24,0.0,0.0,0.0,0.0,0.0,0.0,0.0,,,2024-09
2024-09-11,CEA21,83.51,83.51,83.51,83.51,2.05,26576.0,2219361.76,26576.0,2219361.76,0.0,0.0,,,2024-09
2024-09-11,CEA22,98.0,99.0,98.0,98.5,1.08,126890.0,12548610.0,26890.0,2648610.0,100000.0,9900000.0,,,2024-09
2024-09-12,CEA19-20,87.24,87.24,87.24,87.24,0.0,0.0,0.0,0.0,0.0,0.0,0.0,,,2024-09
2024-09-12,CEA21,83.51,83.51,83.51,83.51,0.0,0.0,0.0,0.0,0.0,0.0,0.0,,,2024-09
2024-09-12,CEA22,99.0,99.5,99.0,99.0,0.51,100501.0,9949849.49,100501.0,9949849.49,0.0,0.0,,,2024-09
2024-09-13,CEA19-20,95.96,95.96,95.96,95.96,10.0,9202.0,883023.92,9202.0,883023.92,0.0,0.0,,,2024-09
2024-09-13,CEA21,83.51,83.51,83.51,83.51,0.0,0.0,0.0,0.0,0.0,0.0,0.0,,,2024-09
2024-09-13,CEA22,89.21,99.5,89.21,98.94,0.06,670600.0,66919255.0,170600.0,16879255.0,500000.0,50040000.0,,,2024-09
2024-09-18,CEA19-20,95.96,95.96,95.96,95.96,0.0,0.0,0.0,0.0,0.0,0.0,0.0,,,2024-09
2024-09-18,CEA21,83.51,83.51,83.51,83.51,0.0,0.0,0.0,0.0,0.0,0.0,0.0,,,2024-09
2024-09-18,CEA22,99.8,99.8,99.8,99.8,0.87,2000.0,0.0,2000.0,199600.0,0.0,0.0,,,2024-09
2024-09-19,CEA19-20,95.96,95.96,95.96,95.96,0.0,0.0,0.0,0.0,0.0,0.0,0.0,,,2024-09
2024-09-19,CEA21,83.51,83.51,83.51,83.51,0.0,0.0,0.0,0.0,0.0,0.0,0.0,,,2024-09
2024-09-19,CEA22,95.0,99.8,95.0,96.15,3.66,336000.0,33791550.0,36000.0,3461550.0,300000.0,30330000.0,,,2024-09
2024-09-20,CEA19-20,87.61,100.0,87.61,93.81,2.24,20000.0,1876100.0,20000.0,1876100.0,0.0,0.0,,,2024-09
2024-09-20,CEA21,91.86,91.86,91.86,91.86,10.0,2256.0,207236.16,2256.0,207236.16,0.0,0.0,,,2024-09
2024-09-20,CEA22,91.01,100.0,97.01,99.15,3.12,559693.0,55981265.3,150501.0,14922873.3,409192.0,41058392.0,,,2024-09
2024-09-23,CEA19-20,87.61,100.0,87.61,93.81,0.0,403701.0,40773801.0,0.0,0.0,403701.0,40773801.0,,,2024-09
2024-09-23,CEA21,91.86,91.86,91.86,91.86,0.0,0.0,0.0,0.0,0.0,0.0,0.0,,,2024-09
2024-09-23,CEA22,100.0,100.0,100.0,100.0,0.86,311000.0,31100000.0,11000.0,1100000.0,300000.0,30000000.0,,,2024-09
2024-09-24,CEA19-20,100.0,101.0,100.0,100.88,7.54,16043.0,1618343.0,16043.0,1618343.0,0.0,0.0,,,2024-09
2024-09-24,CEA21,100.0,100.0,100.0,100.0,8.86,100.0,10000.0,100.0,10000.0,0.0,0.0,,,2024-09
2024-09-24,CEA22,100.0,100.79,100.0,100.23,0.23,568543.0,54104794.6,218543.0,21904794.6,350000.0,32200000.0,,,2024-09
2024-09-25,CEA19-20,98.0,98.0,90.79,92.0,8.8,124000.0,11408210.0,124000.0,11408210.0,0.0,0.0,,,2024-09
2024-09-25,CEA21,98.0,98.0,98.0,98.0,2.0,100.0,9800.0,100.0,9800.0,0.0,0.0,,,2024-09
2024-09-25,CEA22,101.5,101.5,100.2,101.11,0.88,379842.0,38414329.2,179842.0,18184329.2,200000.0,20230000.0,,,2024-09
2024-09-26,CEA19-20,100.0,100.0,100.0,100.0,8.7,16881.0,1688100.0,16881.0,1688100.0,0.0,0.0,,,2024-09
2024-09-26,CEA21,100.0,100.0,100.0,100.0,2.04,1000.0,100000.0,1000.0,100000.0,0.0,0.0,,,2024-09
2024-09-26,CEA22,100.2,100.9,99.2,100.63,0.47,590836.0,59463350.2,190836.0,19203350.2,400000.0,40260000.0,,,2024-09
2024-09-27,CEA19-20,98.0,98.0,98.0,98.0,2.0,10000.0,980000.0,10000.0,980000.0,0.0,0.0,,,2024-09
2024-09-27,CEA21,99.0,99.0,99.0,99.0,1.0,100.0,9900.0,100.0,9900.0,0.0,0.0,,,2024-09
2024-09-27,CEA22,101.0,101.0,100.0,100.49,0.14,715053.0,71613675.9,359049.0,36082271.9,356004.0,35531404.0,,,2024-09
2024-09-30,CEA19-20,99.0,99.0,99.0,99.0,1.02,9337.0,924363.0,9337.0,924363.0,0.0,0.0,,,2024-09
2024-09-30,CEA21,99.2,99.2,99.2,99.2,0.2,15663.0,1553769.6,15663.0,1553769.6,0.0,0.0,,,2024-09
2024-09-30,CEA22,99.0,101.3,99.0,100.25,0.24,972536.0,94536158.6,132536.0,13286158.6,840000.0,81250000.0,,,2024-09
2024-10-08,CEA19-20,99.0,99.0,99.0,99.0,0.0,0.0,0.0,0.0,0.0,0.0,0.0,,,2024-10
2024-10-08,CEA21,99.2,99.2,99.2,99.2,0.0,0.0,0.0,0.0,0.0,0.0,0.0,,,2024-10
2024-10-08,CEA22,101.5,102.0,101.5,101.88,1.63,830121.0,72617707.8,120121.0,12237707.8,710000.0,60380000.0,,,2024-10
2024-10-09,CEA19-20,102.0,102.0,102.0,102.0,3.03,5000.0,510000.0,5000.0,510000.0,0.0,0.0,,,2024-10
2024-10-09,CEA21,99.2,99.2,99.2,99.2,0.0,0.0,0.0,0.0,0.0,0.0,0.0,,,2024-10
2024-10-09,CEA22,101.99,103.0,101.99,102.1,0.22,902601.0,78803177.0,182601.0,18643177.0,720000.0,60160000.0,,,2024-10
2024-10-10,CEA19-20,99.0,103.0,99.0,102.56,0.55,900.0,92300.0,900.0,92300.0,0.0,0.0,,,2024-10
2024-10-10,CEA21,103.5,103.5,103.5,103.5,4.33,1000.0,103500.0,1000.0,103500.0,0.0,0.0,,,2024-10
2024-10-10,CEA22,102.5,103.5,101.0,102.63,0.52,898747.0,91654578.7,98747.0,10134578.7,800000.0,81520000.0,,,2024-10
2024-10-11,CEA19-20,101.0,103.0,92.3,94.95,7.42,504622.0,47915303.47,504622.0,47915303.47,0.0,0.0,,,2024-10
2024-10-11,CEA21,104.0,104.0,104.0,104.0,0.48,500.0,52000.0,500.0,52000.0,0.0,0.0,,,2024-10
2024-10-11,CEA22,103.2,103.99,103.2,103.9,1.24,465970.0,47164597.0,65970.0,6854597.0,400000.0,40310000.0,,,2024-10
2024-10-14,CEA19-20,103.8,103.8,102.0,102.24,7.68,4610.0,471318.0,4610.0,471318.0,0.0,0.0,,,2024-10
2024-10-14,CEA21,101.11,104.5,101.11,104.19,0.18,1100.0,114611.0,1100.0,114611.0,0.0,0.0,,,2024-10
2024-10-14,CEA22,103.99,104.2,103.99,104.05,0.14,423003.0,42869082.0,83003.0,8636082.0,340000.0,34233000.0,,,2024-10
2024-10-15,CEA19-20,102.0,104.0,102.0,103.4,1.13,25139.0,2599335.31,25139.0,2599335.31,0.0,0.0,,,2024-10
2024-10-15,CEA21,101.0,103.0,101.0,101.67,2.42,460000.0,47490000.0,150000.0,15250000.0,310000.0,32240000.0,,,2024-10
2024-10-15,CEA22,103.99,104.2,103.99,104.02,0.03,731000.0,73425652.0,41000.0,4264652.0,690000.0,69161000.0,,,2024-10
2024-10-16,CEA19-20,103.4,103.4,103.4,103.4,0.0,0.0,0.0,0.0,0.0,0.0,0.0,,,2024-10
2024-10-16,CEA21,101.67,101.67,101.67,101.67,0.0,0.0,0.0,0.0,0.0,0.0,0.0,,,2024-10
2024-10-16,CEA22,102.5,103.99,102.5,102.94,1.04,248000.0,25538050.0,108000.0,11118050.0,140000.0,14420000.0,,,2024-10
2024-10-17,CEA19-20,103.4,104.0,101.51,103.1,0.29,5946.0,613046.4,5946.0,613046.4,0.0,0.0,,,2024-10
2024-10-17,CEA21,104.5,104.5,104.5,104.5,2.78,1000.0,104500.0,1000.0,104500.0,0.0,0.0,,,2024-10
2024-10-17,CEA22,102.11,104.8,102.11,102.67,0.26,496167.0,46137334.62,204167.0,20961334.62,292000.0,25176000.0,,,2024-10
2024-10-18,CEA19-20,104.0,104.0,101.02,101.09,1.95,314998.0,31316797.96,204998.0,20723797.96,110000.0,10593000.0,,,2024-10
2024-10-18,CEA21,105.0,105.0,105.0,105.0,0.48,3000.0,315000.0,3000.0,315000.0,0.0,0.0,,,2024-10
2024-10-18,CEA22,104.0,105.0,103.9,104.43,1.71,741327.0,75327354.9,231327.0,24157354.9,510000.0,51170000.0,,,2024-10
2024-10-21,CEA19-20,104.0,104.0,104.0,104.0,2.88,12500.0,1300000.0,12500.0,1300000.0,0.0,0.0,,,2024-10
2024-10-21,CEA21,103.0,105.0,103.0,104.25,0.71,8000.0,834000.0,8000.0,834000.0,0.0,0.0,,,2024-10
2024-10-21,CEA22,103.5,104.63,103.5,104.18,0.24,297063.0,30329870.5,197063.0,20529870.5,100000.0,9800000.0,,,2024-10
2024-10-22,CEA19-20,104.0,104.0,104.0,104.0,0.0,115000.0,0.0,15000.0,1560000.0,100000.0,10430000.0,,,2024-10
2024-10-22,CEA21,104.01,104.01,104.01,104.01,0.23,43131.0,0.0,43131.0,4486055.31,0.0,0.0,,,2024-10
2024-10-22,CEA22,104.45,104.98,104.0,104.37,0.18,1218285.0,0.0,508285.0,53049528.18,710000.0,68300000.0,,,2024-10
2024-10-23,CEA19-20,104.0,104.0,104.0,104.0,0.0,0.0,0.0,0.0,0.0,0.0,0.0,,,2024-10
2024-10-23,CEA21,104.01,104.01,104.01,104.01,0.0,0.0,0.0,0.0,0.0,0.0,0.0,,,2024-10
2024-10-23,CEA22,104.1,104.4,104.0,104.3,0.07,546800.0,55927070.0,196800.0,20527070.0,350000.0,35400000.0,,,2024-10
2024-10-24,CEA19-20,104.0,104.0,104.0,104.0,0.0,2000.0,208000.0,2000.0,208000.0,0.0,0.0,,,2024-10
2024-10-24,CEA21,104.01,104.01,104.01,104.01,0.0,0.0,0.0,0.0,0.0,0.0,0.0,,,2024-10
2024-10-24,CEA22,104.1,104.4,104.01,104.1,0.19,384268.0,39831863.09,184268.0,19181863.09,200000.0,20650000.0,,,2024-10
2024-10-25,CEA19-20,104.0,104.0,104.0,104.0,0.0,0.0,0.0,0.0,0.0,0.0,0.0,,,2024-10
2024-10-25,CEA21,104.0,104.5,101.01,104.42,0.39,16468.0,1719557.0,16468.0,1719557.0,0.0,0.0,,,2024-10
2024-10-25,CEA22,104.1,104.4,104.0,104.32,0.21,374198.0,38938978.4,134198.0,13998978.4,240000.0,24940000.0,,,2024-10
2024-10-28,CEA19-20,101.5,104.0,101.5,102.78,1.17,131600.0,13424455.0,1600.0,164455.0,130000.0,13260000.0,,,2024-10
2024-10-28,CEA21,104.0,104.0,102.0,103.0,1.36,4000.0,412000.0,4000.0,412000.0,0.0,0.0,,,2024-10
2024-10-28,CEA22,104.0,104.0,102.01,103.73,0.57,1116812.0,109444774.94,163014.0,16910047.38,953798.0,92534727.56,,,2024-10
2024-10-28,CEA23,104.25,104.25,104.25,104.25,0.0,0.0,0.0,0.0,0.0,0.0,0.0,,,2024-10
2024-10-29,CEA19-20,101.5,104.0,101.5,103.88,1.07,2100.0,218150.0,2100.0,218150.0,0.0,0.0,,,2024-10
2024-10-29,CEA21,104.0,104.0,101.01,101.09,1.85,77000.0,7783750.0,77000.0,7783750.0,0.0,0.0,,,2024-10
2024-10-29,CEA22,104.45,104.5,104.1,104.28,0.53,1038328.0,95333307.92,202333.0,21098381.87,835995.0,74234926.05,,,2024-10
2024-10-29,CEA23,104.25,104.25,104.25,104.25,0.0,0.0,0.0,0.0,0.0,0.0,0.0,,,2024-10
2024-10-30,CEA19-20,94.0,104.04,94.0,103.61,0.26,53742.0,5568047.6,53742.0,5568047.6,0.0,0.0,,,2024-10
2024-10-30,CEA21,104.5,104.5,104.5,104.5,3.37,100.0,10450.0,100.0,10450.0,0.0,0.0,,,2024-10
2024-10-30,CEA22,104.3,104.35,104.3,104.34,0.06,300232.0,26136983.89,127093.0,13260636.46,173139.0,12876347.43,,,2024-10
2024-10-30,CEA23,104.25,104.25,104.25,104.25,0.0,0.0,0.0,0.0,0.0,0.0,0.0,,,2024-10
2024-10-31,CEA19-20,101.01,104.0,101.01,103.73,0.12,1100.0,114101.0,1100.0,114101.0,0.0,0.0,,,2024-10
2024-10-31,CEA21,104.0,104.0,104.0,104.0,0.48,5000.0,520000.0,5000.0,520000.0,0.0,0.0,,,2024-10
2024-10-31,CEA22,104.49,104.49,104.0,104.05,0.28,433279.0,44406692.83,103279.0,10746692.83,330000.0,33660000.0,,,2024-10
2024-10-31,CEA23,104.25,104.25,104.25,104.25,0.0,0.0,0.0,0.0,0.0,0.0,0.0,,,2024-10
2024-11-01,CEA19-20,104.5,104.5,104.5,104.5,0.74,152000.0,15284000.0,2000.0,209000.0,150000.0,15075000.0,,,2024-11
2024-11-01,CEA21,104.4,104.5,104.4,104.43,0.41,50476.0,5271163.9,50476.0,5271163.9,0.0,0.0,,,2024-11
2024-11-01,CEA22,104.39,105.0,104.39,104.52,0.45,1483089.0,137824671.59,93089.0,9729671.59,1390000.0,128095000.0,,,2024-11
2024-11-01,CEA23,104.25,104.25,104.25,104.25,0.0,0.0,0.0,0.0,0.0,0.0,0.0,,,2024-11
2024-11-04,CEA19-20,104.6,104.7,104.6,104.68,0.17,304000.0,30568700.0,4000.0,418700.0,300000.0,30150000.0,,,2024-11
2024-11-04,CEA21,104.99,105.0,104.99,104.99,0.54,8088.0,849160.0,8088.0,849160.0,0.0,0.0,,,2024-11
2024-11-04,CEA22,104.8,105.1,104.6,104.91,0.37,309078.0,32280802.8,39078.0,4099802.8,270000.0,28181000.0,,,2024-11
2024-11-04,CEA23,104.25,104.25,104.25,104.25,0.0,0.0,0.0,0.0,0.0,0.0,0.0,,,2024-11
2024-11-05,CEA19-20,102.0,105.5,102.0,105.18,0.48,1415100.0,145748900.0,1100.0,115700.0,1414000.0,145633200.0,,,2024-11
2024-11-05,CEA21,105.9,105.9,104.5,105.73,0.7,800.0,84580.0,800.0,84580.0,0.0,0.0,,,2024-11
2024-11-05,CEA22,104.91,106.0,104.6,104.96,0.05,858130.0,88923592.3,117130.0,12294092.3,741000.0,76629500.0,,,2024-11
2024-11-05,CEA23,104.25,104.25,104.25,104.25,0.0,0.0,0.0,0.0,0.0,0.0,0.0,,,2024-11
2024-11-06,CEA19-20,105.18,105.18,105.18,105.18,0.0,258000.0,26962360.0,2000.0,210360.0,256000.0,26752000.0,,,2024-11
2024-11-06,CEA21,104.32,106.0,104.32,105.85,0.11,1100.0,116432.0,1100.0,116432.0,0.0,0.0,,,2024-11
2024-11-06,CEA22,106.0,106.0,105.5,105.62,0.63,342305.0,35248130.55,42305.0,4468130.55,300000.0,30780000.0,,,2024-11
2024-11-06,CEA23,104.25,104.25,104.25,104.25,0.0,0.0,0.0,0.0,0.0,0.0,0.0,,,2024-11
2024-11-07,CEA19-20,105.0,105.0,105.0,105.0,0.17,222942.0,22976110.0,18942.0,1988910.0,204000.0,20987200.0,,,2024-11
2024-11-07,CEA21,105.85,105.85,105.85,105.85,0.0,0.0,0.0,0.0,0.0,0.0,0.0,,,2024-11
2024-11-07,CEA22,106.0,106.0,105.5,105.54,0.08,227975.0,23221909.91,77975.0,8229409.91,150000.0,14992500.0,,,2024-11
2024-11-07,CEA23,106.0,106.0,105.11,105.21,0.92,362145.0,33763547.09,18725.0,1969964.75,343420.0,31793582.34,,,2024-11
2024-11-08,CEA19-20,103.01,105.2,103.01,103.59,1.34,9359.0,969545.59,9359.0,969545.59,0.0,0.0,,,2024-11
2024-11-08,CEA21,105.3,105.3,105.3,105.3,0.52,2000.0,210600.0,2000.0,210600.0,0.0,0.0,,,2024-11
2024-11-08,CEA22,105.0,105.9,105.0,105.24,0.28,1577425.0,160272383.5,97729.0,10284799.5,1479696.0,149987584.0,,,2024-11
2024-11-08,CEA23,106.0,106.0,106.0,106.0,0.75,1209534.0,121059873.58,1000.0,106000.0,1208534.0,120953873.58,,,2024-11
2024-11-11,CEA19-20,105.5,105.5,105.5,105.5,1.84,500.0,52750.0,500.0,52750.0,0.0,0.0,,,2024-11
2024-11-11,CEA21,105.3,105.3,105.2,105.27,0.03,35212.0,3706600.98,35212.0,3706600.98,0.0,0.0,,,2024-11
2024-11-11,CEA22,105.35,105.5,104.5,104.96,0.27,744831.0,76226441.6,112831.0,11842841.6,632000.0,64383600.0,,,2024-11
2024-11-11,CEA23,106.0,106.0,106.0,106.0,0.0,1232192.0,128710954.4,0.0,0.0,1232192.0,128710954.4,,,2024-11
2024-11-12,CEA19-20,103.0,106.0,103.0,105.5,0.0,600.0,63300.0,600.0,63300.0,0.0,0.0,,,2024-11
2024-11-12,CEA21,101.01,105.5,101.01,105.05,0.21,102463.0,10809066.55,1722.0,180891.05,100741.0,10628175.5,,,2024-11
2024-11-12,CEA22,105.5,105.5,104.21,104.98,0.02,998719.0,97556654.32,134209.0,14089422.28,864510.0,83467232.04,,,2024-11
2024-11-12,CEA23,105.0,105.2,105.0,105.02,0.92,356087.0,37180491.0,76087.0,7990491.0,280000.0,29190000.0,,,2024-11
2024-11-13,CEA19-20,106.0,106.0,106.0,106.0,0.47,1500.0,159000.0,1500.0,159000.0,0.0,0.0,,,2024-11
2024-11-13,CEA21,105.18,105.18,105.0,105.03,0.02,13100.0,1375920.0,13100.0,1375920.0,0.0,0.0,,,2024-11
2024-11-13,CEA22,105.8,108.5,105.0,106.52,1.47,793414.0,83245237.0,104724.0,11155613.0,688690.0,72089624.0,,,2024-11
2024-11-13,CEA23,105.2,105.2,105.0,105.05,0.03,1361570.0,135327868.58,133330.0,14006099.78,1228240.0,121321768.8,,,2024-11
2024-11-14,CEA19-20,105.0,105.0,105.0,105.0,0.94,100.0,10500.0,100.0,10500.0,0.0,0.0,,,2024-11
2024-11-14,CEA21,105.0,105.38,105.0,105.16,0.12,158096.0,16602476.01,15000.0,1577396.0,143096.0,15025080.0,,,2024-11
2024-11-14,CEA22,105.3,105.3,104.85,104.99,1.44,479638.0,50280751.81,182138.0,19123501.81,297500.0,31157250.0,,,2024-11
2024-11-14,CEA23,105.1,105.48,104.99,105.22,0.16,577467.0,56471221.2,157467.0,16569421.0,420000.0,39901800.0,,,2024-11
2024-11-15,CEA19-20,104.11,105.1,104.11,104.12,0.84,41365.0,4306871.5,41365.0,4306871.5,0.0,0.0,,,2024-11
2024-11-15,CEA21,105.0,105.2,105.0,105.0,0.15,33901.0,3559605.2,33901.0,3559605.2,0.0,0.0,,,2024-11
2024-11-15,CEA22,105.3,105.3,104.92,105.01,0.02,602078.0,59453287.47,228078.0,23949867.47,374000.0,35503420.0,,,2024-11
2024-11-15,CEA23,105.5,105.5,104.7,104.98,0.23,2799292.0,285546832.21,142559.0,14965407.11,2656733.0,270581425.1,,,2024-11
2024-11-18,CEA19-20,104.12,104.12,104.12,104.12,0.0,0.0,0.0,0.0,0.0,0.0,0.0,,,2024-11
2024-11-18,CEA21,104.9,104.9,104.9,104.9,0.1,1000.0,104900.0,1000.0,104900.0,0.0,0.0,,,2024-11
2024-11-18,CEA22,104.9,104.98,104.51,104.6,0.39,148007.0,15481514.65,148007.0,15481514.65,0.0,0.0,,,2024-11
2024-11-18,CEA23,104.91,105.1,104.5,104.84,0.13,3009382.0,299095336.33,286377.0,30024619.83,2723005.0,269070716.5,,,2024-11
2024-11-19,CEA19-20,105.5,105.5,104.8,105.35,1.18,126376.0,12758647.2,26376.0,2778647.2,100000.0,9980000.0,,,2024-11
2024-11-19,CEA21,104.6,104.98,104.6,104.73,0.16,8500.0,890240.0,8500.0,890240.0,0.0,0.0,,,2024-11
2024-11-19,CEA22,105.1,105.1,104.52,104.63,0.03,1388580.0,115718774.0,108100.0,11310574.0,1280480.0,104408200.0,,,2024-11
2024-11-19,CEA23,105.5,105.5,104.59,104.87,0.03,1601012.0,153633299.07,172083.0,18045816.36,1428929.0,135587482.71,,,2024-11
2024-11-20,CEA19-20,105.35,105.35,105.35,105.35,0.0,100000.0,10470000.0,0.0,0.0,100000.0,10470000.0,,,2024-11
2024-11-20,CEA21,104.7,104.7,104.7,104.7,0.03,5500.0,575850.0,5500.0,575850.0,0.0,0.0,,,2024-11
2024-11-20,CEA22,104.6,104.7,104.56,104.62,0.01,547686.0,51142774.82,117686.0,12312774.82,430000.0,38830000.0,,,2024-11
2024-11-20,CEA23,104.8,104.8,104.61,104.75,0.11,1421702.0,134022168.79,265533.0,27814208.5,1156169.0,106207960.29,,,2024-11
2024-11-21,CEA19-20,104.8,104.8,104.8,104.8,0.52,110100.0,11505480.0,100.0,10480.0,110000.0,11495000.0,,,2024-11
2024-11-21,CEA21,104.6,104.6,104.6,104.6,0.1,41303.0,4320293.8,41303.0,4320293.8,0.0,0.0,,,2024-11
2024-11-21,CEA22,104.5,104.83,104.49,104.75,0.12,1337964.0,128009880.34,103079.0,10797217.56,1234885.0,117212662.78,,,2024-11
2024-11-21,CEA23,105.0,105.0,104.5,104.69,0.06,1793619.0,160262187.22,368508.0,38580307.22,1425111.0,121681880.0,,,2024-11
2024-11-22,CEA19-20,104.9,104.9,104.9,104.9,0.1,3063.0,321308.7,3063.0,321308.7,0.0,0.0,,,2024-11
2024-11-22,CEA21,104.69,104.7,104.69,104.7,0.1,172951.0,18266549.1,28697.0,3004475.9,144254.0,15262073.2,,,2024-11
2024-11-22,CEA22,104.9,104.9,104.5,104.71,0.04,1146859.0,96670479.6,75813.0,7938161.1,1071046.0,88732318.5,,,2024-11
2024-11-22,CEA23,105.2,105.2,104.5,104.8,0.11,2362080.0,237529017.25,235310.0,24661320.07,2126770.0,212867697.18,,,2024-11
2024-11-25,CEA19-20,104.5,104.5,104.25,104.44,0.44,20163.0,2105783.5,20163.0,2105783.5,0.0,0.0,,,2024-11
2024-11-25,CEA21,103.0,104.5,103.0,103.23,1.4,197495.0,20028615.36,97495.0,10064615.36,100000.0,9964000.0,,,2024-11
2024-11-25,CEA22,104.71,104.71,104.1,104.46,0.24,418367.0,41779837.25,79005.0,8252508.25,339362.0,33527329.0,,,2024-11
2024-11-25,CEA23,104.7,105.0,104.29,104.44,0.34,4455876.0,413649142.14,596713.0,62320186.64,3859163.0,351328955.5,,,2024-11
2024-11-26,CEA19-20,104.44,104.44,104.44,104.44,0.0,100000.0,10320000.0,0.0,0.0,100000.0,10320000.0,,,2024-11
2024-11-26,CEA21,96.1,104.2,96.1,99.97,3.16,233104.0,23823395.6,110186.0,11015340.0,122918.0,12808055.6,,,2024-11
2024-11-26,CEA22,104.5,104.5,103.1,103.33,1.08,457333.0,47453342.9,112801.0,11655374.5,344532.0,35797968.4,,,2024-11
2024-11-26,CEA23,104.44,104.44,103.11,103.64,0.77,4776782.0,463933455.69,512173.0,53083050.49,4264609.0,410850405.2,,,2024-11
2024-11-27,CEA19-20,103.4,103.5,102.0,102.23,2.12,117190.0,12087365.0,17190.0,1757365.0,100000.0,10330000.0,,,2024-11
2024-11-27,CEA21,103.4,103.4,103.0,103.0,3.03,83697.0,8620991.0,83697.0,8620991.0,0.0,0.0,,,2024-11
2024-11-27,CEA22,104.0,104.0,102.9,103.07,0.25,1480771.0,142726705.88,439487.0,45299161.0,1041284.0,97427544.88,,,2024-11
2024-11-27,CEA23,103.79,104.5,102.55,103.32,0.31,4307546.0,414720232.65,462118.0,47744117.77,3845428.0,366976114.88,,,2024-11
2024-11-28,CEA19-20,103.5,103.5,103.5,103.5,1.24,257024.0,26479754.5,12565.0,1300477.5,244459.0,25179277.0,,,2024-11
2024-11-28,CEA21,102.9,102.9,95.6,97.58,5.26,288899.0,27797258.76,61500.0,6001250.0,227399.0,21796008.76,,,2024-11
2024-11-28,CEA22,110.0,100.0,101.88,106.18,3.02,589682.0,53532949.3,92220.0,9792039.78,497462.0,43740909.52,,,2024-11
2024-11-28,CEA23,102.8,102.91,100.51,102.02,1.26,2132747.0,199523559.01,386135.0,39395314.01,1746612.0,160128245.0,,,2024-11
2024-11-29,CEA19-20,103.5,103.5,103.5,103.5,0.0,0.0,0.0,0.0,0.0,0.0,0.0,,,2024-11
2024-11-29,CEA21,103.5,103.5,103.5,103.5,6.07,500.0,51750.0,500.0,51750.0,0.0,0.0,,,2024-11
2024-11-29,CEA22,102.0,102.0,101.0,101.18,4.71,100949.0,10214165.95,100949.0,10214165.95,0.0,0.0,,,2024-11
2024-11-29,CEA23,101.1,101.9,101.0,101.33,0.68,6367761.0,628367058.54,487175.0,49367738.65,5880586.0,578999319.89,,,2024-11
2024-12-02,CEA19-20,103.5,103.5,103.5,103.5,0.0,0.0,0.0,0.0,0.0,0.0,0.0,,,2024-12
2024-12-02,CEA21,103.5,103.5,103.5,103.5,0.0,0.0,0.0,0.0,0.0,0.0,0.0,,,2024-12
2024-12-02,CEA22,102.0,102.0,100.0,100.28,0.89,528406.0,54334192.3,103406.0,10369192.3,425000.0,43965000.0,,,2024-12
2024-12-02,CEA23,101.0,101.8,99.0,99.89,1.42,4416035.0,428651251.14,659336.0,65858245.39,3756699.0,362793005.75,,,2024-12
2024-12-03,CEA19-20,99.0,101.4,97.0,99.9,3.48,15500.0,1548500.0,15500.0,1548500.0,0.0,0.0,,,2024-12
2024-12-03,CEA21,103.5,103.5,103.5,103.5,0.0,0.0,0.0,0.0,0.0,0.0,0.0,,,2024-12
2024-12-03,CEA22,100.0,102.0,98.0,101.17,0.89,210439.0,21772561.7,110439.0,11172561.7,100000.0,10600000.0,,,2024-12
2024-12-03,CEA23,100.0,100.0,96.5,98.45,1.44,2791014.0,270489973.2,322358.0,31737147.06,2468656.0,238752826.14,,,2024-12
2024-12-04,CEA19-20,101.5,101.5,101.5,101.5,1.6,234716.0,23121026.0,500.0,50750.0,234216.0,23070276.0,,,2024-12
2024-12-04,CEA21,103.5,103.5,103.5,103.5,0.0,112554.0,11064058.2,0.0,0.0,112554.0,11064058.2,,,2024-12
2024-12-04,CEA22,98.0,99.0,98.0,98.83,2.31,330673.0,33264678.7,70673.0,6984678.7,260000.0,26280000.0,,,2024-12
2024-12-04,CEA23,100.0,100.0,98.0,98.97,0.53,2991077.0,287839810.69,129174.0,12784023.92,2861903.0,275055786.77,,,2024-12
2024-12-05,CEA19-20,100.0,100.5,100.0,100.34,1.14,47311.0,4747255.5,47311.0,4747255.5,0.0,0.0,,,2024-12
2024-12-05,CEA21,103.5,103.5,103.5,103.5,0.0,0.0,0.0,0.0,0.0,0.0,0.0,,,2024-12
2024-12-05,CEA22,991.0,100.0,99.1,99.98,1.16,598127.0,56567630.2,20002.0,1999898.2,578125.0,54567732.0,,,2024-12
2024-12-05,CEA23,100.0,100.0,99.31,99.77,0.81,1368203.0,128202272.11,590203.0,58885912.11,778000.0,69316360.0,,,2024-12
2024-12-06,CEA19-20,101.0,101.0,100.8,100.9,0.56,101757.0,10146332.2,963.0,97170.4,100794.0,10049161.8,,,2024-12
2024-12-06,CEA21,103.5,103.5,103.5,103.5,0.0,0.0,0.0,0.0,0.0,0.0,0.0,,,2024-12
2024-12-06,CEA22,99.9,99.99,99.9,99.92,0.06,600349.0,58981590.5,81095.0,8102990.5,519254.0,50878600.0,,,2024-12
2024-12-06,CEA23,90.0,100.0,90.0,99.43,0.34,1905987.0,189043403.64,573155.0,56989594.7,1332832.0,132053808.94,,,2024-12
2024-12-09,CEA19-20,103.8,103.8,103.8,103.8,2.87,100.0,10380.0,100.0,10380.0,0.0,0.0,,,2024-12
2024-12-09,CEA21,103.5,103.5,103.5,103.5,0.0,0.0,0.0,0.0,0.0,0.0,0.0,,,2024-12
2024-12-09,CEA22,99.98,99.98,99.6,99.8,0.12,1571732.0,158238287.96,202268.0,20186338.65,1369464.0,138051949.31,,,2024-12
2024-12-09,CEA23,99.9,100.0,99.55,99.78,0.35,4753314.0,480633456.12,445453.0,44449188.42,4307861.0,436184267.7,,,2024-12
2024-12-10,CEA19-20,103.8,103.8,103.8,103.8,0.0,100000.0,9900000.0,0.0,0.0,100000.0,9900000.0,,,2024-12
2024-12-10,CEA21,103.5,103.5,103.5,103.5,0.0,0.0,0.0,0.0,0.0,0.0,0.0,,,2024-12
2024-12-10,CEA22,99.5,99.65,99.5,99.63,0.17,2123242.0,214892048.28,45000.0,4483500.0,2078242.0,210408548.28,,,2024-12
2024-12-10,CEA23,99.97,99.97,99.61,99.74,0.04,7510450.0,744022342.74,1004574.0,,6505876.0,643825767.29,,,2024-12
2024-12-11,CEA19-20,103.8,103.8,103.8,103.8,0.0,359733.0,35790836.17,0.0,0.0,359733.0,35790836.17,,,2024-12
2024-12-11,CEA21,101.0,101.0,101.0,101.0,2.42,31100.0,3141100.0,31100.0,3141100.0,0.0,0.0,,,2024-12
2024-12-11,CEA22,101.47,103.5,98.01,100.6,0.97,1135472.0,115623309.76,290179.0,29190856.66,845293.0,86432453.1,,,2024-12
2024-12-11,CEA23,90.0,99.88,90.0,99.42,0.32,8369120.0,812670506.6,1308193.0,,7060927.0,682613032.41,,,2024-12
2024-12-12,CEA19-20,99.4,99.4,99.4,99.4,4.24,27486.0,2732108.4,27486.0,2732108.4,0.0,0.0,,,2024-12
2024-12-12,CEA21,101.0,101.0,101.0,101.0,0.0,0.0,0.0,0.0,0.0,0.0,0.0,,,2024-12
2024-12-12,CEA22,99.6,99.79,99.6,99.74,0.85,600378.0,61089698.1,49545.0,4941374.03,550833.0,56148324.07,,,2024-12
2024-12-12,CEA23,99.2,99.77,99.02,99.45,0.03,8540595.0,843518177.77,587108.0,58386249.96,7953487.0,785131927.81,,,2024-12
2024-12-13,CEA19-20,102.5,102.5,102.5,102.5,3.12,210652.0,20791830.0,10652.0,1091830.0,200000.0,19700000.0,,,2024-12
2024-12-13,CEA21,99.2,99.2,97.0,98.65,2.33,45865.0,4524712.8,45865.0,4524712.8,0.0,0.0,,,2024-12
2024-12-13,CEA22,104.0,104.0,99.19,102.59,2.86,507021.0,50596018.32,14158.0,1452432.02,492863.0,49143586.3,,,2024-12
2024-12-13,CEA23,98.49,99.5,97.1,99.23,0.22,4317735.0,420513148.93,393519.0,39049790.05,3924216.0,381463358.88,,,2024-12
2024-12-16,CEA19-20,98.5,98.5,98.5,98.5,3.9,300.0,29550.0,300.0,29550.0,0.0,0.0,,,2024-12
2024-12-16,CEA21,98.65,98.65,98.65,98.65,0.0,0.0,0.0,0.0,0.0,0.0,0.0,,,2024-12
2024-12-16,CEA22,98.2,98.2,98.2,98.2,4.28,600.0,58920.0,600.0,58920.0,0.0,0.0,,,2024-12
2024-12-16,CEA23,95.0,99.0,95.0,97.3,1.94,2537898.0,248559451.8,254298.0,24743023.8,2283600.0,223816428.0,,,2024-12
2024-12-17,CEA19-20,100.0,100.0,100.0,100.0,1.52,108688.0,10468800.0,8688.0,868800.0,100000.0,9600000.0,,,2024-12
2024-12-17,CEA21,98.65,98.65,98.65,98.65,0.0,0.0,0.0,0.0,0.0,0.0,0.0,,,2024-12
2024-12-17,CEA22,96.0,96.0,94.0,95.93,2.31,103252.0,9904488.0,103252.0,9904488.0,0.0,0.0,,,2024-12
2024-12-17,CEA23,97.0,97.5,95.0,95.36,1.99,1511128.0,144189589.3,1131128.0,,380000.0,36320000.0,,,2024-12
2024-12-18,CEA19-20,98.5,98.5,98.5,98.5,1.5,205476.0,20424386.0,5476.0,539386.0,200000.0,19885000.0,,,2024-12
2024-12-18,CEA21,98.65,98.65,98.65,98.65,0.0,0.0,0.0,0.0,0.0,0.0,0.0,,,2024-12
2024-12-18,CEA22,95.55,97.0,95.55,96.8,0.91,733865.0,71052673.89,79179.0,7664317.89,654686.0,63388356.0,,,2024-12
2024-12-18,CEA23,98.0,98.0,95.4,96.11,0.79,1835861.0,172146024.75,529634.0,50901302.79,1306227.0,121244721.96,,,2024-12
2024-12-19,CEA19-20,98.5,98.5,98.5,98.5,0.0,150000.0,14685000.0,0.0,0.0,150000.0,14685000.0,,,2024-12
2024-12-19,CEA21,98.65,98.65,98.65,98.65,0.0,0.0,0.0,0.0,0.0,0.0,0.0,,,2024-12
2024-12-19,CEA22,96.55,97.7,96.55,96.64,0.17,164155.0,15829915.25,64155.0,6199915.25,100000.0,9630000.0,,,2024-12
2024-12-19,CEA23,99.0,99.0,96.6,97.99,1.96,2412924.0,236414493.86,260117.0,25489766.96,2152807.0,210924726.9,,,2024-12
2024-12-20,CEA19-20,98.0,98.0,98.0,98.0,0.51,5763.0,564774.0,5763.0,564774.0,0.0,0.0,,,2024-12
2024-12-20,CEA21,98.65,98.65,98.65,98.65,0.0,0.0,0.0,0.0,0.0,0.0,0.0,,,2024-12
2024-12-20,CEA22,98.45,98.45,98.35,98.35,1.77,697721.0,68034014.45,10081.0,991474.95,687640.0,67042539.5,,,2024-12
2024-12-20,CEA23,99.9,99.8,98.0,98.33,0.35,1839746.0,179549607.39,771303.0,75842584.49,1068443.0,103707022.9,,,2024-12
2024-12-23,CEA19-20,98.0,98.0,98.0,98.0,0.0,100000.0,9800000.0,0.0,0.0,100000.0,9800000.0,,,2024-12
2024-12-23,CEA21,99.4,99.4,99.4,99.4,0.76,18359.0,1824884.6,18359.0,1824884.6,0.0,0.0,,,2024-12
2024-12-23,CEA22,98.0,98.0,98.0,98.0,0.36,288474.0,20007184.9,5000.0,490000.0,283474.0,19517184.9,,,2024-12
2024-12-23,CEA23,99.4,99.4,95.85,98.43,0.1,1061733.0,103880843.65,135475.0,13334949.65,926258.0,90545894.0,,,2024-12
2024-12-24,CEA19-20,98.0,98.0,98.0,98.0,0.0,0.0,0.0,0.0,0.0,0.0,0.0,,,2024-12
2024-12-24,CEA21,99.4,99.4,99.4,99.4,0.0,0.0,0.0,0.0,0.0,0.0,0.0,,,2024-12
2024-12-24,CEA22,97.0,98.0,97.0,98.0,0.0,10011.0,981067.0,10011.0,981067.0,0.0,0.0,,,2024-12
2024-12-24,CEA23,96.0,99.0,96.0,97.52,0.92,694364.0,67833210.87,442364.0,43137210.87,252000.0,24696000.0,,,2024-12
2024-12-25,CEA19-20,98.0,98.0,98.0,98.0,0.0,0.0,0.0,0.0,0.0,0.0,0.0,,,2024-12
2024-12-25,CEA21,99.4,99.4,99.4,99.4,0.0,0.0,0.0,0.0,0.0,0.0,0.0,,,2024-12
2024-12-25,CEA22,97.5,97.5,96.9,97.12,0.9,38977.0,3785323.8,38977.0,3785323.8,0.0,0.0,,,2024-12
2024-12-25,CEA23,98.0,98.0,96.5,97.23,0.3,486958.0,47824461.47,212025.0,20616014.07,274933.0,27208447.4,,,2024-12
2024-12-26,CEA19-20,97.5,97.5,97.5,97.5,0.51,14801.0,1443097.5,14801.0,1443097.5,0.0,0.0,,,2024-12
2024-12-26,CEA21,99.4,99.4,99.4,99.4,0.0,0.0,0.0,0.0,0.0,0.0,0.0,,,2024-12
2024-12-26,CEA22,97.5,97.5,96.9,97.12,0.0,100000.0,9750000.0,0.0,0.0,100000.0,9750000.0,,,2024-12
2024-12-26,CEA23,97.85,97.85,96.0,97.2,0.03,1319849.0,128101638.64,379649.0,36900162.64,940200.0,91201476.0,,,2024-12
2024-12-27,CEA19-20,97.4,97.4,96.5,96.89,0.63,217480.0,20951982.0,82680.0,8011182.0,134800.0,12940800.0,,,2024-12
2024-12-27,CEA21,99.0,99.0,96.5,97.93,1.48,248583.0,24097766.0,48583.0,4757766.0,200000.0,19340000.0,,,2024-12
2024-12-27,CEA22,99.3,99.3,99.3,99.3,2.24,112519.0,11393136.7,12519.0,1243136.7,100000.0,10150000.0,,,2024-12
2024-12-27,CEA23,94.85,97.8,94.0,96.82,0.39,1178712.0,114155764.66,1020846.0,98842762.66,157866.0,15313002.0,,,2024-12
2024-12-30,CEA19-20,96.5,97.7,96.5,97.24,0.36,75525.0,7344169.5,75525.0,7344169.5,0.0,0.0,,,2024-12
2024-12-30,CEA21,96.8,96.8,96.8,96.8,1.15,13512.0,1307961.6,13512.0,1307961.6,0.0,0.0,,,2024-12
2024-12-30,CEA22,99.3,99.3,99.3,99.3,0.0,0.0,0.0,0.0,0.0,0.0,0.0,,,2024-12
2024-12-30,CEA23,95.0,98.4,95.0,97.49,0.69,505786.0,49309206.18,505786.0,49309206.18,0.0,0.0,,,2024-12
2024-12-31,CEA19-20,97.24,97.24,97.24,97.24,0.0,0.0,0.0,0.0,0.0,0.0,0.0,,,2024-12
2024-12-31,CEA21,96.8,96.8,96.8,96.8,0.0,0.0,0.0,0.0,0.0,0.0,0.0,,,2024-12
2024-12-31,CEA22,98.0,98.0,98.0,98.0,1.31,5000.0,490000.0,5000.0,490000.0,0.0,0.0,,,2024-12
2024-12-31,CEA23,98.5,98.5,97.0,97.92,0.44,111368.0,10905448.0,111368.0,10905448.0,0.0,0.0,,,2024-12
2025-01-02,CEA19-20,97.24,97.24,97.24,97.24,0.0,0.0,0.0,0.0,0.0,0.0,0.0,,,2025-01
2025-01-02,CEA21,96.8,96.8,96.8,96.8,0.0,0.0,0.0,0.0,0.0,0.0,0.0,,,2025-01
2025-01-02,CEA22,98.0,98.0,98.0,98.0,0.0,0.0,0.0,0.0,0.0,0.0,0.0,,,2025-01
2025-01-02,CEA23,96.0,96.0,96.0,96.0,1.96,3991.0,383136.0,3991.0,383136.0,0.0,0.0,,,2025-01
2025-01-03,CEA19-20,97.24,97.24,97.24,97.24,0.0,0.0,0.0,0.0,0.0,0.0,0.0,,,2025-01
2025-01-03,CEA21,96.8,96.8,96.8,96.8,0.0,0.0,0.0,0.0,0.0,0.0,0.0,,,2025-01
2025-01-03,CEA22,98.0,98.0,98.0,98.0,0.0,0.0,0.0,0.0,0.0,0.0,0.0,,,2025-01
2025-01-03,CEA23,95.0,95.0,95.0,95.0,1.04,20000.0,1900000.0,20000.0,1900000.0,0.0,0.0,,,2025-01
2025-01-06,CEA19-20,97.0,97.0,97.0,97.0,0.25,8.0,776.0,8.0,776.0,0.0,0.0,,,2025-01
2025-01-06,CEA21,96.8,96.8,96.8,96.8,0.0,0.0,0.0,0.0,0.0,0.0,0.0,,,2025-01
2025-01-06,CEA22,98.0,98.0,98.0,98.0,0.0,0.0,0.0,0.0,0.0,0.0,0.0,,,2025-01
2025-01-06,CEA23,95.0,95.0,95.0,95.0,0.0,0.0,0.0,0.0,0.0,0.0,0.0,,,2025-01
2025-01-07,CEA19-20,97.0,97.0,97.0,97.0,0.0,8.0,776.0,8.0,776.0,0.0,0.0,,,2025-01
2025-01-07,CEA21,96.8,96.8,96.8,96.8,0.0,0.0,0.0,0.0,0.0,0.0,0.0,,,2025-01
2025-01-07,CEA22,98.0,98.0,98.0,98.0,0.0,0.0,0.0,0.0,0.0,0.0,0.0,,,2025-01
2025-01-07,CEA23,95.0,95.0,95.0,95.0,0.0,30000.0,2850000.0,30000.0,2850000.0,0.0,0.0,,,2025-01
2025-01-08,CEA19-20,93.0,93.0,93.0,93.0,4.12,1800.0,167400.0,1800.0,167400.0,0.0,0.0,,,2025-01
2025-01-08,CEA21,96.8,96.8,96.8,96.8,0.0,0.0,0.0,0.0,0.0,0.0,0.0,,,2025-01
2025-01-08,CEA22,93.0,93.51,93.0,93.07,5.03,58374.0,5433040.48,58374.0,5433040.48,0.0,0.0,,,2025-01
2025-01-08,CEA23,94.5,94.5,94.0,94.11,0.94,22497.0,2117218.0,22497.0,2117218.0,0.0,0.0,,,2025-01
2025-01-09,CEA19-20,93.0,93.0,93.0,93.0,0.0,0.0,0.0,0.0,0.0,0.0,0.0,,,2025-01
2025-01-09,CEA21,96.8,96.8,96.8,96.8,0.0,0.0,0.0,0.0,0.0,0.0,0.0,,,2025-01
2025-01-09,CEA22,93.0,93.51,93.0,93.07,0.0,0.0,0.0,0.0,0.0,0.0,0.0,,,2025-01
2025-01-09,CEA23,94.0,94.0,94.0,94.0,0.12,15000.0,1410000.0,15000.0,1410000.0,0.0,0.0,,,2025-01
2025-01-10,CEA19-20,94.01,94.01,94.01,94.01,1.09,8.0,752.08,8.0,752.08,0.0,0.0,,,2025-01
2025-01-10,CEA21,96.8,96.8,96.8,96.8,0.0,0.0,0.0,0.0,0.0,0.0,0.0,,,2025-01
2025-01-10,CEA22,93.0,93.51,93.0,93.07,0.0,0.0,0.0,0.0,0.0,0.0,0.0,,,2025-01
2025-01-10,CEA23,94.0,94.0,94.0,94.0,0.0,0.0,0.0,0.0,0.0,0.0,0.0,,,2025-01
2025-01-13,CEA19-20,94.01,94.01,94.01,94.01,0.0,8.0,752.08,8.0,752.08,0.0,0.0,,,2025-01
2025-01-13,CEA21,96.8,96.8,96.8,96.8,0.0,0.0,0.0,0.0,0.0,0.0,0.0,,,2025-01
2025-01-13,CEA22,93.0,93.51,93.0,93.07,0.0,0.0,0.0,0.0,0.0,0.0,0.0,,,2025-01
2025-01-13,CEA23,94.0,94.0,94.0,94.0,0.0,10000.0,0.0,10000.0,940000.0,0.0,0.0,,,2025-01
2025-01-14,CEA19-20,94.01,94.01,94.01,94.01,0.0,0.0,0.0,0.0,0.0,0.0,0.0,,,2025-01
2025-01-14,CEA21,96.8,96.8,96.8,96.8,0.0,0.0,0.0,0.0,0.0,0.0,0.0,,,2025-01
2025-01-14,CEA22,93.0,93.51,93.0,93.07,0.0,0.0,0.0,0.0,0.0,0.0,0.0,,,2025-01
2025-01-14,CEA23,94.0,94.0,94.0,94.0,0.0,0.0,0.0,0.0,0.0,0.0,0.0,,,2025-01
2025-01-15,CEA19-20,94.01,94.01,94.01,94.01,0.0,0.0,0.0,0.0,0.0,0.0,0.0,,,2025-01
2025-01-15,CEA21,96.8,96.8,96.8,96.8,0.0,0.0,0.0,0.0,0.0,0.0,0.0,,,2025-01
2025-01-15,CEA22,95.0,95.0,95.0,95.0,2.07,6595.0,626525.0,6595.0,626525.0,0.0,0.0,,,2025-01
2025-01-15,CEA23,94.0,94.0,94.0,94.0,0.0,100000.0,9320000.0,100000.0,9320000.0,0.0,0.0,,,2025-01
2025-01-16,CEA19-20,94.01,94.01,94.01,94.01,0.0,0.0,0.0,0.0,0.0,0.0,0.0,,,2025-01
2025-01-16,CEA21,96.8,96.8,96.8,96.8,0.0,0.0,0.0,0.0,0.0,0.0,0.0,,,2025-01
2025-01-16,CEA22,95.0,95.0,95.0,95.0,0.0,0.0,0.0,0.0,0.0,0.0,0.0,,,2025-01
2025-01-16,CEA23,94.0,94.0,94.0,94.0,0.0,0.0,0.0,0.0,0.0,0.0,0.0,,,2025-01
2025-01-17,CEA19-20,94.01,94.01,94.01,94.01,0.0,0.0,0.0,0.0,0.0,0.0,0.0,,,2025-01
2025-01-17,CEA21,96.8,96.8,96.8,96.8,0.0,0.0,0.0,0.0,0.0,0.0,0.0,,,2025-01
2025-01-17,CEA22,95.0,95.0,95.0,95.0,0.0,0.0,0.0,0.0,0.0,0.0,0.0,,,2025-01
2025-01-17,CEA23,94.0,94.0,94.0,94.0,0.0,17497.0,1644718.0,17497.0,1644718.0,0.0,0.0,,,2025-01
2025-01-20,CEA19-20,94.01,94.01,94.01,94.01,0.0,0.0,0.0,0.0,0.0,0.0,0.0,,,2025-01
2025-01-20,CEA21,93.2,93.2,93.2,93.2,3.72,20000.0,1864000.0,20000.0,1864000.0,0.0,0.0,,,2025-01
2025-01-20,CEA22,95.0,95.0,95.0,95.0,0.0,0.0,0.0,0.0,0.0,0.0,0.0,,,2025-01
2025-01-20,CEA23,93.2,93.2,93.2,93.2,0.85,230000.0,21436000.0,30000.0,2796000.0,200000.0,18640000.0,,,2025-01
2025-01-21,CEA19-20,92.0,92.0,92.0,92.0,2.14,5058.0,465336.0,5058.0,465336.0,0.0,0.0,,,2025-01
2025-01-21,CEA21,93.2,93.2,93.2,93.2,0.0,0.0,0.0,0.0,0.0,0.0,0.0,,,2025-01
2025-01-21,CEA22,95.0,95.0,95.0,95.0,0.0,0.0,0.0,0.0,0.0,0.0,0.0,,,2025-01
2025-01-21,CEA23,93.2,93.2,93.2,93.2,0.0,1000000.0,90000000.0,0.0,0.0,1000000.0,90000000.0,,,2025-01
2025-01-22,CEA19-20,92.0,92.0,92.0,92.0,0.0,0.0,0.0,0.0,0.0,0.0,0.0,,,2025-01
2025-01-22,CEA21,93.2,93.2,93.2,93.2,0.0,0.0,0.0,0.0,0.0,0.0,0.0,,,2025-01
2025-01-22,CEA22,95.0,95.0,95.0,95.0,0.0,0.0,0.0,0.0,0.0,0.0,0.0,,,2025-01
2025-01-22,CEA23,93.2,93.2,93.2,93.2,0.0,250000.0,23300000.0,0.0,0.0,250000.0,23300000.0,,,2025-01
2025-01-23,CEA19-20,92.0,92.0,92.0,92.0,0.0,0.0,0.0,0.0,0.0,0.0,0.0,,,2025-01
2025-01-23,CEA21,93.2,93.2,93.2,93.2,0.0,0.0,0.0,0.0,0.0,0.0,0.0,,,2025-01
2025-01-23,CEA22,95.0,95.0,95.0,95.0,0.0,0.0,0.0,0.0,0.0,0.0,0.0,,,2025-01
2025-01-23,CEA23,93.2,93.2,93.2,93.2,0.0,200000.0,18400000.0,0.0,0.0,200000.0,18400000.0,,,2025-01
2025-01-24,CEA19-20,92.0,92.0,92.0,92.0,0.0,0.0,0.0,0.0,0.0,0.0,0.0,,,2025-01
2025-01-24,CEA21,93.2,93.2,93.2,93.2,0.0,0.0,0.0,0.0,0.0,0.0,0.0,,,2025-01
2025-01-24,CEA22,95.0,95.0,95.0,95.0,0.0,0.0,0.0,0.0,0.0,0.0,0.0,,,2025-01
2025-01-24,CEA23,93.5,93.5,93.5,93.5,0.32,725.0,67787.5,725.0,67787.5,0.0,0.0,,,2025-01
2025-01-27,CEA19-20,92.0,92.0,92.0,92.0,100.0,0.0,0.0,0.0,0.0,0.0,0.0,,,2025-01
2025-01-27,CEA21,93.2,93.2,93.2,93.2,100.0,0.0,0.0,0.0,0.0,0.0,0.0,,,2025-01
2025-01-27,CEA22,95.0,95.0,95.0,95.0,100.0,0.0,0.0,0.0,0.0,0.0,0.0,,,2025-01
2025-01-27,CEA23,93.5,93.5,93.5,93.5,100.0,0.0,0.0,0.0,0.0,0.0,0.0,,,2025-01
2025-02-05,CEA19-20,92.0,92.0,92.0,92.0,0.0,0.0,0.0,0.0,0.0,0.0,0.0,,,2025-02
2025-02-05,CEA21,93.2,93.2,93.2,93.2,0.0,0.0,0.0,0.0,0.0,0.0,0.0,,,2025-02
2025-02-05,CEA22,95.0,95.0,95.0,95.0,0.0,0.0,0.0,0.0,0.0,0.0,0.0,,,2025-02
2025-02-05,CEA23,93.5,93.5,93.5,93.5,0.0,0.0,0.0,0.0,0.0,0.0,0.0,,,2025-02
2025-02-06,CEA19-20,92.0,92.0,92.0,92.0,0.0,0.0,0.0,0.0,0.0,0.0,0.0,,,2025-02
2025-02-06,CEA21,93.2,93.2,93.2,93.2,0.0,0.0,0.0,0.0,0.0,0.0,0.0,,,2025-02
2025-02-06,CEA22,93.0,93.0,93.0,93.0,2.11,10000.0,930000.0,10000.0,930000.0,0.0,0.0,,,2025-02
2025-02-06,CEA23,93.5,93.5,93.5,93.5,0.0,0.0,0.0,0.0,0.0,0.0,0.0,,,2025-02
2025-02-07,CEA19-20,92.0,92.0,92.0,92.0,0.0,0.0,0.0,0.0,0.0,0.0,0.0,,,2025-02
2025-02-07,CEA21,93.2,93.2,93.2,93.2,0.0,0.0,0.0,0.0,0.0,0.0,0.0,,,2025-02
2025-02-07,CEA22,93.0,93.0,93.0,93.0,0.0,0.0,0.0,0.0,0.0,0.0,0.0,,,2025-02
2025-02-07,CEA23,93.5,93.5,93.5,93.5,0.0,0.0,0.0,0.0,0.0,0.0,0.0,,,2025-02
2025-02-10,CEA19-20,92.0,92.0,92.0,92.0,0.0,0.0,0.0,0.0,0.0,0.0,0.0,,,2025-02
2025-02-10,CEA21,93.2,93.2,93.2,93.2,0.0,0.0,0.0,0.0,0.0,0.0,0.0,,,2025-02
2025-02-10,CEA22,93.0,93.0,93.0,93.0,0.0,0.0,0.0,0.0,0.0,0.0,0.0,,,2025-02
2025-02-10,CEA23,93.5,93.5,93.5,93.5,0.0,0.0,0.0,0.0,0.0,0.0,0.0,,,2025-02
2025-02-11,CEA19-20,92.0,92.0,92.0,92.0,0.0,0.0,0.0,0.0,0.0,0.0,0.0,,,2025-02
2025-02-11,CEA21,93.2,93.2,93.2,93.2,0.0,0.0,0.0,0.0,0.0,0.0,0.0,,,2025-02
2025-02-11,CEA22,93.0,93.0,93.0,93.0,0.0,0.0,0.0,0.0,0.0,0.0,0.0,,,2025-02
2025-02-11,CEA23,93.5,93.5,93.5,93.5,0.0,100000.0,9280000.0,0.0,0.0,100000.0,9280000.0,,,2025-02
2025-02-12,CEA19-20,92.0,92.0,92.0,92.0,0.0,7500.0,690000.0,7500.0,690000.0,0.0,0.0,,,2025-02
2025-02-12,CEA21,92.0,92.0,92.0,92.0,1.29,7500.0,690000.0,7500.0,690000.0,0.0,0.0,,,2025-02
2025-02-12,CEA22,92.0,92.0,92.0,92.0,1.08,7500.0,690000.0,7500.0,690000.0,0.0,0.0,,,2025-02
2025-02-12,CEA23,93.5,93.5,92.0,92.86,0.68,17500.0,1625000.0,17500.0,1625000.0,0.0,0.0,,,2025-02
2025-02-13,CEA19-20,92.0,92.0,92.0,92.0,0.0,0.0,0.0,0.0,0.0,0.0,0.0,,,2025-02
2025-02-13,CEA21,92.5,92.5,92.5,92.5,0.54,8648.0,799940.0,8648.0,799940.0,0.0,0.0,,,2025-02
2025-02-13,CEA22,92.0,92.0,92.0,92.0,0.0,0.0,0.0,0.0,0.0,0.0,0.0,,,2025-02
2025-02-13,CEA23,92.86,92.86,92.86,92.86,0.0,0.0,0.0,0.0,0.0,0.0,0.0,,,2025-02
2025-02-14,CEA19-20,91.0,91.0,90.0,90.48,1.65,39337.0,3559330.0,39337.0,3559330.0,0.0,0.0,,,2025-02
2025-02-14,CEA21,91.0,91.0,90.0,90.21,2.48,12176.0,1098340.0,12176.0,1098340.0,0.0,0.0,,,2025-02
2025-02-14,CEA22,91.0,91.0,91.0,91.0,1.09,10000.0,0.0,10000.0,910000.0,0.0,0.0,,,2025-02
2025-02-14,CEA23,92.86,92.86,92.86,92.86,0.0,200000.0,0.0,0.0,0.0,200000.0,18480000.0,,,2025-02
2025-02-17,CEA19-20,90.48,90.48,90.48,90.48,0.0,0.0,0.0,0.0,0.0,0.0,0.0,,,2025-02
2025-02-17,CEA21,90.21,90.21,90.21,90.21,0.0,0.0,0.0,0.0,0.0,0.0,0.0,,,2025-02
2025-02-17,CEA22,91.0,91.0,91.0,91.0,0.0,0.0,0.0,0.0,0.0,0.0,0.0,,,2025-02
2025-02-17,CEA23,92.86,92.86,92.86,92.86,0.0,0.0,0.0,0.0,0.0,0.0,0.0,,,2025-02
2025-02-18,CEA19-20,90.48,90.48,90.48,90.48,0.0,0.0,0.0,0.0,0.0,0.0,0.0,,,2025-02
2025-02-18,CEA21,92.99,92.99,92.99,92.99,3.08,4041.0,375772.59,4041.0,375772.59,0.0,0.0,,,2025-02
2025-02-18,CEA22,91.0,91.0,91.0,91.0,0.0,0.0,0.0,0.0,0.0,0.0,0.0,,,2025-02
2025-02-18,CEA23,90.5,90.5,90.0,90.2,2.86,12692.0,1144780.0,12692.0,1144780.0,0.0,0.0,,,2025-02
2025-02-19,CEA19-20,90.48,90.48,90.48,90.48,0.0,0.0,0.0,0.0,0.0,0.0,0.0,,,2025-02
2025-02-19,CEA21,92.99,92.99,92.99,92.99,0.0,0.0,0.0,0.0,0.0,0.0,0.0,,,2025-02
2025-02-19,CEA22,91.0,91.0,91.0,91.0,0.0,0.0,0.0,0.0,0.0,0.0,0.0,,,2025-02
2025-02-19,CEA23,90.5,90.5,90.5,90.5,0.33,74000.0,6697000.0,74000.0,6697000.0,0.0,0.0,,,2025-02
2025-02-20,CEA19-20,90.48,90.48,90.48,90.48,0.0,0.0,0.0,0.0,0.0,0.0,0.0,,,2025-02
2025-02-20,CEA21,90.0,90.0,90.0,90.0,3.22,30000.0,2700000.0,30000.0,2700000.0,0.0,0.0,,,2025-02
2025-02-20,CEA22,91.0,91.0,91.0,91.0,0.0,0.0,0.0,0.0,0.0,0.0,0.0,,,2025-02
2025-02-20,CEA23,92.5,92.5,90.0,90.44,0.07,89594.0,8102445.0,89594.0,8102445.0,0.0,0.0,,,2025-02
2025-02-21,CEA19-20,90.48,90.48,90.48,90.48,0.0,0.0,0.0,0.0,0.0,0.0,0.0,,,2025-02
2025-02-21,CEA21,90.0,90.0,90.0,90.0,0.0,0.0,0.0,0.0,0.0,0.0,0.0,,,2025-02
2025-02-21,CEA22,90.0,90.0,89.0,89.09,2.1,22000.0,1960000.0,22000.0,1960000.0,0.0,0.0,,,2025-02
2025-02-21,CEA23,90.11,90.11,90.0,90.03,0.45,16906.0,1522090.0,16906.0,1522090.0,0.0,0.0,,,2025-02
2025-02-24,CEA19-20,90.48,90.48,90.48,90.48,0.0,0.0,0.0,0.0,0.0,0.0,0.0,,,2025-02
2025-02-24,CEA21,90.0,90.0,90.0,90.0,0.0,0.0,0.0,0.0,0.0,0.0,0.0,,,2025-02
2025-02-24,CEA22,90.0,90.0,89.0,89.09,0.0,0.0,0.0,0.0,0.0,0.0,0.0,,,2025-02
2025-02-24,CEA23,90.0,90.0,90.0,90.0,0.03,5000.0,450000.0,5000.0,450000.0,0.0,0.0,,,2025-02
2025-02-25,CEA19-20,90.48,90.48,90.48,90.48,0.0,0.0,0.0,0.0,0.0,0.0,0.0,,,2025-02
2025-02-25,CEA21,90.0,90.0,90.0,90.0,0.0,0.0,0.0,0.0,0.0,0.0,0.0,,,2025-02
2025-02-25,CEA22,92.99,92.99,92.99,92.99,4.38,69899.0,6499908.01,69899.0,6499908.01,0.0,0.0,,,2025-02
2025-02-25,CEA23,94.0,94.0,89.0,89.85,0.17,117275.0,10537522.11,117275.0,10537522.11,0.0,0.0,,,2025-02
2025-02-26,CEA19-20,90.48,90.48,90.48,90.48,0.0,0.0,0.0,0.0,0.0,0.0,0.0,,,2025-02
2025-02-26,CEA21,90.0,90.0,90.0,90.0,0.0,0.0,0.0,0.0,0.0,0.0,0.0,,,2025-02
2025-02-26,CEA22,89.0,89.0,89.0,89.0,4.29,10000.0,890000.0,10000.0,890000.0,0.0,0.0,,,2025-02
2025-02-26,CEA23,90.0,90.0,89.5,89.5,0.39,50050.0,4479500.0,50050.0,4479500.0,0.0,0.0,,,2025-02
2025-02-27,CEA19-20,90.48,90.48,90.48,90.48,0.0,0.0,0.0,0.0,0.0,0.0,0.0,,,2025-02
2025-02-27,CEA21,90.0,90.0,90.0,90.0,0.0,0.0,0.0,0.0,0.0,0.0,0.0,,,2025-02
2025-02-27,CEA22,89.0,89.0,89.0,89.0,0.0,0.0,0.0,0.0,0.0,0.0,0.0,,,2025-02
2025-02-27,CEA23,90.0,90.0,89.5,89.5,0.0,100000.0,8900000.0,0.0,0.0,100000.0,8900000.0,,,2025-02
2025-02-28,CEA19-20,90.48,90.48,90.48,90.48,0.0,0.0,0.0,0.0,0.0,0.0,0.0,,,2025-02
2025-02-28,CEA21,90.0,90.0,90.0,90.0,0.0,0.0,0.0,0.0,0.0,0.0,0.0,,,2025-02
2025-02-28,CEA22,89.0,89.0,89.0,89.0,0.0,0.0,0.0,0.0,0.0,0.0,0.0,,,2025-02
2025-02-28,CEA23,89.0,89.0,88.0,88.74,0.85,273950.0,23786550.0,173950.0,15436550.0,100000.0,8350000.0,,,2025-02
2025-03-03,CEA19-20,90.48,90.48,90.48,90.48,0.0,273950.0,23786550.0,173950.0,15436550.0,100000.0,8350000.0,,,2025-03
2025-03-03,CEA21,90.0,90.0,90.0,90.0,0.0,0.0,0.0,0.0,0.0,0.0,0.0,,,2025-03
2025-03-03,CEA22,90.0,90.0,90.0,90.0,1.12,0.0,0.0,0.0,0.0,0.0,0.0,,,2025-03
2025-03-03,CEA23,89.0,89.0,88.0,88.74,0.0,1.0,90.0,1.0,90.0,0.0,0.0,,,2025-03
2025-03-04,CEA19-20,90.48,90.48,90.48,90.48,0.0,100000.0,8874000.0,0.0,0.0,100000.0,8874000.0,,,2025-03
2025-03-04,CEA21,90.0,90.0,90.0,90.0,0.0,0.0,0.0,0.0,0.0,0.0,0.0,,,2025-03
2025-03-04,CEA22,88.0,88.0,88.0,88.0,2.22,0.0,0.0,0.0,0.0,0.0,0.0,,,2025-03
2025-03-04,CEA23,88.5,88.5,88.5,88.5,0.27,2000.0,176000.0,2000.0,176000.0,0.0,0.0,,,2025-03
2025-03-05,CEA19-20,90.48,90.48,90.48,90.48,0.0,0.0,0.0,0.0,0.0,0.0,0.0,,,2025-03
2025-03-05,CEA21,90.0,90.0,90.0,90.0,0.0,0.0,0.0,0.0,0.0,0.0,0.0,,,2025-03
2025-03-05,CEA22,88.0,88.0,88.0,88.0,0.0,0.0,0.0,0.0,0.0,0.0,0.0,,,2025-03
2025-03-05,CEA23,88.0,88.0,88.0,88.0,0.56,5000.0,440000.0,5000.0,440000.0,0.0,0.0,,,2025-03
2025-03-06,CEA19-20,90.48,90.48,90.48,90.48,0.0,0.0,0.0,0.0,0.0,0.0,0.0,,,2025-03
2025-03-06,CEA21,90.0,90.0,90.0,90.0,0.0,0.0,0.0,0.0,0.0,0.0,0.0,,,2025-03
2025-03-06,CEA22,88.0,88.0,88.0,88.0,0.0,0.0,0.0,0.0,0.0,0.0,0.0,,,2025-03
2025-03-06,CEA23,89.99,89.99,89.99,89.99,2.26,101300.0,8766987.0,1300.0,116987.0,100000.0,8650000.0,,,2025-03
2025-03-07,CEA19-20,90.48,90.48,90.48,90.48,0.0,0.0,0.0,0.0,0.0,0.0,0.0,,,2025-03
2025-03-07,CEA21,90.0,90.0,90.0,90.0,0.0,0.0,0.0,0.0,0.0,0.0,0.0,,,2025-03
2025-03-07,CEA22,88.0,88.0,88.0,88.0,0.0,0.0,0.0,0.0,0.0,0.0,0.0,,,2025-03
2025-03-07,CEA23,89.99,89.99,89.99,89.99,0.0,0.0,0.0,0.0,0.0,0.0,0.0,,,2025-03
2025-03-10,CEA19-20,90.48,90.48,90.48,90.48,0.0,0.0,0.0,0.0,0.0,0.0,0.0,,,2025-03
2025-03-10,CEA21,87.0,87.0,87.0,87.0,3.33,566.0,49242.0,566.0,49242.0,0.0,0.0,,,2025-03
2025-03-10,CEA22,88.0,88.0,88.0,88.0,0.0,0.0,0.0,0.0,0.0,0.0,0.0,,,2025-03
2025-03-10,CEA23,89.99,89.99,89.99,89.99,0.0,0.0,0.0,0.0,0.0,0.0,0.0,,,2025-03
2025-03-11,CEA19-20,90.48,90.48,90.48,90.48,0.0,0.0,0.0,0.0,0.0,0.0,0.0,,,2025-03
2025-03-11,CEA21,87.0,87.0,87.0,87.0,0.0,0.0,0.0,0.0,0.0,0.0,0.0,,,2025-03
2025-03-11,CEA22,85.0,85.0,85.0,85.0,3.41,10000.0,850000.0,10000.0,850000.0,0.0,0.0,,,2025-03
2025-03-11,CEA23,89.99,89.99,89.99,89.99,0.0,200000.0,17500000.0,0.0,0.0,200000.0,17500000.0,,,2025-03
2025-03-12,CEA19-20,90.48,90.48,90.48,90.48,0.0,0.0,0.0,0.0,0.0,0.0,0.0,,,2025-03
2025-03-12,CEA21,85.0,85.0,85.0,85.0,2.3,4749.0,403665.0,4749.0,403665.0,0.0,0.0,,,2025-03
2025-03-12,CEA22,85.0,85.0,85.0,85.0,0.0,6847.0,581995.0,6847.0,581995.0,0.0,0.0,,,2025-03
2025-03-12,CEA23,85.5,87.0,85.5,85.93,4.51,7000.0,601500.0,7000.0,601500.0,0.0,0.0,,,2025-03
2025-03-13,CEA19-20,90.48,90.48,90.48,90.48,0.0,0.0,0.0,0.0,0.0,0.0,0.0,,,2025-03
2025-03-13,CEA21,85.0,85.0,85.0,85.0,0.0,0.0,0.0,0.0,0.0,0.0,0.0,,,2025-03
2025-03-13,CEA22,90.7,90.7,90.58,90.66,6.66,33091.0,3000004.42,33091.0,3000004.42,0.0,0.0,,,2025-03
2025-03-13,CEA23,86.0,86.0,86.0,86.0,0.08,52000.0,4472000.0,52000.0,4472000.0,0.0,0.0,,,2025-03
2025-03-14,CEA19-20,90.48,90.48,90.48,90.48,0.0,0.0,0.0,0.0,0.0,0.0,0.0,,,2025-03
2025-03-14,CEA21,87.0,87.0,87.0,87.0,2.35,10000.0,870000.0,10000.0,870000.0,0.0,0.0,,,2025-03
2025-03-14,CEA22,90.7,90.7,90.58,90.66,0.0,0.0,0.0,0.0,0.0,0.0,0.0,,,2025-03
2025-03-14,CEA23,86.0,86.0,86.0,86.0,0.0,100000.0,8550000.0,0.0,0.0,100000.0,8550000.0,,,2025-03
2025-03-17,CEA19-20,90.48,90.48,90.48,90.48,0.0,0.0,0.0,0.0,0.0,0.0,0.0,,,2025-03
2025-03-17,CEA21,87.0,87.0,87.0,87.0,0.0,0.0,0.0,0.0,0.0,0.0,0.0,,,2025-03
2025-03-17,CEA22,88.0,88.0,88.0,88.0,2.93,2423.0,213224.0,2423.0,213224.0,0.0,0.0,,,2025-03
2025-03-17,CEA23,86.0,86.0,86.0,86.0,0.0,100000.0,8600000.0,0.0,0.0,100000.0,8600000.0,,,2025-03
2025-03-18,CEA19-20,90.48,90.48,90.48,90.48,0.0,0.0,0.0,0.0,0.0,0.0,0.0,,,2025-03
2025-03-18,CEA21,87.0,87.0,87.0,87.0,0.0,0.0,0.0,0.0,0.0,0.0,0.0,,,2025-03
2025-03-18,CEA22,88.0,88.0,88.0,88.0,0.0,0.0,0.0,0.0,0.0,0.0,0.0,,,2025-03
2025-03-18,CEA23,86.0,86.0,86.0,86.0,0.0,0.0,0.0,0.0,0.0,0.0,0.0,,,2025-03
2025-03-19,CEA19-20,90.48,90.48,90.48,90.48,0.0,0.0,0.0,0.0,0.0,0.0,0.0,,,2025-03
2025-03-19,CEA21,87.0,87.0,87.0,87.0,0.0,0.0,0.0,0.0,0.0,0.0,0.0,,,2025-03
2025-03-19,CEA22,88.0,88.0,88.0,88.0,0.0,0.0,0.0,0.0,0.0,0.0,0.0,,,2025-03
2025-03-19,CEA23,86.0,86.0,86.0,86.0,0.0,0.0,0.0,0.0,0.0,0.0,0.0,,,2025-03
2025-03-20,CEA19-20,90.48,90.48,90.48,90.48,0.0,0.0,0.0,0.0,0.0,0.0,0.0,,,2025-03
2025-03-20,CEA21,87.0,87.0,87.0,87.0,0.0,0.0,0.0,0.0,0.0,0.0,0.0,,,2025-03
2025-03-20,CEA22,88.0,88.0,88.0,88.0,0.0,0.0,0.0,0.0,0.0,0.0,0.0,,,2025-03
2025-03-20,CEA23,86.0,87.0,85.5,85.69,0.36,42050.0,3603275.0,42050.0,3603275.0,0.0,0.0,,,2025-03
2025-03-21,CEA19-20,90.48,90.48,90.48,90.48,0.0,0.0,0.0,0.0,0.0,0.0,0.0,,,2025-03
2025-03-21,CEA21,87.0,87.0,87.0,87.0,0.0,0.0,0.0,0.0,0.0,0.0,0.0,,,2025-03
2025-03-21,CEA22,88.0,88.0,88.0,88.0,0.0,0.0,0.0,0.0,0.0,0.0,0.0,,,2025-03
2025-03-21,CEA23,86.8,86.8,85.31,85.65,0.05,133486.0,11355797.5,14545.0,1245812.5,118941.0,10109985.0,,,2025-03
2025-03-24,CEA19-20,90.48,90.48,90.48,90.48,0.0,0.0,0.0,0.0,0.0,0.0,0.0,,,2025-03
2025-03-24,CEA21,87.0,87.0,87.0,87.0,0.0,0.0,0.0,0.0,0.0,0.0,0.0,,,2025-03
2025-03-24,CEA22,88.0,88.0,88.0,88.0,0.0,0.0,0.0,0.0,0.0,0.0,0.0,,,2025-03
2025-03-24,CEA23,87.5,87.5,85.0,85.46,0.22,198009.0,16920966.8,198009.0,16920966.8,0.0,0.0,,,2025-03
2025-03-25,CEA19-20,90.48,90.48,90.48,90.48,0.0,0.0,0.0,0.0,0.0,0.0,0.0,,,2025-03
2025-03-25,CEA21,87.0,87.0,87.0,87.0,0.0,150000.0,12675000.0,0.0,0.0,150000.0,12675000.0,,,2025-03
2025-03-25,CEA22,88.0,88.0,88.0,88.0,0.0,0.0,0.0,0.0,0.0,0.0,0.0,,,2025-03
2025-03-25,CEA23,82.0,85.2,82.0,83.3,2.53,57123.0,4758086.0,57123.0,4758086.0,0.0,0.0,,,2025-03
2025-03-26,CEA19-20,85.5,85.5,85.5,85.5,5.5,108772.0,9300006.0,108772.0,9300006.0,0.0,0.0,,,2025-03
2025-03-26,CEA21,85.5,85.5,85.5,85.5,1.72,99999.0,8549914.5,99999.0,8549914.5,0.0,0.0,,,2025-03
2025-03-26,CEA22,88.49,88.49,88.49,88.49,0.56,161300.0,13854937.0,11300.0,999937.0,150000.0,12855000.0,,,2025-03
2025-03-26,CEA23,83.5,83.5,83.5,83.5,0.24,37750.0,3152125.0,37750.0,3152125.0,0.0,0.0,,,2025-03
2025-03-27,CEA19-20,85.5,85.5,85.5,85.5,0.0,0.0,0.0,0.0,0.0,0.0,0.0,,,2025-03
2025-03-27,CEA21,87.0,87.0,87.0,87.0,1.75,1930.0,167910.0,1930.0,167910.0,0.0,0.0,,,2025-03
2025-03-27,CEA22,88.0,88.0,88.0,88.0,0.55,7557.0,665016.0,7557.0,665016.0,0.0,0.0,,,2025-03
2025-03-27,CEA23,85.0,85.0,84.0,84.01,0.61,291000.0,23145000.0,91000.0,7645000.0,200000.0,15500000.0,,,2025-03
2025-03-28,CEA19-20,85.5,85.5,85.5,85.5,0.0,0.0,0.0,0.0,0.0,0.0,0.0,,,2025-03
2025-03-28,CEA21,87.0,87.0,87.0,87.0,0.0,0.0,0.0,0.0,0.0,0.0,0.0,,,2025-03
2025-03-28,CEA22,88.0,88.0,88.0,88.0,0.0,0.0,0.0,0.0,0.0,0.0,0.0,,,2025-03
2025-03-28,CEA23,84.0,84.0,84.0,84.0,0.01,140500.0,11802000.0,140500.0,11802000.0,0.0,0.0,,,2025-03
2025-03-31,CEA19-20,85.5,85.5,85.5,85.5,0.0,0.0,0.0,0.0,0.0,0.0,0.0,,,2025-03
2025-03-31,CEA21,87.0,87.0,87.0,87.0,0.0,0.0,0.0,0.0,0.0,0.0,0.0,,,2025-03
2025-03-31,CEA22,88.0,88.0,88.0,88.0,0.0,0.0,0.0,0.0,0.0,0.0,0.0,,,2025-03
2025-03-31,CEA23,84.0,84.0,84.0,84.0,0.0,1010000.0,76840000.0,10000.0,840000.0,1000000.0,76000000.0,,,2025-03
2025-04-01,CEA19-20,83.5,83.5,83.5,83.5,2.34,65000.0,5427500.0,65000.0,5427500.0,0.0,0.0,,,2025-04
2025-04-01,CEA21,87.0,87.0,87.0,87.0,0.0,0.0,0.0,0.0,0.0,0.0,0.0,,,2025-04
2025-04-01,CEA22,88.0,88.0,88.0,88.0,0.0,0.0,0.0,0.0,0.0,0.0,0.0,,,2025-04
2025-04-01,CEA23,84.49,84.49,83.5,83.54,0.55,136100.0,11465939.0,36100.0,3015939.0,100000.0,8450000.0,,,2025-04
2025-04-02,CEA19-20,83.5,83.5,83.5,83.5,0.0,0.0,0.0,0.0,0.0,0.0,0.0,,,2025-04
2025-04-02,CEA21,87.0,87.0,87.0,87.0,0.0,0.0,0.0,0.0,0.0,0.0,0.0,,,2025-04
2025-04-02,CEA22,88.0,88.0,88.0,88.0,0.0,0.0,0.0,0.0,0.0,0.0,0.0,,,2025-04
2025-04-02,CEA23,83.3,83.3,83.1,83.22,0.38,250000.0,20061000.0,50000.0,4161000.0,200000.0,15900000.0,,,2025-04
2025-04-03,CEA19-20,83.5,83.5,83.5,83.5,0.0,0.0,0.0,0.0,0.0,0.0,0.0,,,2025-04
2025-04-03,CEA21,87.0,87.0,87.0,87.0,0.0,0.0,0.0,0.0,0.0,0.0,0.0,,,2025-04
2025-04-03,CEA22,88.0,88.0,88.0,88.0,0.0,0.0,0.0,0.0,0.0,0.0,0.0,,,2025-04
2025-04-03,CEA23,83.1,83.1,83.1,83.1,0.14,273489.0,19297318.0,10000.0,831000.0,263489.0,18466318.0,,,2025-04
2025-04-07,CEA19-20,83.5,83.5,83.5,83.5,0.0,0.0,0.0,0.0,0.0,0.0,0.0,,,2025-04
2025-04-07,CEA21,87.0,87.0,87.0,87.0,0.0,0.0,0.0,0.0,0.0,0.0,0.0,,,2025-04
2025-04-07,CEA22,88.0,88.0,88.0,88.0,0.0,0.0,0.0,0.0,0.0,0.0,0.0,,,2025-04
2025-04-07,CEA23,83.4,83.4,83.1,83.19,0.11,4600.0,382680.0,4600.0,382680.0,0.0,0.0,,,2025-04
2025-04-08,CEA19-20,83.5,83.5,83.5,83.5,0.0,0.0,0.0,0.0,0.0,0.0,0.0,,,2025-04
2025-04-08,CEA21,87.0,87.0,87.0,87.0,0.0,0.0,0.0,0.0,0.0,0.0,0.0,,,2025-04
2025-04-08,CEA22,88.0,88.0,88.0,88.0,0.0,0.0,0.0,0.0,0.0,0.0,0.0,,,2025-04
2025-04-08,CEA23,83.2,83.5,83.2,83.48,0.35,21083.0,1760105.6,21083.0,1760105.6,0.0,0.0,,,2025-04
2025-04-09,CEA19-20,83.5,83.5,83.5,83.5,0.0,0.0,0.0,0.0,0.0,0.0,0.0,,,2025-04
2025-04-09,CEA21,87.0,87.0,87.0,87.0,0.0,0.0,0.0,0.0,0.0,0.0,0.0,,,2025-04
2025-04-09,CEA22,88.0,88.0,88.0,88.0,0.0,0.0,0.0,0.0,0.0,0.0,0.0,,,2025-04
2025-04-09,CEA23,83.5,83.5,83.5,83.5,0.02,1000.0,83500.0,1000.0,83500.0,0.0,0.0,,,2025-04
2025-04-10,CEA19-20,83.5,83.5,83.5,83.5,0.0,0.0,0.0,0.0,0.0,0.0,0.0,,,2025-04
2025-04-10,CEA21,87.0,87.0,87.0,87.0,0.0,0.0,0.0,0.0,0.0,0.0,0.0,,,2025-04
2025-04-10,CEA22,88.0,88.0,88.0,88.0,0.0,0.0,0.0,0.0,0.0,0.0,0.0,,,2025-04
2025-04-10,CEA23,83.1,83.99,83.0,83.09,0.49,303926.0,24924922.0,21000.0,1744990.0,282926.0,23179932.0,,,2025-04
2025-04-11,CEA19-20,83.5,83.5,83.5,83.5,0.0,0.0,0.0,0.0,0.0,0.0,0.0,,,2025-04
2025-04-11,CEA21,87.0,87.0,87.0,87.0,0.0,0.0,0.0,0.0,0.0,0.0,0.0,,,2025-04
2025-04-11,CEA22,88.0,88.0,88.0,88.0,0.0,0.0,0.0,0.0,0.0,0.0,0.0,,,2025-04
2025-04-11,CEA23,83.0,83.0,82.7,82.78,0.37,26700.0,2210100.0,26700.0,2210100.0,0.0,0.0,,,2025-04
2025-04-14,CEA19-20,83.5,83.5,83.5,83.5,0.0,0.0,0.0,0.0,0.0,0.0,0.0,,,2025-04
2025-04-14,CEA21,80.0,81.0,80.0,80.44,7.54,9000.0,724000.0,9000.0,724000.0,0.0,0.0,,,2025-04
2025-04-14,CEA22,88.0,88.0,88.0,88.0,0.0,0.0,0.0,0.0,0.0,0.0,0.0,,,2025-04
2025-04-14,CEA23,82.7,83.0,82.6,82.7,0.1,153649.0,12336807.4,53649.0,4436807.4,100000.0,7900000.0,,,2025-04
2025-04-15,CEA19-20,83.5,83.5,83.5,83.5,0.0,0.0,0.0,0.0,0.0,0.0,0.0,,,2025-04
2025-04-15,CEA21,80.44,80.44,80.44,80.44,0.0,0.0,0.0,0.0,0.0,0.0,0.0,,,2025-04
2025-04-15,CEA22,88.0,88.0,88.0,88.0,0.0,0.0,0.0,0.0,0.0,0.0,0.0,,,2025-04
2025-04-15,CEA23,83.0,83.0,82.4,82.7,0.0,458650.0,37838950.0,358650.0,29658950.0,100000.0,8180000.0,,,2025-04
2025-04-16,CEA19-20,83.5,83.5,83.5,83.5,0.0,0.0,0.0,0.0,0.0,0.0,0.0,,,2025-04
2025-04-16,CEA21,80.44,80.44,80.44,80.44,0.0,0.0,0.0,0.0,0.0,0.0,0.0,,,2025-04
2025-04-16,CEA22,88.0,88.0,88.0,88.0,0.0,0.0,0.0,0.0,0.0,0.0,0.0,,,2025-04
2025-04-16,CEA23,82.0,82.15,81.8,82.06,0.77,97789.0,8024576.9,97789.0,8024576.9,0.0,0.0,,,2025-04
2025-04-17,CEA19-20,83.5,83.5,83.5,83.5,0.0,0.0,0.0,0.0,0.0,0.0,0.0,,,2025-04
2025-04-17,CEA21,80.44,80.44,80.44,80.44,0.0,0.0,0.0,0.0,0.0,0.0,0.0,,,2025-04
2025-04-17,CEA22,80.0,80.0,80.0,80.0,9.09,1000.0,80000.0,1000.0,80000.0,0.0,0.0,,,2025-04
2025-04-17,CEA23,81.9,82.0,80.0,80.45,1.96,226284.0,18259673.0,126284.0,10159673.0,100000.0,8100000.0,,,2025-04
2025-04-18,CEA19-20,83.5,83.5,83.5,83.5,0.0,0.0,0.0,0.0,0.0,0.0,0.0,,,2025-04
2025-04-18,CEA21,79.0,79.0,79.0,79.0,1.79,1000.0,79000.0,1000.0,79000.0,0.0,0.0,,,2025-04
2025-04-18,CEA22,80.0,80.0,80.0,80.0,0.0,100000.0,7990000.0,0.0,0.0,100000.0,7990000.0,,,2025-04
2025-04-18,CEA23,80.0,80.0,78.5,79.03,1.77,451500.0,38808965.0,51500.0,4069965.0,400000.0,34739000.0,,,2025-04
2025-04-21,CEA19-20,83.5,83.5,83.5,83.5,0.0,0.0,0.0,0.0,0.0,0.0,0.0,,,2025-04
2025-04-21,CEA21,77.0,77.0,77.0,77.0,2.53,3000.0,231000.0,3000.0,231000.0,0.0,0.0,,,2025-04
2025-04-21,CEA22,78.0,78.0,77.5,77.86,2.68,7000.0,545000.0,7000.0,545000.0,0.0,0.0,,,2025-04
2025-04-21,CEA23,79.9,79.9,78.5,78.74,0.37,156000.0,12319900.0,16000.0,1259900.0,140000.0,11060000.0,,,2025-04
2025-04-22,CEA19-20,76.0,76.0,76.0,76.0,8.98,1357.0,103132.0,1357.0,103132.0,0.0,0.0,,,2025-04
2025-04-22,CEA21,77.0,77.0,77.0,77.0,0.0,0.0,0.0,0.0,0.0,0.0,0.0,,,2025-04
2025-04-22,CEA22,77.0,77.0,77.0,77.0,1.1,1000.0,77000.0,1000.0,77000.0,0.0,0.0,,,2025-04
2025-04-22,CEA23,79.5,79.5,77.0,77.39,1.71,546000.0,44036550.0,246000.0,19037550.0,300000.0,24999000.0,,,2025-04
2025-04-23,CEA19-20,76.0,76.0,76.0,76.0,0.0,0.0,0.0,0.0,0.0,0.0,0.0,,,2025-04
2025-04-23,CEA21,77.0,77.0,77.0,77.0,0.0,0.0,0.0,0.0,0.0,0.0,0.0,,,2025-04
2025-04-23,CEA22,77.0,77.0,77.0,77.0,0.0,0.0,0.0,0.0,0.0,0.0,0.0,,,2025-04
2025-04-23,CEA23,78.0,78.0,77.0,77.58,0.25,116510.0,9039304.0,116510.0,9039304.0,0.0,0.0,,,2025-04
2025-04-24,CEA19-20,76.0,76.0,76.0,76.0,0.0,0.0,0.0,0.0,0.0,0.0,0.0,,,2025-04
2025-04-24,CEA21,76.0,76.0,76.0,76.0,1.3,5000.0,380000.0,5000.0,380000.0,0.0,0.0,,,2025-04
2025-04-24,CEA22,76.0,76.0,76.0,76.0,1.3,5000.0,380000.0,5000.0,380000.0,0.0,0.0,,,2025-04
2025-04-24,CEA23,76.0,76.5,76.0,76.06,1.96,222778.0,16935428.0,67778.0,5155428.0,155000.0,11780000.0,,,2025-04
2025-04-25,CEA19-20,76.0,76.0,76.0,76.0,0.0,0.0,0.0,0.0,0.0,0.0,0.0,,,2025-04
2025-04-25,CEA21,76.0,76.0,76.0,76.0,0.0,0.0,0.0,0.0,0.0,0.0,0.0,,,2025-04
2025-04-25,CEA22,76.0,76.0,76.0,76.0,0.0,0.0,0.0,0.0,0.0,0.0,0.0,,,2025-04
2025-04-25,CEA23,76.0,76.0,74.8,75.03,1.35,550500.0,41394885.0,250500.0,18794885.0,300000.0,22600000.0,,,2025-04
2025-04-28,CEA19-20,73.0,73.0,73.0,73.0,3.95,2000.0,146000.0,2000.0,146000.0,0.0,0.0,,,2025-04
2025-04-28,CEA21,73.0,73.0,73.0,73.0,3.95,2000.0,146000.0,2000.0,146000.0,0.0,0.0,,,2025-04
2025-04-28,CEA22,73.0,73.0,73.0,73.0,3.95,2000.0,146000.0,2000.0,146000.0,0.0,0.0,,,2025-04
2025-04-28,CEA23,75.0,75.0,73.0,73.68,1.8,421000.0,30318410.0,81000.0,5968410.0,340000.0,24350000.0,,,2025-04
2025-04-29,CEA19-20,73.0,73.0,73.0,73.0,0.0,0.0,0.0,0.0,0.0,0.0,0.0,,,2025-04
2025-04-29,CEA21,73.0,73.0,73.0,73.0,0.0,0.0,0.0,0.0,0.0,0.0,0.0,,,2025-04
2025-04-29,CEA22,73.0,73.0,73.0,73.0,0.0,0.0,0.0,0.0,0.0,0.0,0.0,,,2025-04
2025-04-29,CEA23,73.0,73.0,72.5,72.77,1.24,465543.0,34270634.0,15543.0,1131134.0,450000.0,33139500.0,,,2025-04
2025-04-29,CEA24,73.17,73.17,73.17,73.17,0.0,0.0,0.0,0.0,0.0,0.0,0.0,,,2025-04
2025-04-30,CEA19-20,73.0,73.0,73.0,73.0,0.0,0.0,0.0,0.0,0.0,0.0,0.0,,,2025-04
2025-04-30,CEA21,70.5,70.5,70.5,70.5,3.42,5800.0,408900.0,5800.0,408900.0,0.0,0.0,,,2025-04
2025-04-30,CEA22,73.0,73.0,73.0,73.0,0.0,0.0,0.0,0.0,0.0,0.0,0.0,,,2025-04
2025-04-30,CEA23,71.2,72.8,70.5,70.8,2.71,10450.0,739860.0,10450.0,739860.0,0.0,0.0,,,2025-04
2025-04-30,CEA24,70.0,70.0,70.0,70.0,4.33,802305.0,55489417.5,90000.0,6300000.0,712305.0,49189417.5,,,2025-04
2025-05-06,CEA19-20,73.0,73.0,73.0,73.0,0.0,0.0,0.0,0.0,0.0,0.0,0.0,,,2025-05
2025-05-06,CEA21,70.5,70.5,70.5,70.5,0.0,0.0,0.0,0.0,0.0,0.0,0.0,,,2025-05
2025-05-06,CEA22,73.0,73.0,73.0,73.0,0.0,0.0,0.0,0.0,0.0,0.0,0.0,,,2025-05
2025-05-06,CEA23,70.0,71.0,70.0,70.25,0.78,8000.0,562000.0,8000.0,562000.0,0.0,0.0,,,2025-05
2025-05-06,CEA24,70.0,70.0,70.0,70.0,0.0,445746.0,31202220.0,145746.0,10202220.0,300000.0,21000000.0,,,2025-05
2025-05-07,CEA19-20,73.0,73.0,73.0,73.0,0.0,0.0,0.0,0.0,0.0,0.0,0.0,,,2025-05
2025-05-07,CEA21,70.5,70.5,70.5,70.5,0.0,0.0,0.0,0.0,0.0,0.0,0.0,,,2025-05
2025-05-07,CEA22,73.0,73.0,73.0,73.0,0.0,0.0,0.0,0.0,0.0,0.0,0.0,,,2025-05
2025-05-07,CEA23,70.0,70.0,70.0,70.0,0.36,100000.0,7000000.0,100000.0,7000000.0,0.0,0.0,,,2025-05
2025-05-07,CEA24,70.0,70.0,70.0,70.0,0.0,210500.0,14725000.0,10500.0,735000.0,200000.0,13990000.0,,,2025-05
2025-05-08,CEA19-20,73.0,73.0,73.0,73.0,0.0,0.0,0.0,0.0,0.0,0.0,0.0,,,2025-05
2025-05-08,CEA21,70.5,70.5,70.5,70.5,0.0,0.0,0.0,0.0,0.0,0.0,0.0,,,2025-05
2025-05-08,CEA22,73.0,73.0,73.0,73.0,0.0,0.0,0.0,0.0,0.0,0.0,0.0,,,2025-05
2025-05-08,CEA23,70.0,70.0,69.5,69.67,0.47,15000.0,1045000.0,15000.0,1045000.0,0.0,0.0,,,2025-05
2025-05-08,CEA24,70.0,71.0,69.0,70.59,0.84,141194.0,9897983.0,41194.0,2907983.0,100000.0,6990000.0,,,2025-05
2025-05-09,CEA19-20,69.6,69.6,69.6,69.6,4.66,2411.0,167805.6,2411.0,167805.6,0.0,0.0,,,2025-05
2025-05-09,CEA21,69.6,69.6,69.6,69.6,1.28,2155.0,149988.0,2155.0,149988.0,0.0,0.0,,,2025-05
2025-05-09,CEA22,69.6,69.6,69.6,69.6,4.66,2566.0,178593.6,2566.0,178593.6,0.0,0.0,,,2025-05
2025-05-09,CEA23,69.67,70.0,69.01,69.7,0.04,191162.0,13294090.0,41162.0,2869090.0,150000.0,10425000.0,,,2025-05
2025-05-09,CEA24,69.61,71.0,69.61,70.81,0.31,57717.0,4087200.37,57717.0,4087200.37,0.0,0.0,,,2025-05
2025-05-12,CEA19-20,69.6,69.6,69.6,69.6,0.0,0.0,0.0,0.0,0.0,0.0,0.0,,,2025-05
2025-05-12,CEA21,70.5,70.5,70.5,70.5,1.29,4000.0,282000.0,4000.0,282000.0,0.0,0.0,,,2025-05
2025-05-12,CEA22,69.6,69.6,69.6,69.6,0.0,0.0,0.0,0.0,0.0,0.0,0.0,,,2025-05
2025-05-12,CEA23,70.5,71.0,70.5,70.51,1.16,275608.0,19530914.0,75608.0,5330914.0,200000.0,14200000.0,,,2025-05
2025-05-12,CEA24,70.5,70.5,70.5,70.5,0.44,46000.0,3243000.0,46000.0,3243000.0,0.0,0.0,,,2025-05
2025-05-13,CEA19-20,69.6,69.6,69.6,69.6,0.0,0.0,0.0,0.0,0.0,0.0,0.0,,,2025-05
2025-05-13,CEA21,70.5,70.5,70.5,70.5,0.0,749.0,52804.5,749.0,52804.5,0.0,0.0,,,2025-05
2025-05-13,CEA22,69.6,69.6,69.6,69.6,0.0,0.0,0.0,0.0,0.0,0.0,0.0,,,2025-05
2025-05-13,CEA23,69.8,71.0,69.8,70.5,0.01,373816.0,33694837.6,25910.0,1826648.0,347906.0,31868189.6,,,2025-05
2025-05-13,CEA24,70.5,71.0,70.5,70.5,0.0,1741684.0,122603069.5,307492.0,21678686.0,1434192.0,100924383.5,,,2025-05
2025-05-14,CEA19-20,69.6,69.6,69.6,69.6,0.0,0.0,0.0,0.0,0.0,0.0,0.0,,,2025-05
2025-05-14,CEA21,70.5,70.5,70.5,70.5,0.0,0.0,0.0,0.0,0.0,0.0,0.0,,,2025-05
2025-05-14,CEA22,70.0,70.0,70.0,70.0,0.57,1.0,70.0,1.0,70.0,0.0,0.0,,,2025-05
2025-05-14,CEA23,70.8,71.0,70.8,70.91,0.58,236800.0,16729580.0,36800.0,2609580.0,200000.0,14120000.0,,,2025-05
2025-05-14,CEA24,70.8,71.5,70.6,70.79,0.41,157764.0,11168812.5,157764.0,11168812.5,0.0,0.0,,,2025-05
2025-05-15,CEA19-20,69.6,69.6,69.6,69.6,0.0,0.0,0.0,0.0,0.0,0.0,0.0,,,2025-05
2025-05-15,CEA21,70.5,70.5,70.5,70.5,0.0,0.0,0.0,0.0,0.0,0.0,0.0,,,2025-05
2025-05-15,CEA22,70.0,70.0,70.0,70.0,0.0,0.0,0.0,0.0,0.0,0.0,0.0,,,2025-05
2025-05-15,CEA23,70.6,71.0,70.6,70.96,0.07,312700.0,21301160.0,12700.0,901160.0,300000.0,20400000.0,,,2025-05
2025-05-15,CEA24,71.0,71.2,70.8,70.93,0.2,273341.0,19388321.0,273341.0,19388321.0,0.0,0.0,,,2025-05
2025-05-16,CEA19-20,69.6,69.6,69.6,69.6,0.0,0.0,0.0,0.0,0.0,0.0,0.0,,,2025-05
2025-05-16,CEA21,70.5,70.5,70.5,70.5,0.0,0.0,0.0,0.0,0.0,0.0,0.0,,,2025-05
2025-05-16,CEA22,70.0,70.0,70.0,70.0,0.0,0.0,0.0,0.0,0.0,0.0,0.0,,,2025-05
2025-05-16,CEA23,71.0,71.0,70.99,71.0,0.06,145700.0,10343500.0,45700.0,3244500.0,100000.0,7099000.0,,,2025-05
2025-05-16,CEA24,71.0,71.0,70.99,71.0,0.1,104000.0,7384350.0,104000.0,7384350.0,0.0,0.0,,,2025-05
2025-05-19,CEA19-20,69.6,69.6,69.6,69.6,0.0,0.0,0.0,0.0,0.0,0.0,0.0,,,2025-05
2025-05-19,CEA21,70.5,70.5,70.5,70.5,0.0,0.0,0.0,0.0,0.0,0.0,0.0,,,2025-05
2025-05-19,CEA22,70.0,70.0,70.0,70.0,0.0,0.0,0.0,0.0,0.0,0.0,0.0,,,2025-05
2025-05-19,CEA23,70.55,71.0,70.51,70.53,0.66,21700.0,1530450.0,21700.0,1530450.0,0.0,0.0,,,2025-05
2025-05-19,CEA24,71.0,71.2,70.9,71.01,0.01,503853.0,35777917.2,503853.0,35777917.2,0.0,0.0,,,2025-05
2025-05-20,CEA19-20,69.6,69.6,69.6,69.6,0.0,0.0,0.0,0.0,0.0,0.0,0.0,,,2025-05
2025-05-20,CEA21,70.0,70.0,70.0,70.0,0.71,10000.0,700000.0,10000.0,700000.0,0.0,0.0,,,2025-05
2025-05-20,CEA22,70.0,70.0,70.0,70.0,0.0,0.0,0.0,0.0,0.0,0.0,0.0,,,2025-05
2025-05-20,CEA23,71.3,71.3,71.0,71.06,0.75,31207.0,2217512.07,31207.0,2217512.07,0.0,0.0,,,2025-05
2025-05-20,CEA24,71.2,71.2,71.0,71.02,0.01,805589.0,55068539.2,105589.0,7498539.2,700000.0,47570000.0,,,2025-05
2025-05-21,CEA19-20,69.6,69.6,69.6,69.6,0.0,0.0,0.0,0.0,0.0,0.0,0.0,,,2025-05
2025-05-21,CEA21,70.0,70.0,70.0,70.0,0.0,0.0,0.0,0.0,0.0,0.0,0.0,,,2025-05
2025-05-21,CEA22,70.0,70.0,70.0,70.0,0.0,0.0,0.0,0.0,0.0,0.0,0.0,,,2025-05
2025-05-21,CEA23,71.0,71.0,71.0,71.0,0.08,30700.0,2179700.0,30700.0,2179700.0,0.0,0.0,,,2025-05
2025-05-21,CEA24,71.9,71.9,70.8,70.96,0.08,1108726.0,78904976.7,322615.0,22892550.0,786111.0,56012426.7,,,2025-05
2025-05-22,CEA19-20,69.6,69.6,69.6,69.6,0.0,0.0,0.0,0.0,0.0,0.0,0.0,,,2025-05
2025-05-22,CEA21,68.5,68.5,68.5,68.5,2.14,20000.0,1370000.0,20000.0,1370000.0,0.0,0.0,,,2025-05
2025-05-22,CEA22,70.0,70.0,70.0,70.0,0.0,0.0,0.0,0.0,0.0,0.0,0.0,,,2025-05
2025-05-22,CEA23,70.6,70.9,70.52,70.6,0.56,169506.0,12248245.0,21600.0,1525060.0,147906.0,10723185.0,,,2025-05
2025-05-22,CEA24,70.91,70.91,70.8,70.86,0.14,122000.0,8628820.0,22000.0,1558820.0,100000.0,7070000.0,,,2025-05
2025-05-23,CEA19-20,69.5,69.5,69.5,69.5,0.14,2010.0,139692.0,2010.0,139692.0,0.0,0.0,,,2025-05
2025-05-23,CEA21,68.5,68.5,68.5,68.5,0.0,0.0,0.0,0.0,0.0,0.0,0.0,,,2025-05
2025-05-23,CEA22,67.8,67.8,67.8,67.8,3.14,15000.0,1017000.0,15000.0,1017000.0,0.0,0.0,,,2025-05
2025-05-23,CEA23,70.9,70.9,70.5,70.53,0.1,110657.0,8972598.5,10657.0,751599.0,100000.0,8221000.0,,,2025-05
2025-05-23,CEA24,71.0,71.0,70.5,70.73,0.18,448691.0,31769828.8,128691.0,9101829.0,320000.0,22668000.0,,,2025-05
2025-05-26,CEA19-20,67.0,69.0,67.0,67.24,3.25,17000.0,1143000.0,17000.0,1143000.0,0.0,0.0,,,2025-05
2025-05-26,CEA21,68.5,68.5,68.5,68.5,0.0,0.0,0.0,0.0,0.0,0.0,0.0,,,2025-05
2025-05-26,CEA22,67.8,67.8,67.8,67.8,0.0,0.0,0.0,0.0,0.0,0.0,0.0,,,2025-05
2025-05-26,CEA23,70.43,70.43,70.43,70.43,0.14,258022.0,18264989.46,8022.0,564989.46,250000.0,17700000.0,,,2025-05
2025-05-26,CEA24,70.63,70.63,69.1,70.19,0.76,172494.0,12088233.9,72494.0,5088233.9,100000.0,7000000.0,,,2025-05
2025-05-27,CEA19-20,67.24,67.24,67.24,67.24,0.0,0.0,0.0,0.0,0.0,0.0,0.0,,,2025-05
2025-05-27,CEA21,68.5,68.5,68.5,68.5,0.0,0.0,0.0,0.0,0.0,0.0,0.0,,,2025-05
2025-05-27,CEA22,69.0,69.0,69.0,69.0,1.77,30000.0,2070000.0,30000.0,2070000.0,0.0,0.0,,,2025-05
2025-05-27,CEA23,68.5,68.5,68.01,68.5,2.74,20543.0,1407174.43,20543.0,1407174.43,0.0,0.0,,,2025-05
2025-05-27,CEA24,69.5,70.9,68.5,69.04,1.64,355305.0,24622857.5,155305.0,10722857.5,200000.0,13900000.0,,,2025-05
2025-05-28,CEA19-20,67.24,67.24,67.24,67.24,0.0,0.0,0.0,0.0,0.0,0.0,0.0,,,2025-05
2025-05-28,CEA21,68.5,68.5,68.5,68.5,0.0,0.0,0.0,0.0,0.0,0.0,0.0,,,2025-05
2025-05-28,CEA22,68.5,68.5,68.5,68.5,0.72,35000.0,2397500.0,35000.0,2397500.0,0.0,0.0,,,2025-05
2025-05-28,CEA23,68.5,68.5,68.5,68.5,0.0,500.0,34250.0,500.0,34250.0,0.0,0.0,,,2025-05
2025-05-28,CEA24,69.5,71.0,69.5,69.5,0.67,266029.0,18236965.5,25529.0,1774265.5,240500.0,16462700.0,,,2025-05
2025-05-29,CEA19-20,67.24,67.24,67.24,67.24,0.0,0.0,0.0,0.0,0.0,0.0,0.0,,,2025-05
2025-05-29,CEA21,68.5,68.5,68.5,68.5,0.0,45000.0,3082500.0,45000.0,3082500.0,0.0,0.0,,,2025-05
2025-05-29,CEA22,68.5,68.5,68.5,68.5,0.0,5000.0,342500.0,5000.0,342500.0,0.0,0.0,,,2025-05
2025-05-29,CEA23,68.5,68.5,68.5,68.5,0.0,150000.0,9000000.0,0.0,0.0,150000.0,9000000.0,,,2025-05
2025-05-29,CEA24,68.3,68.3,68.3,68.3,1.73,108914.0,7734981.1,5000.0,341500.0,103914.0,7393481.1,,,2025-05
2025-05-30,CEA19-20,70.0,70.0,70.0,70.0,4.1,2000.0,140000.0,2000.0,140000.0,0.0,0.0,,,2025-05
2025-05-30,CEA21,68.5,68.5,68.5,68.5,0.0,0.0,0.0,0.0,0.0,0.0,0.0,,,2025-05
2025-05-30,CEA22,67.0,68.3,67.0,67.14,1.99,44999.0,3021431.7,44999.0,3021431.7,0.0,0.0,,,2025-05
2025-05-30,CEA23,69.5,69.5,67.5,68.55,0.07,308021.0,21109729.5,208021.0,14259729.5,100000.0,6850000.0,,,2025-05
2025-05-30,CEA24,67.5,68.3,67.5,68.13,0.25,303500.0,20961100.0,103500.0,7051100.0,200000.0,13910000.0,,,2025-05
2025-06-03,CEA19-20,70.0,70.0,70.0,70.0,0.0,0.0,0.0,0.0,0.0,0.0,0.0,,,2025-06
2025-06-03,CEA21,68.5,68.5,68.5,68.5,0.0,0.0,0.0,0.0,0.0,0.0,0.0,,,2025-06
2025-06-03,CEA22,67.14,67.14,67.14,67.14,0.0,0.0,0.0,0.0,0.0,0.0,0.0,,,2025-06
2025-06-03,CEA23,68.55,68.55,68.55,68.55,0.0,0.0,0.0,0.0,0.0,0.0,0.0,,,2025-06
2025-06-03,CEA24,67.5,67.6,67.5,67.51,0.91,311782.0,21275385.0,11782.0,795385.0,300000.0,20480000.0,,,2025-06
2025-06-04,CEA19-20,70.0,70.0,70.0,70.0,0.0,0.0,0.0,0.0,0.0,0.0,0.0,,,2025-06
2025-06-04,CEA21,67.5,67.5,67.5,67.5,1.46,987.0,66622.5,987.0,66622.5,0.0,0.0,,,2025-06
2025-06-04,CEA22,67.0,67.0,67.0,67.0,0.21,50000.0,3350000.0,50000.0,3350000.0,0.0,0.0,,,2025-06
2025-06-04,CEA23,67.6,67.61,67.6,67.61,1.37,20000.0,1352100.0,20000.0,1352100.0,0.0,0.0,,,2025-06
2025-06-04,CEA24,69.0,69.0,67.52,67.9,0.58,201000.0,13669600.0,91000.0,6178600.0,110000.0,7491000.0,,,2025-06
2025-06-05,CEA19-20,67.0,67.0,67.0,67.0,4.29,1940.0,129980.0,1940.0,129980.0,0.0,0.0,,,2025-06
2025-06-05,CEA21,67.5,67.5,67.5,67.5,0.0,0.0,0.0,0.0,0.0,0.0,0.0,,,2025-06
2025-06-05,CEA22,67.0,67.0,67.0,67.0,0.0,0.0,0.0,0.0,0.0,0.0,0.0,,,2025-06
2025-06-05,CEA23,72.0,72.0,67.65,69.01,2.07,61000.0,4209800.0,61000.0,4209800.0,0.0,0.0,,,2025-06
2025-06-05,CEA24,68.1,68.1,68.0,68.09,0.28,305000.0,18278200.0,35000.0,2383000.0,270000.0,15895200.0,,,2025-06
2025-06-06,CEA19-20,67.0,67.0,67.0,67.0,0.0,0.0,0.0,0.0,0.0,0.0,0.0,,,2025-06
2025-06-06,CEA21,67.5,67.5,67.5,67.5,0.0,0.0,0.0,0.0,0.0,0.0,0.0,,,2025-06
2025-06-06,CEA22,67.0,67.0,67.0,67.0,0.0,0.0,0.0,0.0,0.0,0.0,0.0,,,2025-06
2025-06-06,CEA23,66.01,74.0,66.01,69.26,0.36,49212.0,3408284.12,49212.0,3408284.12,0.0,0.0,,,2025-06
2025-06-06,CEA24,68.8,68.8,67.8,68.76,0.98,1219400.0,83491720.0,69400.0,4771720.0,1150000.0,78720000.0,,,2025-06
2025-06-09,CEA19-20,67.0,67.0,67.0,67.0,0.0,0.0,0.0,0.0,0.0,0.0,0.0,,,2025-06
2025-06-09,CEA21,67.5,67.5,67.5,67.5,0.0,0.0,0.0,0.0,0.0,0.0,0.0,,,2025-06
2025-06-09,CEA22,67.0,67.0,67.0,67.0,0.0,0.0,0.0,0.0,0.0,0.0,0.0,,,2025-06
2025-06-09,CEA23,69.0,69.0,68.5,68.9,0.52,49212.0,3390628.0,49212.0,3390628.0,0.0,0.0,,,2025-06
2025-06-09,CEA24,68.0,68.0,68.0,68.0,1.11,620000.0,42640000.0,20000.0,1360000.0,600000.0,41280000.0,,,2025-06
2025-06-10,CEA19-20,67.0,67.0,67.0,67.0,0.0,0.0,0.0,0.0,0.0,0.0,0.0,,,2025-06
2025-06-10,CEA21,67.5,67.5,67.5,67.5,0.0,0.0,0.0,0.0,0.0,0.0,0.0,,,2025-06
2025-06-10,CEA22,67.0,67.0,67.0,67.0,0.0,0.0,0.0,0.0,0.0,0.0,0.0,,,2025-06
2025-06-10,CEA23,66.0,69.4,66.0,68.6,0.44,25716.0,1764156.0,25716.0,1764156.0,0.0,0.0,,,2025-06
2025-06-10,CEA24,68.0,68.5,68.0,68.25,0.37,991000.0,68376250.0,1000.0,68250.0,990000.0,68308000.0,,,2025-06
2025-06-11,CEA19-20,68.0,69.5,68.0,69.11,3.15,4487.0,310116.0,4487.0,310116.0,0.0,0.0,,,2025-06
2025-06-11,CEA21,67.5,67.5,67.5,67.5,0.0,0.0,0.0,0.0,0.0,0.0,0.0,,,2025-06
2025-06-11,CEA22,67.0,67.0,67.0,67.0,0.0,0.0,0.0,0.0,0.0,0.0,0.0,,,2025-06
2025-06-11,CEA23,65.5,70.0,65.5,69.28,0.99,125000.0,8660540.0,125000.0,8660540.0,0.0,0.0,,,2025-06
2025-06-11,CEA24,69.5,69.5,69.5,69.5,1.83,723000.0,50332500.0,83000.0,5768500.0,640000.0,44564000.0,,,2025-06
2025-06-12,CEA19-20,69.11,69.11,69.11,69.11,0.0,0.0,0.0,0.0,0.0,0.0,0.0,,,2025-06
2025-06-12,CEA21,72.0,72.0,72.0,72.0,6.67,5000.0,360000.0,5000.0,360000.0,0.0,0.0,,,2025-06
2025-06-12,CEA22,71.5,71.5,71.5,71.5,6.72,5000.0,357500.0,5000.0,357500.0,0.0,0.0,,,2025-06
2025-06-12,CEA23,65.0,71.1,65.0,69.85,0.82,172000.0,12029290.0,72000.0,5029290.0,100000.0,7000000.0,,,2025-06
2025-06-12,CEA24,69.5,69.5,69.5,69.5,0.0,0.0,0.0,0.0,0.0,0.0,0.0,,,2025-06
2025-06-13,CEA19-20,69.11,69.11,69.11,69.11,0.0,0.0,0.0,0.0,0.0,0.0,0.0,,,2025-06
2025-06-13,CEA21,72.0,72.0,72.0,72.0,0.0,0.0,0.0,0.0,0.0,0.0,0.0,,,2025-06
2025-06-13,CEA22,71.5,71.5,71.5,71.5,0.0,0.0,0.0,0.0,0.0,0.0,0.0,,,2025-06
2025-06-13,CEA23,71.0,71.0,71.0,71.0,1.65,12500.0,887500.0,12500.0,887500.0,0.0,0.0,,,2025-06
2025-06-13,CEA24,71.2,71.2,71.2,71.2,2.45,422000.0,30046400.0,2000.0,142400.0,420000.0,29904000.0,,,2025-06
2025-06-16,CEA19-20,65.4,65.4,65.4,65.4,5.37,2648.0,173179.2,2648.0,173179.2,0.0,0.0,,,2025-06
2025-06-16,CEA21,65.5,65.5,65.5,65.5,9.03,4500.0,294750.0,4500.0,294750.0,0.0,0.0,,,2025-06
2025-06-16,CEA22,65.6,65.6,65.6,65.6,8.25,2000.0,131200.0,2000.0,131200.0,0.0,0.0,,,2025-06
2025-06-16,CEA23,72.0,76.9,72.0,73.8,3.94,223000.0,15695680.0,63000.0,4649280.0,160000.0,11046400.0,,,2025-06
2025-06-16,CEA24,75.0,75.0,74.5,74.83,5.1,15000.0,1122500.0,15000.0,1122500.0,0.0,0.0,,,2025-06
2025-06-17,CEA19-20,71.5,71.5,71.5,71.5,9.33,2000.0,143000.0,2000.0,143000.0,0.0,0.0,,,2025-06
2025-06-17,CEA21,72.0,72.0,72.0,72.0,9.92,1000.0,72000.0,1000.0,72000.0,0.0,0.0,,,2025-06
2025-06-17,CEA22,72.1,72.1,72.1,72.1,9.91,3000.0,216300.0,3000.0,216300.0,0.0,0.0,,,2025-06
2025-06-17,CEA23,74.0,74.0,71.51,72.8,1.36,452021.0,32962136.11,2021.0,147136.11,450000.0,32815000.0,,,2025-06
2025-06-17,CEA24,75.0,75.0,75.0,75.0,0.23,310000.0,18846000.0,10000.0,750000.0,300000.0,18096000.0,,,2025-06
2025-06-18,CEA19-20,71.5,71.5,71.5,71.5,0.0,0.0,0.0,0.0,0.0,0.0,0.0,,,2025-06
2025-06-18,CEA21,72.0,72.0,72.0,72.0,0.0,0.0,0.0,0.0,0.0,0.0,0.0,,,2025-06
2025-06-18,CEA22,72.1,72.1,72.1,72.1,0.0,0.0,0.0,0.0,0.0,0.0,0.0,,,2025-06
2025-06-18,CEA23,74.0,74.5,69.61,73.42,0.85,201000.0,14757780.0,201000.0,14757780.0,0.0,0.0,,,2025-06
2025-06-18,CEA24,75.0,75.0,75.0,75.0,0.0,0.0,0.0,0.0,0.0,0.0,0.0,,,2025-06
2025-06-19,CEA19-20,74.0,74.0,74.0,74.0,3.5,2000.0,148000.0,2000.0,148000.0,0.0,0.0,,,2025-06
2025-06-19,CEA21,72.0,72.0,72.0,72.0,0.0,0.0,0.0,0.0,0.0,0.0,0.0,,,2025-06
2025-06-19,CEA22,72.1,72.1,72.1,72.1,0.0,0.0,0.0,0.0,0.0,0.0,0.0,,,2025-06
2025-06-19,CEA23,70.1,75.0,70.1,74.08,0.9,434500.0,31728300.0,184500.0,13668300.0,250000.0,18060000.0,,,2025-06
2025-06-19,CEA24,75.0,75.5,75.0,75.02,0.03,1037840.0,77790354.1,737840.0,55350354.1,300000.0,22440000.0,,,2025-06
2025-06-20,CEA19-20,74.0,74.0,74.0,74.0,0.0,0.0,0.0,0.0,0.0,0.0,0.0,,,2025-06
2025-06-20,CEA21,72.0,72.0,72.0,72.0,0.0,0.0,0.0,0.0,0.0,0.0,0.0,,,2025-06
2025-06-20,CEA22,72.1,72.1,72.1,72.1,0.0,0.0,0.0,0.0,0.0,0.0,0.0,,,2025-06
2025-06-20,CEA23,71.0,75.3,71.0,71.95,2.88,377898.0,28114883.3,77898.0,5604883.0,300000.0,22510000.0,,,2025-06
2025-06-20,CEA24,75.0,75.0,75.0,75.0,0.03,455000.0,32770000.0,105000.0,7875000.0,350000.0,24895000.0,,,2025-06
2025-06-23,CEA19-20,74.0,74.0,74.0,74.0,0.0,0.0,0.0,0.0,0.0,0.0,0.0,,,2025-06
2025-06-23,CEA21,72.0,72.0,72.0,72.0,0.0,0.0,0.0,0.0,0.0,0.0,0.0,,,2025-06
2025-06-23,CEA22,72.1,72.1,72.1,72.1,0.0,0.0,0.0,0.0,0.0,0.0,0.0,,,2025-06
2025-06-23,CEA23,73.1,75.5,73.1,75.01,4.25,347052.0,24146370.04,78052.0,5854370.04,269000.0,18292000.0,,,2025-06
2025-06-23,CEA24,75.5,75.5,75.1,75.5,0.67,306000.0,21602600.0,106000.0,8002600.0,200000.0,13600000.0,,,2025-06
2025-06-24,CEA19-20,76.0,76.0,76.0,76.0,2.7,2000.0,152000.0,2000.0,152000.0,0.0,0.0,,,2025-06
2025-06-24,CEA21,72.0,72.0,72.0,72.0,0.0,0.0,0.0,0.0,0.0,0.0,0.0,,,2025-06
2025-06-24,CEA22,75.0,76.0,75.0,75.35,4.51,114335.0,7880125.0,14335.0,1080125.0,100000.0,6800000.0,,,2025-06
2025-06-24,CEA23,75.49,76.15,75.49,75.93,1.23,1009026.0,75330116.0,284026.0,21565116.0,725000.0,53765000.0,,,2025-06
2025-06-24,CEA24,71.0,76.26,71.0,72.33,4.2,722034.0,62376692.84,122034.0,8826692.84,600000.0,53550000.0,,,2025-06
2025-06-25,CEA19-20,76.0,76.0,76.0,76.0,0.0,0.0,0.0,0.0,0.0,0.0,0.0,,,2025-06
2025-06-25,CEA21,76.0,76.0,76.0,76.0,5.56,1000.0,76000.0,1000.0,76000.0,0.0,0.0,,,2025-06
2025-06-25,CEA22,76.5,76.5,76.5,76.5,1.53,1000.0,76500.0,1000.0,76500.0,0.0,0.0,,,2025-06
2025-06-25,CEA23,75.0,76.6,75.0,76.43,0.66,266100.0,20295000.0,166100.0,12695000.0,100000.0,7600000.0,,,2025-06
2025-06-25,CEA24,71.0,76.6,71.0,74.9,3.55,535725.0,40995062.5,290725.0,21775062.5,245000.0,19220000.0,,,2025-06
2025-06-26,CEA19-20,76.0,76.0,76.0,76.0,0.0,0.0,0.0,0.0,0.0,0.0,0.0,,,2025-06
2025-06-26,CEA21,76.0,76.0,76.0,76.0,0.0,0.0,0.0,0.0,0.0,0.0,0.0,,,2025-06
2025-06-26,CEA22,76.5,76.5,76.5,76.5,0.0,0.0,0.0,0.0,0.0,0.0,0.0,,,2025-06
2025-06-26,CEA23,75.1,77.5,75.1,77.1,0.88,549188.0,40731372.1,144188.0,11116972.1,405000.0,29614400.0,,,2025-06
2025-06-26,CEA24,77.5,77.5,77.0,77.23,3.11,1305418.0,94462351.6,244878.0,18912011.6,1060540.0,75550340.0,,,2025-06
2025-06-27,CEA19-20,76.0,76.0,76.0,76.0,0.0,0.0,0.0,0.0,0.0,0.0,0.0,,,2025-06
2025-06-27,CEA21,76.0,76.0,76.0,76.0,0.0,0.0,0.0,0.0,0.0,0.0,0.0,,,2025-06
2025-06-27,CEA22,76.0,78.0,71.0,75.59,1.19,7625.0,576375.0,7625.0,576375.0,0.0,0.0,,,2025-06
2025-06-27,CEA23,77.2,78.0,77.2,77.57,0.61,1024624.0,75906570.0,322624.0,25026760.0,702000.0,50879810.0,,,2025-06
2025-06-27,CEA24,78.0,78.0,77.5,77.55,0.41,354211.0,27443918.9,54211.0,4203918.9,300000.0,23240000.0,,,2025-06
2025-06-30,CEA19-20,71.0,76.5,71.0,71.34,6.13,82000.0,5849500.0,82000.0,5849500.0,0.0,0.0,,,2025-06
2025-06-30,CEA21,76.0,76.0,76.0,76.0,0.0,0.0,0.0,0.0,0.0,0.0,0.0,,,2025-06
2025-06-30,CEA22,76.8,76.8,76.8,76.8,1.6,690.0,52992.0,690.0,52992.0,0.0,0.0,,,2025-06
2025-06-30,CEA23,79.0,79.0,75.5,75.56,2.59,22504.0,1700316.0,22504.0,1700316.0,0.0,0.0,,,2025-06
2025-06-30,CEA24,71.0,77.4,71.0,75.39,2.79,335500.0,22076500.0,35500.0,2676500.0,300000.0,19400000.0,,,2025-06
2025-07-01,CEA19-20,71.34,71.34,71.34,71.34,0.0,0.0,0.0,0.0,0.0,0.0,0.0,0.0,0.0,2025-07
2025-07-01,CEA21,76.0,76.0,76.0,76.0,0.0,0.0,0.0,0.0,0.0,0.0,0.0,0.0,0.0,2025-07
2025-07-01,CEA22,73.0,73.0,73.0,73.0,4.95,136000.0,9928000.0,136000.0,9928000.0,0.0,0.0,0.0,0.0,2025-07
2025-07-01,CEA23,76.0,76.0,75.0,75.95,0.52,21000.0,1595000.0,21000.0,1595000.0,0.0,0.0,0.0,0.0,2025-07
2025-07-01,CEA24,75.1,76.0,74.5,75.13,0.34,623910.0,46316340.9,143910.0,10811340.9,480000.0,35505000.0,0.0,0.0,2025-07
2025-07-02,CEA19-20,71.34,71.34,71.34,71.34,0.0,0.0,0.0,0.0,0.0,0.0,0.0,0.0,0.0,2025-07
2025-07-02,CEA21,76.0,76.0,76.0,76.0,0.0,0.0,0.0,0.0,0.0,0.0,0.0,0.0,0.0,2025-07
2025-07-02,CEA22,73.0,73.0,73.0,73.0,0.0,160000.0,11680000.0,160000.0,11680000.0,0.0,0.0,0.0,0.0,2025-07
2025-07-02,CEA23,73.0,73.5,73.0,73.01,3.87,80000.0,5840500.0,80000.0,5840500.0,0.0,0.0,0.0,0.0,2025-07
2025-07-02,CEA24,74.0,74.7,69.5,72.19,3.91,365000.0,26722000.0,115000.0,8302000.0,250000.0,18420000.0,0.0,0.0,2025-07
2025-07-03,CEA19-20,71.34,71.34,71.34,71.34,0.0,0.0,0.0,0.0,0.0,0.0,0.0,0.0,0.0,2025-07
2025-07-03,CEA21,76.0,76.0,76.0,76.0,0.0,0.0,0.0,0.0,0.0,0.0,0.0,0.0,0.0,2025-07
2025-07-03,CEA22,74.0,74.0,74.0,74.0,1.37,34310.0,2538940.0,34310.0,2538940.0,0.0,0.0,0.0,0.0,2025-07
2025-07-03,CEA23,74.0,75.0,74.0,74.71,2.33,116500.0,8632000.0,15396.0,1150304.0,101104.0,7481696.0,0.0,0.0,2025-07
2025-07-03,CEA24,74.0,75.4,74.0,74.12,2.67,161029.0,11935313.8,161029.0,11935313.8,0.0,0.0,0.0,0.0,2025-07
2025-07-04,CEA19-20,71.34,71.34,71.34,71.34,0.0,0.0,0.0,0.0,0.0,0.0,0.0,0.0,0.0,2025-07
2025-07-04,CEA21,76.0,76.0,76.0,76.0,0.0,0.0,0.0,0.0,0.0,0.0,0.0,0.0,0.0,2025-07
2025-07-04,CEA22,74.0,74.0,74.0,74.0,0.0,0.0,0.0,0.0,0.0,0.0,0.0,0.0,0.0,2025-07
2025-07-04,CEA23,74.71,75.4,74.71,75.04,0.44,27812.0,2087092.4,27812.0,2087092.4,0.0,0.0,0.0,0.0,2025-07
2025-07-04,CEA24,74.0,74.1,74.0,74.04,0.11,299000.0,22128000.0,49000.0,3628000.0,250000.0,18500000.0,0.0,0.0,2025-07
2025-07-07,CEA19-20,71.34,71.34,71.34,71.34,0.0,0.0,0.0,0.0,0.0,0.0,0.0,0.0,0.0,2025-07
2025-07-07,CEA21,76.0,76.0,76.0,76.0,0.0,0.0,0.0,0.0,0.0,0.0,0.0,0.0,0.0,2025-07
2025-07-07,CEA22,74.0,74.0,74.0,74.0,0.0,0.0,0.0,0.0,0.0,0.0,0.0,0.0,0.0,2025-07
2025-07-07,CEA23,77.0,77.0,76.49,76.54,2.0,11000.0,841900.0,11000.0,841900.0,0.0,0.0,0.0,0.0,2025-07
2025-07-07,CEA24,76.0,76.0,76.0,76.0,2.65,30000.0,2280000.0,30000.0,2280000.0,0.0,0.0,0.0,0.0,2025-07
2025-07-08,CEA19-20,71.34,71.34,71.34,71.34,0.0,0.0,0.0,0.0,0.0,0.0,0.0,0.0,0.0,2025-07
2025-07-08,CEA21,76.0,76.0,76.0,76.0,0.0,0.0,0.0,0.0,0.0,0.0,0.0,0.0,0.0,2025-07
2025-07-08,CEA22,74.0,74.0,74.0,74.0,0.0,0.0,0.0,0.0,0.0,0.0,0.0,0.0,0.0,2025-07
2025-07-08,CEA23,76.5,76.5,74.1,74.66,2.46,171000.0,12767100.0,171000.0,12767100.0,0.0,0.0,0.0,0.0,2025-07
2025-07-08,CEA24,75.8,75.8,75.0,75.09,1.2,58000.0,4355500.0,58000.0,4355500.0,0.0,0.0,0.0,0.0,2025-07
2025-07-09,CEA19-20,71.34,71.34,71.34,71.34,0.0,0.0,0.0,0.0,0.0,0.0,0.0,0.0,0.0,2025-07
2025-07-09,CEA21,76.0,76.0,76.0,76.0,0.0,0.0,0.0,0.0,0.0,0.0,0.0,0.0,0.0,2025-07
2025-07-09,CEA22,74.0,74.0,74.0,74.0,0.0,0.0,0.0,0.0,0.0,0.0,0.0,0.0,0.0,2025-07
2025-07-09,CEA23,74.5,74.5,74.5,74.5,0.21,147000.0,11002500.0,45000.0,3352500.0,102000.0,7650000.0,0.0,0.0,2025-07
2025-07-09,CEA24,75.0,75.0,75.0,75.0,0.12,432881.0,33954212.0,7720.0,579000.0,425161.0,33375212.0,0.0,0.0,2025-07
2025-07-10,CEA19-20,71.34,71.34,71.34,71.34,0.0,0.0,0.0,0.0,0.0,0.0,0.0,0.0,0.0,2025-07
2025-07-10,CEA21,76.0,76.0,76.0,76.0,0.0,0.0,0.0,0.0,0.0,0.0,0.0,0.0,0.0,2025-07
2025-07-10,CEA22,74.5,74.5,74.5,74.5,0.68,195289.0,13692730.0,5000.0,372500.0,190289.0,13320230.0,0.0,0.0,2025-07
2025-07-10,CEA23,74.5,74.5,74.5,74.5,0.0,106234.0,7914433.0,106234.0,7914433.0,0.0,0.0,0.0,0.0,2025-07
2025-07-10,CEA24,74.9,75.3,74.5,75.16,0.21,301866.0,22595405.0,161796.0,12160190.0,140070.0,10435215.0,0.0,0.0,2025-07
2025-07-11,CEA19-20,71.34,71.34,71.34,71.34,0.0,0.0,0.0,0.0,0.0,0.0,0.0,0.0,0.0,2025-07
2025-07-11,CEA21,71.0,71.0,71.0,71.0,6.58,5000.0,355000.0,5000.0,355000.0,0.0,0.0,0.0,0.0,2025-07
2025-07-11,CEA22,74.5,74.5,74.5,74.5,0.0,0.0,0.0,0.0,0.0,0.0,0.0,0.0,0.0,2025-07
2025-07-11,CEA23,75.0,75.0,74.5,74.75,0.34,81600.0,6099550.0,81600.0,6099550.0,0.0,0.0,0.0,0.0,2025-07
2025-07-11,CEA24,74.5,75.0,74.0,74.47,0.92,428100.0,31786526.5,226427.0,16861051.5,201673.0,14925475.0,0.0,0.0,2025-07
2025-07-14,CEA19-20,71.34,71.34,71.34,71.34,0.0,0.0,0.0,0.0,0.0,0.0,0.0,0.0,0.0,2025-07
2025-07-14,CEA21,71.0,71.0,71.0,71.0,0.0,0.0,0.0,0.0,0.0,0.0,0.0,0.0,0.0,2025-07
2025-07-14,CEA22,74.5,74.5,74.5,74.5,0.0,0.0,0.0,0.0,0.0,0.0,0.0,0.0,0.0,2025-07
2025-07-14,CEA23,75.0,75.0,74.1,74.11,0.86,21100.0,1563800.0,21100.0,1563800.0,0.0,0.0,0.0,0.0,2025-07
2025-07-14,CEA24,74.5,74.5,74.5,74.5,0.04,10000.0,745000.0,10000.0,745000.0,0.0,0.0,0.0,0.0,2025-07
2025-07-15,CEA19-20,71.34,71.34,71.34,71.34,0.0,0.0,0.0,0.0,0.0,0.0,0.0,0.0,0.0,2025-07
2025-07-15,CEA21,71.0,71.0,71.0,71.0,0.0,0.0,0.0,0.0,0.0,0.0,0.0,0.0,0.0,2025-07
2025-07-15,CEA22,74.5,74.5,74.5,74.5,0.0,0.0,0.0,0.0,0.0,0.0,0.0,0.0,0.0,2025-07
2025-07-15,CEA23,73.5,74.9,73.5,74.1,0.01,178720.0,13242520.0,178720.0,13242520.0,0.0,0.0,0.0,0.0,2025-07
2025-07-15,CEA24,76.0,77.0,74.21,75.97,1.97,100000.0,7596610.0,100000.0,7596610.0,0.0,0.0,0.0,0.0,2025-07
2025-07-16,CEA19-20,71.34,71.34,71.34,71.34,0.0,0.0,0.0,0.0,0.0,0.0,0.0,0.0,0.0,2025-07
2025-07-16,CEA21,71.0,71.0,71.0,71.0,0.0,0.0,0.0,0.0,0.0,0.0,0.0,0.0,0.0,2025-07
2025-07-16,CEA22,74.5,74.5,74.5,74.5,0.0,0.0,0.0,0.0,0.0,0.0,0.0,0.0,0.0,2025-07
2025-07-16,CEA23,72.0,74.79,72.0,74.36,0.35,275971.0,20531356.0,75971.0,5649156.09,100000.0,7430000.0,100000.0,7452200.0,2025-07
2025-07-16,CEA24,72.09,74.9,72.09,73.72,2.96,762903.0,56595056.0,307903.0,22699471.32,425000.0,31576285.0,30000.0,2319300.0,2025-07
2025-07-17,CEA19-20,71.34,71.34,71.34,71.34,0.0,0.0,0.0,0.0,0.0,0.0,0.0,0.0,0.0,2025-07
2025-07-17,CEA21,71.0,71.0,71.0,71.0,0.0,0.0,0.0,0.0,0.0,0.0,0.0,0.0,0.0,2025-07
2025-07-17,CEA22,74.2,74.2,74.2,74.2,0.4,100.0,7420.0,100.0,7420.0,0.0,0.0,0.0,0.0,2025-07
2025-07-17,CEA23,74.3,74.5,74.3,74.39,0.04,259431.0,19427723.0,159431.0,11859723.3,100000.0,7568000.0,0.0,0.0,2025-07
2025-07-17,CEA24,72.09,74.9,72.09,73.75,0.04,381289.0,26609717.0,181289.0,13369716.92,200000.0,13240000.0,0.0,0.0,2025-07
2025-07-18,CEA19-20,71.34,71.34,71.34,71.34,0.0,0.0,0.0,0.0,0.0,0.0,0.0,0.0,0.0,2025-07
2025-07-18,CEA21,71.0,71.0,71.0,71.0,0.0,0.0,0.0,0.0,0.0,0.0,0.0,0.0,0.0,2025-07
2025-07-18,CEA22,74.1,74.4,74.1,74.25,0.07,200.0,14850.0,200.0,14850.0,0.0,0.0,0.0,0.0,2025-07
2025-07-18,CEA23,74.8,74.8,74.35,74.52,0.17,98200.0,7318350.0,98200.0,7318350.0,0.0,0.0,0.0,0.0,2025-07
2025-07-18,CEA24,70.14,74.9,70.04,73.0,1.02,378000.0,27775000.0,278000.0,20295000.0,100000.0,7480000.0,0.0,0.0,2025-07
2025-07-21,CEA19-20,71.34,71.34,71.34,71.34,0.0,0.0,0.0,0.0,0.0,0.0,0.0,0.0,0.0,2025-07
2025-07-21,CEA21,71.0,71.0,71.0,71.0,0.0,0.0,0.0,0.0,0.0,0.0,0.0,0.0,0.0,2025-07
2025-07-21,CEA22,74.02,74.02,74.02,74.02,0.31,100.0,7402.0,100.0,7402.0,0.0,0.0,0.0,0.0,2025-07
2025-07-21,CEA23,75.0,75.0,74.5,74.71,0.25,28540.0,2132175.0,28540.0,2132175.0,0.0,0.0,0.0,0.0,2025-07
2025-07-21,CEA24,74.8,74.8,74.2,74.51,2.07,586001.0,43408275.0,86001.0,6408274.8,500000.0,37000000.0,0.0,0.0,2025-07
2025-07-22,CEA19-20,71.34,71.34,71.34,71.34,0.0,0.0,0.0,0.0,0.0,0.0,0.0,0.0,0.0,2025-07
2025-07-22,CEA21,72.0,72.0,72.0,72.0,1.41,100.0,7200.0,100.0,7200.0,0.0,0.0,0.0,0.0,2025-07
2025-07-22,CEA22,74.2,74.2,74.2,74.2,0.24,100.0,7420.0,100.0,7420.0,0.0,0.0,0.0,0.0,2025-07
2025-07-22,CEA23,74.5,74.5,74.5,74.5,0.28,224700.0,16858150.0,124700.0,9290150.0,100000.0,7568000.0,0.0,0.0,2025-07
2025-07-22,CEA24,74.5,74.65,74.4,74.47,0.05,881000.0,61572000.0,81000.0,6032000.0,800000.0,55540000.0,0.0,0.0,2025-07
2025-07-23,CEA19-20,71.34,71.34,71.34,71.34,0.0,0.0,0.0,0.0,0.0,0.0,0.0,0.0,0.0,2025-07
2025-07-23,CEA21,74.3,74.5,74.3,74.4,3.33,197.0,14657.0,197.0,14657.1,0.0,0.0,0.0,0.0,2025-07
2025-07-23,CEA22,74.2,74.2,74.2,74.2,0.0,123000.0,6388620.0,0.0,0.0,123000.0,6388620.0,0.0,0.0,2025-07
2025-07-23,CEA23,74.9,74.9,74.0,74.63,0.17,492253.0,36473459.0,392253.0,29273458.5,100000.0,7200000.0,0.0,0.0,2025-07
2025-07-23,CEA24,74.5,74.55,74.5,74.5,0.04,72000.0,5364050.0,72000.0,5364050.0,0.0,0.0,0.0,0.0,2025-07
2025-07-24,CEA19-20,71.34,71.34,71.34,71.34,0.0,0.0,0.0,0.0,0.0,0.0,0.0,0.0,0.0,2025-07
2025-07-24,CEA21,74.4,74.4,74.4,74.4,0.0,0.0,0.0,0.0,0.0,0.0,0.0,0.0,0.0,2025-07
2025-07-24,CEA22,74.5,74.5,74.5,74.5,0.4,2.0,149.0,2.0,149.0,0.0,0.0,0.0,0.0,2025-07
2025-07-24,CEA23,74.5,74.5,74.4,74.44,0.25,305916.0,22321255.0,181729.0,13527573.6,124187.0,8793681.47,0.0,0.0,2025-07
2025-07-24,CEA24,74.5,74.8,74.4,74.51,0.01,234942.0,17506029.0,234942.0,17506028.57,0.0,0.0,0.0,0.0,2025-07
2025-07-25,CEA19-20,71.34,71.34,71.34,71.34,0.0,0.0,0.0,0.0,0.0,0.0,0.0,0.0,0.0,2025-07
2025-07-25,CEA21,74.4,74.4,74.4,74.4,0.0,0.0,0.0,0.0,0.0,0.0,0.0,0.0,0.0,2025-07
2025-07-25,CEA22,74.5,74.5,74.5,74.5,0.0,10000.0,745000.0,10000.0,745000.0,0.0,0.0,0.0,0.0,2025-07
2025-07-25,CEA23,74.4,74.4,74.1,74.2,0.32,71500.0,5305450.0,71500.0,5305450.0,0.0,0.0,0.0,0.0,2025-07
2025-07-25,CEA24,74.55,74.55,74.01,74.04,0.63,206906.0,15319895.0,206906.0,15319894.81,0.0,0.0,0.0,0.0,2025-07
2025-07-28,CEA19-20,71.34,71.34,71.34,71.34,0.0,0.0,0.0,0.0,0.0,0.0,0.0,0.0,0.0,2025-07
2025-07-28,CEA21,74.4,74.4,74.4,74.4,0.0,0.0,0.0,0.0,0.0,0.0,0.0,0.0,0.0,2025-07
2025-07-28,CEA22,74.5,74.5,74.5,74.5,0.0,0.0,0.0,0.0,0.0,0.0,0.0,0.0,0.0,2025-07
2025-07-28,CEA23,74.01,74.1,74.01,74.05,0.2,220500.0,15658080.0,20500.0,1518080.0,200000.0,14140000.0,0.0,0.0,2025-07
2025-07-28,CEA24,74.01,74.2,74.0,74.03,0.01,89683.0,6639615.0,89683.0,6639614.8,0.0,0.0,0.0,0.0,2025-07
2025-07-29,CEA19-20,71.34,71.34,71.34,71.34,0.0,0.0,0.0,0.0,0.0,0.0,0.0,0.0,0.0,2025-07
2025-07-29,CEA21,74.4,74.4,74.4,74.4,0.0,0.0,0.0,0.0,0.0,0.0,0.0,0.0,0.0,2025-07
2025-07-29,CEA22,74.5,74.5,74.5,74.5,0.0,0.0,0.0,0.0,0.0,0.0,0.0,0.0,0.0,2025-07
2025-07-29,CEA23,71.15,74.0,71.15,72.55,2.03,409626.0,30058654.0,103196.0,7487020.4,306430.0,22571633.8,0.0,0.0,2025-07
2025-07-29,CEA24,74.0,74.0,73.6,73.81,0.3,248384.0,18243508.0,148384.0,10951508.4,100000.0,7292000.0,0.0,0.0,2025-07
2025-07-30,CEA19-20,71.34,71.34,71.34,71.34,0.0,0.0,0.0,0.0,0.0,0.0,0.0,0.0,0.0,2025-07
2025-07-30,CEA21,74.4,74.4,74.4,74.4,0.0,0.0,0.0,0.0,0.0,0.0,0.0,0.0,0.0,2025-07
2025-07-30,CEA22,73.9,73.9,73.9,73.9,0.81,20000.0,1478000.0,20000.0,1478000.0,0.0,0.0,0.0,0.0,2025-07
2025-07-30,CEA23,74.3,74.3,73.75,73.94,1.92,273100.0,20091260.0,173100.0,12799260.0,100000.0,7292000.0,0.0,0.0,2025-07
2025-07-30,CEA24,74.05,74.05,73.8,73.82,0.01,40200.0,2967550.0,40200.0,2967550.0,0.0,0.0,0.0,0.0,2025-07
2025-07-31,CEA19-20,71.34,71.34,71.34,71.34,0.0,0.0,0.0,0.0,0.0,0.0,0.0,0.0,0.0,2025-07
2025-07-31,CEA21,70.0,70.0,70.0,70.0,5.91,45000.0,3150000.0,45000.0,3150000.0,0.0,0.0,0.0,0.0,2025-07
2025-07-31,CEA22,73.95,73.95,73.61,73.78,0.16,4000.0,295120.0,4000.0,295120.0,0.0,0.0,0.0,0.0,2025-07
2025-07-31,CEA23,73.2,73.7,73.0,73.24,0.95,321248.0,23099684.0,165698.0,12136520.3,155550.0,10963164.0,0.0,0.0,2025-07
2025-07-31,CEA24,74.5,74.5,73.52,74.02,0.27,296783.0,21473604.0,76783.0,5683603.5,220000.0,15790000.0,0.0,0.0,2025-07
2025-08-01,CEA19-20,71.34,71.34,71.34,71.34,0.0,0.0,0.0,0.0,0.0,0.0,0.0,0.0,0.0,2025-08
2025-08-01,CEA21,70.0,70.0,70.0,70.0,7.89,0.0,0.0,0.0,0.0,0.0,0.0,0.0,0.0,2025-08
2025-08-01,CEA22,73.78,73.78,73.78,73.78,3.93,0.0,0.0,0.0,0.0,0.0,0.0,0.0,0.0,2025-08
2025-08-01,CEA23,73.48,73.5,73.08,73.26,3.04,172625.0,12258372.6,70004.0,5128265.52,102621.0,7130107.08,0.0,0.0,2025-08
2025-08-01,CEA24,74.4,74.4,73.12,73.76,2.16,350100.0,26833440.0,40100.0,2957740.0,310000.0,23875700.0,0.0,0.0,2025-08
2025-08-04,CEA19-20,71.34,71.34,71.34,71.34,0.0,0.0,0.0,0.0,0.0,0.0,0.0,0.0,0.0,2025-08
2025-08-04,CEA21,70.0,70.0,70.0,70.0,0.0,0.0,0.0,0.0,0.0,0.0,0.0,0.0,0.0,2025-08
2025-08-04,CEA22,73.78,73.78,73.78,73.78,0.0,0.0,0.0,0.0,0.0,0.0,0.0,0.0,0.0,2025-08
2025-08-04,CEA23,74.5,74.5,73.2,74.2,1.28,68900.0,5112280.0,68900.0,5112280.0,0.0,0.0,0.0,0.0,2025-08
2025-08-04,CEA24,73.2,74.0,73.2,73.8,0.05,208100.0,15269530.0,108100.0,7977530.0,100000.0,7292000.0,0.0,0.0,2025-08
2025-08-05,CEA19-20,71.34,71.34,71.34,71.34,0.0,0.0,0.0,0.0,0.0,0.0,0.0,0.0,0.0,2025-08
2025-08-05,CEA21,70.0,70.0,70.0,70.0,0.0,0.0,0.0,0.0,0.0,0.0,0.0,0.0,0.0,2025-08
2025-08-05,CEA22,73.7,73.7,73.7,73.7,0.11,11940.0,879978.0,11940.0,879978.0,0.0,0.0,0.0,0.0,2025-08
2025-08-05,CEA23,73.1,73.55,73.1,73.26,1.27,686528.0,42862131.15,59406.0,4352131.0,627122.0,38510000.15,0.0,0.0,2025-08
2025-08-05,CEA24,73.9,73.9,73.21,73.58,0.3,322900.0,23953620.0,52900.0,3892620.0,270000.0,20061000.0,0.0,0.0,2025-08
2025-08-06,CEA19-20,71.34,71.34,71.34,71.34,0.0,0.0,0.0,0.0,0.0,0.0,0.0,0.0,0.0,2025-08
2025-08-06,CEA21,70.0,70.0,70.0,70.0,0.0,0.0,0.0,0.0,0.0,0.0,0.0,0.0,0.0,2025-08
2025-08-06,CEA22,73.0,73.55,73.0,73.44,0.35,25000.0,1836000.0,25000.0,1836000.0,0.0,0.0,0.0,0.0,2025-08
2025-08-06,CEA23,73.2,73.4,73.11,73.31,0.07,630800.0,43053910.0,41500.0,3042410.0,589300.0,40011500.0,0.0,0.0,2025-08
2025-08-06,CEA24,73.0,73.8,72.5,72.84,1.01,726500.0,53592300.0,76500.0,5572300.0,650000.0,48020000.0,0.0,0.0,2025-08
2025-08-07,CEA19-20,71.34,71.34,71.34,71.34,0.0,0.0,0.0,0.0,0.0,0.0,0.0,0.0,0.0,2025-08
2025-08-07,CEA21,70.0,70.0,70.0,70.0,0.0,0.0,0.0,0.0,0.0,0.0,0.0,0.0,0.0,2025-08
2025-08-07,CEA22,73.0,73.0,73.0,73.0,0.6,3000.0,219000.0,3000.0,219000.0,0.0,0.0,0.0,0.0,2025-08
2025-08-07,CEA23,73.3,73.3,73.01,73.13,0.25,118850.0,6878513.5,18850.0,1378513.5,100000.0,5500000.0,0.0,0.0,2025-08
2025-08-07,CEA24,73.3,73.48,73.0,73.15,0.43,71172.0,5206283.6,71172.0,5206283.6,0.0,0.0,0.0,0.0,2025-08
2025-08-08,CEA19-20,71.34,71.34,71.34,71.34,0.0,0.0,0.0,0.0,0.0,0.0,0.0,0.0,0.0,2025-08
2025-08-08,CEA21,70.0,70.0,70.0,70.0,0.0,0.0,0.0,0.0,0.0,0.0,0.0,0.0,0.0,2025-08
2025-08-08,CEA22,73.0,73.0,73.0,73.0,0.0,20000.0,1460000.0,20000.0,1460000.0,0.0,0.0,0.0,0.0,2025-08
2025-08-08,CEA23,73.2,73.3,72.8,72.93,0.27,60000.0,4375825.0,60000.0,4375825.0,0.0,0.0,0.0,0.0,2025-08
2025-08-08,CEA24,73.5,73.5,72.9,73.2,0.07,289079.0,21140117.0,189079.0,13840117.0,100000.0,7300000.0,0.0,0.0,2025-08
2025-08-11,CEA19-20,71.34,71.34,71.34,71.34,0.0,0.0,0.0,0.0,0.0,0.0,0.0,0.0,0.0,2025-08
2025-08-11,CEA21,70.0,70.0,70.0,70.0,0.0,0.0,0.0,0.0,0.0,0.0,0.0,0.0,0.0,2025-08
2025-08-11,CEA22,73.0,73.0,73.0,73.0,0.0,0.0,0.0,0.0,0.0,0.0,0.0,0.0,0.0,2025-08
2025-08-11,CEA23,72.8,72.85,72.8,72.8,0.18,766654.0,42724765.0,21000.0,1528850.0,745654.0,41195915.0,0.0,0.0,2025-08
2025-08-11,CEA24,73.2,73.2,72.5,72.86,0.46,50752.0,3697970.4,50752.0,3697970.4,0.0,0.0,0.0,0.0,2025-08
2025-08-12,CEA19-20,71.34,71.34,71.34,71.34,0.0,0.0,0.0,0.0,0.0,0.0,0.0,0.0,0.0,2025-08
2025-08-12,CEA21,70.0,70.0,70.0,70.0,0.0,0.0,0.0,0.0,0.0,0.0,0.0,0.0,0.0,2025-08
2025-08-12,CEA22,70.1,72.5,69.8,70.8,3.01,340289.0,24797190.5,150000.0,10620660.0,190289.0,14176530.5,0.0,0.0,2025-08
2025-08-12,CEA23,73.5,73.5,72.1,72.63,0.23,53736.0,3902712.8,53736.0,3902712.8,0.0,0.0,0.0,0.0,2025-08
2025-08-12,CEA24,73.5,73.5,72.2,72.82,0.05,88913.0,6474309.29,88913.0,6474309.29,0.0,0.0,0.0,0.0,2025-08
2025-08-13,CEA19-20,71.34,71.34,71.34,71.34,0.0,0.0,0.0,0.0,0.0,0.0,0.0,0.0,0.0,2025-08
2025-08-13,CEA21,70.0,70.0,70.0,70.0,0.0,0.0,0.0,0.0,0.0,0.0,0.0,0.0,0.0,2025-08
2025-08-13,CEA22,70.8,70.8,70.8,70.8,0.0,100000.0,7400000.0,0.0,0.0,100000.0,7400000.0,0.0,0.0,2025-08
2025-08-13,CEA23,72.5,72.5,72.2,72.42,0.29,56928.0,4122755.0,56928.0,4122755.0,0.0,0.0,0.0,0.0,2025-08
2025-08-13,CEA24,72.5,72.5,72.2,72.47,0.48,103000.0,7464075.0,103000.0,7464075.0,0.0,0.0,0.0,0.0,2025-08
2025-08-14,CEA19-20,71.34,71.34,71.34,71.34,0.0,0.0,0.0,0.0,0.0,0.0,0.0,0.0,0.0,2025-08
2025-08-14,CEA21,70.0,70.0,70.0,70.0,0.0,2000.0,140000.0,2000.0,140000.0,0.0,0.0,0.0,0.0,2025-08
2025-08-14,CEA22,72.5,72.5,72.0,72.5,2.4,110445.0,8037212.5,10445.0,757212.5,100000.0,7280000.0,0.0,0.0,2025-08
2025-08-14,CEA23,72.95,72.95,72.15,72.45,0.04,266440.0,19303648.8,266440.0,19303649.0,0.0,0.0,0.0,0.0,2025-08
2025-08-14,CEA24,72.2,72.4,72.2,72.31,0.22,162977.0,11553939.4,62977.0,4553939.4,100000.0,7000000.0,0.0,0.0,2025-08
2025-08-15,CEA19-20,71.34,71.34,71.34,71.34,0.0,0.0,0.0,0.0,0.0,0.0,0.0,0.0,0.0,2025-08
2025-08-15,CEA21,70.0,70.0,70.0,70.0,0.0,0.0,0.0,0.0,0.0,0.0,0.0,0.0,0.0,2025-08
2025-08-15,CEA22,72.5,72.5,72.5,72.5,0.0,0.0,0.0,0.0,0.0,0.0,0.0,0.0,0.0,2025-08
2025-08-15,CEA23,71.8,72.2,71.8,71.82,0.87,742000.0,53669300.0,22000.0,1580100.0,720000.0,52089200.0,0.0,0.0,2025-08
2025-08-15,CEA24,72.4,72.4,71.9,72.2,0.15,187519.0,13538286.8,187519.0,13538286.8,0.0,0.0,0.0,0.0,2025-08
2025-08-18,CEA19-20,71.34,71.34,71.34,71.34,0.0,0.0,0.0,0.0,0.0,0.0,0.0,0.0,0.0,2025-08
2025-08-18,CEA21,70.0,70.0,70.0,70.0,0.0,0.0,0.0,0.0,0.0,0.0,0.0,0.0,0.0,2025-08
2025-08-18,CEA22,70.9,70.9,70.9,70.9,2.21,8715.0,617893.5,8715.0,617893.5,0.0,0.0,0.0,0.0,2025-08
2025-08-18,CEA23,71.0,71.25,70.9,71.08,1.03,344000.0,24607450.0,44000.0,3127450.0,300000.0,21480000.0,0.0,0.0,2025-08
2025-08-18,CEA24,70.9,71.2,70.9,71.0,1.66,38129.0,2707346.0,38129.0,2707346.1,0.0,0.0,0.0,0.0,2025-08
2025-08-19,CEA19-20,71.34,71.34,71.34,71.34,0.0,0.0,0.0,0.0,0.0,0.0,0.0,0.0,0.0,2025-08
2025-08-19,CEA21,70.0,70.0,70.0,70.0,0.0,0.0,0.0,0.0,0.0,0.0,0.0,0.0,0.0,2025-08
2025-08-19,CEA22,71.0,71.0,71.0,71.0,0.14,10000.0,710000.0,10000.0,710000.0,0.0,0.0,0.0,0.0,2025-08
2025-08-19,CEA23,71.9,71.9,71.0,71.16,0.11,132413.0,9422223.0,132413.0,9422223.0,0.0,0.0,0.0,0.0,2025-08
2025-08-19,CEA24,71.0,71.18,71.0,71.11,0.15,108115.0,7687535.0,108115.0,7687535.1,0.0,0.0,0.0,0.0,2025-08
2025-08-20,CEA19-20,71.34,71.34,71.34,71.34,0.0,0.0,0.0,0.0,0.0,0.0,0.0,0.0,0.0,2025-08
2025-08-20,CEA21,70.0,70.0,70.0,70.0,0.0,0.0,0.0,0.0,0.0,0.0,0.0,0.0,0.0,2025-08
2025-08-20,CEA22,70.3,70.3,70.3,70.3,0.99,998.0,70159.0,998.0,70159.4,0.0,0.0,0.0,0.0,2025-08
2025-08-20,CEA23,71.0,71.4,69.5,70.55,0.86,747171.0,52457334.0,77380.0,5459129.0,669791.0,46998204.72,0.0,0.0,2025-08
2025-08-20,CEA24,71.0,71.0,70.4,70.67,0.62,332896.0,23591262.0,132896.0,9391262.0,200000.0,14200000.0,0.0,0.0,2025-08
2025-08-21,CEA19-20,71.34,71.34,71.34,71.34,0.0,0.0,0.0,0.0,0.0,0.0,0.0,0.0,0.0,2025-08
2025-08-21,CEA21,70.0,70.0,70.0,70.0,0.0,0.0,0.0,0.0,0.0,0.0,0.0,0.0,0.0,2025-08
2025-08-21,CEA22,70.3,70.3,70.3,70.3,0.0,0.0,0.0,0.0,0.0,0.0,0.0,0.0,0.0,2025-08
2025-08-21,CEA23,68.0,70.4,68.0,69.94,0.86,250064.0,17243888.0,146432.0,10241473.99,103632.0,7002414.24,0.0,0.0,2025-08
2025-08-21,CEA24,70.0,70.8,70.0,70.24,0.61,251832.0,17689473.0,251832.0,17689473.42,0.0,0.0,0.0,0.0,2025-08
2025-08-22,CEA19-20,71.34,71.34,71.34,71.34,0.0,0.0,0.0,0.0,0.0,0.0,0.0,0.0,0.0,2025-08
2025-08-22,CEA21,70.0,70.0,70.0,70.0,0.0,0.0,0.0,0.0,0.0,0.0,0.0,0.0,0.0,2025-08
2025-08-22,CEA22,70.3,70.3,70.3,70.3,0.0,0.0,0.0,0.0,0.0,0.0,0.0,0.0,0.0,2025-08
2025-08-22,CEA23,70.0,70.0,70.0,70.0,0.09,11000.0,770000.0,11000.0,770000.0,0.0,0.0,0.0,0.0,2025-08
2025-08-22,CEA24,70.05,70.05,69.6,69.87,0.53,38846.0,2714021.0,38846.0,2714021.35,0.0,0.0,0.0,0.0,2025-08
2025-08-25,CEA19-20,71.34,71.34,71.34,71.34,0.0,0.0,0.0,0.0,0.0,0.0,0.0,0.0,0.0,2025-08
2025-08-25,CEA21,70.0,70.0,70.0,70.0,0.0,0.0,0.0,0.0,0.0,0.0,0.0,0.0,0.0,2025-08
2025-08-25,CEA22,70.3,70.3,70.3,70.3,0.0,0.0,0.0,0.0,0.0,0.0,0.0,0.0,0.0,2025-08
2025-08-25,CEA23,69.5,71.8,68.9,70.19,0.27,184802.0,12971979.0,184802.0,12971979.0,0.0,0.0,0.0,0.0,2025-08
2025-08-25,CEA24,69.99,69.99,69.0,69.86,0.01,119917.0,8377347.0,119917.0,8377347.43,0.0,0.0,0.0,0.0,2025-08
2025-08-26,CEA19-20,69.0,69.0,69.0,69.0,3.28,534.0,36846.0,534.0,36846.0,0.0,0.0,0.0,0.0,2025-08
2025-08-26,CEA21,70.0,70.0,70.0,70.0,0.0,0.0,0.0,0.0,0.0,0.0,0.0,0.0,0.0,2025-08
2025-08-26,CEA22,70.3,70.3,70.3,70.3,0.0,0.0,0.0,0.0,0.0,0.0,0.0,0.0,0.0,2025-08
2025-08-26,CEA23,69.5,70.5,69.49,69.76,0.61,176000.0,12301940.0,76000.0,5301940.0,100000.0,7000000.0,0.0,0.0,2025-08
2025-08-26,CEA24,69.0,69.5,68.5,69.39,0.67,393349.0,27306628.0,293349.0,20356627.89,100000.0,6950000.0,0.0,0.0,2025-08
2025-08-27,CEA19-20,69.0,69.0,69.0,69.0,0.0,0.0,0.0,0.0,0.0,0.0,0.0,0.0,0.0,2025-08
2025-08-27,CEA21,70.0,70.0,70.0,70.0,0.0,0.0,0.0,0.0,0.0,0.0,0.0,0.0,0.0,2025-08
2025-08-27,CEA22,70.3,70.3,70.3,70.3,0.0,0.0,0.0,0.0,0.0,0.0,0.0,0.0,0.0,2025-08
2025-08-27,CEA23,69.0,69.8,69.0,69.52,0.34,1356795.0,90943548.0,59235.0,4118271.2,1297560.0,86825276.4,0.0,0.0,2025-08
2025-08-27,CEA24,69.95,72.9,69.1,69.78,0.56,927144.0,61505291.0,507952.0,35442776.06,419192.0,26062514.48,0.0,0.0,2025-08
2025-08-28,CEA19-20,69.0,69.0,69.0,69.0,0.0,0.0,0.0,0.0,0.0,0.0,0.0,0.0,0.0,2025-08
2025-08-28,CEA21,70.0,70.0,70.0,70.0,0.0,0.0,0.0,0.0,0.0,0.0,0.0,0.0,0.0,2025-08
2025-08-28,CEA22,69.72,69.72,69.72,69.72,0.83,10513.0,732966.0,10513.0,732966.36,0.0,0.0,0.0,0.0,2025-08
2025-08-28,CEA23,69.8,69.8,68.52,69.11,0.59,623285.0,41836402.0,151913.0,10499256.86,471372.0,31337145.36,0.0,0.0,2025-08
2025-08-28,CEA24,69.5,69.5,69.2,69.42,0.52,632771.0,43893854.0,201959.0,14020860.7,425812.0,29524093.4,5000.0,348900.0,2025-08
2025-08-29,CEA19-20,68.3,68.3,68.3,68.3,1.01,30000.0,2049000.0,30000.0,2049000.0,0.0,0.0,0.0,0.0,2025-08
2025-08-29,CEA21,69.1,69.1,69.1,69.1,1.29,2027.0,140066.0,2027.0,140065.7,0.0,0.0,0.0,0.0,2025-08
2025-08-29,CEA22,70.3,70.3,70.3,70.3,0.83,9039.0,635442.0,9039.0,635441.7,0.0,0.0,0.0,0.0,2025-08
2025-08-29,CEA23,69.82,69.82,69.4,69.56,0.65,31806.0,2212295.0,31806.0,2212294.92,0.0,0.0,0.0,0.0,2025-08
2025-08-29,CEA24,69.0,69.3,69.0,69.24,0.26,1539503.0,105445572.0,358564.0,24825705.9,1180939.0,80619866.4,0.0,0.0,2025-08
2025-09-01,CEA19-20,69.2,69.2,69.1,69.17,1.27,30000.0,2075000.0,30000.0,2075000.0,0.0,0.0,0.0,0.0,2025-09
2025-09-01,CEA21,69.1,69.1,69.1,69.1,0.0,0.0,0.0,0.0,0.0,0.0,0.0,0.0,0.0,2025-09
2025-09-01,CEA22,70.3,70.3,70.3,70.3,0.0,0.0,0.0,0.0,0.0,0.0,0.0,0.0,0.0,2025-09
2025-09-01,CEA23,69.4,69.4,69.0,69.15,0.59,13630.0,942482.0,13630.0,942482.0,0.0,0.0,0.0,0.0,2025-09
2025-09-01,CEA24,69.0,69.4,69.0,69.31,0.1,425970.0,29776015.4,108970.0,7552375.4,317000.0,22223640.0,0.0,0.0,2025-09
2025-09-02,CEA19-20,69.17,69.17,69.17,69.17,0.0,0.0,0.0,0.0,0.0,0.0,0.0,0.0,0.0,2025-09
2025-09-02,CEA21,69.1,69.1,69.1,69.1,0.0,0.0,0.0,0.0,0.0,0.0,0.0,0.0,0.0,2025-09
2025-09-02,CEA22,68.3,69.0,68.3,68.48,2.59,19946.0,1365811.8,19946.0,1365811.8,0.0,0.0,0.0,0.0,2025-09
2025-09-02,CEA23,68.3,69.0,68.3,68.4,1.08,201257.0,13766191.0,201257.0,13766191.0,0.0,0.0,0.0,0.0,2025-09
2025-09-02,CEA24,68.08,69.3,68.08,68.6,1.02,1411449.0,82876292.91,251999.0,17288092.91,1159450.0,65588200.0,0.0,0.0,2025-09
2025-09-03,CEA19-20,69.17,69.17,69.17,69.17,0.0,0.0,0.0,0.0,0.0,0.0,0.0,0.0,0.0,2025-09
2025-09-03,CEA21,69.1,69.1,69.1,69.1,0.0,0.0,0.0,0.0,0.0,0.0,0.0,0.0,0.0,2025-09
2025-09-03,CEA22,69.0,69.0,68.9,68.93,0.66,14946.0,1030279.4,14946.0,1030279.4,0.0,0.0,0.0,0.0,2025-09
2025-09-03,CEA23,68.1,68.25,68.1,68.19,0.31,625764.0,42320433.2,168300.0,11476910.0,457464.0,30843523.2,0.0,0.0,2025-09
2025-09-03,CEA24,68.3,68.0,68.1,68.41,0.28,2431765.0,155248258.36,407973.0,27907931.88,2023792.0,127340326.48,0.0,0.0,2025-09
2025-09-04,CEA19-20,69.17,69.17,69.17,69.17,0.0,0.0,0.0,0.0,0.0,0.0,0.0,0.0,0.0,2025-09
2025-09-04,CEA21,67.5,67.5,67.5,67.5,2.32,39500.0,2666250.0,39500.0,2666250.0,0.0,0.0,0.0,0.0,2025-09
2025-09-04,CEA22,68.36,68.36,68.36,68.36,0.83,40000.0,2734400.0,40000.0,2734400.0,0.0,0.0,0.0,0.0,2025-09
2025-09-04,CEA23,68.1,68.1,66.0,67.3,1.31,830273.0,58656982.89,144840.0,9747392.49,685433.0,48909590.4,0.0,0.0,2025-09
2025-09-04,CEA24,67.5,68.0,66.2,67.42,1.45,1817303.0,116811327.12,501226.0,33793015.12,1316077.0,83018312.0,0.0,0.0,2025-09
2025-09-05,CEA19-20,69.17,69.17,69.17,69.17,0.0,0.0,0.0,0.0,0.0,0.0,0.0,0.0,0.0,2025-09
2025-09-05,CEA21,67.5,67.5,67.5,67.5,0.0,0.0,0.0,0.0,0.0,0.0,0.0,0.0,0.0,2025-09
2025-09-05,CEA22,64.0,64.0,64.0,64.0,6.38,3575.0,228800.0,3575.0,228800.0,0.0,0.0,0.0,0.0,2025-09
2025-09-05,CEA23,65.01,65.01,64.7,64.7,3.86,21292.0,1377696.25,21292.0,1377696.25,0.0,0.0,2000.0,134600.0,2025-09
2025-09-05,CEA24,66.3,66.3,64.7,65.51,2.83,451945.0,29899369.3,156868.0,10276748.8,295077.0,19622620.5,0.0,0.0,2025-09
2025-09-08,CEA19-20,69.17,69.17,69.17,69.17,0.0,0.0,0.0,0.0,0.0,0.0,0.0,0.0,0.0,2025-09
2025-09-08,CEA21,67.5,67.5,67.5,67.5,0.0,0.0,0.0,0.0,0.0,0.0,0.0,0.0,0.0,2025-09
2025-09-08,CEA22,60.0,60.0,60.0,60.0,6.25,85000.0,5100000.0,85000.0,5100000.0,0.0,0.0,0.0,0.0,2025-09
2025-09-08,CEA23,64.5,64.5,63.0,63.66,1.61,71598.0,4558172.0,71598.0,4558172.0,0.0,0.0,0.0,0.0,2025-09
2025-09-08,CEA24,64.0,64.45,63.1,63.38,3.25,477620.0,31173851.6,155500.0,9855950.0,322120.0,21317901.6,0.0,0.0,2025-09
2025-09-09,CEA19-20,69.17,69.17,69.17,69.17,0.0,0.0,0.0,0.0,0.0,0.0,0.0,0.0,0.0,2025-09
2025-09-09,CEA21,67.5,67.5,67.5,67.5,0.0,0.0,0.0,0.0,0.0,0.0,0.0,0.0,0.0,2025-09
2025-09-09,CEA22,63.0,63.0,61.95,62.71,4.52,61560.0,3860530.0,61560.0,3860530.0,0.0,0.0,0.0,0.0,2025-09
2025-09-09,CEA23,61.0,62.0,61.0,61.12,3.99,204100.0,13767080.0,46100.0,2817680.0,158000.0,10949400.0,0.0,0.0,2025-09
2025-09-09,CEA24,62.0,63.0,61.1,61.73,2.6,882792.0,54201426.3,222792.0,13753226.3,660000.0,40448200.0,0.0,0.0,2025-09
2025-09-10,CEA19-20,69.17,69.17,69.17,69.17,0.0,0.0,0.0,0.0,0.0,0.0,0.0,0.0,0.0,2025-09
2025-09-10,CEA21,67.5,67.5,67.5,67.5,0.0,0.0,0.0,0.0,0.0,0.0,0.0,0.0,0.0,2025-09
2025-09-10,CEA22,60.0,60.5,60.0,60.07,4.21,35000.0,2102500.0,35000.0,2102500.0,0.0,0.0,0.0,0.0,2025-09
2025-09-10,CEA23,60.0,60.5,60.0,60.33,1.29,289766.0,19142180.4,85554.0,5161717.0,204212.0,13980463.4,0.0,0.0,2025-09
2025-09-10,CEA24,60.7,61.4,60.2,60.7,1.67,1023411.0,63502897.17,269882.0,16382228.17,753529.0,47120669.0,0.0,0.0,2025-09
2025-09-11,CEA19-20,68.0,68.0,68.0,68.0,1.69,100.0,6800.0,100.0,6800.0,0.0,0.0,0.0,0.0,2025-09
2025-09-11,CEA21,67.5,67.5,67.5,67.5,0.0,0.0,0.0,0.0,0.0,0.0,0.0,0.0,0.0,2025-09
2025-09-11,CEA22,60.07,61.5,60.07,60.4,0.55,43568.0,2631559.76,43568.0,2631559.76,0.0,0.0,0.0,0.0,2025-09
2025-09-11,CEA23,60.25,60.25,60.1,60.19,0.23,228275.0,13221049.6,128275.0,7721049.6,100000.0,5500000.0,0.0,0.0,2025-09
2025-09-11,CEA24,62.0,62.0,60.01,60.32,0.63,783415.0,49621739.43,166415.0,10038939.43,617000.0,39582800.0,0.0,0.0,2025-09
2025-09-12,CEA19-20,68.0,68.0,68.0,68.0,0.0,0.0,0.0,0.0,0.0,0.0,0.0,0.0,0.0,2025-09
2025-09-12,CEA21,61.5,61.5,61.5,61.5,8.89,5000.0,307500.0,5000.0,307500.0,0.0,0.0,0.0,0.0,2025-09
2025-09-12,CEA22,60.4,61.25,60.4,60.74,0.56,56015.0,3402181.95,56015.0,3402181.95,0.0,0.0,0.0,0.0,2025-09
2025-09-12,CEA23,60.0,60.0,59.0,59.83,0.6,243652.0,14545120.0,143652.0,8595120.0,100000.0,5950000.0,0.0,0.0,2025-09
2025-09-12,CEA24,60.9,60.95,60.0,60.28,0.07,837213.0,51466880.48,188723.0,11376725.48,648490.0,40090155.0,0.0,0.0,2025-09
2025-09-15,CEA19-20,65.0,65.0,65.0,65.0,4.41,500.0,32500.0,500.0,32500.0,0.0,0.0,0.0,0.0,2025-09
2025-09-15,CEA21,61.5,61.5,61.5,61.5,0.0,0.0,0.0,0.0,0.0,0.0,0.0,0.0,0.0,2025-09
2025-09-15,CEA22,60.74,60.74,60.74,60.74,0.0,0.0,0.0,0.0,0.0,0.0,0.0,0.0,0.0,2025-09
2025-09-15,CEA23,60.0,60.0,60.0,60.0,0.28,10014.0,600840.0,10014.0,600840.0,0.0,0.0,0.0,0.0,2025-09
2025-09-15,CEA24,60.0,60.4,59.0,59.88,0.66,522632.0,36541146.75,134632.0,8061946.75,388000.0,28479200.0,0.0,0.0,2025-09
2025-09-16,CEA19-20,65.0,65.0,65.0,65.0,0.0,0.0,0.0,0.0,0.0,0.0,0.0,0.0,0.0,2025-09
2025-09-16,CEA21,61.5,61.5,61.5,61.5,0.0,0.0,0.0,0.0,0.0,0.0,0.0,0.0,0.0,2025-09
2025-09-16,CEA22,60.74,60.74,60.74,60.74,0.0,0.0,0.0,0.0,0.0,0.0,0.0,0.0,0.0,2025-09
2025-09-16,CEA23,58.5,59.9,58.0,59.07,1.55,296721.0,17950018.0,46721.0,2760018.0,250000.0,15190000.0,0.0,0.0,2025-09
2025-09-16,CEA24,60.0,60.0,56.01,58.26,2.71,1209254.0,80978006.0,142189.0,8283455.89,1067065.0,72694550.0,0.0,0.0,2025-09
2025-09-17,CEA19-20,65.0,65.0,65.0,65.0,0.0,0.0,0.0,0.0,0.0,0.0,0.0,0.0,0.0,2025-09
2025-09-17,CEA21,61.5,61.5,61.5,61.5,0.0,0.0,0.0,0.0,0.0,0.0,0.0,0.0,0.0,2025-09
2025-09-17,CEA22,60.91,60.91,60.91,60.91,0.28,90000.0,5481900.0,90000.0,5481900.0,0.0,0.0,0.0,0.0,2025-09
2025-09-17,CEA23,59.0,59.0,55.6,58.7,0.63,179095.0,10512335.0,179095.0,10512335.0,0.0,0.0,0.0,0.0,2025-09
2025-09-17,CEA24,60.0,60.0,55.5,56.81,2.49,432163.0,24550402.0,432163.0,24550402.19,0.0,0.0,0.0,0.0,2025-09
2025-09-18,CEA19-20,65.0,65.0,65.0,65.0,0.0,0.0,0.0,0.0,0.0,0.0,0.0,0.0,0.0,2025-09
2025-09-18,CEA21,61.5,61.5,61.5,61.5,0.0,0.0,0.0,0.0,0.0,0.0,0.0,0.0,0.0,2025-09
2025-09-18,CEA22,60.91,60.91,60.91,60.91,0.0,0.0,0.0,0.0,0.0,0.0,0.0,0.0,0.0,2025-09
2025-09-18,CEA23,60.58,60.58,54.2,58.11,1.01,262173.0,14873866.0,162173.0,9423866.0,100000.0,5450000.0,0.0,0.0,2025-09
2025-09-18,CEA24,59.0,59.0,54.0,56.12,1.21,1199040.0,68253126.0,320860.0,18007350.0,878180.0,50245775.8,0.0,0.0,2025-09
2025-09-19,CEA19-20,65.0,65.0,65.0,65.0,0.0,0.0,0.0,0.0,0.0,0.0,0.0,0.0,0.0,2025-09
2025-09-19,CEA21,61.5,61.5,61.5,61.5,0.0,0.0,0.0,0.0,0.0,0.0,0.0,0.0,0.0,2025-09
2025-09-19,CEA22,60.91,60.91,60.91,60.91,0.0,0.0,0.0,0.0,0.0,0.0,0.0,0.0,0.0,2025-09
2025-09-19,CEA23,58.11,58.11,54.21,55.5,4.49,252399.0,13898278.0,152399.0,8458278.32,100000.0,5440000.0,0.0,0.0,2025-09
2025-09-19,CEA24,56.95,58.5,54.0,55.5,1.1,1065701.0,65097097.0,446492.0,24782367.07,619209.0,40314729.82,0.0,0.0,2025-09
2025-09-22,CEA19-20,65.0,65.0,65.0,65.0,0.0,0.0,0.0,0.0,0.0,0.0,0.0,0.0,0.0,2025-09
2025-09-22,CEA21,61.5,61.5,61.5,61.5,0.0,0.0,0.0,0.0,0.0,0.0,0.0,0.0,0.0,2025-09
2025-09-22,CEA22,60.91,60.91,60.91,60.91,0.0,0.0,0.0,0.0,0.0,0.0,0.0,0.0,0.0,2025-09
2025-09-22,CEA23,57.0,57.0,54.3,54.55,1.71,49558.0,2703306.0,49558.0,2703306.0,0.0,0.0,0.0,0.0,2025-09
2025-09-22,CEA24,54.01,57.0,54.01,55.12,0.68,243637.0,13456639.0,143637.0,7916639.45,100000.0,5540000.0,0.0,0.0,2025-09
2025-09-23,CEA19-20,65.0,65.0,65.0,65.0,0.0,0.0,0.0,0.0,0.0,0.0,0.0,0.0,0.0,2025-09
2025-09-23,CEA21,61.5,61.5,61.5,61.5,0.0,0.0,0.0,0.0,0.0,0.0,0.0,0.0,0.0,2025-09
2025-09-23,CEA22,60.91,60.91,60.91,60.91,0.0,270696.0,19046171.0,0.0,0.0,270696.0,19046170.56,0.0,0.0,2025-09
2025-09-23,CEA23,55.99,55.99,55.5,55.98,2.62,122506.0,6829866.0,22506.0,1259866.43,100000.0,5570000.0,0.0,0.0,2025-09
2025-09-23,CEA24,56.2,58.25,55.0,55.78,1.2,1177198.0,66327028.0,427198.0,23831027.5,750000.0,42496000.0,0.0,0.0,2025-09
2025-09-24,CEA19-20,65.0,65.0,65.0,65.0,0.0,0.0,0.0,0.0,0.0,0.0,0.0,0.0,0.0,2025-09
2025-09-24,CEA21,56.0,56.0,56.0,56.0,8.94,1000.0,56000.0,1000.0,56000.0,0.0,0.0,0.0,0.0,2025-09
2025-09-24,CEA22,56.0,61.0,56.0,58.01,4.76,2010.0,116610.0,2010.0,116610.0,0.0,0.0,0.0,0.0,2025-09
2025-09-24,CEA23,54.8,57.2,54.8,55.67,0.55,361481.0,20122668.0,361481.0,20122668.0,0.0,0.0,0.0,0.0,2025-09
2025-09-24,CEA24,56.76,59.0,56.76,57.86,3.73,1058430.0,70083844.0,428430.0,24786844.1,630000.0,45297000.0,0.0,0.0,2025-09
2025-09-25,CEA19-20,65.0,65.0,65.0,65.0,0.0,0.0,0.0,0.0,0.0,0.0,0.0,0.0,0.0,2025-09
2025-09-25,CEA21,59.0,59.0,59.0,59.0,5.36,10.0,590.0,10.0,590.0,0.0,0.0,0.0,0.0,2025-09
2025-09-25,CEA22,61.0,61.0,60.0,60.0,3.43,18473.0,1108385.0,18473.0,1108385.0,0.0,0.0,0.0,0.0,2025-09
2025-09-25,CEA23,55.0,58.0,55.0,57.13,2.62,646118.0,41935484.0,201299.0,11500968.0,444819.0,30434515.98,0.0,0.0,2025-09
2025-09-25,CEA24,57.0,58.5,56.8,57.65,0.36,993133.0,58991137.0,593133.0,34193137.4,400000.0,24798000.0,0.0,0.0,2025-09
2025-09-26,CEA19-20,65.0,65.0,65.0,65.0,0.0,0.0,0.0,0.0,0.0,0.0,0.0,0.0,0.0,2025-09
2025-09-26,CEA21,59.0,59.0,59.0,59.0,0.0,0.0,0.0,0.0,0.0,0.0,0.0,0.0,0.0,2025-09
2025-09-26,CEA22,60.0,60.0,60.0,60.0,0.0,0.0,0.0,0.0,0.0,0.0,0.0,0.0,0.0,2025-09
2025-09-26,CEA23,55.0,57.7,54.0,55.88,2.19,649410.0,37038953.0,368140.0,20569943.89,281270.0,16469009.6,0.0,0.0,2025-09
2025-09-26,CEA24,57.7,58.0,55.0,55.9,3.04,2533475.0,147050005.0,980918.0,54833350.33,1552557.0,92216654.3,0.0,0.0,2025-09
2025-09-29,CEA19-20,65.0,65.0,65.0,65.0,0.0,0.0,0.0,0.0,0.0,0.0,0.0,0.0,0.0,2025-09
2025-09-29,CEA21,59.0,59.0,59.0,59.0,0.0,0.0,0.0,0.0,0.0,0.0,0.0,0.0,0.0,2025-09
2025-09-29,CEA22,60.0,60.0,60.0,60.0,0.0,0.0,0.0,0.0,0.0,0.0,0.0,0.0,0.0,2025-09
2025-09-29,CEA23,55.99,55.99,53.01,53.61,4.06,488498.0,27598265.0,259761.0,13926654.97,228737.0,13671610.49,0.0,0.0,2025-09
2025-09-29,CEA24,55.99,61.49,54.12,55.33,1.02,1261575.0,73016714.0,325643.0,18016383.23,935932.0,55000330.85,0.0,0.0,2025-09
2025-09-30,CEA19-20,65.0,65.0,65.0,65.0,0.0,0.0,0.0,0.0,0.0,0.0,0.0,0.0,0.0,2025-09
2025-09-30,CEA21,59.0,59.0,59.0,59.0,0.0,0.0,0.0,0.0,0.0,0.0,0.0,0.0,0.0,2025-09
2025-09-30,CEA22,60.0,60.0,60.0,60.0,0.0,0.0,0.0,0.0,0.0,0.0,0.0,0.0,0.0,2025-09
2025-09-30,CEA23,52.01,53.7,52.01,52.48,2.11,277468.0,15733856.0,101937.0,5349442.35,175531.0,10384413.96,0.0,0.0,2025-09
2025-09-30,CEA24,51.0,55.0,51.0,53.38,3.52,3317839.0,189156245.0,947365.0,50567661.17,2370474.0,138588583.48,0.0,0.0,2025-09
2025-10-09,CEA19-20,65.0,65.0,65.0,65.0,0.0,0.0,0.0,0.0,0.0,0.0,0.0,0.0,0.0,2025-10
2025-10-09,CEA21,59.0,59.0,59.0,59.0,0.0,0.0,0.0,0.0,0.0,0.0,0.0,0.0,0.0,2025-10
2025-10-09,CEA22,60.0,60.0,60.0,60.0,0.0,0.0,0.0,0.0,0.0,0.0,0.0,0.0,0.0,2025-10
2025-10-09,CEA23,56.0,56.0,56.0,56.0,6.71,1120000.0,220000.0,0.0,20000.0,1120000.0,200000.0,11812000.0,0.0,2025-10
2025-10-09,CEA24,54.0,54.0,54.0,54.0,1.16,1080000.0,20000.0,0.0,20000.0,1080000.0,0.0,0.0,0.0,2025-10
2025-10-10,CEA19-20,65.0,65.0,65.0,65.0,0.0,0.0,0.0,0.0,0.0,0.0,0.0,0.0,0.0,2025-10
2025-10-10,CEA21,59.0,59.0,59.0,59.0,0.0,0.0,0.0,0.0,0.0,0.0,0.0,0.0,0.0,2025-10
2025-10-10,CEA22,60.0,60.0,60.0,60.0,0.0,0.0,0.0,0.0,0.0,0.0,0.0,0.0,0.0,2025-10
2025-10-10,CEA23,53.0,53.0,53.0,53.0,5.36,318832.0,17990096.0,18832.0,998096.0,300000.0,16992000.0,0.0,0.0,2025-10
2025-10-10,CEA24,56.48,56.48,52.5,54.13,0.24,662431.0,35858494.4,662431.0,35858494.4,0.0,0.0,0.0,0.0,2025-10
2025-10-13,CEA19-20,65.0,65.0,65.0,65.0,0.0,0.0,0.0,0.0,0.0,0.0,0.0,0.0,0.0,2025-10
2025-10-13,CEA21,59.0,59.0,59.0,59.0,0.0,0.0,0.0,0.0,0.0,0.0,0.0,0.0,0.0,2025-10
2025-10-13,CEA22,60.0,60.0,60.0,60.0,0.0,274335.0,16372312.8,0.0,0.0,274335.0,16372312.8,0.0,0.0,2025-10
2025-10-13,CEA23,51.0,52.0,50.0,50.91,3.94,32377.0,1648263.0,32377.0,1648263.0,0.0,0.0,0.0,0.0,2025-10
2025-10-13,CEA24,54.0,54.0,50.0,50.83,6.1,1285832.0,73248522.01,617913.0,31409451.1,667919.0,41839070.91,0.0,0.0,2025-10
2025-10-14,CEA19-20,65.0,65.0,65.0,65.0,0.0,0.0,0.0,0.0,0.0,0.0,0.0,0.0,0.0,2025-10
2025-10-14,CEA21,59.0,59.0,59.0,59.0,0.0,0.0,0.0,0.0,0.0,0.0,0.0,0.0,0.0,2025-10
2025-10-14,CEA22,60.0,60.0,60.0,60.0,0.0,0.0,0.0,0.0,0.0,0.0,0.0,0.0,0.0,2025-10
2025-10-14,CEA23,47.0,47.0,46.0,46.08,9.49,30500.0,1405500.0,30500.0,1405500.0,0.0,0.0,0.0,0.0,2025-10
2025-10-14,CEA24,50.83,51.0,46.0,49.03,3.54,1071204.0,47956789.12,565104.0,27707728.12,506100.0,20249061.0,0.0,0.0,2025-10
2025-10-15,CEA19-20,65.0,65.0,65.0,65.0,0.0,0.0,0.0,0.0,0.0,0.0,0.0,0.0,0.0,2025-10
2025-10-15,CEA21,59.0,59.0,59.0,59.0,0.0,0.0,0.0,0.0,0.0,0.0,0.0,0.0,0.0,2025-10
2025-10-15,CEA22,60.0,60.0,60.0,60.0,0.0,0.0,0.0,0.0,0.0,0.0,0.0,0.0,0.0,2025-10
2025-10-15,CEA23,47.0,47.0,42.0,46.41,0.72,136718.0,6344758.21,136718.0,6344758.21,0.0,0.0,0.0,0.0,2025-10
2025-10-15,CEA24,50.0,52.03,44.13,46.7,4.75,2838132.0,156573635.32,721162.0,33678189.6,2116970.0,122895445.72,0.0,0.0,2025-10
2025-10-16,CEA19-20,64.0,64.0,58.5,60.31,7.22,1521.0,91728.5,1521.0,91728.5,0.0,0.0,0.0,0.0,2025-10
2025-10-16,CEA21,59.0,59.0,59.0,59.0,0.0,0.0,0.0,0.0,0.0,0.0,0.0,0.0,0.0,2025-10
2025-10-16,CEA22,60.0,60.0,60.0,60.0,0.0,252468.0,17155200.6,0.0,0.0,252468.0,17155200.6,0.0,0.0,2025-10
2025-10-16,CEA23,50.0,50.0,41.77,47.19,1.68,544481.0,27385669.97,289481.0,13660669.97,255000.0,13725000.0,0.0,0.0,2025-10
2025-10-16,CEA24,45.9,45.9,42.03,43.46,6.94,2093262.0,96284252.82,307021.0,13344192.63,1786241.0,82940060.19,0.0,0.0,2025-10
2025-10-17,CEA19-20,60.31,60.31,60.31,60.31,0.0,0.0,0.0,0.0,0.0,0.0,0.0,0.0,0.0,2025-10
2025-10-17,CEA21,59.0,59.0,59.0,59.0,0.0,0.0,0.0,0.0,0.0,0.0,0.0,0.0,0.0,2025-10
2025-10-17,CEA22,60.0,60.0,60.0,60.0,0.0,0.0,0.0,0.0,0.0,0.0,0.0,0.0,0.0,2025-10
2025-10-17,CEA23,43.0,43.0,42.47,42.63,9.66,259698.0,14129797.39,96209.0,4101382.13,163489.0,10028415.26,0.0,0.0,2025-10
2025-10-17,CEA24,39.11,39.11,39.11,39.11,10.01,2988037.0,123696057.41,238137.0,9313538.07,2749900.0,114382519.34,0.0,0.0,2025-10
2025-10-20,CEA19-20,60.31,60.31,60.31,60.31,0.0,0.0,0.0,0.0,0.0,0.0,0.0,0.0,0.0,2025-10
2025-10-20,CEA21,59.0,59.0,59.0,59.0,0.0,0.0,0.0,0.0,0.0,0.0,0.0,0.0,0.0,2025-10
2025-10-20,CEA22,60.0,60.0,60.0,60.0,0.0,0.0,0.0,0.0,0.0,0.0,0.0,0.0,0.0,2025-10
2025-10-20,CEA23,38.5,42.1,38.37,38.89,8.77,29742.0,1156692.4,29742.0,1156692.4,0.0,0.0,0.0,0.0,2025-10
2025-10-20,CEA24,39.0,40.0,36.1,38.48,1.61,1234105.0,53035926.65,510655.0,19647676.65,723450.0,33388250.0,0.0,0.0,2025-10
2025-10-21,CEA19-20,60.31,60.31,60.31,60.31,0.0,0.0,0.0,0.0,0.0,0.0,0.0,0.0,0.0,2025-10
2025-10-21,CEA21,59.0,59.0,59.0,59.0,0.0,0.0,0.0,0.0,0.0,0.0,0.0,0.0,0.0,2025-10
2025-10-21,CEA22,60.0,60.0,60.0,60.0,0.0,0.0,0.0,0.0,0.0,0.0,0.0,0.0,0.0,2025-10
2025-10-21,CEA23,42.78,42.78,41.0,42.18,8.46,414949.0,16081962.42,164949.0,6956962.42,250000.0,9125000.0,0.0,0.0,2025-10
2025-10-21,CEA24,39.5,42.33,39.5,41.48,7.8,657992.0,24811154.98,276884.0,11483768.88,381108.0,13327386.1,0.0,0.0,2025-10
2025-10-22,CEA19-20,60.31,60.31,60.31,60.31,0.0,0.0,0.0,0.0,0.0,0.0,0.0,0.0,0.0,2025-10
2025-10-22,CEA21,59.0,59.0,59.0,59.0,0.0,0.0,0.0,0.0,0.0,0.0,0.0,0.0,0.0,2025-10
2025-10-22,CEA22,60.0,60.0,60.0,60.0,0.0,0.0,0.0,0.0,0.0,0.0,0.0,0.0,0.0,2025-10
2025-10-22,CEA23,40.12,46.4,40.12,42.85,1.59,904862.0,41031443.38,102007.0,4371406.0,802855.0,36660037.22,0.0,0.0,2025-10
2025-10-22,CEA24,40.02,45.63,40.02,42.64,2.8,1059665.0,51803560.34,322360.0,13744230.3,737305.0,38059330.04,0.0,0.0,2025-10
2025-10-23,CEA19-20,60.31,60.31,60.31,60.31,0.0,0.0,0.0,0.0,0.0,0.0,0.0,0.0,0.0,2025-10
2025-10-23,CEA21,59.0,59.0,59.0,59.0,0.0,0.0,0.0,0.0,0.0,0.0,0.0,0.0,0.0,2025-10
2025-10-23,CEA22,60.0,60.0,60.0,60.0,0.0,0.0,0.0,0.0,0.0,0.0,0.0,0.0,0.0,2025-10
2025-10-23,CEA23,40.22,47.14,40.22,44.85,4.67,345571.0,15173696.24,85571.0,3837696.24,260000.0,11336000.0,0.0,0.0,2025-10
2025-10-23,CEA24,43.75,46.9,43.75,45.19,5.98,502370.0,22943613.7,142370.0,6433613.7,360000.0,16510000.0,0.0,0.0,2025-10
2025-10-24,CEA19-20,60.31,60.31,60.31,60.31,0.0,0.0,0.0,0.0,0.0,0.0,0.0,0.0,0.0,2025-10
2025-10-24,CEA21,59.0,59.0,59.0,59.0,0.0,0.0,0.0,0.0,0.0,0.0,0.0,0.0,0.0,2025-10
2025-10-24,CEA22,60.0,60.0,60.0,60.0,0.0,0.0,0.0,0.0,0.0,0.0,0.0,0.0,0.0,2025-10
2025-10-24,CEA23,41.0,49.34,41.0,45.49,1.43,409488.0,18344383.0,159488.0,7254382.62,250000.0,11090000.0,0.0,0.0,2025-10
2025-10-24,CEA24,46.0,49.71,45.19,48.68,7.72,2068558.0,102073685.0,588896.0,28667925.91,1479662.0,73405758.69,0.0,0.0,2025-10
2025-10-27,CEA19-20,60.31,60.31,60.31,60.31,0.0,0.0,0.0,0.0,0.0,0.0,0.0,0.0,0.0,2025-10
2025-10-27,CEA21,54.0,54.0,53.1,53.17,9.88,86240.0,4585268.0,86240.0,4585267.8,0.0,0.0,0.0,0.0,2025-10
2025-10-27,CEA22,60.0,60.0,60.0,60.0,0.0,327832.0,13768944.0,0.0,0.0,327832.0,13768944.0,0.0,0.0,2025-10
2025-10-27,CEA23,50.04,50.04,43.51,46.58,2.4,1744041.0,81337002.0,230018.0,10714663.04,1514023.0,70622339.39,0.0,0.0,2025-10
2025-10-27,CEA24,50.9,50.9,45.0,48.5,0.37,5220469.0,252721513.0,733751.0,35589784.95,4486718.0,217131727.64,0.0,0.0,2025-10
2025-10-28,CEA19-20,60.31,60.31,60.31,60.31,0.0,0.0,0.0,0.0,0.0,0.0,0.0,0.0,0.0,2025-10
2025-10-28,CEA21,53.17,53.17,53.17,53.17,0.0,0.0,0.0,0.0,0.0,0.0,0.0,0.0,0.0,2025-10
2025-10-28,CEA22,54.0,54.0,54.0,54.0,10.0,1.0,54.0,1.0,54.0,0.0,0.0,0.0,0.0,2025-10
2025-10-28,CEA23,46.0,46.0,45.0,45.47,2.38,320853.0,16108287.0,9563.0,434835.0,311290.0,15673451.5,0.0,0.0,2025-10
2025-10-28,CEA24,51.0,53.0,44.51,45.71,5.75,5156229.0,247625662.0,572692.0,26179662.0,4583537.0,221445999.77,0.0,0.0,2025-10
2025-10-29,CEA19-20,60.31,60.31,60.31,60.31,0.0,0.0,0.0,0.0,0.0,0.0,0.0,0.0,0.0,2025-10
2025-10-29,CEA21,53.17,53.17,53.17,53.17,0.0,0.0,0.0,0.0,0.0,0.0,0.0,0.0,0.0,2025-10
2025-10-29,CEA22,54.0,54.0,54.0,54.0,0.0,0.0,0.0,0.0,0.0,0.0,0.0,0.0,0.0,2025-10
2025-10-29,CEA23,46.9,46.9,43.01,44.4,2.35,270646.0,13430275.0,29423.0,1306406.9,241223.0,12123867.98,0.0,0.0,2025-10
2025-10-29,CEA24,50.0,50.0,43.01,44.33,3.02,3246143.0,163817767.0,882617.0,39126956.86,2363526.0,124690810.27,0.0,0.0,2025-10
2025-10-30,CEA19-20,60.31,60.31,60.31,60.31,0.0,0.0,0.0,0.0,0.0,0.0,0.0,0.0,0.0,2025-10
2025-10-30,CEA21,53.17,53.17,53.17,53.17,0.0,0.0,0.0,0.0,0.0,0.0,0.0,0.0,0.0,2025-10
2025-10-30,CEA22,54.0,54.0,54.0,54.0,0.0,0.0,0.0,0.0,0.0,0.0,0.0,0.0,0.0,2025-10
2025-10-30,CEA23,42.01,46.0,42.01,44.24,0.36,390211.0,17900807.0,282332.0,12490675.19,107879.0,5410131.85,0.0,0.0,2025-10
2025-10-30,CEA24,44.3,46.0,42.2,44.52,0.43,2610374.0,112819441.0,614994.0,27377054.1,1895380.0,80967386.6,100000.0,4475000.0,2025-10
2025-10-31,CEA19-20,60.31,60.31,60.31,60.31,0.0,0.0,0.0,0.0,0.0,0.0,0.0,0.0,0.0,2025-10
2025-10-31,CEA21,53.17,53.17,53.17,53.17,0.0,0.0,0.0,0.0,0.0,0.0,0.0,0.0,0.0,2025-10
2025-10-31,CEA22,54.0,54.0,54.0,54.0,0.0,0.0,0.0,0.0,0.0,0.0,0.0,0.0,0.0,2025-10
2025-10-31,CEA23,44.5,48.66,44.5,45.59,3.05,86887.0,3961245.0,86887.0,3961245.0,0.0,0.0,0.0,0.0,2025-10
2025-10-31,CEA24,44.2,48.97,44.0,46.72,4.94,1445474.0,63748872.0,856964.0,40034132.01,588510.0,23714740.0,0.0,0.0,2025-10
2025-11-03,CEA19-20,60.31,60.31,60.31,60.31,0.0,0.0,0.0,0.0,0.0,0.0,0.0,0.0,0.0,2025-11
2025-11-03,CEA21,53.17,53.17,53.17,53.17,0.0,112994.0,5197724.0,0.0,0.0,112994.0,5197724.0,0.0,0.0,2025-11
2025-11-03,CEA22,54.0,54.0,54.0,54.0,0.0,0.0,0.0,0.0,0.0,0.0,0.0,0.0,0.0,2025-11
2025-11-03,CEA23,43.5,49.0,43.5,47.43,4.04,270000.0,12576000.0,70000.0,3320000.0,200000.0,9256000.0,0.0,0.0,2025-11
2025-11-03,CEA24,48.2,49.98,48.0,48.72,4.28,1144189.0,57844170.3,351568.0,17128225.3,792621.0,40715945.0,0.0,0.0,2025-11
2025-11-04,CEA19-20,60.31,60.31,60.31,60.31,0.0,0.0,0.0,0.0,0.0,0.0,0.0,0.0,0.0,2025-11
2025-11-04,CEA21,53.17,53.17,53.17,53.17,0.0,0.0,0.0,0.0,0.0,0.0,0.0,0.0,0.0,2025-11
2025-11-04,CEA22,50.0,50.0,50.0,50.0,7.41,6948.0,347400.0,6948.0,347400.0,0.0,0.0,0.0,0.0,2025-11
2025-11-04,CEA23,48.8,50.4,48.8,50.29,6.03,71280.0,3584512.0,71280.0,3584512.0,0.0,0.0,0.0,0.0,2025-11
2025-11-04,CEA24,50.0,50.8,49.5,50.07,2.77,1074226.0,46832317.32,613265.0,30704760.32,460961.0,16127557.0,100000.0,4894850.0,2025-11
2025-11-05,CEA19-20,60.31,60.31,60.31,60.31,0.0,0.0,0.0,0.0,0.0,0.0,0.0,0.0,0.0,2025-11
2025-11-05,CEA21,53.17,53.17,53.17,53.17,0.0,0.0,0.0,0.0,0.0,0.0,0.0,0.0,0.0,2025-11
2025-11-05,CEA22,45.0,51.0,45.0,50.05,0.1,69601.0,3483194.6,69601.0,3483194.6,0.0,0.0,0.0,0.0,2025-11
2025-11-05,CEA23,49.8,51.0,49.8,50.32,0.06,136000.0,6671380.0,36000.0,1811380.0,100000.0,4860000.0,0.0,0.0,2025-11
2025-11-05,CEA24,49.5,51.5,49.5,50.44,0.74,1523319.0,75593582.75,850262.0,42885002.02,673057.0,32708580.73,0.0,0.0,2025-11
2025-11-06,CEA19-20,60.31,60.31,60.31,60.31,0.0,0.0,0.0,0.0,0.0,0.0,0.0,0.0,0.0,2025-11
2025-11-06,CEA21,53.17,53.17,53.17,53.17,0.0,0.0,0.0,0.0,0.0,0.0,0.0,0.0,0.0,2025-11
2025-11-06,CEA22,52.5,55.06,52.0,53.14,6.17,37226.0,1978162.0,37226.0,1978162.0,0.0,0.0,0.0,0.0,2025-11
2025-11-06,CEA23,52.9,55.0,52.9,54.56,8.43,37000.0,2018600.0,37000.0,2018600.0,0.0,0.0,0.0,0.0,2025-11
2025-11-06,CEA24,51.0,55.48,51.0,53.14,5.35,1325137.0,69450530.03,769876.0,40913433.57,555261.0,28537096.46,0.0,0.0,2025-11
2025-11-07,CEA19-20,60.31,60.31,60.31,60.31,0.0,0.0,0.0,0.0,0.0,0.0,0.0,0.0,0.0,2025-11
2025-11-07,CEA21,58.0,58.0,57.0,57.71,8.54,1418.0,81826.0,1418.0,81826.0,0.0,0.0,0.0,0.0,2025-11
2025-11-07,CEA22,57.0,58.4,53.2,56.18,5.72,14103.0,792370.2,14103.0,792370.2,0.0,0.0,0.0,0.0,2025-11
2025-11-07,CEA23,55.5,58.45,55.5,57.01,4.49,136159.0,7762043.75,136159.0,7762043.75,0.0,0.0,0.0,0.0,2025-11
2025-11-07,CEA24,56.2,58.45,53.8,57.76,8.69,3176057.0,164032045.32,916449.0,52933200.5,2259608.0,111098844.82,0.0,0.0,2025-11
2025-11-10,CEA19-20,54.5,54.5,54.5,54.5,9.63,31000.0,1689500.0,31000.0,1689500.0,0.0,0.0,0.0,0.0,2025-11
2025-11-10,CEA21,60.5,60.5,60.5,60.5,4.83,5000.0,302500.0,5000.0,302500.0,0.0,0.0,0.0,0.0,2025-11
2025-11-10,CEA22,60.3,60.5,60.2,60.41,7.53,9549.0,576814.5,9549.0,576814.5,0.0,0.0,0.0,0.0,2025-11
2025-11-10,CEA23,58.4,61.0,58.4,60.38,5.91,501536.0,30767852.1,201536.0,12167852.1,300000.0,18600000.0,0.0,0.0,2025-11
2025-11-10,CEA24,57.76,61.0,56.01,59.4,2.84,2458561.0,145499392.03,833301.0,49496723.49,1625260.0,96002668.54,0.0,0.0,2025-11
2025-11-11,CEA19-20,54.5,54.5,54.5,54.5,0.0,0.0,0.0,0.0,0.0,0.0,0.0,0.0,0.0,2025-11
2025-11-11,CEA21,61.0,62.0,61.0,61.91,2.33,11000.0,681000.0,11000.0,681000.0,0.0,0.0,0.0,0.0,2025-11
2025-11-11,CEA22,64.0,64.2,64.0,64.08,6.08,105000.0,6020400.0,5000.0,320400.0,100000.0,5700000.0,0.0,0.0,2025-11
2025-11-11,CEA23,56.5,64.5,56.5,60.54,0.26,252866.0,14908958.0,139866.0,8467958.0,113000.0,6441000.0,0.0,0.0,2025-11
2025-11-11,CEA24,64.0,65.0,60.0,63.69,7.22,3834012.0,244238943.28,950150.0,60510455.34,2883862.0,183728487.94,0.0,0.0,2025-11
2025-11-12,CEA19-20,54.5,54.5,54.5,54.5,0.0,0.0,0.0,0.0,0.0,0.0,0.0,0.0,0.0,2025-11
2025-11-12,CEA21,62.0,62.62,61.5,62.19,0.45,20000.0,1243700.0,20000.0,1243700.0,0.0,0.0,0.0,0.0,2025-11
2025-11-12,CEA22,65.0,65.0,62.0,63.33,1.17,30000.0,1900000.0,30000.0,1900000.0,0.0,0.0,0.0,0.0,2025-11
2025-11-12,CEA23,64.9,65.0,57.0,60.37,0.28,437458.0,28548104.9,137458.0,8298104.9,300000.0,20250000.0,0.0,0.0,2025-11
2025-11-12,CEA24,66.99,66.99,64.0,64.46,1.21,2428742.0,138865717.4,959928.0,61876817.4,1468814.0,76988900.0,0.0,0.0,2025-11
2025-11-13,CEA19-20,56.0,56.0,56.0,56.0,2.75,4850.0,271600.0,4850.0,271600.0,0.0,0.0,0.0,0.0,2025-11
2025-11-13,CEA21,62.19,62.19,62.19,62.19,0.0,0.0,0.0,0.0,0.0,0.0,0.0,0.0,0.0,2025-11
2025-11-13,CEA22,62.0,62.5,62.0,62.5,1.31,10000.0,622500.0,10000.0,622500.0,0.0,0.0,0.0,0.0,2025-11
2025-11-13,CEA23,60.0,65.0,60.0,61.56,1.97,310059.0,18936448.58,183480.0,11294874.35,126579.0,7641574.23,0.0,0.0,2025-11
2025-11-13,CEA24,61.5,65.0,59.0,60.94,5.46,2935870.0,174582558.43,960979.0,58558257.63,1974891.0,116024300.8,0.0,0.0,2025-11
2025-11-14,CEA19-20,58.78,58.78,58.78,58.78,4.96,22600.0,1328428.0,22600.0,1328428.0,0.0,0.0,0.0,0.0,2025-11
2025-11-14,CEA21,62.19,62.19,62.19,62.19,0.0,0.0,0.0,0.0,0.0,0.0,0.0,0.0,0.0,2025-11
2025-11-14,CEA22,59.0,62.0,59.0,59.43,4.91,43001.0,2555362.0,43001.0,2555362.0,0.0,0.0,0.0,0.0,2025-11
2025-11-14,CEA23,59.5,61.5,59.5,60.39,1.9,223762.0,13512234.6,223762.0,13512235.0,0.0,0.0,0.0,0.0,2025-11
2025-11-14,CEA24,60.2,61.45,57.0,60.04,1.48,3100123.0,180455027.6,1365392.0,81974605.76,1734731.0,98480421.84,0.0,0.0,2025-11
2025-11-17,CEA19-20,58.78,58.78,58.78,58.78,0.0,0.0,0.0,0.0,0.0,0.0,0.0,0.0,0.0,2025-11
2025-11-17,CEA21,62.19,62.19,62.19,62.19,0.0,0.0,0.0,0.0,0.0,0.0,0.0,0.0,0.0,2025-11
2025-11-17,CEA22,61.0,61.6,60.0,60.83,2.36,56000.0,3406400.0,56000.0,3406400.0,0.0,0.0,0.0,0.0,2025-11
2025-11-17,CEA23,60.11,61.8,60.11,60.96,0.94,402093.0,26230534.23,20500.0,1249600.0,381593.0,24980934.23,0.0,0.0,2025-11
2025-11-17,CEA24,60.04,62.0,60.04,61.4,2.27,2212998.0,122877900.87,433412.0,26610645.31,1779586.0,96267255.56,0.0,0.0,2025-11
2025-11-18,CEA19-20,61.5,61.5,61.5,61.5,4.63,3000.0,184500.0,3000.0,184500.0,0.0,0.0,0.0,0.0,2025-11
2025-11-18,CEA21,62.19,62.19,62.19,62.19,0.0,0.0,0.0,0.0,0.0,0.0,0.0,0.0,0.0,2025-11
2025-11-18,CEA22,61.62,62.0,61.5,61.88,1.73,512724.0,31774172.88,125212.0,7748428.88,387512.0,24025744.0,0.0,0.0,2025-11
2025-11-18,CEA23,62.0,62.0,56.11,61.24,0.46,422673.0,26024866.0,238186.0,14586672.04,184487.0,11438194.0,0.0,0.0,2025-11
2025-11-18,CEA24,61.5,62.6,61.5,62.0,0.98,2415296.0,135438244.0,608393.0,37722929.4,1806903.0,97715314.73,0.0,0.0,2025-11
2025-11-19,CEA19-20,67.65,67.65,67.65,67.65,10.0,5000.0,338250.0,5000.0,338250.0,0.0,0.0,0.0,0.0,2025-11
2025-11-19,CEA21,64.0,68.41,64.0,67.06,7.83,17000.0,1140100.0,17000.0,1140100.0,0.0,0.0,0.0,0.0,2025-11
2025-11-19,CEA22,62.5,68.07,62.5,66.96,8.21,53799.0,3602478.0,53799.0,3602477.93,0.0,0.0,0.0,0.0,2025-11
2025-11-19,CEA23,62.1,67.36,62.0,65.01,6.16,368250.0,21718633.0,106580.0,6929044.2,261670.0,14789588.4,0.0,0.0,2025-11
2025-11-19,CEA24,63.0,68.2,63.0,67.63,9.08,1610881.0,105721385.0,964043.0,65199885.5,646838.0,40521499.58,0.0,0.0,2025-11
2025-11-20,CEA19-20,67.65,67.65,67.65,67.65,0.0,0.0,0.0,0.0,0.0,0.0,0.0,0.0,0.0,2025-11
2025-11-20,CEA21,67.06,67.06,67.06,67.06,0.0,0.0,0.0,0.0,0.0,0.0,0.0,0.0,0.0,2025-11
2025-11-20,CEA22,64.87,71.0,64.87,67.0,0.06,25975.0,1740295.0,25975.0,1740295.13,0.0,0.0,0.0,0.0,2025-11
2025-11-20,CEA23,71.5,71.5,67.0,69.29,6.58,857957.0,44128145.0,43487.0,3013115.0,814470.0,41115030.0,0.0,0.0,2025-11
2025-11-20,CEA24,70.01,73.5,65.0,68.34,1.05,2130492.0,139070653.0,747687.0,51095988.0,1382805.0,87974665.08,0.0,0.0,2025-11
2025-11-21,CEA19-20,67.65,67.65,67.65,67.65,0.0,0.0,0.0,0.0,0.0,0.0,0.0,0.0,0.0,2025-11
2025-11-21,CEA21,67.06,67.06,67.06,67.06,0.0,0.0,0.0,0.0,0.0,0.0,0.0,0.0,0.0,2025-11
2025-11-21,CEA22,62.3,65.6,62.3,62.85,6.19,12000.0,754200.0,12000.0,754200.0,0.0,0.0,0.0,0.0,2025-11
2025-11-21,CEA23,62.36,67.97,62.36,66.56,3.94,136775.0,9104028.0,136775.0,9104028.0,0.0,0.0,0.0,0.0,2025-11
2025-11-21,CEA24,64.0,68.33,61.51,62.24,8.93,451467.0,27773650.0,251467.0,15651650.37,200000.0,12122000.0,0.0,0.0,2025-11
2025-11-24,CEA19-20,67.65,67.65,67.65,67.65,0.0,0.0,0.0,0.0,0.0,0.0,0.0,0.0,0.0,2025-11
2025-11-24,CEA21,67.06,67.06,67.06,67.06,0.0,0.0,0.0,0.0,0.0,0.0,0.0,0.0,0.0,2025-11
2025-11-24,CEA22,60.0,60.0,60.0,60.0,4.53,2000.0,120000.0,2000.0,120000.0,0.0,0.0,0.0,0.0,2025-11
2025-11-24,CEA23,60.0,60.0,60.0,60.0,9.86,17497.0,1049820.0,17497.0,1049820.0,0.0,0.0,0.0,0.0,2025-11
2025-11-24,CEA24,61.0,63.0,56.5,57.94,6.91,762613.0,44506465.0,562613.0,32596464.85,200000.0,11910000.0,0.0,0.0,2025-11
2025-11-25,CEA19-20,65.0,65.0,65.0,65.0,3.92,252.0,16380.0,252.0,16380.0,0.0,0.0,0.0,0.0,2025-11
2025-11-25,CEA21,67.06,67.06,67.06,67.06,0.0,0.0,0.0,0.0,0.0,0.0,0.0,0.0,0.0,2025-11
2025-11-25,CEA22,55.5,56.0,55.5,55.61,7.32,135400.0,7529940.0,135400.0,7529940.0,0.0,0.0,0.0,0.0,2025-11
2025-11-25,CEA23,58.45,58.45,54.2,56.43,5.95,604758.0,34821710.0,81707.0,4610907.5,523051.0,30210802.5,0.0,0.0,2025-11
2025-11-25,CEA24,58.44,59.5,55.0,56.69,2.16,870614.0,51370117.0,450614.0,25547216.8,420000.0,25822900.0,0.0,0.0,2025-11
2025-11-26,CEA19-20,65.0,65.0,65.0,65.0,0.0,0.0,0.0,0.0,0.0,0.0,0.0,0.0,0.0,2025-11
2025-11-26,CEA21,67.06,67.06,67.06,67.06,0.0,0.0,0.0,0.0,0.0,0.0,0.0,0.0,0.0,2025-11
2025-11-26,CEA22,55.0,55.0,55.0,55.0,1.1,215000.0,11985000.0,15000.0,825000.0,200000.0,11160000.0,0.0,0.0,2025-11
2025-11-26,CEA23,56.0,56.0,54.0,55.37,1.88,442653.0,26511553.0,42653.0,2361553.0,400000.0,24150000.0,0.0,0.0,2025-11
2025-11-26,CEA24,55.0,56.0,54.2,55.56,1.99,1763259.0,102801472.0,724728.0,40262748.6,1038531.0,62538723.36,0.0,0.0,2025-11
2025-11-27,CEA19-20,65.0,65.0,65.0,65.0,0.0,0.0,0.0,0.0,0.0,0.0,0.0,0.0,0.0,2025-11
2025-11-27,CEA21,67.06,67.06,67.06,67.06,0.0,0.0,0.0,0.0,0.0,0.0,0.0,0.0,0.0,2025-11
2025-11-27,CEA22,56.0,57.0,56.0,56.46,2.65,123036.0,6947034.0,123036.0,6947034.0,0.0,0.0,0.0,0.0,2025-11
2025-11-27,CEA23,56.0,57.0,55.5,56.03,1.19,451627.0,25908522.0,79053.0,4429728.11,372574.0,21478794.2,0.0,0.0,2025-11
2025-11-27,CEA24,53.0,57.9,53.0,56.51,1.71,2475965.0,140624794.0,735965.0,41592294.01,1740000.0,99032500.0,0.0,0.0,2025-11
2025-11-28,CEA19-20,58.5,58.5,58.5,58.5,10.0,14568.0,852228.0,14568.0,852228.0,0.0,0.0,0.0,0.0,2025-11
2025-11-28,CEA21,67.06,67.06,67.06,67.06,0.0,0.0,0.0,0.0,0.0,0.0,0.0,0.0,0.0,2025-11
2025-11-28,CEA22,58.0,58.0,58.0,58.0,2.73,7000.0,406000.0,7000.0,406000.0,0.0,0.0,0.0,0.0,2025-11
2025-11-28,CEA23,56.0,57.9,56.0,56.56,0.95,52573.0,2973572.0,52573.0,2973571.9,0.0,0.0,0.0,0.0,2025-11
2025-11-28,CEA24,56.0,58.98,56.0,58.14,2.88,2109384.0,126868150.0,610232.0,35480301.5,1499152.0,91387848.0,0.0,0.0,2025-11
2025-12-01,CEA19-20,60.89,60.89,60.89,60.89,4.09,8627.0,525298.03,0.0,0.0,0.0,0.0,0.0,0.0,2025-12
2025-12-01,CEA21,60.35,60.35,60.35,60.35,10.01,100.0,6035.0,0.0,0.0,0.0,0.0,0.0,0.0,2025-12
2025-12-01,CEA22,52.7,61.0,52.7,57.95,0.09,232047.0,13446315.5,0.0,0.0,0.0,0.0,0.0,0.0,2025-12
2025-12-01,CEA23,60.01,60.01,60.0,60.0,6.08,53150.0,3189005.99,0.0,0.0,0.0,0.0,0.0,0.0,2025-12
2025-12-01,CEA24,61.0,67.0,58.5,60.03,3.25,561017.0,33676741.1,1419656.0,80118130.48,1419656.0,80118130.48,0.0,0.0,2025-12
2025-12-02,CEA19-20,60.89,60.89,60.89,60.89,0.0,0.0,0.0,0.0,0.0,0.0,0.0,0.0,0.0,2025-12
2025-12-02,CEA21,57.9,60.35,57.9,59.44,1.51,30663.0,1822725.9,0.0,0.0,0.0,0.0,0.0,0.0,2025-12
2025-12-02,CEA22,58.0,59.0,58.0,58.49,0.93,46875.0,2741625.0,0.0,0.0,0.0,0.0,0.0,0.0,2025-12
2025-12-02,CEA23,60.0,60.0,58.0,59.98,0.03,48191.0,2890460.0,100000.0,6000000.0,100000.0,6000000.0,0.0,0.0,2025-12
2025-12-02,CEA24,54.0,60.3,54.03,59.96,0.12,500953.0,30035457.0,140000.0,8400000.0,140000.0,8400000.0,0.0,0.0,2025-12
2025-12-03,CEA19-20,60.89,60.89,60.89,60.89,0.0,0.0,0.0,0.0,0.0,0.0,0.0,0.0,0.0,2025-12
2025-12-03,CEA21,59.44,59.44,59.44,59.44,0.0,0.0,0.0,0.0,0.0,0.0,0.0,0.0,0.0,2025-12
2025-12-03,CEA22,59.0,60.0,59.0,59.5,1.73,10000.0,595000.0,0.0,0.0,0.0,0.0,0.0,0.0,2025-12
2025-12-03,CEA23,59.5,60.0,58.5,59.76,0.37,164075.0,9804500.0,0.0,0.0,0.0,0.0,0.0,0.0,2025-12
2025-12-03,CEA24,59.5,60.5,59.5,59.91,0.08,465181.0,27868542.1,226790.0,12472500.0,226790.0,12472500.0,0.0,0.0,2025-12
2025-12-04,CEA19-20,60.89,60.89,60.89,60.89,0.0,0.0,0.0,0.0,0.0,0.0,0.0,0.0,0.0,2025-12
2025-12-04,CEA21,59.44,59.44,59.44,59.44,0.0,0.0,0.0,0.0,0.0,0.0,0.0,0.0,0.0,2025-12
2025-12-04,CEA22,60.0,60.0,60.0,60.0,0.84,5000.0,300000.0,0.0,0.0,0.0,0.0,0.0,0.0,2025-12
2025-12-04,CEA23,60.0,60.0,59.8,59.94,0.3,33442.0,2004420.0,0.0,0.0,0.0,0.0,0.0,0.0,2025-12
2025-12-04,CEA24,55.0,60.39,55.0,59.86,0.08,591055.0,35380585.94,621671.0,35709835.64,621671.0,35709835.64,0.0,0.0,2025-12
2025-12-05,CEA19-20,60.89,60.89,60.89,60.89,0.0,0.0,0.0,0.0,0.0,0.0,0.0,0.0,0.0,2025-12
2025-12-05,CEA21,59.44,59.44,59.44,59.44,0.0,0.0,0.0,0.0,0.0,0.0,0.0,0.0,0.0,2025-12
2025-12-05,CEA22,59.8,60.0,59.8,59.97,0.05,20269.0,1215488.2,0.0,0.0,0.0,0.0,0.0,0.0,2025-12
2025-12-05,CEA23,59.94,60.2,59.5,59.94,0.0,97606.0,5850617.06,250000.0,14950000.0,250000.0,14950000.0,0.0,0.0,2025-12
2025-12-05,CEA24,60.0,60.3,59.0,60.06,0.33,487337.0,29267644.72,704681.0,40668842.3,704681.0,4066842.3,0.0,0.0,2025-12
2025-12-08,CEA19-20,60.89,60.89,60.89,60.89,0.0,0.0,0.0,0.0,0.0,0.0,0.0,0.0,0.0,2025-12
2025-12-08,CEA21,60.0,60.0,60.0,60.0,0.94,2772.0,166320.0,0.0,0.0,0.0,0.0,0.0,0.0,2025-12
2025-12-08,CEA22,59.97,59.97,59.97,59.97,0.0,0.0,0.0,0.0,0.0,0.0,0.0,0.0,0.0,2025-12
2025-12-08,CEA23,60.0,60.0,60.0,60.0,0.1,74600.0,4476000.0,100000.0,4196000.0,100000.0,4196000.0,0.0,0.0,2025-12
2025-12-08,CEA24,57.0,60.75,57.0,59.94,0.2,435469.0,26100637.1,1704531.0,,1704531.0,102565248.0,0.0,0.0,2025-12
2025-12-09,CEA19-20,59.9,59.9,59.0,59.06,3.01,21521.0,1271107.9,0.0,0.0,0.0,0.0,0.0,0.0,2025-12
2025-12-09,CEA21,59.7,59.7,58.7,59.31,1.15,18092.0,1073000.4,0.0,0.0,0.0,0.0,0.0,0.0,2025-12
2025-12-09,CEA22,59.7,59.9,58.7,59.64,0.55,119712.0,7140049.7,0.0,0.0,0.0,0.0,0.0,0.0,2025-12
2025-12-09,CEA23,60.0,60.0,58.0,59.83,0.28,109040.0,6524276.5,0.0,0.0,0.0,0.0,0.0,0.0,2025-12
2025-12-09,CEA24,60.0,60.0,59.0,59.64,0.5,439548.0,26216825.56,1940000.0,,1940000.0,115902000.0,0.0,0.0,2025-12
2025-12-10,CEA19-20,59.5,59.5,58.1,58.61,0.76,15731.0,921994.5,0.0,0.0,0.0,0.0,0.0,0.0,2025-12
2025-12-10,CEA21,59.31,59.31,59.31,59.31,0.0,0.0,0.0,0.0,0.0,0.0,0.0,0.0,0.0,2025-12
2025-12-10,CEA22,59.64,59.64,59.64,59.64,0.0,0.0,0.0,0.0,0.0,0.0,0.0,0.0,0.0,2025-12
2025-12-10,CEA23,58.45,58.45,58.45,58.45,2.31,20000.0,1169000.0,0.0,0.0,0.0,0.0,0.0,0.0,2025-12
2025-12-10,CEA24,59.0,59.0,58.0,58.49,1.93,240002.0,14037427.69,570500.0,37758850.0,570500.0,37758850.0,0.0,0.0,2025-12
2025-12-11,CEA19-20,57.5,58.4,57.0,58.15,0.78,14495.0,842879.6,0.0,0.0,0.0,0.0,0.0,0.0,2025-12
2025-12-11,CEA21,55.0,59.0,55.0,57.89,2.39,6914.0,400270.0,0.0,0.0,0.0,0.0,0.0,0.0,2025-12
2025-12-11,CEA22,56.5,56.5,56.0,56.27,5.65,65898.0,3708237.0,0.0,0.0,0.0,0.0,0.0,0.0,2025-12
2025-12-11,CEA23,55.0,58.0,55.0,57.63,1.4,123634.0,7125337.4,0.0,0.0,0.0,0.0,0.0,0.0,2025-12
2025-12-11,CEA24,56.55,58.49,55.0,57.09,2.39,689006.0,39334303.28,165000.0,8910000.0,165000.0,8910000.0,0.0,0.0,2025-12
2025-12-12,CEA19-20,58.15,58.15,56.0,56.11,3.51,64443.0,3616083.0,0.0,0.0,0.0,0.0,0.0,0.0,2025-12
2025-12-12,CEA21,58.0,58.0,58.0,58.0,0.19,11000.0,638000.0,0.0,0.0,0.0,0.0,0.0,0.0,2025-12
2025-12-12,CEA22,58.0,59.0,58.0,58.42,3.82,48700.0,2845229.0,0.0,0.0,0.0,0.0,0.0,0.0,2025-12
2025-12-12,CEA23,59.0,59.0,58.01,58.75,1.94,104551.0,6142874.0,0.0,0.0,0.0,0.0,0.0,0.0,2025-12
2025-12-12,CEA24,57.1,59.08,57.1,58.89,3.15,557185.0,32812693.97,390500.0,22716295.0,390500.0,22716295.0,0.0,0.0,2025-12
2025-12-15,CEA19-20,56.11,56.11,56.11,56.11,0.0,0.0,0.0,0.0,0.0,0.0,0.0,0.0,0.0,2025-12
2025-12-15,CEA21,58.0,58.0,58.0,58.0,0.0,0.0,0.0,0.0,0.0,0.0,0.0,0.0,0.0,2025-12
2025-12-15,CEA22,59.0,59.0,58.0,58.28,0.24,71600.0,4172781.0,100000.0,5370000.0,100000.0,5370000.0,0.0,0.0,2025-12
2025-12-15,CEA23,58.0,59.0,58.0,58.45,0.51,61247.0,3579763.6,0.0,0.0,0.0,0.0,0.0,0.0,2025-12
2025-12-15,CEA24,58.0,59.0,58.0,58.66,0.39,880513.0,51647772.05,100000.0,5370000.0,100000.0,5370000.0,0.0,0.0,2025-12
2025-12-16,CEA19-20,59.0,59.3,59.0,59.26,5.61,11630.0,689170.0,0.0,0.0,0.0,0.0,0.0,0.0,2025-12
2025-12-16,CEA21,58.0,58.2,58.0,58.06,0.1,44320.0,2572560.0,0.0,0.0,0.0,0.0,0.0,0.0,2025-12
2025-12-16,CEA22,58.0,58.5,58.0,58.14,0.24,35680.0,2074440.0,0.0,0.0,0.0,0.0,0.0,0.0,2025-12
2025-12-16,CEA23,59.0,59.1,58.8,58.98,0.91,110027.0,6489050.0,0.0,0.0,0.0,0.0,0.0,0.0,2025-12
2025-12-16,CEA24,58.66,59.5,58.6,59.12,0.78,655963.0,38777276.0,1454803.0,84384373.28,1454803.0,84384373.28,0.0,0.0,2025-12
2025-12-17,CEA19-20,59.0,59.0,59.0,59.0,0.44,10060.0,593540.0,0.0,0.0,0.0,0.0,0.0,0.0,2025-12
2025-12-17,CEA21,58.05,58.05,58.05,58.05,0.02,12912.0,749542.0,0.0,0.0,0.0,0.0,0.0,0.0,2025-12
2025-12-17,CEA22,58.5,58.5,58.5,58.5,0.62,3689.0,215807.0,0.0,0.0,0.0,0.0,0.0,0.0,2025-12
2025-12-17,CEA23,58.9,60.2,58.9,59.96,1.66,395873.0,23737551.0,104984.0,6299040.0,104984.0,6299040.0,0.0,0.0,2025-12
2025-12-17,CEA24,58.5,60.2,58.5,59.93,1.37,1571742.0,94191896.0,926251.0,54127734.1,926251.0,54127734.1,0.0,0.0,2025-12
2025-12-18,CEA19-20,61.0,61.0,61.0,61.0,3.39,10500.0,640500.0,0.0,0.0,0.0,0.0,0.0,0.0,2025-12
2025-12-18,CEA21,60.0,61.5,60.0,60.41,4.07,16510.0,997350.0,0.0,0.0,0.0,0.0,0.0,0.0,2025-12
2025-12-18,CEA22,60.0,60.0,60.0,60.0,2.56,7958.0,477480.0,0.0,0.0,0.0,0.0,0.0,0.0,2025-12
2025-12-18,CEA23,60.1,61.5,60.1,60.82,1.43,61056.0,3713701.0,0.0,0.0,0.0,0.0,0.0,0.0,2025-12
2025-12-18,CEA24,60.0,62.5,60.0,61.0,1.79,716751.0,43721004.0,710789.0,44155120.0,710789.0,44155120.0,0.0,0.0,2025-12
2025-12-19,CEA19-20,61.0,61.0,61.0,61.0,0.0,0.0,0.0,0.0,0.0,0.0,0.0,0.0,0.0,2025-12
2025-12-19,CEA21,62.5,64.0,62.5,63.58,5.25,7780.0,494644.0,0.0,0.0,0.0,0.0,0.0,0.0,2025-12
2025-12-19,CEA22,61.0,61.0,61.0,61.0,1.67,124.0,7564.0,0.0,0.0,0.0,0.0,0.0,0.0,2025-12
2025-12-19,CEA23,61.0,61.0,61.0,61.0,0.3,1096.0,66856.0,200000.0,13200000.0,200000.0,13200000.0,0.0,0.0,2025-12
2025-12-19,CEA24,62.0,67.1,62.0,65.43,7.26,581441.0,38044890.0,863519.0,49072023.81,863519.0,49072023.81,0.0,0.0,2025-12
2025-12-22,CEA19-20,61.0,61.0,61.0,61.0,0.0,36288.0,2213568.0,0.0,0.0,0.0,0.0,0.0,0.0,2025-12
2025-12-22,CEA21,64.0,64.0,64.0,64.0,0.66,2500.0,160000.0,113487.0,6989664.33,113487.0,6989664.33,0.0,0.0,2025-12
2025-12-22,CEA22,61.0,62.0,61.0,61.05,0.08,40000.0,2442000.0,161863.0,9969142.17,161863.0,9969142.17,0.0,0.0,2025-12
2025-12-22,CEA23,64.0,65.65,64.0,64.0,4.92,13755.0,880337.0,166747.0,10505061.0,166747.0,10505061.0,0.0,0.0,2025-12
2025-12-22,CEA24,62.0,70.5,62.0,67.56,3.26,410523.0,27735607.0,1579451.0,93009017.0,1579451.0,93009017.0,0.0,0.0,2025-12
2025-12-23,CEA19-20,60.0,60.0,60.0,60.0,1.64,447.0,26820.0,0.0,0.0,0.0,0.0,0.0,0.0,2025-12
2025-12-23,CEA21,70.4,70.4,70.0,70.1,9.53,9418.0,660227.0,0.0,0.0,0.0,0.0,0.0,0.0,2025-12
2025-12-23,CEA22,67.16,67.16,67.15,67.15,9.99,2001.0,134367.0,0.0,0.0,0.0,0.0,0.0,0.0,2025-12
2025-12-23,CEA23,63.0,70.0,63.0,67.26,5.09,195691.0,13162078.0,100000.0,6300000.0,100000.0,6300000.0,0.0,0.0,2025-12
2025-12-23,CEA24,60.8,74.32,60.8,70.47,4.31,555617.0,39152202.0,2710773.0,,2710773.0,190527975.0,0.0,0.0,2025-12
2025-12-24,CEA19-20,60.0,60.0,60.0,60.0,0.0,0.0,0.0,0.0,0.0,0.0,0.0,0.0,0.0,2025-12
2025-12-24,CEA21,73.0,77.11,73.0,75.08,7.1,15878.0,1192088.0,0.0,0.0,0.0,0.0,0.0,0.0,2025-12
2025-12-24,CEA22,65.0,73.85,65.0,65.77,2.06,70718.0,4650804.0,0.0,0.0,0.0,0.0,0.0,0.0,2025-12
2025-12-24,CEA23,65.0,73.99,62.5,68.08,1.22,334565.0,22776442.0,100000.0,6963000.0,100000.0,6963000.0,0.0,0.0,2025-12
2025-12-24,CEA24,69.0,77.52,69.9,75.5,7.14,765191.0,57772853.0,2175234.0,,2175234.0,158132890.86,0.0,0.0,2025-12
2025-12-25,CEA19-20,60.0,60.0,60.0,60.0,0.0,0.0,0.0,0.0,0.0,0.0,0.0,0.0,0.0,2025-12
2025-12-25,CEA21,82.59,82.59,82.59,82.59,10.0,12000.0,991080.0,0.0,0.0,0.0,0.0,0.0,0.0,2025-12
2025-12-25,CEA22,65.77,65.77,65.77,65.77,0.0,0.0,0.0,0.0,0.0,0.0,0.0,0.0,0.0,2025-12
2025-12-25,CEA23,61.27,74.89,61.27,73.27,7.62,61796.0,4527790.0,278208.0,20074560.0,278208.0,20074560.0,0.0,0.0,2025-12
2025-12-25,CEA24,70.0,83.05,70.0,81.28,7.66,1023840.0,83216894.0,1690902.0,,1690902.0,127666837.48,0.0,0.0,2025-12
2025-12-26,CEA19-20,66.0,66.0,66.0,66.0,10.0,2000.0,132000.0,0.0,0.0,0.0,0.0,0.0,0.0,2025-12
2025-12-26,CEA21,78.0,78.0,74.33,74.42,9.89,12300.0,915360.0,0.0,0.0,0.0,0.0,0.0,0.0,2025-12
2025-12-26,CEA22,70.0,72.35,70.0,70.49,7.18,48000.0,3383500.0,0.0,0.0,0.0,0.0,0.0,0.0,2025-12
2025-12-26,CEA23,70.0,80.6,70.0,74.71,1.97,47268.0,3531358.0,394983.0,29453505.0,394983.0,29453505.0,0.0,0.0,2025-12
2025-12-26,CEA24,73.15,88.5,73.15,76.14,6.32,194872.0,14837614.0,2329299.0,,2329299.0,178277015.06,0.0,0.0,2025-12
2025-12-29,CEA19-20,70.0,70.0,70.0,70.0,6.06,2992.0,209440.0,2992.0,209440.0,0.0,0.0,0.0,0.0,2025-12
2025-12-29,CEA21,71.0,71.0,71.0,71.0,4.6,700.0,49700.0,700.0,49700.0,0.0,0.0,0.0,0.0,2025-12
2025-12-29,CEA22,70.0,71.0,70.0,70.58,0.13,24000.0,1694000.0,24000.0,1694000.0,0.0,0.0,0.0,0.0,2025-12
2025-12-29,CEA23,75.0,75.0,70.0,72.02,3.6,167353.0,12052473.0,167353.0,12052472.5,0.0,0.0,0.0,0.0,2025-12
2025-12-29,CEA24,70.0,74.5,70.0,72.02,5.41,1601947.0,113670399.0,619998.0,44651732.4,981949.0,69018666.8,0.0,0.0,2025-12
2025-12-30,CEA19-20,71.3,73.1,71.3,72.43,3.47,129930.0,9567910.0,29930.0,2167910.2,100000.0,7400000.0,0.0,0.0,2025-12
2025-12-30,CEA21,73.0,73.0,73.0,73.0,2.82,10000.0,730000.0,10000.0,730000.0,0.0,0.0,0.0,0.0,2025-12
2025-12-30,CEA22,74.0,74.0,73.0,73.05,3.5,202000.0,14851000.0,102000.0,7451000.0,100000.0,7400000.0,0.0,0.0,2025-12
2025-12-30,CEA23,73.0,73.0,71.7,72.8,1.08,2265000.0,167232000.0,65000.0,4732000.0,2200000.0,162500000.0,0.0,0.0,2025-12
2025-12-30,CEA24,73.0,74.0,73.0,73.08,1.47,1558602.0,114302683.0,858602.0,62742683.03,700000.0,51560000.0,0.0,0.0,2025-12
2025-12-31,CEA19-20,74.0,74.0,74.0,74.0,2.17,40000.0,2960000.0,40000.0,2960000.0,0.0,0.0,0.0,0.0,2025-12
2025-12-31,CEA21,74.52,74.52,74.52,74.52,2.08,26089.0,1944152.0,26089.0,1944152.28,0.0,0.0,0.0,0.0,2025-12
2025-12-31,CEA22,73.05,74.52,73.05,73.81,1.04,118812.0,8769170.0,118812.0,8769170.24,0.0,0.0,0.0,0.0,2025-12
2025-12-31,CEA23,74.1,76.5,74.1,74.43,2.24,29010.0,2159265.0,29010.0,2159265.0,0.0,0.0,0.0,0.0,2025-12
2025-12-31,CEA24,74.0,80.39,73.05,76.39,4.53,751201.0,57385610.0,651201.0,49745610.37,100000.0,7640000.0,0.0,0.0,2025-12
2026-01-05,CEA19-20,74.0,74.0,74.0,74.0,0.0,0.0,0.0,0.0,0.0,0.0,0.0,0.0,0.0,2026-01
2026-01-05,CEA21,74.52,74.52,74.52,74.52,0.0,0.0,0.0,0.0,0.0,0.0,0.0,0.0,0.0,2026-01
2026-01-05,CEA22,73.81,73.81,73.81,73.81,0.0,0.0,0.0,0.0,0.0,0.0,0.0,0.0,0.0,2026-01
2026-01-05,CEA23,74.43,74.43,74.43,74.43,0.0,0.0,0.0,0.0,0.0,0.0,0.0,0.0,0.0,2026-01
2026-01-05,CEA24,76.39,76.39,76.39,76.39,0.0,1000.0,76390.0,1000.0,76390.0,0.0,0.0,0.0,0.0,2026-01
2026-01-05,CEA25,74.63,74.63,74.63,74.63,0.0,0.0,0.0,0.0,0.0,0.0,0.0,0.0,0.0,2026-01
2026-01-06,CEA19-20,74.0,74.0,74.0,74.0,0.0,0.0,0.0,0.0,0.0,0.0,0.0,0.0,0.0,2026-01
2026-01-06,CEA21,74.52,74.52,74.52,74.52,0.0,0.0,0.0,0.0,0.0,0.0,0.0,0.0,0.0,2026-01
2026-01-06,CEA22,76.39,76.39,76.39,76.39,3.5,1000.0,76390.0,1000.0,76390.0,0.0,0.0,0.0,0.0,2026-01
2026-01-06,CEA23,70.0,70.0,70.0,70.0,5.95,4316.0,302120.0,4316.0,302120.0,0.0,0.0,0.0,0.0,2026-01
2026-01-06,CEA24,76.39,76.39,76.39,76.39,0.0,100000.0,8000000.0,0.0,0.0,100000.0,8000000.0,0.0,0.0,2026-01
2026-01-06,CEA25,74.63,74.63,74.63,74.63,0.0,0.0,0.0,0.0,0.0,0.0,0.0,0.0,0.0,2026-01
2026-01-07,CEA19-20,74.0,74.0,74.0,74.0,0.0,0.0,0.0,0.0,0.0,0.0,0.0,0.0,0.0,2026-01
2026-01-07,CEA21,74.52,74.52,74.52,74.52,0.0,0.0,0.0,0.0,0.0,0.0,0.0,0.0,0.0,2026-01
2026-01-07,CEA22,76.39,76.39,76.39,76.39,0.0,0.0,0.0,0.0,0.0,0.0,0.0,0.0,0.0,2026-01
2026-01-07,CEA23,70.0,70.0,70.0,70.0,0.0,0.0,0.0,0.0,0.0,0.0,0.0,0.0,0.0,2026-01
2026-01-07,CEA24,76.39,76.39,76.39,76.39,0.0,101000.0,8361390.0,1000.0,76390.0,100000.0,8285000.0,0.0,0.0,2026-01
2026-01-07,CEA25,78.5,79.19,74.0,77.97,4.48,3269716.0,246907802.0,323311.0,25210113.5,2946405.0,221697688.0,0.0,0.0,2026-01
2026-01-08,CEA19-20,74.0,74.0,74.0,74.0,0.0,0.0,0.0,0.0,0.0,0.0,0.0,0.0,0.0,2026-01
2026-01-08,CEA21,74.52,74.52,74.52,74.52,0.0,0.0,0.0,0.0,0.0,0.0,0.0,0.0,0.0,2026-01
2026-01-08,CEA22,76.39,76.39,76.39,76.39,0.0,0.0,0.0,0.0,0.0,0.0,0.0,0.0,0.0,2026-01
2026-01-08,CEA23,70.0,70.0,70.0,70.0,0.0,0.0,0.0,0.0,0.0,0.0,0.0,0.0,0.0,2026-01
2026-01-08,CEA24,76.39,76.39,76.39,76.39,0.0,0.0,0.0,0.0,0.0,0.0,0.0,0.0,0.0,2026-01
2026-01-08,CEA25,78.0,83.0,78.0,78.61,0.82,763626.0,55228560.0,57000.0,4481000.0,706626.0,50747560.0,0.0,0.0,2026-01
2026-01-09,CEA19-20,74.0,74.0,74.0,74.0,0.0,0.0,0.0,0.0,0.0,0.0,0.0,0.0,0.0,2026-01
2026-01-09,CEA21,74.52,74.52,74.52,74.52,0.0,0.0,0.0,0.0,0.0,0.0,0.0,0.0,0.0,2026-01
2026-01-09,CEA22,76.39,76.39,76.39,76.39,0.0,0.0,0.0,0.0,0.0,0.0,0.0,0.0,0.0,2026-01
2026-01-09,CEA23,70.0,70.0,70.0,70.0,0.0,0.0,0.0,0.0,0.0,0.0,0.0,0.0,0.0,2026-01
2026-01-09,CEA24,73.5,78.0,73.0,73.93,3.22,268010.0,21027730.0,68010.0,5027730.0,200000.0,16000000.0,0.0,0.0,2026-01
2026-01-09,CEA25,78.0,78.0,72.5,75.96,3.37,179400.0,12031500.0,79400.0,6031500.0,100000.0,6000000.0,0.0,0.0,2026-01
2026-01-12,CEA19-20,74.0,74.0,74.0,74.0,0.0,0.0,0.0,0.0,0.0,0.0,0.0,0.0,0.0,2026-01
2026-01-12,CEA21,74.52,74.52,74.52,74.52,0.0,0.0,0.0,0.0,0.0,0.0,0.0,0.0,0.0,2026-01
2026-01-12,CEA22,76.39,76.39,76.39,76.39,0.0,0.0,0.0,0.0,0.0,0.0,0.0,0.0,0.0,2026-01
2026-01-12,CEA23,70.0,70.0,70.0,70.0,0.0,0.0,0.0,0.0,0.0,0.0,0.0,0.0,0.0,2026-01
2026-01-12,CEA24,73.93,73.93,73.93,73.93,0.0,0.0,0.0,0.0,0.0,0.0,0.0,0.0,0.0,2026-01
2026-01-12,CEA25,78.19,83.4,78.19,78.31,3.09,443930.0,32875097.0,43930.0,3440096.7,400000.0,29435000.0,0.0,0.0,2026-01
2026-01-13,CEA19-20,74.0,74.0,74.0,74.0,0.0,0.0,0.0,0.0,0.0,0.0,0.0,0.0,0.0,2026-01
2026-01-13,CEA21,74.52,74.52,74.52,74.52,0.0,0.0,0.0,0.0,0.0,0.0,0.0,0.0,0.0,2026-01
2026-01-13,CEA22,76.39,76.39,76.39,76.39,0.0,0.0,0.0,0.0,0.0,0.0,0.0,0.0,0.0,2026-01
2026-01-13,CEA23,70.0,70.0,70.0,70.0,0.0,0.0,0.0,0.0,0.0,0.0,0.0,0.0,0.0,2026-01
2026-01-13,CEA24,73.93,73.93,73.93,73.93,0.0,0.0,0.0,0.0,0.0,0.0,0.0,0.0,0.0,2026-01
2026-01-13,CEA25,78.31,78.31,78.31,78.31,0.0,1070000.0,67129000.0,0.0,0.0,1070000.0,67129000.0,0.0,0.0,2026-01
2026-01-14,CEA19-20,74.0,74.0,74.0,74.0,0.0,0.0,0.0,0.0,0.0,0.0,0.0,0.0,0.0,2026-01
2026-01-14,CEA21,74.52,74.52,74.52,74.52,0.0,0.0,0.0,0.0,0.0,0.0,0.0,0.0,0.0,2026-01
2026-01-14,CEA22,76.39,76.39,76.39,76.39,0.0,0.0,0.0,0.0,0.0,0.0,0.0,0.0,0.0,2026-01
2026-01-14,CEA23,70.0,70.0,70.0,70.0,0.0,0.0,0.0,0.0,0.0,0.0,0.0,0.0,0.0,2026-01
2026-01-14,CEA24,73.93,73.93,73.93,73.93,0.0,0.0,0.0,0.0,0.0,0.0,0.0,0.0,0.0,2026-01
2026-01-14,CEA25,72.5,72.5,72.5,72.5,7.42,585700.0,36773250.0,13700.0,993250.0,572000.0,35780000.0,0.0,0.0,2026-01
2026-01-15,CEA19-20,74.0,74.0,74.0,74.0,0.0,0.0,0.0,0.0,0.0,0.0,0.0,0.0,0.0,2026-01
2026-01-15,CEA21,74.52,74.52,74.52,74.52,0.0,0.0,0.0,0.0,0.0,0.0,0.0,0.0,0.0,2026-01
2026-01-15,CEA22,76.39,76.39,76.39,76.39,0.0,0.0,0.0,0.0,0.0,0.0,0.0,0.0,0.0,2026-01
2026-01-15,CEA23,70.0,70.0,70.0,70.0,0.0,0.0,0.0,0.0,0.0,0.0,0.0,0.0,0.0,2026-01
2026-01-15,CEA24,73.93,73.93,73.93,73.93,0.0,0.0,0.0,0.0,0.0,0.0,0.0,0.0,0.0,2026-01
2026-01-15,CEA25,78.5,78.5,78.5,78.5,8.28,160000.0,11510000.0,60000.0,4710000.0,100000.0,6800000.0,0.0,0.0,2026-01
2026-01-16,CEA19-20,74.0,74.0,74.0,74.0,0.0,0.0,0.0,0.0,0.0,0.0,0.0,0.0,0.0,2026-01
2026-01-16,CEA21,74.52,74.52,74.52,74.52,0.0,0.0,0.0,0.0,0.0,0.0,0.0,0.0,0.0,2026-01
2026-01-16,CEA22,76.39,76.39,76.39,76.39,0.0,0.0,0.0,0.0,0.0,0.0,0.0,0.0,0.0,2026-01
2026-01-16,CEA23,70.0,70.0,70.0,70.0,0.0,0.0,0.0,0.0,0.0,0.0,0.0,0.0,0.0,2026-01
2026-01-16,CEA24,73.93,73.93,73.93,73.93,0.0,100000.0,7900000.0,0.0,0.0,100000.0,7900000.0,0.0,0.0,2026-01
2026-01-16,CEA25,78.5,78.5,78.5,78.5,0.0,600000.0,42830000.0,0.0,0.0,600000.0,42830000.0,0.0,0.0,2026-01
2026-01-19,CEA19-20,74.0,74.0,74.0,74.0,0.0,0.0,0.0,0.0,0.0,0.0,0.0,0.0,0.0,2026-01
2026-01-19,CEA21,74.52,74.52,74.52,74.52,0.0,0.0,0.0,0.0,0.0,0.0,0.0,0.0,0.0,2026-01
2026-01-19,CEA22,76.39,76.39,76.39,76.39,0.0,0.0,0.0,0.0,0.0,0.0,0.0,0.0,0.0,2026-01
2026-01-19,CEA23,70.0,70.0,70.0,70.0,0.0,0.0,0.0,0.0,0.0,0.0,0.0,0.0,0.0,2026-01
2026-01-19,CEA24,79.0,79.0,79.0,79.0,6.86,141947.0,11213813.0,41947.0,3313813.0,100000.0,7900000.0,0.0,0.0,2026-01
2026-01-19,CEA25,81.0,81.0,81.0,81.0,3.18,5000.0,405000.0,5000.0,405000.0,0.0,0.0,0.0,0.0,2026-01
2026-01-20,CEA19-20,74.0,74.0,74.0,74.0,0.0,0.0,0.0,0.0,0.0,0.0,0.0,0.0,0.0,2026-01
2026-01-20,CEA21,74.52,74.52,74.52,74.52,0.0,0.0,0.0,0.0,0.0,0.0,0.0,0.0,0.0,2026-01
2026-01-20,CEA22,76.39,76.39,76.39,76.39,0.0,0.0,0.0,0.0,0.0,0.0,0.0,0.0,0.0,2026-01
2026-01-20,CEA23,70.0,70.0,70.0,70.0,0.0,0.0,0.0,0.0,0.0,0.0,0.0,0.0,0.0,2026-01
2026-01-20,CEA24,79.0,79.0,79.0,79.0,0.0,0.0,0.0,0.0,0.0,0.0,0.0,0.0,0.0,2026-01
2026-01-20,CEA25,73.0,73.0,73.0,73.0,9.88,251643.0,17569939.0,51643.0,3769939.0,200000.0,13800000.0,0.0,0.0,2026-01
2026-01-21,CEA19-20,74.0,74.0,74.0,74.0,0.0,0.0,0.0,0.0,0.0,0.0,0.0,0.0,0.0,2026-01
2026-01-21,CEA21,74.52,74.52,74.52,74.52,0.0,0.0,0.0,0.0,0.0,0.0,0.0,0.0,0.0,2026-01
2026-01-21,CEA22,76.39,76.39,76.39,76.39,0.0,0.0,0.0,0.0,0.0,0.0,0.0,0.0,0.0,2026-01
2026-01-21,CEA23,70.0,70.0,70.0,70.0,0.0,0.0,0.0,0.0,0.0,0.0,0.0,0.0,0.0,2026-01
2026-01-21,CEA24,79.0,79.0,79.0,79.0,0.0,0.0,0.0,0.0,0.0,0.0,0.0,0.0,0.0,2026-01
2026-01-21,CEA25,78.5,80.3,78.5,78.6,7.67,632500.0,40297500.0,62500.0,4912500.0,570000.0,35385000.0,0.0,0.0,2026-01
2026-01-22,CEA19-20,74.0,74.0,74.0,74.0,0.0,0.0,0.0,0.0,0.0,0.0,0.0,0.0,0.0,2026-01
2026-01-22,CEA21,74.52,74.52,74.52,74.52,0.0,0.0,0.0,0.0,0.0,0.0,0.0,0.0,0.0,2026-01
2026-01-22,CEA22,76.39,76.39,76.39,76.39,0.0,0.0,0.0,0.0,0.0,0.0,0.0,0.0,0.0,2026-01
2026-01-22,CEA23,70.0,70.0,70.0,70.0,0.0,0.0,0.0,0.0,0.0,0.0,0.0,0.0,0.0,2026-01
2026-01-22,CEA24,79.0,79.0,79.0,79.0,0.0,220000.0,17160000.0,0.0,0.0,220000.0,17160000.0,0.0,0.0,2026-01
2026-01-22,CEA25,73.0,79.0,73.0,77.27,1.69,715839.0,52747172.0,75839.0,5860172.0,640000.0,46887000.0,0.0,0.0,2026-01
2026-01-23,CEA19-20,74.0,74.0,74.0,74.0,0.0,0.0,0.0,0.0,0.0,0.0,0.0,0.0,0.0,2026-01
2026-01-23,CEA21,74.52,74.52,74.52,74.52,0.0,0.0,0.0,0.0,0.0,0.0,0.0,0.0,0.0,2026-01
2026-01-23,CEA22,76.39,76.39,76.39,76.39,0.0,0.0,0.0,0.0,0.0,0.0,0.0,0.0,0.0,2026-01
2026-01-23,CEA23,70.0,70.0,70.0,70.0,0.0,0.0,0.0,0.0,0.0,0.0,0.0,0.0,0.0,2026-01
2026-01-23,CEA24,71.1,71.1,71.1,71.1,10.0,8236.0,585580.0,8236.0,585579.6,0.0,0.0,0.0,0.0,2026-01
2026-01-23,CEA25,81.0,81.0,81.0,81.0,4.83,450000.0,36150000.0,50000.0,4050000.0,400000.0,32100000.0,0.0,0.0,2026-01
2026-01-26,CEA19-20,74.0,74.0,74.0,74.0,0.0,0.0,0.0,0.0,0.0,0.0,0.0,0.0,0.0,2026-01
2026-01-26,CEA21,74.52,74.52,74.52,74.52,0.0,0.0,0.0,0.0,0.0,0.0,0.0,0.0,0.0,2026-01
2026-01-26,CEA22,76.39,76.39,76.39,76.39,0.0,0.0,0.0,0.0,0.0,0.0,0.0,0.0,0.0,2026-01
2026-01-26,CEA23,70.0,70.0,70.0,70.0,0.0,0.0,0.0,0.0,0.0,0.0,0.0,0.0,0.0,2026-01
2026-01-26,CEA24,71.1,71.1,71.1,71.1,0.0,0.0,0.0,0.0,0.0,0.0,0.0,0.0,0.0,2026-01
2026-01-26,CEA25,81.0,82.0,81.0,81.79,0.98,2439.0,199498.0,2439.0,199498.0,0.0,0.0,0.0,0.0,2026-01
2026-01-27,CEA19-20,74.0,74.0,74.0,74.0,0.0,0.0,0.0,0.0,0.0,0.0,0.0,0.0,0.0,2026-01
2026-01-27,CEA21,74.52,74.52,74.52,74.52,0.0,0.0,0.0,0.0,0.0,0.0,0.0,0.0,0.0,2026-01
2026-01-27,CEA22,76.39,76.39,76.39,76.39,0.0,0.0,0.0,0.0,0.0,0.0,0.0,0.0,0.0,2026-01
2026-01-27,CEA23,70.0,70.0,70.0,70.0,0.0,0.0,0.0,0.0,0.0,0.0,0.0,0.0,0.0,2026-01
2026-01-27,CEA24,78.0,78.0,78.0,78.0,9.7,500.0,39000.0,500.0,39000.0,0.0,0.0,0.0,0.0,2026-01
2026-01-27,CEA25,78.0,78.5,78.0,78.48,4.05,111015.0,8711939.0,111015.0,8711938.5,0.0,0.0,0.0,0.0,2026-01
2026-01-28,CEA19-20,74.0,74.0,74.0,74.0,0.0,0.0,0.0,0.0,0.0,0.0,0.0,0.0,0.0,2026-01
2026-01-28,CEA21,74.52,74.52,74.52,74.52,0.0,0.0,0.0,0.0,0.0,0.0,0.0,0.0,0.0,2026-01
2026-01-28,CEA22,76.39,76.39,76.39,76.39,0.0,0.0,0.0,0.0,0.0,0.0,0.0,0.0,0.0,2026-01
2026-01-28,CEA23,70.0,70.0,70.0,70.0,0.0,0.0,0.0,0.0,0.0,0.0,0.0,0.0,0.0,2026-01
2026-01-28,CEA24,79.0,79.0,79.0,79.0,1.28,200500.0,16239500.0,500.0,39500.0,200000.0,16200000.0,0.0,0.0,2026-01
2026-01-28,CEA25,75.0,81.0,75.0,78.57,0.11,447590.0,34334017.0,147590.0,11596016.5,300000.0,22738000.0,0.0,0.0,2026-01
2026-01-29,CEA19-20,74.0,74.0,74.0,74.0,0.0,0.0,0.0,0.0,0.0,0.0,0.0,0.0,0.0,2026-01
2026-01-29,CEA21,74.52,74.52,74.52,74.52,0.0,0.0,0.0,0.0,0.0,0.0,0.0,0.0,0.0,2026-01
2026-01-29,CEA22,76.39,76.39,76.39,76.39,0.0,0.0,0.0,0.0,0.0,0.0,0.0,0.0,0.0,2026-01
2026-01-29,CEA23,70.0,70.0,70.0,70.0,0.0,0.0,0.0,0.0,0.0,0.0,0.0,0.0,0.0,2026-01
2026-01-29,CEA24,79.0,79.0,79.0,79.0,0.0,0.0,0.0,0.0,0.0,0.0,0.0,0.0,0.0,2026-01
2026-01-29,CEA25,78.0,79.0,78.0,78.5,0.09,2.0,157.0,2.0,157.0,0.0,0.0,0.0,0.0,2026-01
2026-01-30,CEA19-20,74.0,74.0,74.0,74.0,0.0,0.0,0.0,0.0,0.0,0.0,0.0,0.0,0.0,2026-01
2026-01-30,CEA21,74.52,74.52,74.52,74.52,0.0,0.0,0.0,0.0,0.0,0.0,0.0,0.0,0.0,2026-01
2026-01-30,CEA22,76.39,76.39,76.39,76.39,0.0,0.0,0.0,0.0,0.0,0.0,0.0,0.0,0.0,2026-01
2026-01-30,CEA23,70.0,70.0,70.0,70.0,0.0,0.0,0.0,0.0,0.0,0.0,0.0,0.0,0.0,2026-01
2026-01-30,CEA24,79.0,79.0,79.0,79.0,0.0,0.0,0.0,0.0,0.0,0.0,0.0,0.0,0.0,2026-01
2026-01-30,CEA25,79.0,79.0,79.0,79.0,0.64,100100.0,8047900.0,100.0,7900.0,100000.0,8040000.0,0.0,0.0,2026-01
2026-02-02,CEA19-20,74.0,74.0,74.0,74.0,0.0,0.0,0.0,0.0,0.0,0.0,0.0,,,2026-02
2026-02-02,CEA21,74.52,74.52,74.52,74.52,0.0,0.0,0.0,0.0,0.0,0.0,0.0,,,2026-02
2026-02-02,CEA22,76.39,76.39,76.39,76.39,0.0,0.0,0.0,0.0,0.0,0.0,0.0,,,2026-02
2026-02-02,CEA23,70.0,70.0,70.0,70.0,0.0,0.0,0.0,0.0,0.0,0.0,0.0,,,2026-02
2026-02-02,CEA24,79.0,79.0,79.0,79.0,0.0,0.0,0.0,0.0,0.0,0.0,0.0,,,2026-02
2026-02-02,CEA25,81.0,81.0,79.0,81.0,2.53,19010.0,1539790.0,19010.0,1539790.0,0.0,0.0,,,2026-02
2026-02-03,CEA19-20,74.0,74.0,74.0,74.0,0.0,0.0,0.0,0.0,0.0,0.0,0.0,,,2026-02
2026-02-03,CEA21,74.52,74.52,74.52,74.52,0.0,0.0,0.0,0.0,0.0,0.0,0.0,,,2026-02
2026-02-03,CEA22,76.39,76.39,76.39,76.39,0.0,0.0,0.0,0.0,0.0,0.0,0.0,,,2026-02
2026-02-03,CEA23,70.0,70.0,70.0,70.0,0.0,0.0,0.0,0.0,0.0,0.0,0.0,,,2026-02
2026-02-03,CEA24,79.0,79.0,79.0,79.0,0.0,0.0,0.0,0.0,0.0,0.0,0.0,,,2026-02
2026-02-03,CEA25,81.0,81.0,81.0,81.0,0.0,0.0,0.0,0.0,0.0,0.0,0.0,,,2026-02
2026-02-04,CEA19-20,74.0,74.0,74.0,74.0,0.0,0.0,0.0,0.0,0.0,0.0,0.0,,,2026-02
2026-02-04,CEA21,74.52,74.52,74.52,74.52,0.0,0.0,0.0,0.0,0.0,0.0,0.0,,,2026-02
2026-02-04,CEA22,76.39,76.39,76.39,76.39,0.0,0.0,0.0,0.0,0.0,0.0,0.0,,,2026-02
2026-02-04,CEA23,70.0,70.0,70.0,70.0,0.0,0.0,0.0,0.0,0.0,0.0,0.0,,,2026-02
2026-02-04,CEA24,78.5,78.5,78.5,78.5,0.63,650.0,51025.0,650.0,51025.0,0.0,0.0,,,2026-02
2026-02-04,CEA25,78.0,79.0,78.0,78.74,2.79,82280.0,6478464.0,82280.0,6478464.0,0.0,0.0,,,2026-02
2026-02-05,CEA19-20,74.0,74.0,74.0,74.0,0.0,0.0,0.0,0.0,0.0,0.0,0.0,,,2026-02
2026-02-05,CEA21,74.52,74.52,74.52,74.52,0.0,0.0,0.0,0.0,0.0,0.0,0.0,,,2026-02
2026-02-05,CEA22,76.39,76.39,76.39,76.39,0.0,0.0,0.0,0.0,0.0,0.0,0.0,,,2026-02
2026-02-05,CEA23,70.0,70.0,70.0,70.0,0.0,0.0,0.0,0.0,0.0,0.0,0.0,,,2026-02
2026-02-05,CEA24,78.5,78.5,78.5,78.5,0.0,0.0,0.0,0.0,0.0,0.0,0.0,,,2026-02
2026-02-05,CEA25,78.74,78.74,78.74,78.74,0.0,100000.0,7850000.0,0.0,0.0,100000.0,7850000.0,,,2026-02
2026-02-06,CEA19-20,74.0,74.0,74.0,74.0,0.0,0.0,0.0,0.0,0.0,0.0,0.0,,,2026-02
2026-02-06,CEA21,74.52,74.52,74.52,74.52,0.0,0.0,0.0,0.0,0.0,0.0,0.0,,,2026-02
2026-02-06,CEA22,76.39,76.39,76.39,76.39,0.0,0.0,0.0,0.0,0.0,0.0,0.0,,,2026-02
2026-02-06,CEA23,77.0,77.0,77.0,77.0,10.0,1.0,77.0,1.0,77.0,0.0,0.0,,,2026-02
2026-02-06,CEA24,80.0,81.0,80.0,80.98,3.16,50962.0,4126960.0,50962.0,4126960.0,0.0,0.0,,,2026-02
2026-02-06,CEA25,74.0,81.0,74.0,76.14,3.3,481677.0,37659098.0,81677.0,6219098.0,400000.0,31440000.0,,,2026-02
2026-02-09,CEA19-20,74.0,74.0,74.0,74.0,0.0,0.0,0.0,0.0,0.0,0.0,0.0,,,2026-02
2026-02-09,CEA21,74.52,74.52,74.52,74.52,0.0,0.0,0.0,0.0,0.0,0.0,0.0,,,2026-02
2026-02-09,CEA22,76.39,76.39,76.39,76.39,0.0,0.0,0.0,0.0,0.0,0.0,0.0,,,2026-02
2026-02-09,CEA23,81.0,81.0,81.0,81.0,5.19,49999.0,4049919.0,49999.0,4049919.0,0.0,0.0,,,2026-02
2026-02-09,CEA24,80.0,80.0,80.0,80.0,1.21,25000.0,2000000.0,25000.0,2000000.0,0.0,0.0,,,2026-02
2026-02-09,CEA25,80.0,82.0,78.0,80.56,5.81,456677.0,36005837.0,56677.0,4565837.0,400000.0,31440000.0,,,2026-02
2026-02-10,CEA19-20,74.0,74.0,74.0,74.0,0.0,0.0,0.0,0.0,0.0,0.0,0.0,,,2026-02
2026-02-10,CEA21,74.52,74.52,74.52,74.52,0.0,0.0,0.0,0.0,0.0,0.0,0.0,,,2026-02
2026-02-10,CEA22,76.39,76.39,76.39,76.39,0.0,0.0,0.0,0.0,0.0,0.0,0.0,,,2026-02
2026-02-10,CEA23,81.0,81.0,81.0,81.0,0.0,7640.0,618840.0,7640.0,618840.0,0.0,0.0,,,2026-02
2026-02-10,CEA24,80.0,80.0,80.0,80.0,0.0,5000.0,400000.0,5000.0,400000.0,0.0,0.0,,,2026-02
2026-02-10,CEA25,80.0,81.0,80.0,80.5,0.07,420000.0,33050000.0,20000.0,1610000.0,400000.0,31440000.0,,,2026-02
2026-02-11,CEA19-20,74.0,74.0,74.0,74.0,0.0,0.0,0.0,0.0,0.0,0.0,0.0,,,2026-02
2026-02-11,CEA21,74.52,74.52,74.52,74.52,0.0,0.0,0.0,0.0,0.0,0.0,0.0,,,2026-02
2026-02-11,CEA22,76.39,76.39,76.39,76.39,0.0,0.0,0.0,0.0,0.0,0.0,0.0,,,2026-02
2026-02-11,CEA23,81.0,81.0,81.0,81.0,0.0,0.0,0.0,0.0,0.0,0.0,0.0,,,2026-02
2026-02-11,CEA24,80.0,80.0,80.0,80.0,0.0,0.0,0.0,0.0,0.0,0.0,0.0,,,2026-02
2026-02-11,CEA25,78.7,78.7,78.7,78.7,2.24,320000.0,25164000.0,20000.0,1574000.0,300000.0,23590000.0,,,2026-02
2026-02-12,CEA19-20,74.0,74.0,74.0,74.0,0.0,0.0,0.0,0.0,0.0,0.0,0.0,,,2026-02
2026-02-12,CEA21,74.52,74.52,74.52,74.52,0.0,0.0,0.0,0.0,0.0,0.0,0.0,,,2026-02
2026-02-12,CEA22,76.39,76.39,76.39,76.39,0.0,0.0,0.0,0.0,0.0,0.0,0.0,,,2026-02
2026-02-12,CEA23,81.0,81.0,81.0,81.0,0.0,0.0,0.0,0.0,0.0,0.0,0.0,,,2026-02
2026-02-12,CEA24,80.0,80.0,80.0,80.0,0.0,0.0,0.0,0.0,0.0,0.0,0.0,,,2026-02
2026-02-12,CEA25,78.7,78.7,78.7,78.7,0.0,500000.0,32370000.0,0.0,0.0,500000.0,32370000.0,,,2026-02
2026-02-13,CEA19-20,74.0,74.0,74.0,74.0,0.0,0.0,0.0,0.0,0.0,0.0,0.0,,,2026-02
2026-02-13,CEA21,74.52,74.52,74.52,74.52,0.0,0.0,0.0,0.0,0.0,0.0,0.0,,,2026-02
2026-02-13,CEA22,76.39,76.39,76.39,76.39,0.0,0.0,0.0,0.0,0.0,0.0,0.0,,,2026-02
2026-02-13,CEA23,81.0,81.0,81.0,81.0,0.0,0.0,0.0,0.0,0.0,0.0,0.0,,,2026-02
2026-02-13,CEA24,81.0,81.0,81.0,81.0,1.25,20000.0,1620000.0,20000.0,1620000.0,0.0,0.0,,,2026-02
2026-02-13,CEA25,78.7,78.7,78.7,78.7,0.0,0.0,0.0,0.0,0.0,0.0,0.0,,,2026-02
2026-02-24,CEA19-20,74.0,74.0,74.0,74.0,0.0,0.0,0.0,0.0,0.0,0.0,0.0,,,2026-02
2026-02-24,CEA21,74.52,74.52,74.52,74.52,0.0,0.0,0.0,0.0,0.0,0.0,0.0,,,2026-02
2026-02-24,CEA22,76.39,76.39,76.39,76.39,0.0,0.0,0.0,0.0,0.0,0.0,0.0,,,2026-02
2026-02-24,CEA23,81.0,81.0,81.0,81.0,0.0,0.0,0.0,0.0,0.0,0.0,0.0,,,2026-02
2026-02-24,CEA24,81.0,81.0,81.0,81.0,0.0,0.0,0.0,0.0,0.0,0.0,0.0,,,2026-02
2026-02-24,CEA25,81.0,81.0,81.0,81.0,2.92,10000.0,810000.0,10000.0,810000.0,0.0,0.0,,,2026-02
2026-02-25,CEA19-20,74.0,74.0,74.0,74.0,0.0,0.0,0.0,0.0,0.0,0.0,0.0,,,2026-02
2026-02-25,CEA21,74.52,74.52,74.52,74.52,0.0,0.0,0.0,0.0,0.0,0.0,0.0,,,2026-02
2026-02-25,CEA22,76.39,76.39,76.39,76.39,0.0,0.0,0.0,0.0,0.0,0.0,0.0,,,2026-02
2026-02-25,CEA23,81.0,81.0,81.0,81.0,0.0,0.0,0.0,0.0,0.0,0.0,0.0,,,2026-02
2026-02-25,CEA24,81.0,81.0,81.0,81.0,0.0,0.0,0.0,0.0,0.0,0.0,0.0,,,2026-02
2026-02-25,CEA25,81.0,81.0,81.0,81.0,0.0,400000.0,31100000.0,400000.0,31100000.0,0.0,0.0,,,2026-02
2026-02-26,CEA19-20,74.0,74.0,74.0,74.0,0.0,0.0,0.0,0.0,0.0,0.0,0.0,,,2026-02
2026-02-26,CEA21,74.52,74.52,74.52,74.52,0.0,0.0,0.0,0.0,0.0,0.0,0.0,,,2026-02
2026-02-26,CEA22,76.39,76.39,76.39,76.39,0.0,0.0,0.0,0.0,0.0,0.0,0.0,,,2026-02
2026-02-26,CEA23,81.0,81.0,81.0,81.0,0.0,0.0,0.0,0.0,0.0,0.0,0.0,,,2026-02
2026-02-26,CEA24,81.0,81.0,81.0,81.0,0.0,0.0,0.0,0.0,0.0,0.0,0.0,,,2026-02
2026-02-26,CEA25,81.0,81.0,81.0,81.0,0.0,430000.0,33870000.0,30000.0,2430000.0,400000.0,31440000.0,,,2026-02
2026-02-27,CEA19-20,74.0,74.0,74.0,74.0,0.0,0.0,0.0,0.0,0.0,0.0,0.0,,,2026-02
2026-02-27,CEA21,74.52,74.52,74.52,74.52,0.0,0.0,0.0,0.0,0.0,0.0,0.0,,,2026-02
2026-02-27,CEA22,76.39,76.39,76.39,76.39,0.0,0.0,0.0,0.0,0.0,0.0,0.0,,,2026-02
2026-02-27,CEA23,81.0,81.0,81.0,81.0,0.0,0.0,0.0,0.0,0.0,0.0,0.0,,,2026-02
2026-02-27,CEA24,81.0,81.0,81.0,81.0,0.0,0.0,0.0,0.0,0.0,0.0,0.0,,,2026-02
2026-02-27,CEA25,80.5,80.5,80.5,80.5,0.62,107901.0,8506031.0,7901.0,636030.5,100000.0,7870000.0,,,2026-02
2026-03-02,CEA19-20,74.0,74.0,74.0,74.0,0.0,0.0,0.0,0.0,0.0,0.0,0.0,0.0,0.0,2026-03
2026-03-02,CEA21,74.52,74.52,74.52,74.52,0.0,0.0,0.0,0.0,0.0,0.0,0.0,0.0,0.0,2026-03
2026-03-02,CEA22,76.39,76.39,76.39,76.39,0.0,0.0,0.0,0.0,0.0,0.0,0.0,0.0,0.0,2026-03
2026-03-02,CEA23,81.0,81.0,81.0,81.0,0.0,0.0,0.0,0.0,0.0,0.0,0.0,0.0,0.0,2026-03
2026-03-02,CEA24,81.0,81.0,81.0,81.0,0.0,0.0,0.0,0.0,0.0,0.0,0.0,0.0,0.0,2026-03
2026-03-02,CEA25,80.5,80.5,80.5,80.5,0.0,200000.0,16200000.0,0.0,0.0,200000.0,16200000.0,0.0,0.0,2026-03
2026-03-03,CEA19-20,74.0,74.0,74.0,74.0,0.0,0.0,0.0,0.0,0.0,0.0,0.0,0.0,0.0,2026-03
2026-03-03,CEA21,74.52,74.52,74.52,74.52,0.0,0.0,0.0,0.0,0.0,0.0,0.0,0.0,0.0,2026-03
2026-03-03,CEA22,76.39,76.39,76.39,76.39,0.0,0.0,0.0,0.0,0.0,0.0,0.0,0.0,0.0,2026-03
2026-03-03,CEA23,81.0,81.0,81.0,81.0,0.0,0.0,0.0,0.0,0.0,0.0,0.0,0.0,0.0,2026-03
2026-03-03,CEA24,81.0,81.0,81.0,81.0,0.0,0.0,0.0,0.0,0.0,0.0,0.0,0.0,0.0,2026-03
2026-03-03,CEA25,80.5,81.5,80.5,80.55,0.06,110500.0,8945750.0,10500.0,845750.0,100000.0,8100000.0,0.0,0.0,2026-03
2026-03-04,CEA19-20,74.0,74.0,74.0,74.0,0.0,0.0,0.0,0.0,0.0,0.0,0.0,0.0,0.0,2026-03
2026-03-04,CEA21,74.52,74.52,74.52,74.52,0.0,0.0,0.0,0.0,0.0,0.0,0.0,0.0,0.0,2026-03
2026-03-04,CEA22,76.39,76.39,76.39,76.39,0.0,0.0,0.0,0.0,0.0,0.0,0.0,0.0,0.0,2026-03
2026-03-04,CEA23,81.0,81.0,81.0,81.0,0.0,0.0,0.0,0.0,0.0,0.0,0.0,0.0,0.0,2026-03
2026-03-04,CEA24,81.0,81.0,81.0,81.0,0.0,0.0,0.0,0.0,0.0,0.0,0.0,0.0,0.0,2026-03
2026-03-04,CEA25,81.5,81.5,80.5,80.7,0.19,50000.0,4035000.0,50000.0,4035000.0,0.0,0.0,0.0,0.0,2026-03
2026-03-05,CEA19-20,74.0,74.0,74.0,74.0,0.0,0.0,0.0,0.0,0.0,0.0,0.0,0.0,0.0,2026-03
2026-03-05,CEA21,74.52,74.52,74.52,74.52,0.0,0.0,0.0,0.0,0.0,0.0,0.0,0.0,0.0,2026-03
2026-03-05,CEA22,76.39,76.39,76.39,76.39,0.0,0.0,0.0,0.0,0.0,0.0,0.0,0.0,0.0,2026-03
2026-03-05,CEA23,81.0,81.0,81.0,81.0,0.0,0.0,0.0,0.0,0.0,0.0,0.0,0.0,0.0,2026-03
2026-03-05,CEA24,81.0,81.0,81.0,81.0,0.0,0.0,0.0,0.0,0.0,0.0,0.0,0.0,0.0,2026-03
2026-03-05,CEA25,83.2,83.2,80.5,81.85,1.43,100000.0,8185000.0,100000.0,8185000.0,0.0,0.0,0.0,0.0,2026-03
2026-03-06,CEA19-20,74.0,74.0,74.0,74.0,0.0,0.0,0.0,0.0,0.0,0.0,0.0,0.0,0.0,2026-03
2026-03-06,CEA21,74.52,74.52,74.52,74.52,0.0,0.0,0.0,0.0,0.0,0.0,0.0,0.0,0.0,2026-03
2026-03-06,CEA22,76.39,76.39,76.39,76.39,0.0,0.0,0.0,0.0,0.0,0.0,0.0,0.0,0.0,2026-03
2026-03-06,CEA23,81.0,81.0,81.0,81.0,0.0,0.0,0.0,0.0,0.0,0.0,0.0,0.0,0.0,2026-03
2026-03-06,CEA24,81.0,81.0,81.0,81.0,0.0,0.0,0.0,0.0,0.0,0.0,0.0,0.0,0.0,2026-03
2026-03-06,CEA25,81.85,81.85,81.85,81.85,0.0,100000.0,8200000.0,0.0,0.0,100000.0,8200000.0,0.0,0.0,2026-03
2026-03-09,CEA19-20,74.0,74.0,74.0,74.0,0.0,0.0,0.0,0.0,0.0,0.0,0.0,0.0,0.0,2026-03
2026-03-09,CEA21,74.52,74.52,74.52,74.52,0.0,0.0,0.0,0.0,0.0,0.0,0.0,0.0,0.0,2026-03
2026-03-09,CEA22,76.39,76.39,76.39,76.39,0.0,0.0,0.0,0.0,0.0,0.0,0.0,0.0,0.0,2026-03
2026-03-09,CEA23,81.0,81.0,81.0,81.0,0.0,0.0,0.0,0.0,0.0,0.0,0.0,0.0,0.0,2026-03
2026-03-09,CEA24,81.0,81.0,81.0,81.0,0.0,0.0,0.0,0.0,0.0,0.0,0.0,0.0,0.0,2026-03
2026-03-09,CEA25,82.8,82.8,82.8,82.8,1.16,1851.0,153263.0,1851.0,153262.8,0.0,0.0,0.0,0.0,2026-03
2026-03-10,CEA19-20,74.0,74.0,74.0,74.0,0.0,0.0,0.0,0.0,0.0,0.0,0.0,0.0,0.0,2026-03
2026-03-10,CEA21,74.52,74.52,74.52,74.52,0.0,0.0,0.0,0.0,0.0,0.0,0.0,0.0,0.0,2026-03
2026-03-10,CEA22,76.39,76.39,76.39,76.39,0.0,0.0,0.0,0.0,0.0,0.0,0.0,0.0,0.0,2026-03
2026-03-10,CEA23,81.0,81.0,81.0,81.0,0.0,0.0,0.0,0.0,0.0,0.0,0.0,0.0,0.0,2026-03
2026-03-10,CEA24,81.0,81.0,81.0,81.0,0.0,0.0,0.0,0.0,0.0,0.0,0.0,0.0,0.0,2026-03
2026-03-10,CEA25,82.0,82.0,82.0,82.0,0.97,424650.0,31349659.0,10000.0,820000.0,414650.0,30529658.5,0.0,0.0,2026-03
2026-03-11,CEA19-20,74.0,74.0,74.0,74.0,0.0,0.0,0.0,0.0,0.0,0.0,0.0,0.0,0.0,2026-03
2026-03-11,CEA21,74.52,74.52,74.52,74.52,0.0,0.0,0.0,0.0,0.0,0.0,0.0,0.0,0.0,2026-03
2026-03-11,CEA22,76.39,76.39,76.39,76.39,0.0,0.0,0.0,0.0,0.0,0.0,0.0,0.0,0.0,2026-03
2026-03-11,CEA23,81.0,81.0,81.0,81.0,0.0,0.0,0.0,0.0,0.0,0.0,0.0,0.0,0.0,2026-03
2026-03-11,CEA24,81.0,81.0,81.0,81.0,0.0,0.0,0.0,0.0,0.0,0.0,0.0,0.0,0.0,2026-03
2026-03-11,CEA25,79.0,79.0,79.0,79.0,3.66,510000.0,40610000.0,10000.0,790000.0,500000.0,39820000.0,0.0,0.0,2026-03
2026-03-12,CEA19-20,74.0,74.0,74.0,74.0,0.0,0.0,0.0,0.0,0.0,0.0,0.0,0.0,0.0,2026-03
2026-03-12,CEA21,74.52,74.52,74.52,74.52,0.0,0.0,0.0,0.0,0.0,0.0,0.0,0.0,0.0,2026-03
2026-03-12,CEA22,76.39,76.39,76.39,76.39,0.0,0.0,0.0,0.0,0.0,0.0,0.0,0.0,0.0,2026-03
2026-03-12,CEA23,81.0,81.0,81.0,81.0,0.0,0.0,0.0,0.0,0.0,0.0,0.0,0.0,0.0,2026-03
2026-03-12,CEA24,81.0,81.0,81.0,81.0,0.0,0.0,0.0,0.0,0.0,0.0,0.0,0.0,0.0,2026-03
2026-03-12,CEA25,82.0,82.5,82.0,82.45,4.37,633000.0,50301000.0,33000.0,2721000.0,600000.0,47580000.0,0.0,0.0,2026-03
2026-03-13,CEA19-20,74.0,74.0,74.0,74.0,0.0,0.0,0.0,0.0,0.0,0.0,0.0,0.0,0.0,2026-03
2026-03-13,CEA21,74.52,74.52,74.52,74.52,0.0,0.0,0.0,0.0,0.0,0.0,0.0,0.0,0.0,2026-03
2026-03-13,CEA22,76.39,76.39,76.39,76.39,0.0,0.0,0.0,0.0,0.0,0.0,0.0,0.0,0.0,2026-03
2026-03-13,CEA23,81.0,81.0,81.0,81.0,0.0,0.0,0.0,0.0,0.0,0.0,0.0,0.0,0.0,2026-03
2026-03-13,CEA24,81.0,81.0,81.0,81.0,0.0,0.0,0.0,0.0,0.0,0.0,0.0,0.0,0.0,2026-03
2026-03-13,CEA25,82.5,82.5,80.5,81.83,0.75,603000.0,47875500.0,3000.0,245500.0,600000.0,47630000.0,0.0,0.0,2026-03
2026-03-16,CEA19-20,74.0,74.0,74.0,74.0,0.0,0.0,0.0,0.0,0.0,0.0,0.0,0.0,0.0,2026-03
2026-03-16,CEA21,74.52,74.52,74.52,74.52,0.0,0.0,0.0,0.0,0.0,0.0,0.0,0.0,0.0,2026-03
2026-03-16,CEA22,76.39,76.39,76.39,76.39,0.0,0.0,0.0,0.0,0.0,0.0,0.0,0.0,0.0,2026-03
2026-03-16,CEA23,81.0,81.0,81.0,81.0,0.0,0.0,0.0,0.0,0.0,0.0,0.0,0.0,0.0,2026-03
2026-03-16,CEA24,81.0,81.0,81.0,81.0,0.0,0.0,0.0,0.0,0.0,0.0,0.0,0.0,0.0,2026-03
2026-03-16,CEA25,81.0,82.0,81.0,81.95,0.15,420000.0,33729000.0,20000.0,1639000.0,400000.0,32090000.0,0.0,0.0,2026-03
2026-03-17,CEA19-20,74.0,74.0,74.0,74.0,0.0,0.0,0.0,0.0,0.0,0.0,0.0,0.0,0.0,2026-03
2026-03-17,CEA21,74.52,74.52,74.52,74.52,0.0,0.0,0.0,0.0,0.0,0.0,0.0,0.0,0.0,2026-03
2026-03-17,CEA22,76.39,76.39,76.39,76.39,0.0,0.0,0.0,0.0,0.0,0.0,0.0,0.0,0.0,2026-03
2026-03-17,CEA23,81.0,81.0,81.0,81.0,0.0,0.0,0.0,0.0,0.0,0.0,0.0,0.0,0.0,2026-03
2026-03-17,CEA24,81.0,81.0,81.0,81.0,0.0,0.0,0.0,0.0,0.0,0.0,0.0,0.0,0.0,2026-03
2026-03-17,CEA25,81.5,82.0,81.5,81.58,0.45,61768.0,5039092.0,61768.0,5039092.0,0.0,0.0,0.0,0.0,2026-03
2026-03-18,CEA19-20,74.0,74.0,74.0,74.0,0.0,0.0,0.0,0.0,0.0,0.0,0.0,0.0,0.0,2026-03
2026-03-18,CEA21,74.52,74.52,74.52,74.52,0.0,0.0,0.0,0.0,0.0,0.0,0.0,0.0,0.0,2026-03
2026-03-18,CEA22,76.39,76.39,76.39,76.39,0.0,0.0,0.0,0.0,0.0,0.0,0.0,0.0,0.0,2026-03
2026-03-18,CEA23,81.0,81.0,81.0,81.0,0.0,0.0,0.0,0.0,0.0,0.0,0.0,0.0,0.0,2026-03
2026-03-18,CEA24,81.0,81.0,81.0,81.0,0.0,0.0,0.0,0.0,0.0,0.0,0.0,0.0,0.0,2026-03
2026-03-18,CEA25,81.58,81.58,81.58,81.58,0.0,416187.0,33975428.0,0.0,0.0,416187.0,33975427.5,0.0,0.0,2026-03
2026-03-19,CEA19-20,74.0,74.0,74.0,74.0,0.0,0.0,0.0,0.0,0.0,0.0,0.0,0.0,0.0,2026-03
2026-03-19,CEA21,74.52,74.52,74.52,74.52,0.0,0.0,0.0,0.0,0.0,0.0,0.0,0.0,0.0,2026-03
2026-03-19,CEA22,76.39,76.39,76.39,76.39,0.0,0.0,0.0,0.0,0.0,0.0,0.0,0.0,0.0,2026-03
2026-03-19,CEA23,81.0,81.0,81.0,81.0,0.0,0.0,0.0,0.0,0.0,0.0,0.0,0.0,0.0,2026-03
2026-03-19,CEA24,81.0,81.0,81.0,81.0,0.0,0.0,0.0,0.0,0.0,0.0,0.0,0.0,0.0,2026-03
2026-03-19,CEA25,82.0,82.0,80.0,80.18,1.72,471056.0,37769023.0,471056.0,37769022.5,0.0,0.0,0.0,0.0,2026-03
2026-03-20,CEA19-20,74.0,74.0,74.0,74.0,0.0,0.0,0.0,0.0,0.0,0.0,0.0,0.0,0.0,2026-03
2026-03-20,CEA21,74.52,74.52,74.52,74.52,0.0,0.0,0.0,0.0,0.0,0.0,0.0,0.0,0.0,2026-03
2026-03-20,CEA22,76.39,76.39,76.39,76.39,0.0,0.0,0.0,0.0,0.0,0.0,0.0,0.0,0.0,2026-03
2026-03-20,CEA23,81.0,81.0,81.0,81.0,0.0,0.0,0.0,0.0,0.0,0.0,0.0,0.0,0.0,2026-03
2026-03-20,CEA24,81.0,81.0,81.0,81.0,0.0,0.0,0.0,0.0,0.0,0.0,0.0,0.0,0.0,2026-03
2026-03-20,CEA25,80.1,80.5,80.1,80.16,0.02,204664.0,16406606.0,204664.0,16406605.9,0.0,0.0,0.0,0.0,2026-03
2026-03-23,CEA19-20,74.0,74.0,74.0,74.0,0.0,0.0,0.0,0.0,0.0,0.0,0.0,0.0,0.0,2026-03
2026-03-23,CEA21,74.52,74.52,74.52,74.52,0.0,0.0,0.0,0.0,0.0,0.0,0.0,0.0,0.0,2026-03
2026-03-23,CEA22,76.39,76.39,76.39,76.39,0.0,0.0,0.0,0.0,0.0,0.0,0.0,0.0,0.0,2026-03
2026-03-23,CEA23,81.0,81.0,81.0,81.0,0.0,0.0,0.0,0.0,0.0,0.0,0.0,0.0,0.0,2026-03
2026-03-23,CEA24,81.0,81.0,81.0,81.0,0.0,0.0,0.0,0.0,0.0,0.0,0.0,0.0,0.0,2026-03
2026-03-23,CEA25,80.8,80.8,80.8,80.8,0.8,20000.0,1616000.0,20000.0,1616000.0,0.0,0.0,0.0,0.0,2026-03
2026-03-24,CEA19-20,74.0,74.0,74.0,74.0,0.0,0.0,0.0,0.0,0.0,0.0,0.0,0.0,0.0,2026-03
2026-03-24,CEA21,74.52,74.52,74.52,74.52,0.0,0.0,0.0,0.0,0.0,0.0,0.0,0.0,0.0,2026-03
2026-03-24,CEA22,76.39,76.39,76.39,76.39,0.0,0.0,0.0,0.0,0.0,0.0,0.0,0.0,0.0,2026-03
2026-03-24,CEA23,81.0,81.0,81.0,81.0,0.0,0.0,0.0,0.0,0.0,0.0,0.0,0.0,0.0,2026-03
2026-03-24,CEA24,81.0,81.0,81.0,81.0,0.0,0.0,0.0,0.0,0.0,0.0,0.0,0.0,0.0,2026-03
2026-03-24,CEA25,80.0,81.0,80.0,80.22,0.72,140600.0,11278800.0,140600.0,11278800.0,0.0,0.0,0.0,0.0,2026-03
2026-03-25,CEA19-20,74.0,74.0,74.0,74.0,0.0,0.0,0.0,0.0,0.0,0.0,0.0,0.0,0.0,2026-03
2026-03-25,CEA21,74.52,74.52,74.52,74.52,0.0,0.0,0.0,0.0,0.0,0.0,0.0,0.0,0.0,2026-03
2026-03-25,CEA22,76.39,76.39,76.39,76.39,0.0,0.0,0.0,0.0,0.0,0.0,0.0,0.0,0.0,2026-03
2026-03-25,CEA23,81.0,81.0,81.0,81.0,0.0,0.0,0.0,0.0,0.0,0.0,0.0,0.0,0.0,2026-03
2026-03-25,CEA24,81.0,81.0,81.0,81.0,0.0,0.0,0.0,0.0,0.0,0.0,0.0,0.0,0.0,2026-03
2026-03-25,CEA25,79.5,80.0,79.5,79.95,0.34,100700.0,8051150.0,100700.0,8051150.0,0.0,0.0,0.0,0.0,2026-03
2026-03-26,CEA19-20,74.0,74.0,74.0,74.0,0.0,0.0,0.0,0.0,0.0,0.0,0.0,0.0,0.0,2026-03
2026-03-26,CEA21,74.52,74.52,74.52,74.52,0.0,0.0,0.0,0.0,0.0,0.0,0.0,0.0,0.0,2026-03
2026-03-26,CEA22,76.39,76.39,76.39,76.39,0.0,0.0,0.0,0.0,0.0,0.0,0.0,0.0,0.0,2026-03
2026-03-26,CEA23,81.0,81.0,81.0,81.0,0.0,0.0,0.0,0.0,0.0,0.0,0.0,0.0,0.0,2026-03
2026-03-26,CEA24,81.0,81.0,81.0,81.0,0.0,0.0,0.0,0.0,0.0,0.0,0.0,0.0,0.0,2026-03
2026-03-26,CEA25,80.5,80.5,79.5,79.75,0.25,454650.0,32938092.0,179300.0,14299650.0,275350.0,18638441.5,0.0,0.0,2026-03
2026-03-27,CEA19-20,74.0,74.0,74.0,74.0,0.0,0.0,0.0,0.0,0.0,0.0,0.0,0.0,0.0,2026-03
2026-03-27,CEA21,74.52,74.52,74.52,74.52,0.0,0.0,0.0,0.0,0.0,0.0,0.0,0.0,0.0,2026-03
2026-03-27,CEA22,76.39,76.39,76.39,76.39,0.0,0.0,0.0,0.0,0.0,0.0,0.0,0.0,0.0,2026-03
2026-03-27,CEA23,81.0,81.0,81.0,81.0,0.0,0.0,0.0,0.0,0.0,0.0,0.0,0.0,0.0,2026-03
2026-03-27,CEA24,81.0,81.0,81.0,81.0,0.0,0.0,0.0,0.0,0.0,0.0,0.0,0.0,0.0,2026-03
2026-03-27,CEA25,80.0,80.0,79.75,79.9,0.19,117789.0,9521423.0,17789.0,1421422.75,100000.0,8100000.0,0.0,0.0,2026-03
2026-03-30,CEA19-20,74.0,74.0,74.0,74.0,0.0,0.0,0.0,0.0,0.0,0.0,0.0,0.0,0.0,2026-03
2026-03-30,CEA21,74.52,74.52,74.52,74.52,0.0,0.0,0.0,0.0,0.0,0.0,0.0,0.0,0.0,2026-03
2026-03-30,CEA22,76.39,76.39,76.39,76.39,0.0,0.0,0.0,0.0,0.0,0.0,0.0,0.0,0.0,2026-03
2026-03-30,CEA23,81.0,81.0,81.0,81.0,0.0,0.0,0.0,0.0,0.0,0.0,0.0,0.0,0.0,2026-03
2026-03-30,CEA24,81.0,81.0,81.0,81.0,0.0,0.0,0.0,0.0,0.0,0.0,0.0,0.0,0.0,2026-03
2026-03-30,CEA25,80.0,80.0,79.6,79.91,0.01,336600.0,20202760.0,56600.0,4522760.0,280000.0,15680000.0,0.0,0.0,2026-03
2026-03-31,CEA19-20,74.0,74.0,74.0,74.0,0.0,0.0,0.0,0.0,0.0,0.0,0.0,0.0,0.0,2026-03
2026-03-31,CEA21,74.52,74.52,74.52,74.52,0.0,0.0,0.0,0.0,0.0,0.0,0.0,0.0,0.0,2026-03
2026-03-31,CEA22,76.39,76.39,76.39,76.39,0.0,0.0,0.0,0.0,0.0,0.0,0.0,0.0,0.0,2026-03
2026-03-31,CEA23,81.0,81.0,81.0,81.0,0.0,0.0,0.0,0.0,0.0,0.0,0.0,0.0,0.0,2026-03
2026-03-31,CEA24,81.0,81.0,81.0,81.0,0.0,0.0,0.0,0.0,0.0,0.0,0.0,0.0,0.0,2026-03
2026-03-31,CEA25,79.8,79.8,79.5,79.54,0.46,27800.0,2211200.0,27800.0,2211200.0,0.0,0.0,0.0,0.0,2026-03
2026-04-01,CEA19-20,74.0,74.0,74.0,74.0,0.0,0.0,0.0,0.0,0.0,0.0,0.0,0.0,0.0,2026-04
2026-04-01,CEA21,74.52,74.52,74.52,74.52,0.0,0.0,0.0,0.0,0.0,0.0,0.0,0.0,0.0,2026-04
2026-04-01,CEA22,76.39,76.39,76.39,76.39,0.0,0.0,0.0,0.0,0.0,0.0,0.0,0.0,0.0,2026-04
2026-04-01,CEA23,81.0,81.0,81.0,81.0,0.0,0.0,0.0,0.0,0.0,0.0,0.0,0.0,0.0,2026-04
2026-04-01,CEA24,81.0,81.0,81.0,81.0,0.0,0.0,0.0,0.0,0.0,0.0,0.0,0.0,0.0,2026-04
2026-04-01,CEA25,79.54,79.54,79.54,79.54,0.0,0.0,0.0,0.0,0.0,0.0,0.0,0.0,0.0,2026-04
2026-04-02,CEA19-20,74.0,74.0,74.0,74.0,0.0,0.0,0.0,0.0,0.0,0.0,0.0,0.0,0.0,2026-04
2026-04-02,CEA21,74.52,74.52,74.52,74.52,0.0,0.0,0.0,0.0,0.0,0.0,0.0,0.0,0.0,2026-04
2026-04-02,CEA22,76.39,76.39,76.39,76.39,0.0,0.0,0.0,0.0,0.0,0.0,0.0,0.0,0.0,2026-04
2026-04-02,CEA23,81.0,81.0,81.0,81.0,0.0,0.0,0.0,0.0,0.0,0.0,0.0,0.0,0.0,2026-04
2026-04-02,CEA24,81.0,81.0,81.0,81.0,0.0,0.0,0.0,0.0,0.0,0.0,0.0,0.0,0.0,2026-04
2026-04-02,CEA25,79.54,79.54,79.54,79.54,0.0,100000.0,8100000.0,0.0,0.0,100000.0,8100000.0,0.0,0.0,2026-04
2026-04-03,CEA19-20,74.0,74.0,74.0,74.0,0.0,0.0,0.0,0.0,0.0,0.0,0.0,0.0,0.0,2026-04
2026-04-03,CEA21,74.52,74.52,74.52,74.52,0.0,0.0,0.0,0.0,0.0,0.0,0.0,0.0,0.0,2026-04
2026-04-03,CEA22,76.39,76.39,76.39,76.39,0.0,0.0,0.0,0.0,0.0,0.0,0.0,0.0,0.0,2026-04
2026-04-03,CEA23,81.0,81.0,81.0,81.0,0.0,0.0,0.0,0.0,0.0,0.0,0.0,0.0,0.0,2026-04
2026-04-03,CEA24,81.0,81.0,81.0,81.0,0.0,0.0,0.0,0.0,0.0,0.0,0.0,0.0,0.0,2026-04
2026-04-03,CEA25,80.0,80.0,79.5,79.87,0.41,62978.0,5029942.0,62978.0,5029942.2,0.0,0.0,0.0,0.0,2026-04
2026-04-07,CEA19-20,74.0,74.0,74.0,74.0,0.0,0.0,0.0,0.0,0.0,0.0,0.0,0.0,0.0,2026-04
2026-04-07,CEA21,74.52,74.52,74.52,74.52,0.0,0.0,0.0,0.0,0.0,0.0,0.0,0.0,0.0,2026-04
2026-04-07,CEA22,76.39,76.39,76.39,76.39,0.0,0.0,0.0,0.0,0.0,0.0,0.0,0.0,0.0,2026-04
2026-04-07,CEA23,81.0,81.0,81.0,81.0,0.0,0.0,0.0,0.0,0.0,0.0,0.0,0.0,0.0,2026-04
2026-04-07,CEA24,81.0,81.0,81.0,81.0,0.0,0.0,0.0,0.0,0.0,0.0,0.0,0.0,0.0,2026-04
2026-04-07,CEA25,79.87,79.87,79.87,79.87,0.0,0.0,0.0,0.0,0.0,0.0,0.0,0.0,0.0,2026-04
2026-04-08,CEA19-20,74.0,74.0,74.0,74.0,0.0,0.0,0.0,0.0,0.0,0.0,0.0,0.0,0.0,2026-04
2026-04-08,CEA21,74.52,74.52,74.52,74.52,0.0,0.0,0.0,0.0,0.0,0.0,0.0,0.0,0.0,2026-04
2026-04-08,CEA22,76.39,76.39,76.39,76.39,0.0,0.0,0.0,0.0,0.0,0.0,0.0,0.0,0.0,2026-04
2026-04-08,CEA23,81.0,81.0,81.0,81.0,0.0,0.0,0.0,0.0,0.0,0.0,0.0,0.0,0.0,2026-04
2026-04-08,CEA24,81.0,81.0,81.0,81.0,0.0,0.0,0.0,0.0,0.0,0.0,0.0,0.0,0.0,2026-04
2026-04-08,CEA25,79.5,79.6,79.5,79.55,0.4,41314.0,3286594.0,41314.0,3286594.4,0.0,0.0,0.0,0.0,2026-04
2026-04-09,CEA19-20,74.0,74.0,74.0,74.0,0.0,0.0,0.0,0.0,0.0,0.0,0.0,0.0,0.0,2026-04
2026-04-09,CEA21,74.52,74.52,74.52,74.52,0.0,0.0,0.0,0.0,0.0,0.0,0.0,0.0,0.0,2026-04
2026-04-09,CEA22,76.39,76.39,76.39,76.39,0.0,0.0,0.0,0.0,0.0,0.0,0.0,0.0,0.0,2026-04
2026-04-09,CEA23,81.0,81.0,81.0,81.0,0.0,0.0,0.0,0.0,0.0,0.0,0.0,0.0,0.0,2026-04
2026-04-09,CEA24,81.0,81.0,81.0,81.0,0.0,0.0,0.0,0.0,0.0,0.0,0.0,0.0,0.0,2026-04
2026-04-09,CEA25,78.0,79.9,78.0,79.52,0.04,661780.0,48562640.0,61780.0,4912640.0,600000.0,43650000.0,0.0,0.0,2026-04
2026-04-10,CEA19-20,74.0,74.0,74.0,74.0,0.0,0.0,0.0,0.0,0.0,0.0,0.0,0.0,0.0,2026-04
2026-04-10,CEA21,74.52,74.52,74.52,74.52,0.0,0.0,0.0,0.0,0.0,0.0,0.0,0.0,0.0,2026-04
2026-04-10,CEA22,76.39,76.39,76.39,76.39,0.0,0.0,0.0,0.0,0.0,0.0,0.0,0.0,0.0,2026-04
2026-04-10,CEA23,81.0,81.0,81.0,81.0,0.0,0.0,0.0,0.0,0.0,0.0,0.0,0.0,0.0,2026-04
2026-04-10,CEA24,81.0,81.0,81.0,81.0,0.0,0.0,0.0,0.0,0.0,0.0,0.0,0.0,0.0,2026-04
2026-04-10,CEA25,79.5,79.6,79.5,79.5,0.03,556022.0,44793949.0,56022.0,4453949.0,500000.0,40340000.0,0.0,0.0,2026-04
2026-04-13,CEA19-20,74.0,74.0,74.0,74.0,0.0,0.0,0.0,0.0,0.0,0.0,0.0,0.0,0.0,2026-04
2026-04-13,CEA21,74.52,74.52,74.52,74.52,0.0,0.0,0.0,0.0,0.0,0.0,0.0,0.0,0.0,2026-04
2026-04-13,CEA22,76.39,76.39,76.39,76.39,0.0,0.0,0.0,0.0,0.0,0.0,0.0,0.0,0.0,2026-04
2026-04-13,CEA23,81.0,81.0,81.0,81.0,0.0,0.0,0.0,0.0,0.0,0.0,0.0,0.0,0.0,2026-04
2026-04-13,CEA24,81.0,81.0,81.0,81.0,0.0,0.0,0.0,0.0,0.0,0.0,0.0,0.0,0.0,2026-04
2026-04-13,CEA25,80.0,80.0,79.5,79.54,0.05,34952.0,2780110.0,34952.0,2780110.0,0.0,0.0,0.0,0.0,2026-04
2026-04-14,CEA19-20,74.0,74.0,74.0,74.0,0.0,0.0,0.0,0.0,0.0,0.0,0.0,0.0,0.0,2026-04
2026-04-14,CEA21,74.52,74.52,74.52,74.52,0.0,0.0,0.0,0.0,0.0,0.0,0.0,0.0,0.0,2026-04
2026-04-14,CEA22,76.39,76.39,76.39,76.39,0.0,0.0,0.0,0.0,0.0,0.0,0.0,0.0,0.0,2026-04
2026-04-14,CEA23,81.0,81.0,81.0,81.0,0.0,0.0,0.0,0.0,0.0,0.0,0.0,0.0,0.0,2026-04
2026-04-14,CEA24,81.0,81.0,81.0,81.0,0.0,0.0,0.0,0.0,0.0,0.0,0.0,0.0,0.0,2026-04
2026-04-14,CEA25,79.8,79.8,79.4,79.52,0.03,132000.0,10504700.0,32000.0,2544700.0,100000.0,7960000.0,0.0,0.0,2026-04
2026-04-15,CEA19-20,74.0,74.0,74.0,74.0,0.0,0.0,0.0,0.0,0.0,0.0,0.0,0.0,0.0,2026-04
2026-04-15,CEA21,74.52,74.52,74.52,74.52,0.0,0.0,0.0,0.0,0.0,0.0,0.0,0.0,0.0,2026-04
2026-04-15,CEA22,76.39,76.39,76.39,76.39,0.0,0.0,0.0,0.0,0.0,0.0,0.0,0.0,0.0,2026-04
2026-04-15,CEA23,81.0,81.0,81.0,81.0,0.0,0.0,0.0,0.0,0.0,0.0,0.0,0.0,0.0,2026-04
2026-04-15,CEA24,81.0,81.0,81.0,81.0,0.0,0.0,0.0,0.0,0.0,0.0,0.0,0.0,0.0,2026-04
2026-04-15,CEA25,78.0,78.6,77.6,78.02,1.89,507000.0,34867200.0,57000.0,4447200.0,450000.0,30420000.0,0.0,0.0,2026-04
2026-04-16,CEA19-20,74.0,74.0,74.0,74.0,0.0,0.0,0.0,0.0,0.0,0.0,0.0,0.0,0.0,2026-04
2026-04-16,CEA21,74.52,74.52,74.52,74.52,0.0,0.0,0.0,0.0,0.0,0.0,0.0,0.0,0.0,2026-04
2026-04-16,CEA22,76.39,76.39,76.39,76.39,0.0,0.0,0.0,0.0,0.0,0.0,0.0,0.0,0.0,2026-04
2026-04-16,CEA23,81.0,81.0,81.0,81.0,0.0,0.0,0.0,0.0,0.0,0.0,0.0,0.0,0.0,2026-04
2026-04-16,CEA24,81.0,81.0,81.0,81.0,0.0,0.0,0.0,0.0,0.0,0.0,0.0,0.0,0.0,2026-04
2026-04-16,CEA25,78.9,79.2,78.9,78.93,1.17,605000.0,47751000.0,55000.0,4341000.0,550000.0,43410000.0,0.0,0.0,2026-04
2026-04-17,CEA19-20,74.0,74.0,74.0,74.0,0.0,0.0,0.0,0.0,0.0,0.0,0.0,0.0,0.0,2026-04
2026-04-17,CEA21,74.52,74.52,74.52,74.52,0.0,0.0,0.0,0.0,0.0,0.0,0.0,0.0,0.0,2026-04
2026-04-17,CEA22,76.39,76.39,76.39,76.39,0.0,0.0,0.0,0.0,0.0,0.0,0.0,0.0,0.0,2026-04
2026-04-17,CEA23,81.0,81.0,81.0,81.0,0.0,0.0,0.0,0.0,0.0,0.0,0.0,0.0,0.0,2026-04
2026-04-17,CEA24,81.0,81.0,81.0,81.0,0.0,0.0,0.0,0.0,0.0,0.0,0.0,0.0,0.0,2026-04
2026-04-17,CEA25,79.5,79.6,79.5,79.56,0.8,211548.0,15568721.0,11548.0,918720.8,200000.0,14650000.0,0.0,0.0,2026-04
2026-04-20,CEA19-20,74.0,74.0,74.0,74.0,0.0,0.0,0.0,0.0,0.0,0.0,0.0,0.0,0.0,2026-04
2026-04-20,CEA21,74.52,74.52,74.52,74.52,0.0,0.0,0.0,0.0,0.0,0.0,0.0,0.0,0.0,2026-04
2026-04-20,CEA22,76.39,76.39,76.39,76.39,0.0,0.0,0.0,0.0,0.0,0.0,0.0,0.0,0.0,2026-04
2026-04-20,CEA23,81.0,81.0,81.0,81.0,0.0,0.0,0.0,0.0,0.0,0.0,0.0,0.0,0.0,2026-04
2026-04-20,CEA24,81.0,81.0,81.0,81.0,0.0,0.0,0.0,0.0,0.0,0.0,0.0,0.0,0.0,2026-04
2026-04-20,CEA25,78.9,79.0,77.9,78.61,1.19,1698700.0,129246300.0,278700.0,21908300.0,1420000.0,107338000.0,0.0,0.0,2026-04
2026-04-21,CEA19-20,74.0,74.0,74.0,74.0,0.0,0.0,0.0,0.0,0.0,0.0,0.0,0.0,0.0,2026-04
2026-04-21,CEA21,74.52,74.52,74.52,74.52,0.0,0.0,0.0,0.0,0.0,0.0,0.0,0.0,0.0,2026-04
2026-04-21,CEA22,76.39,76.39,76.39,76.39,0.0,0.0,0.0,0.0,0.0,0.0,0.0,0.0,0.0,2026-04
2026-04-21,CEA23,81.0,81.0,81.0,81.0,0.0,0.0,0.0,0.0,0.0,0.0,0.0,0.0,0.0,2026-04
2026-04-21,CEA24,81.0,81.0,81.0,81.0,0.0,0.0,0.0,0.0,0.0,0.0,0.0,0.0,0.0,2026-04
2026-04-21,CEA25,78.0,78.0,75.0,76.14,3.14,792862.0,59399272.0,171000.0,13020500.0,621862.0,46378772.36,0.0,0.0,2026-04
2026-04-22,CEA19-20,74.0,74.0,74.0,74.0,0.0,0.0,0.0,0.0,0.0,0.0,0.0,0.0,0.0,2026-04
2026-04-22,CEA21,74.52,74.52,74.52,74.52,0.0,0.0,0.0,0.0,0.0,0.0,0.0,0.0,0.0,2026-04
2026-04-22,CEA22,76.39,76.39,76.39,76.39,0.0,0.0,0.0,0.0,0.0,0.0,0.0,0.0,0.0,2026-04
2026-04-22,CEA23,81.0,81.0,81.0,81.0,0.0,0.0,0.0,0.0,0.0,0.0,0.0,0.0,0.0,2026-04
2026-04-22,CEA24,81.0,81.0,81.0,81.0,0.0,0.0,0.0,0.0,0.0,0.0,0.0,0.0,0.0,2026-04
2026-04-22,CEA25,76.0,78.0,75.7,75.81,0.43,982999.0,68692724.0,182999.0,13873724.2,800000.0,54819000.0,0.0,0.0,2026-04
2026-04-23,CEA19-20,74.0,74.0,74.0,74.0,0.0,0.0,0.0,0.0,0.0,0.0,0.0,0.0,0.0,2026-04
2026-04-23,CEA21,74.52,74.52,74.52,74.52,0.0,0.0,0.0,0.0,0.0,0.0,0.0,0.0,0.0,2026-04
2026-04-23,CEA22,76.39,76.39,76.39,76.39,0.0,0.0,0.0,0.0,0.0,0.0,0.0,0.0,0.0,2026-04
2026-04-23,CEA23,81.0,81.0,81.0,81.0,0.0,0.0,0.0,0.0,0.0,0.0,0.0,0.0,0.0,2026-04
2026-04-23,CEA24,81.0,81.0,81.0,81.0,0.0,0.0,0.0,0.0,0.0,0.0,0.0,0.0,0.0,2026-04
2026-04-23,CEA25,79.5,79.5,75.5,76.22,0.54,820801.0,56277159.0,320801.0,24452158.5,500000.0,31825000.0,0.0,0.0,2026-04
2026-04-24,CEA19-20,74.0,74.0,74.0,74.0,0.0,0.0,0.0,0.0,0.0,0.0,0.0,0.0,0.0,2026-04
2026-04-24,CEA21,74.52,74.52,74.52,74.52,0.0,0.0,0.0,0.0,0.0,0.0,0.0,0.0,0.0,2026-04
2026-04-24,CEA22,76.39,76.39,76.39,76.39,0.0,0.0,0.0,0.0,0.0,0.0,0.0,0.0,0.0,2026-04
2026-04-24,CEA23,81.0,81.0,81.0,81.0,0.0,0.0,0.0,0.0,0.0,0.0,0.0,0.0,0.0,2026-04
2026-04-24,CEA24,81.0,81.0,81.0,81.0,0.0,0.0,0.0,0.0,0.0,0.0,0.0,0.0,0.0,2026-04
2026-04-24,CEA25,77.5,78.0,77.5,77.59,1.8,121700.0,9442600.0,121700.0,9442600.0,0.0,0.0,0.0,0.0,2026-04
2026-04-27,CEA19-20,74.0,74.0,74.0,74.0,0.0,0.0,0.0,0.0,0.0,0.0,0.0,0.0,0.0,2026-04
2026-04-27,CEA21,74.52,74.52,74.52,74.52,0.0,0.0,0.0,0.0,0.0,0.0,0.0,0.0,0.0,2026-04
2026-04-27,CEA22,76.39,76.39,76.39,76.39,0.0,0.0,0.0,0.0,0.0,0.0,0.0,0.0,0.0,2026-04
2026-04-27,CEA23,81.0,81.0,81.0,81.0,0.0,0.0,0.0,0.0,0.0,0.0,0.0,0.0,0.0,2026-04
2026-04-27,CEA24,81.0,81.0,81.0,81.0,0.0,0.0,0.0,0.0,0.0,0.0,0.0,0.0,0.0,2026-04
2026-04-27,CEA25,79.3,79.5,78.5,79.0,1.82,302559.0,20999836.0,20001.0,1580019.5,282558.0,19419816.7,0.0,0.0,2026-04
2026-04-28,CEA19-20,74.0,74.0,74.0,74.0,0.0,0.0,0.0,0.0,0.0,0.0,0.0,0.0,0.0,2026-04
2026-04-28,CEA21,74.52,74.52,74.52,74.52,0.0,0.0,0.0,0.0,0.0,0.0,0.0,0.0,0.0,2026-04
2026-04-28,CEA22,76.39,76.39,76.39,76.39,0.0,0.0,0.0,0.0,0.0,0.0,0.0,0.0,0.0,2026-04
2026-04-28,CEA23,81.0,81.0,81.0,81.0,0.0,0.0,0.0,0.0,0.0,0.0,0.0,0.0,0.0,2026-04
2026-04-28,CEA24,81.0,81.0,81.0,81.0,0.0,0.0,0.0,0.0,0.0,0.0,0.0,0.0,0.0,2026-04
2026-04-28,CEA25,78.0,79.2,78.0,78.3,0.89,548054.0,42798655.0,236912.0,18551136.0,311142.0,24247518.9,0.0,0.0,2026-04
2026-04-29,CEA19-20,74.0,74.0,74.0,74.0,0.0,0.0,0.0,0.0,0.0,0.0,0.0,0.0,0.0,2026-04
2026-04-29,CEA21,74.52,74.52,74.52,74.52,0.0,0.0,0.0,0.0,0.0,0.0,0.0,0.0,0.0,2026-04
2026-04-29,CEA22,76.39,76.39,76.39,76.39,0.0,0.0,0.0,0.0,0.0,0.0,0.0,0.0,0.0,2026-04
2026-04-29,CEA23,81.0,81.0,81.0,81.0,0.0,0.0,0.0,0.0,0.0,0.0,0.0,0.0,0.0,2026-04
2026-04-29,CEA24,81.0,81.0,81.0,81.0,0.0,0.0,0.0,0.0,0.0,0.0,0.0,0.0,0.0,2026-04
2026-04-29,CEA25,78.5,80.0,78.5,78.89,0.75,602177.0,45608097.0,304735.0,24040063.2,297442.0,21568034.0,0.0,0.0,2026-04
2026-04-30,CEA19-20,74.0,74.0,74.0,74.0,0.0,0.0,0.0,0.0,0.0,0.0,0.0,0.0,0.0,2026-04
2026-04-30,CEA21,74.52,74.52,74.52,74.52,0.0,0.0,0.0,0.0,0.0,0.0,0.0,0.0,0.0,2026-04
2026-04-30,CEA22,76.39,76.39,76.39,76.39,0.0,0.0,0.0,0.0,0.0,0.0,0.0,0.0,0.0,2026-04
2026-04-30,CEA23,81.0,81.0,81.0,81.0,0.0,0.0,0.0,0.0,0.0,0.0,0.0,0.0,0.0,2026-04
2026-04-30,CEA24,81.0,81.0,81.0,81.0,0.0,0.0,0.0,0.0,0.0,0.0,0.0,0.0,0.0,2026-04
2026-04-30,CEA25,79.5,80.0,79.3,79.5,0.77,232000.0,18194500.0,132000.0,10494500.0,100000.0,7700000.0,0.0,0.0,2026-04
2026-05-06,CEA19-20,74.0,74.0,74.0,74.0,0.0,0.0,0.0,0.0,0.0,0.0,0.0,0.0,0.0,2026-05
2026-05-06,CEA21,74.52,74.52,74.52,74.52,0.0,0.0,0.0,0.0,0.0,0.0,0.0,0.0,0.0,2026-05
2026-05-06,CEA22,76.39,76.39,76.39,76.39,0.0,0.0,0.0,0.0,0.0,0.0,0.0,0.0,0.0,2026-05
2026-05-06,CEA23,81.0,81.0,81.0,81.0,0.0,0.0,0.0,0.0,0.0,0.0,0.0,0.0,0.0,2026-05
2026-05-06,CEA24,81.0,81.0,81.0,81.0,0.0,0.0,0.0,0.0,0.0,0.0,0.0,0.0,0.0,2026-05
2026-05-06,CEA25,80.0,80.5,80.0,80.01,0.64,57500.0,4600500.0,57500.0,4600500.0,0.0,0.0,0.0,0.0,2026-05
2026-05-07,CEA19-20,74.0,74.0,74.0,74.0,0.0,0.0,0.0,0.0,0.0,0.0,0.0,0.0,0.0,2026-05
2026-05-07,CEA21,74.52,74.52,74.52,74.52,0.0,0.0,0.0,0.0,0.0,0.0,0.0,0.0,0.0,2026-05
2026-05-07,CEA22,76.39,76.39,76.39,76.39,0.0,0.0,0.0,0.0,0.0,0.0,0.0,0.0,0.0,2026-05
2026-05-07,CEA23,81.0,81.0,81.0,81.0,0.0,0.0,0.0,0.0,0.0,0.0,0.0,0.0,0.0,2026-05
2026-05-07,CEA24,81.0,81.0,81.0,81.0,0.0,0.0,0.0,0.0,0.0,0.0,0.0,0.0,0.0,2026-05
2026-05-07,CEA25,80.0,80.0,80.0,80.0,0.01,466000.0,36429000.0,36000.0,2880000.0,430000.0,33549000.0,0.0,0.0,2026-05
2026-05-08,CEA19-20,74.0,74.0,74.0,74.0,0.0,0.0,0.0,0.0,0.0,0.0,0.0,0.0,0.0,2026-05
2026-05-08,CEA21,74.52,74.52,74.52,74.52,0.0,0.0,0.0,0.0,0.0,0.0,0.0,0.0,0.0,2026-05
2026-05-08,CEA22,76.39,76.39,76.39,76.39,0.0,0.0,0.0,0.0,0.0,0.0,0.0,0.0,0.0,2026-05
2026-05-08,CEA23,81.0,81.0,81.0,81.0,0.0,0.0,0.0,0.0,0.0,0.0,0.0,0.0,0.0,2026-05
2026-05-08,CEA24,81.0,81.0,81.0,81.0,0.0,0.0,0.0,0.0,0.0,0.0,0.0,0.0,0.0,2026-05
2026-05-08,CEA25,79.9,80.8,79.9,80.06,0.08,681400.0,52897170.0,81400.0,6517170.0,600000.0,46380000.0,0.0,0.0,2026-05
2026-05-11,CEA19-20,74.0,74.0,74.0,74.0,0.0,0.0,0.0,0.0,0.0,0.0,0.0,0.0,0.0,2026-05
2026-05-11,CEA21,74.52,74.52,74.52,74.52,0.0,0.0,0.0,0.0,0.0,0.0,0.0,0.0,0.0,2026-05
2026-05-11,CEA22,76.39,76.39,76.39,76.39,0.0,0.0,0.0,0.0,0.0,0.0,0.0,0.0,0.0,2026-05
2026-05-11,CEA23,81.0,81.0,81.0,81.0,0.0,0.0,0.0,0.0,0.0,0.0,0.0,0.0,0.0,2026-05
2026-05-11,CEA24,81.0,81.0,81.0,81.0,0.0,0.0,0.0,0.0,0.0,0.0,0.0,0.0,0.0,2026-05
2026-05-11,CEA25,80.1,81.5,80.1,81.06,1.25,539200.0,41820450.0,239200.0,19390450.0,300000.0,22430000.0,0.0,0.0,2026-05
2026-05-12,CEA19-20,74.0,74.0,74.0,74.0,0.0,0.0,0.0,0.0,0.0,0.0,0.0,0.0,0.0,2026-05
2026-05-12,CEA21,74.52,74.52,74.52,74.52,0.0,0.0,0.0,0.0,0.0,0.0,0.0,0.0,0.0,2026-05
2026-05-12,CEA22,76.39,76.39,76.39,76.39,0.0,0.0,0.0,0.0,0.0,0.0,0.0,0.0,0.0,2026-05
2026-05-12,CEA23,81.0,81.0,81.0,81.0,0.0,0.0,0.0,0.0,0.0,0.0,0.0,0.0,0.0,2026-05
2026-05-12,CEA24,81.0,81.0,81.0,81.0,0.0,0.0,0.0,0.0,0.0,0.0,0.0,0.0,0.0,2026-05
2026-05-12,CEA25,81.5,82.5,81.5,82.1,1.28,619167.0,50683344.0,219167.0,17993344.0,400000.0,32690000.0,0.0,0.0,2026-05
2026-05-13,CEA19-20,74.0,74.0,74.0,74.0,0.0,0.0,0.0,0.0,0.0,0.0,0.0,0.0,0.0,2026-05
2026-05-13,CEA21,74.52,74.52,74.52,74.52,0.0,0.0,0.0,0.0,0.0,0.0,0.0,0.0,0.0,2026-05
2026-05-13,CEA22,76.39,76.39,76.39,76.39,0.0,0.0,0.0,0.0,0.0,0.0,0.0,0.0,0.0,2026-05
2026-05-13,CEA23,81.0,81.0,81.0,81.0,0.0,0.0,0.0,0.0,0.0,0.0,0.0,0.0,0.0,2026-05
2026-05-13,CEA24,81.0,81.0,81.0,81.0,0.0,0.0,0.0,0.0,0.0,0.0,0.0,0.0,0.0,2026-05
2026-05-13,CEA25,73.89,83.5,73.89,82.56,0.56,571189.0,47331237.0,221189.0,18261237.0,350000.0,29070000.0,0.0,0.0,2026-05
2026-05-14,CEA19-20,74.0,74.0,74.0,74.0,0.0,0.0,0.0,0.0,0.0,0.0,0.0,0.0,0.0,2026-05
2026-05-14,CEA21,74.52,74.52,74.52,74.52,0.0,0.0,0.0,0.0,0.0,0.0,0.0,0.0,0.0,2026-05
2026-05-14,CEA22,76.39,76.39,76.39,76.39,0.0,0.0,0.0,0.0,0.0,0.0,0.0,0.0,0.0,2026-05
2026-05-14,CEA23,81.0,81.0,81.0,81.0,0.0,0.0,0.0,0.0,0.0,0.0,0.0,0.0,0.0,2026-05
2026-05-14,CEA24,81.0,81.0,81.0,81.0,0.0,0.0,0.0,0.0,0.0,0.0,0.0,0.0,0.0,2026-05
2026-05-14,CEA25,84.0,85.0,82.7,83.95,1.68,477715.0,36946148.0,142000.0,11920190.0,335715.0,25025957.7,0.0,0.0,2026-05
2026-05-15,CEA19-20,74.0,74.0,74.0,74.0,0.0,0.0,0.0,0.0,0.0,0.0,0.0,0.0,0.0,2026-05
2026-05-15,CEA21,74.52,74.52,74.52,74.52,0.0,0.0,0.0,0.0,0.0,0.0,0.0,0.0,0.0,2026-05
2026-05-15,CEA22,76.39,76.39,76.39,76.39,0.0,0.0,0.0,0.0,0.0,0.0,0.0,0.0,0.0,2026-05
2026-05-15,CEA23,81.0,81.0,81.0,81.0,0.0,0.0,0.0,0.0,0.0,0.0,0.0,0.0,0.0,2026-05
2026-05-15,CEA24,81.0,81.0,81.0,81.0,0.0,0.0,0.0,0.0,0.0,0.0,0.0,0.0,0.0,2026-05
2026-05-15,CEA25,85.0,85.01,84.0,84.91,1.14,805165.0,65569115.0,405165.0,34401115.0,400000.0,31168000.0,0.0,0.0,2026-05
2026-05-18,CEA19-20,74.0,74.0,74.0,74.0,0.0,0.0,0.0,0.0,0.0,0.0,0.0,0.0,0.0,2026-05
2026-05-18,CEA21,74.52,74.52,74.52,74.52,0.0,0.0,0.0,0.0,0.0,0.0,0.0,0.0,0.0,2026-05
2026-05-18,CEA22,76.39,76.39,76.39,76.39,0.0,0.0,0.0,0.0,0.0,0.0,0.0,0.0,0.0,2026-05
2026-05-18,CEA23,81.0,81.0,81.0,81.0,0.0,0.0,0.0,0.0,0.0,0.0,0.0,0.0,0.0,2026-05
2026-05-18,CEA24,81.0,81.0,81.0,81.0,0.0,0.0,0.0,0.0,0.0,0.0,0.0,0.0,0.0,2026-05
2026-05-18,CEA25,84.4,84.4,82.1,84.08,0.98,156510.0,13101464.0,56510.0,4751464.0,100000.0,8350000.0,0.0,0.0,2026-05
2026-05-19,CEA19-20,74.0,74.0,74.0,74.0,0.0,0.0,0.0,0.0,0.0,0.0,0.0,0.0,0.0,2026-05
2026-05-19,CEA21,74.52,74.52,74.52,74.52,0.0,0.0,0.0,0.0,0.0,0.0,0.0,0.0,0.0,2026-05
2026-05-19,CEA22,76.39,76.39,76.39,76.39,0.0,0.0,0.0,0.0,0.0,0.0,0.0,0.0,0.0,2026-05
2026-05-19,CEA23,81.0,81.0,81.0,81.0,0.0,0.0,0.0,0.0,0.0,0.0,0.0,0.0,0.0,2026-05
2026-05-19,CEA24,81.0,81.0,81.0,81.0,0.0,0.0,0.0,0.0,0.0,0.0,0.0,0.0,0.0,2026-05
2026-05-19,CEA25,84.99,85.0,82.0,82.64,1.71,770348.0,64324374.0,220348.0,18209374.0,550000.0,46115000.0,0.0,0.0,2026-05
2026-05-20,CEA19-20,74.0,74.0,74.0,74.0,0.0,0.0,0.0,0.0,0.0,0.0,0.0,0.0,0.0,2026-05
2026-05-20,CEA21,74.52,74.52,74.52,74.52,0.0,0.0,0.0,0.0,0.0,0.0,0.0,0.0,0.0,2026-05
2026-05-20,CEA22,76.39,76.39,76.39,76.39,0.0,0.0,0.0,0.0,0.0,0.0,0.0,0.0,0.0,2026-05
2026-05-20,CEA23,81.0,81.0,81.0,81.0,0.0,0.0,0.0,0.0,0.0,0.0,0.0,0.0,0.0,2026-05
2026-05-20,CEA24,81.0,81.0,81.0,81.0,0.0,0.0,0.0,0.0,0.0,0.0,0.0,0.0,0.0,2026-05
2026-05-20,CEA25,82.1,82.1,81.6,81.7,1.14,320000.0,26103500.0,120000.0,9803500.0,200000.0,16300000.0,0.0,0.0,2026-05
2026-05-21,CEA19-20,74.0,74.0,74.0,74.0,0.0,0.0,0.0,0.0,0.0,0.0,0.0,0.0,0.0,2026-05
2026-05-21,CEA21,74.52,74.52,74.52,74.52,0.0,0.0,0.0,0.0,0.0,0.0,0.0,0.0,0.0,2026-05
2026-05-21,CEA22,76.39,76.39,76.39,76.39,0.0,0.0,0.0,0.0,0.0,0.0,0.0,0.0,0.0,2026-05
2026-05-21,CEA23,81.0,81.0,81.0,81.0,0.0,0.0,0.0,0.0,0.0,0.0,0.0,0.0,0.0,2026-05
2026-05-21,CEA24,81.0,81.0,81.0,81.0,0.0,0.0,0.0,0.0,0.0,0.0,0.0,0.0,0.0,2026-05
2026-05-21,CEA25,81.0,81.15,80.15,80.43,1.55,858904.0,67489129.0,310104.0,24942779.2,548800.0,42546350.0,0.0,0.0,2026-05
2026-05-22,CEA19-20,74.0,74.0,74.0,74.0,0.0,0.0,0.0,0.0,0.0,0.0,0.0,0.0,0.0,2026-05
2026-05-22,CEA21,74.52,74.52,74.52,74.52,0.0,0.0,0.0,0.0,0.0,0.0,0.0,0.0,0.0,2026-05
2026-05-22,CEA22,76.39,76.39,76.39,76.39,0.0,0.0,0.0,0.0,0.0,0.0,0.0,0.0,0.0,2026-05
2026-05-22,CEA23,81.0,81.0,81.0,81.0,0.0,0.0,0.0,0.0,0.0,0.0,0.0,0.0,0.0,2026-05
2026-05-22,CEA24,81.0,81.0,81.0,81.0,0.0,0.0,0.0,0.0,0.0,0.0,0.0,0.0,0.0,2026-05
2026-05-22,CEA25,80.12,81.0,80.1,80.16,0.34,861500.0,68825530.0,160500.0,12865100.0,700000.0,55880000.0,1000.0,80430.0,2026-05
2026-05-25,CEA19-20,74.0,74.0,74.0,74.0,0.0,0.0,0.0,0.0,0.0,0.0,0.0,0.0,0.0,2026-05
2026-05-25,CEA21,74.52,74.52,74.52,74.52,0.0,0.0,0.0,0.0,0.0,0.0,0.0,0.0,0.0,2026-05
2026-05-25,CEA22,76.39,76.39,76.39,76.39,0.0,0.0,0.0,0.0,0.0,0.0,0.0,0.0,0.0,2026-05
2026-05-25,CEA23,81.0,81.0,81.0,81.0,0.0,0.0,0.0,0.0,0.0,0.0,0.0,0.0,0.0,2026-05
2026-05-25,CEA24,81.0,81.0,81.0,81.0,0.0,0.0,0.0,0.0,0.0,0.0,0.0,0.0,0.0,2026-05
2026-05-25,CEA25,80.1,80.5,80.0,80.09,0.09,291100.0,23576056.0,91100.0,7296056.0,200000.0,16280000.0,0.0,0.0,2026-05
2026-05-26,CEA19-20,74.0,74.0,74.0,74.0,0.0,0.0,0.0,0.0,0.0,0.0,0.0,0.0,0.0,2026-05
2026-05-26,CEA21,74.52,74.52,74.52,74.52,0.0,0.0,0.0,0.0,0.0,0.0,0.0,0.0,0.0,2026-05
2026-05-26,CEA22,76.39,76.39,76.39,76.39,0.0,0.0,0.0,0.0,0.0,0.0,0.0,0.0,0.0,2026-05
2026-05-26,CEA23,81.0,81.0,81.0,81.0,0.0,0.0,0.0,0.0,0.0,0.0,0.0,0.0,0.0,2026-05
2026-05-26,CEA24,81.0,81.0,81.0,81.0,0.0,0.0,0.0,0.0,0.0,0.0,0.0,0.0,0.0,2026-05
2026-05-26,CEA25,79.5,80.2,79.5,80.01,0.1,718840.0,57360780.0,268840.0,21510780.4,450000.0,35850000.0,0.0,0.0,2026-05
2026-05-27,CEA19-20,74.0,74.0,74.0,74.0,0.0,0.0,0.0,0.0,0.0,0.0,0.0,0.0,0.0,2026-05
2026-05-27,CEA21,74.52,74.52,74.52,74.52,0.0,0.0,0.0,0.0,0.0,0.0,0.0,0.0,0.0,2026-05
2026-05-27,CEA22,76.39,76.39,76.39,76.39,0.0,0.0,0.0,0.0,0.0,0.0,0.0,0.0,0.0,2026-05
2026-05-27,CEA23,81.0,81.0,81.0,81.0,0.0,0.0,0.0,0.0,0.0,0.0,0.0,0.0,0.0,2026-05
2026-05-27,CEA24,81.0,81.0,81.0,81.0,0.0,0.0,0.0,0.0,0.0,0.0,0.0,0.0,0.0,2026-05
2026-05-27,CEA25,79.5,81.0,79.5,80.3,0.36,1314524.0,101984984.0,364524.0,29270984.0,950000.0,72714000.0,0.0,0.0,2026-05
2026-05-28,CEA19-20,74.0,74.0,74.0,74.0,0.0,0.0,0.0,0.0,0.0,0.0,0.0,0.0,0.0,2026-05
2026-05-28,CEA21,74.52,74.52,74.52,74.52,0.0,0.0,0.0,0.0,0.0,0.0,0.0,0.0,0.0,2026-05
2026-05-28,CEA22,76.39,76.39,76.39,76.39,0.0,0.0,0.0,0.0,0.0,0.0,0.0,0.0,0.0,2026-05
2026-05-28,CEA23,81.0,81.0,81.0,81.0,0.0,0.0,0.0,0.0,0.0,0.0,0.0,0.0,0.0,2026-05
2026-05-28,CEA24,81.0,81.0,81.0,81.0,0.0,0.0,0.0,0.0,0.0,0.0,0.0,0.0,0.0,2026-05
2026-05-28,CEA25,79.5,81.0,79.5,80.3,0.0,1314524.0,101984984.0,364524.0,29270984.0,950000.0,72714000.0,0.0,0.0,2026-05
2026-05-29,CEA19-20,74.0,74.0,74.0,74.0,0.0,0.0,0.0,0.0,0.0,0.0,0.0,0.0,0.0,2026-05
2026-05-29,CEA21,74.52,74.52,74.52,74.52,0.0,0.0,0.0,0.0,0.0,0.0,0.0,0.0,0.0,2026-05
2026-05-29,CEA22,76.39,76.39,76.39,76.39,0.0,0.0,0.0,0.0,0.0,0.0,0.0,0.0,0.0,2026-05
2026-05-29,CEA23,81.0,81.0,81.0,81.0,0.0,0.0,0.0,0.0,0.0,0.0,0.0,0.0,0.0,2026-05
2026-05-29,CEA24,81.0,81.0,81.0,81.0,0.0,0.0,0.0,0.0,0.0,0.0,0.0,0.0,0.0,2026-05
2026-05-29,CEA25,80.3,83.0,80.3,80.77,0.59,941184.0,74444567.0,411988.0,33274691.35,529196.0,41169876.0,0.0,0.0,2026-05
2026-06-01,CEA19-20,74.0,74.0,74.0,74.0,0.0,0.0,0.0,0.0,0.0,0.0,0.0,0.0,0.0,2026-06
2026-06-01,CEA21,74.52,74.52,74.52,74.52,0.0,0.0,0.0,0.0,0.0,0.0,0.0,0.0,0.0,2026-06
2026-06-01,CEA22,76.39,76.39,76.39,76.39,0.0,0.0,0.0,0.0,0.0,0.0,0.0,0.0,0.0,2026-06
2026-06-01,CEA23,81.0,81.0,81.0,81.0,0.0,0.0,0.0,0.0,0.0,0.0,0.0,0.0,0.0,2026-06
2026-06-01,CEA24,81.0,81.0,81.0,81.0,0.0,0.0,0.0,0.0,0.0,0.0,0.0,0.0,0.0,2026-06
2026-06-01,CEA25,82.5,82.5,81.1,82.01,1.54,695250.0,49128925.0,195250.0,16012925.0,500000.0,33116000.0,0.0,0.0,2026-06
2026-06-02,CEA19-20,74.0,74.0,74.0,74.0,0.0,0.0,0.0,0.0,0.0,0.0,0.0,0.0,0.0,2026-06
2026-06-02,CEA21,74.52,74.52,74.52,74.52,0.0,0.0,0.0,0.0,0.0,0.0,0.0,0.0,0.0,2026-06
2026-06-02,CEA22,76.39,76.39,76.39,76.39,0.0,0.0,0.0,0.0,0.0,0.0,0.0,0.0,0.0,2026-06
2026-06-02,CEA23,81.0,81.0,81.0,81.0,0.0,0.0,0.0,0.0,0.0,0.0,0.0,0.0,0.0,2026-06
2026-06-02,CEA24,81.0,81.0,81.0,81.0,0.0,0.0,0.0,0.0,0.0,0.0,0.0,0.0,0.0,2026-06
2026-06-02,CEA25,81.5,82.1,81.5,81.84,0.21,695290.0,56502180.0,195290.0,15982180.0,500000.0,40520000.0,0.0,0.0,2026-06
2026-06-03,CEA19-20,74.0,74.0,74.0,74.0,0.0,0.0,0.0,0.0,0.0,0.0,0.0,0.0,0.0,2026-06
2026-06-03,CEA21,74.52,74.52,74.52,74.52,0.0,0.0,0.0,0.0,0.0,0.0,0.0,0.0,0.0,2026-06
2026-06-03,CEA22,76.39,76.39,76.39,76.39,0.0,0.0,0.0,0.0,0.0,0.0,0.0,0.0,0.0,2026-06
2026-06-03,CEA23,81.0,81.0,81.0,81.0,0.0,0.0,0.0,0.0,0.0,0.0,0.0,0.0,0.0,2026-06
2026-06-03,CEA24,81.0,81.0,81.0,81.0,0.0,0.0,0.0,0.0,0.0,0.0,0.0,0.0,0.0,2026-06
2026-06-03,CEA25,82.0,82.0,81.51,81.97,0.16,317290.0,24931200.0,107290.0,8794800.0,210000.0,16136400.0,0.0,0.0,2026-06
2026-06-04,CEA19-20,74.0,74.0,74.0,74.0,0.0,0.0,0.0,0.0,0.0,0.0,0.0,0.0,0.0,2026-06
2026-06-04,CEA21,74.52,74.52,74.52,74.52,0.0,0.0,0.0,0.0,0.0,0.0,0.0,0.0,0.0,2026-06
2026-06-04,CEA22,76.39,76.39,76.39,76.39,0.0,0.0,0.0,0.0,0.0,0.0,0.0,0.0,0.0,2026-06
2026-06-04,CEA23,81.0,81.0,81.0,81.0,0.0,0.0,0.0,0.0,0.0,0.0,0.0,0.0,0.0,2026-06
2026-06-04,CEA24,81.0,81.0,81.0,81.0,0.0,0.0,0.0,0.0,0.0,0.0,0.0,0.0,0.0,2026-06
2026-06-04,CEA25,82.1,82.1,82.0,82.03,0.07,418962.0,34303333.0,118962.0,9758333.0,300000.0,24545000.0,0.0,0.0,2026-06
2026-06-05,CEA19-20,74.0,74.0,74.0,74.0,0.0,0.0,0.0,0.0,0.0,0.0,0.0,0.0,0.0,2026-06
2026-06-05,CEA21,74.52,74.52,74.52,74.52,0.0,0.0,0.0,0.0,0.0,0.0,0.0,0.0,0.0,2026-06
2026-06-05,CEA22,76.39,76.39,76.39,76.39,0.0,0.0,0.0,0.0,0.0,0.0,0.0,0.0,0.0,2026-06
2026-06-05,CEA23,81.0,81.0,81.0,81.0,0.0,0.0,0.0,0.0,0.0,0.0,0.0,0.0,0.0,2026-06
2026-06-05,CEA24,81.0,81.0,81.0,81.0,0.0,0.0,0.0,0.0,0.0,0.0,0.0,0.0,0.0,2026-06
2026-06-05,CEA25,85.5,85.5,82.01,82.87,1.02,296000.0,24455300.0,96000.0,7955300.0,200000.0,16500000.0,0.0,0.0,2026-06
2026-06-08,CEA19-20,74.0,74.0,74.0,74.0,0.0,0.0,0.0,0.0,0.0,0.0,0.0,0.0,0.0,2026-06
2026-06-08,CEA21,74.52,74.52,74.52,74.52,0.0,0.0,0.0,0.0,0.0,0.0,0.0,0.0,0.0,2026-06
2026-06-08,CEA22,76.39,76.39,76.39,76.39,0.0,0.0,0.0,0.0,0.0,0.0,0.0,0.0,0.0,2026-06
2026-06-08,CEA23,81.0,81.0,81.0,81.0,0.0,0.0,0.0,0.0,0.0,0.0,0.0,0.0,0.0,2026-06
2026-06-08,CEA24,81.0,81.0,81.0,81.0,0.0,0.0,0.0,0.0,0.0,0.0,0.0,0.0,0.0,2026-06
2026-06-08,CEA25,82.2,82.3,82.2,82.25,0.75,375512.0,30659038.0,75512.0,6211037.6,300000.0,24448000.0,0.0,0.0,2026-06
2026-06-09,CEA19-20,74.0,74.0,74.0,74.0,0.0,0.0,0.0,0.0,0.0,0.0,0.0,0.0,0.0,2026-06
2026-06-09,CEA21,74.52,74.52,74.52,74.52,0.0,0.0,0.0,0.0,0.0,0.0,0.0,0.0,0.0,2026-06
2026-06-09,CEA22,76.39,76.39,76.39,76.39,0.0,0.0,0.0,0.0,0.0,0.0,0.0,0.0,0.0,2026-06
2026-06-09,CEA23,81.0,81.0,81.0,81.0,0.0,0.0,0.0,0.0,0.0,0.0,0.0,0.0,0.0,2026-06
2026-06-09,CEA24,81.0,81.0,81.0,81.0,0.0,0.0,0.0,0.0,0.0,0.0,0.0,0.0,0.0,2026-06
2026-06-09,CEA25,82.5,82.5,82.0,82.3,0.06,135681.0,11166778.0,135681.0,11166777.5,0.0,0.0,0.0,0.0,2026-06
2026-06-10,CEA19-20,74.0,74.0,74.0,74.0,0.0,0.0,0.0,0.0,0.0,0.0,0.0,0.0,0.0,2026-06
2026-06-10,CEA21,74.52,74.52,74.52,74.52,0.0,0.0,0.0,0.0,0.0,0.0,0.0,0.0,0.0,2026-06
2026-06-10,CEA22,76.39,76.39,76.39,76.39,0.0,0.0,0.0,0.0,0.0,0.0,0.0,0.0,0.0,2026-06
2026-06-10,CEA23,81.0,81.0,81.0,81.0,0.0,0.0,0.0,0.0,0.0,0.0,0.0,0.0,0.0,2026-06
2026-06-10,CEA24,81.0,81.0,81.0,81.0,0.0,0.0,0.0,0.0,0.0,0.0,0.0,0.0,0.0,2026-06
2026-06-10,CEA25,81.6,81.95,81.0,81.64,0.8,861000.0,70174850.0,241000.0,19675650.0,620000.0,50499200.0,0.0,0.0,2026-06
2026-06-11,CEA19-20,74.0,74.0,74.0,74.0,0.0,0.0,0.0,0.0,0.0,0.0,0.0,0.0,0.0,2026-06
2026-06-11,CEA21,74.52,74.52,74.52,74.52,0.0,0.0,0.0,0.0,0.0,0.0,0.0,0.0,0.0,2026-06
2026-06-11,CEA22,76.39,76.39,76.39,76.39,0.0,0.0,0.0,0.0,0.0,0.0,0.0,0.0,0.0,2026-06
2026-06-11,CEA23,81.0,81.0,81.0,81.0,0.0,0.0,0.0,0.0,0.0,0.0,0.0,0.0,0.0,2026-06
2026-06-11,CEA24,81.0,81.0,81.0,81.0,0.0,0.0,0.0,0.0,0.0,0.0,0.0,0.0,0.0,2026-06
2026-06-11,CEA25,81.0,81.8,80.5,81.23,0.5,400917.0,32457152.0,100917.0,8197152.1,300000.0,24260000.0,0.0,0.0,2026-06
2026-06-12,CEA19-20,74.0,74.0,74.0,74.0,0.0,0.0,0.0,0.0,0.0,0.0,0.0,0.0,0.0,2026-06
2026-06-12,CEA21,74.52,74.52,74.52,74.52,0.0,0.0,0.0,0.0,0.0,0.0,0.0,0.0,0.0,2026-06
2026-06-12,CEA22,76.39,76.39,76.39,76.39,0.0,0.0,0.0,0.0,0.0,0.0,0.0,0.0,0.0,2026-06
2026-06-12,CEA23,81.0,81.0,81.0,81.0,0.0,0.0,0.0,0.0,0.0,0.0,0.0,0.0,0.0,2026-06
2026-06-12,CEA24,81.0,81.0,81.0,81.0,0.0,0.0,0.0,0.0,0.0,0.0,0.0,0.0,0.0,2026-06
2026-06-12,CEA25,81.0,81.9,81.0,81.42,0.23,438000.0,35628450.0,238000.0,19378450.0,200000.0,16250000.0,0.0,0.0,2026-06
2026-06-15,CEA19-20,74.0,74.0,74.0,74.0,0.0,0.0,0.0,0.0,0.0,0.0,0.0,0.0,0.0,2026-06
2026-06-15,CEA21,74.52,74.52,74.52,74.52,0.0,0.0,0.0,0.0,0.0,0.0,0.0,0.0,0.0,2026-06
2026-06-15,CEA22,76.39,76.39,76.39,76.39,0.0,0.0,0.0,0.0,0.0,0.0,0.0,0.0,0.0,2026-06
2026-06-15,CEA23,81.0,81.0,81.0,81.0,0.0,0.0,0.0,0.0,0.0,0.0,0.0,0.0,0.0,2026-06
2026-06-15,CEA24,81.0,81.0,81.0,81.0,0.0,0.0,0.0,0.0,0.0,0.0,0.0,0.0,0.0,2026-06
2026-06-15,CEA25,81.0,81.6,81.0,81.45,0.04,397024.0,32197518.0,197024.0,16047518.4,200000.0,16150000.0,0.0,0.0,2026-06
2026-06-16,CEA19-20,74.0,74.0,74.0,74.0,0.0,0.0,0.0,0.0,0.0,0.0,0.0,0.0,0.0,2026-06
2026-06-16,CEA21,74.52,74.52,74.52,74.52,0.0,0.0,0.0,0.0,0.0,0.0,0.0,0.0,0.0,2026-06
2026-06-16,CEA22,76.39,76.39,76.39,76.39,0.0,0.0,0.0,0.0,0.0,0.0,0.0,0.0,0.0,2026-06
2026-06-16,CEA23,81.0,81.0,81.0,81.0,0.0,0.0,0.0,0.0,0.0,0.0,0.0,0.0,0.0,2026-06
2026-06-16,CEA24,81.0,81.0,81.0,81.0,0.0,0.0,0.0,0.0,0.0,0.0,0.0,0.0,0.0,2026-06
2026-06-16,CEA25,82.5,82.5,81.5,81.81,0.44,820650.0,67014665.0,420650.0,34414665.0,400000.0,32600000.0,0.0,0.0,2026-06
2026-06-17,CEA19-20,74.0,74.0,74.0,74.0,0.0,0.0,0.0,0.0,0.0,0.0,0.0,0.0,0.0,2026-06
2026-06-17,CEA21,74.52,74.52,74.52,74.52,0.0,0.0,0.0,0.0,0.0,0.0,0.0,0.0,0.0,2026-06
2026-06-17,CEA22,76.39,76.39,76.39,76.39,0.0,0.0,0.0,0.0,0.0,0.0,0.0,0.0,0.0,2026-06
2026-06-17,CEA23,81.0,81.0,81.0,81.0,0.0,0.0,0.0,0.0,0.0,0.0,0.0,0.0,0.0,2026-06
2026-06-17,CEA24,81.0,81.0,81.0,81.0,0.0,0.0,0.0,0.0,0.0,0.0,0.0,0.0,0.0,2026-06
2026-06-17,CEA25,82.5,82.5,82.0,82.04,0.28,619430.0,50546853.0,219430.0,18001853.0,400000.0,32545000.0,0.0,0.0,2026-06
2026-06-18,CEA19-20,74.0,74.0,74.0,74.0,0.0,0.0,0.0,0.0,0.0,0.0,0.0,0.0,0.0,2026-06
2026-06-18,CEA21,74.52,74.52,74.52,74.52,0.0,0.0,0.0,0.0,0.0,0.0,0.0,0.0,0.0,2026-06
2026-06-18,CEA22,76.39,76.39,76.39,76.39,0.0,0.0,0.0,0.0,0.0,0.0,0.0,0.0,0.0,2026-06
2026-06-18,CEA23,81.0,81.0,81.0,81.0,0.0,0.0,0.0,0.0,0.0,0.0,0.0,0.0,0.0,2026-06
2026-06-18,CEA24,81.0,81.0,81.0,81.0,0.0,0.0,0.0,0.0,0.0,0.0,0.0,0.0,0.0,2026-06
2026-06-18,CEA25,82.5,82.5,82.2,82.34,0.37,550200.0,45227100.0,350200.0,28834100.0,200000.0,16393000.0,0.0,0.0,2026-06
2026-06-22,CEA19-20,74.0,74.0,74.0,74.0,0.0,0.0,0.0,0.0,0.0,0.0,0.0,0.0,0.0,2026-06
2026-06-22,CEA21,74.52,74.52,74.52,74.52,0.0,0.0,0.0,0.0,0.0,0.0,0.0,0.0,0.0,2026-06
2026-06-22,CEA22,76.39,76.39,76.39,76.39,0.0,0.0,0.0,0.0,0.0,0.0,0.0,0.0,0.0,2026-06
2026-06-22,CEA23,81.0,81.0,81.0,81.0,0.0,0.0,0.0,0.0,0.0,0.0,0.0,0.0,0.0,2026-06
2026-06-22,CEA24,81.0,81.0,81.0,81.0,0.0,0.0,0.0,0.0,0.0,0.0,0.0,0.0,0.0,2026-06
2026-06-22,CEA25,81.8,82.26,82.8,82.05,0.35,643000.0,52786300.0,293000.0,24041300.0,350000.0,28745000.0,0.0,0.0,2026-06
2026-06-23,CEA19-20,74.0,74.0,74.0,74.0,0.0,0.0,0.0,0.0,0.0,0.0,0.0,0.0,0.0,2026-06
2026-06-23,CEA21,74.52,74.52,74.52,74.52,0.0,0.0,0.0,0.0,0.0,0.0,0.0,0.0,0.0,2026-06
2026-06-23,CEA22,76.39,76.39,76.39,76.39,0.0,0.0,0.0,0.0,0.0,0.0,0.0,0.0,0.0,2026-06
2026-06-23,CEA23,81.0,81.0,81.0,81.0,0.0,0.0,0.0,0.0,0.0,0.0,0.0,0.0,0.0,2026-06
2026-06-23,CEA24,81.0,81.0,81.0,81.0,0.0,0.0,0.0,0.0,0.0,0.0,0.0,0.0,0.0,2026-06
2026-06-23,CEA25,82.0,83.0,82.0,82.41,0.44,925500.0,73466335.0,505500.0,41658534.8,420000.0,31807800.0,0.0,0.0,2026-06
2026-06-24,CEA19-20,74.0,74.0,74.0,74.0,0.0,0.0,0.0,0.0,0.0,0.0,0.0,0.0,0.0,2026-06
2026-06-24,CEA21,74.52,74.52,74.52,74.52,0.0,0.0,0.0,0.0,0.0,0.0,0.0,0.0,0.0,2026-06
2026-06-24,CEA22,76.39,76.39,76.39,76.39,0.0,0.0,0.0,0.0,0.0,0.0,0.0,0.0,0.0,2026-06
2026-06-24,CEA23,81.0,81.0,81.0,81.0,0.0,0.0,0.0,0.0,0.0,0.0,0.0,0.0,0.0,2026-06
2026-06-24,CEA24,81.0,81.0,81.0,81.0,0.0,0.0,0.0,0.0,0.0,0.0,0.0,0.0,0.0,2026-06
2026-06-24,CEA25,82.5,83.0,82.5,82.68,0.33,761858.0,62102001.0,367858.0,30414000.74,394000.0,31688000.0,0.0,0.0,2026-06
2026-06-25,CEA19-20,74.0,74.0,74.0,74.0,0.0,0.0,0.0,0.0,0.0,0.0,0.0,0.0,0.0,2026-06
2026-06-25,CEA21,74.52,74.52,74.52,74.52,0.0,0.0,0.0,0.0,0.0,0.0,0.0,0.0,0.0,2026-06
2026-06-25,CEA22,76.39,76.39,76.39,76.39,0.0,0.0,0.0,0.0,0.0,0.0,0.0,0.0,0.0,2026-06
2026-06-25,CEA23,81.0,81.0,81.0,81.0,0.0,0.0,0.0,0.0,0.0,0.0,0.0,0.0,0.0,2026-06
2026-06-25,CEA24,81.0,81.0,81.0,81.0,0.0,0.0,0.0,0.0,0.0,0.0,0.0,0.0,0.0,2026-06
2026-06-25,CEA25,83.45,83.45,83.0,83.12,0.53,1423067.0,117723571.0,283067.0,23528571.0,1140000.0,94195000.0,0.0,0.0,2026-06
2026-06-26,CEA19-20,74.0,74.0,74.0,74.0,0.0,0.0,0.0,0.0,0.0,0.0,0.0,0.0,0.0,2026-06
2026-06-26,CEA21,74.52,74.52,74.52,74.52,0.0,0.0,0.0,0.0,0.0,0.0,0.0,0.0,0.0,2026-06
2026-06-26,CEA22,76.39,76.39,76.39,76.39,0.0,0.0,0.0,0.0,0.0,0.0,0.0,0.0,0.0,2026-06
2026-06-26,CEA23,81.0,81.0,81.0,81.0,0.0,0.0,0.0,0.0,0.0,0.0,0.0,0.0,0.0,2026-06
2026-06-26,CEA24,81.0,81.0,81.0,81.0,0.0,0.0,0.0,0.0,0.0,0.0,0.0,0.0,0.0,2026-06
2026-06-26,CEA25,83.0,85.0,83.0,83.11,0.01,1483900.0,120594130.0,533900.0,44372130.0,950000.0,76222000.0,0.0,0.0,2026-06
2026-06-29,CEA19-20,74.0,74.0,74.0,74.0,0.0,0.0,0.0,0.0,0.0,0.0,0.0,0.0,0.0,2026-06
2026-06-29,CEA21,74.52,74.52,74.52,74.52,0.0,0.0,0.0,0.0,0.0,0.0,0.0,0.0,0.0,2026-06
2026-06-29,CEA22,76.39,76.39,76.39,76.39,0.0,0.0,0.0,0.0,0.0,0.0,0.0,0.0,0.0,2026-06
2026-06-29,CEA23,81.0,81.0,81.0,81.0,0.0,0.0,0.0,0.0,0.0,0.0,0.0,0.0,0.0,2026-06
2026-06-29,CEA24,81.0,81.0,81.0,81.0,0.0,0.0,0.0,0.0,0.0,0.0,0.0,0.0,0.0,2026-06
2026-06-29,CEA25,83.0,83.3,83.0,83.14,0.04,481431.0,35269872.0,81431.0,6769872.2,400000.0,28500000.0,0.0,0.0,2026-06
2026-06-30,CEA19-20,74.0,74.0,74.0,74.0,0.0,0.0,0.0,0.0,0.0,0.0,0.0,0.0,0.0,2026-06
2026-06-30,CEA21,74.52,74.52,74.52,74.52,0.0,0.0,0.0,0.0,0.0,0.0,0.0,0.0,0.0,2026-06
2026-06-30,CEA22,76.39,76.39,76.39,76.39,0.0,0.0,0.0,0.0,0.0,0.0,0.0,0.0,0.0,2026-06
2026-06-30,CEA23,81.0,81.0,81.0,81.0,0.0,0.0,0.0,0.0,0.0,0.0,0.0,0.0,0.0,2026-06
2026-06-30,CEA24,81.0,81.0,81.0,81.0,0.0,0.0,0.0,0.0,0.0,0.0,0.0,0.0,0.0,2026-06
2026-06-30,CEA25,83.15,83.6,83.0,83.34,0.24,169500.0,14126800.0,169500.0,14126800.0,0.0,0.0,0.0,0.0,2026-06
2026-07-01,CEA19-20,74.0,74.0,74.0,74.0,0.0,0.0,0.0,0.0,0.0,0.0,0.0,0.0,0.0,2026-07
2026-07-01,CEA21,74.52,74.52,74.52,74.52,0.0,0.0,0.0,0.0,0.0,0.0,0.0,0.0,0.0,2026-07
2026-07-01,CEA22,76.39,76.39,76.39,76.39,0.0,0.0,0.0,0.0,0.0,0.0,0.0,0.0,0.0,2026-07
2026-07-01,CEA23,81.0,81.0,81.0,81.0,0.0,0.0,0.0,0.0,0.0,0.0,0.0,0.0,0.0,2026-07
2026-07-01,CEA24,81.0,81.0,81.0,81.0,0.0,0.0,0.0,0.0,0.0,0.0,0.0,0.0,0.0,2026-07
2026-07-01,CEA25,83.55,84.2,83.55,83.9,0.67,206500.0,16941575.0,56500.0,4740575.0,150000.0,12201000.0,0.0,0.0,2026-07
2026-07-02,CEA19-20,74.0,74.0,74.0,74.0,0.0,0.0,0.0,0.0,0.0,0.0,0.0,0.0,0.0,2026-07
2026-07-02,CEA21,74.52,74.52,74.52,74.52,0.0,0.0,0.0,0.0,0.0,0.0,0.0,0.0,0.0,2026-07
2026-07-02,CEA22,76.39,76.39,76.39,76.39,0.0,0.0,0.0,0.0,0.0,0.0,0.0,0.0,0.0,2026-07
2026-07-02,CEA23,81.0,81.0,81.0,81.0,0.0,0.0,0.0,0.0,0.0,0.0,0.0,0.0,0.0,2026-07
2026-07-02,CEA24,81.0,81.0,81.0,81.0,0.0,0.0,0.0,0.0,0.0,0.0,0.0,0.0,0.0,2026-07
2026-07-02,CEA25,84.01,85.0,84.01,84.82,1.1,645900.0,52295754.0,145900.0,12375754.0,500000.0,39920000.0,0.0,0.0,2026-07
2026-07-03,CEA19-20,74.0,74.0,74.0,74.0,0.0,0.0,0.0,0.0,0.0,0.0,0.0,0.0,0.0,2026-07
2026-07-03,CEA21,74.52,74.52,74.52,74.52,0.0,0.0,0.0,0.0,0.0,0.0,0.0,0.0,0.0,2026-07
2026-07-03,CEA22,76.39,76.39,76.39,76.39,0.0,0.0,0.0,0.0,0.0,0.0,0.0,0.0,0.0,2026-07
2026-07-03,CEA23,81.0,81.0,81.0,81.0,0.0,0.0,0.0,0.0,0.0,0.0,0.0,0.0,0.0,2026-07
2026-07-03,CEA24,81.0,81.0,81.0,81.0,0.0,0.0,0.0,0.0,0.0,0.0,0.0,0.0,0.0,2026-07
2026-07-03,CEA25,85.3,86.0,85.3,85.72,1.06,775657.0,53718076.0,95700.0,8203630.0,679957.0,45514445.8,0.0,0.0,2026-07
2026-07-06,CEA19-20,74.0,74.0,74.0,74.0,0.0,0.0,0.0,0.0,0.0,0.0,0.0,0.0,0.0,2026-07
2026-07-06,CEA21,74.52,74.52,74.52,74.52,0.0,0.0,0.0,0.0,0.0,0.0,0.0,0.0,0.0,2026-07
2026-07-06,CEA22,76.39,76.39,76.39,76.39,0.0,0.0,0.0,0.0,0.0,0.0,0.0,0.0,0.0,2026-07
2026-07-06,CEA23,81.0,81.0,81.0,81.0,0.0,0.0,0.0,0.0,0.0,0.0,0.0,0.0,0.0,2026-07
2026-07-06,CEA24,81.0,81.0,81.0,81.0,0.0,0.0,0.0,0.0,0.0,0.0,0.0,0.0,0.0,2026-07
2026-07-06,CEA25,85.9,86.5,85.9,86.22,0.58,455119.0,38952027.0,155119.0,13374026.7,300000.0,25578000.0,0.0,0.0,2026-07
2026-07-07,CEA19-20,74.0,74.0,74.0,74.0,0.0,0.0,0.0,0.0,0.0,0.0,0.0,0.0,0.0,2026-07
2026-07-07,CEA21,74.52,74.52,74.52,74.52,0.0,0.0,0.0,0.0,0.0,0.0,0.0,0.0,0.0,2026-07
2026-07-07,CEA22,76.39,76.39,76.39,76.39,0.0,0.0,0.0,0.0,0.0,0.0,0.0,0.0,0.0,2026-07
2026-07-07,CEA23,81.0,81.0,81.0,81.0,0.0,0.0,0.0,0.0,0.0,0.0,0.0,0.0,0.0,2026-07
2026-07-07,CEA24,81.0,81.0,81.0,81.0,0.0,0.0,0.0,0.0,0.0,0.0,0.0,0.0,0.0,2026-07
2026-07-07,CEA25,86.48,86.5,86.2,86.36,0.16,726159.0,62454358.0,106159.0,9168358.19,620000.0,53286000.0,0.0,0.0,2026-07
2026-07-08,CEA19-20,74.0,74.0,74.0,74.0,0.0,0.0,0.0,0.0,0.0,0.0,0.0,0.0,0.0,2026-07
2026-07-08,CEA21,74.52,74.52,74.52,74.52,0.0,0.0,0.0,0.0,0.0,0.0,0.0,0.0,0.0,2026-07
2026-07-08,CEA22,76.39,76.39,76.39,76.39,0.0,0.0,0.0,0.0,0.0,0.0,0.0,0.0,0.0,2026-07
2026-07-08,CEA23,81.0,81.0,81.0,81.0,0.0,0.0,0.0,0.0,0.0,0.0,0.0,0.0,0.0,2026-07
2026-07-08,CEA24,81.0,81.0,81.0,81.0,0.0,0.0,0.0,0.0,0.0,0.0,0.0,0.0,0.0,2026-07
2026-07-08,CEA25,86.36,86.5,86.0,86.24,0.14,1079415.0,92880183.0,399415.0,34445582.78,680000.0,58434600.0,0.0,0.0,2026-07
2026-07-09,CEA19-20,74.0,74.0,74.0,74.0,0.0,0.0,0.0,0.0,0.0,0.0,0.0,0.0,0.0,2026-07
2026-07-09,CEA21,74.52,74.52,74.52,74.52,0.0,0.0,0.0,0.0,0.0,0.0,0.0,0.0,0.0,2026-07
2026-07-09,CEA22,76.39,76.39,76.39,76.39,0.0,0.0,0.0,0.0,0.0,0.0,0.0,0.0,0.0,2026-07
2026-07-09,CEA23,81.0,81.0,81.0,81.0,0.0,0.0,0.0,0.0,0.0,0.0,0.0,0.0,0.0,2026-07
2026-07-09,CEA24,81.0,81.0,81.0,81.0,0.0,0.0,0.0,0.0,0.0,0.0,0.0,0.0,0.0,2026-07
2026-07-09,CEA25,86.25,86.25,86.1,86.21,0.03,883700.0,73995500.0,283700.0,24457500.0,600000.0,49538000.0,0.0,0.0,2026-07
2026-07-10,CEA19-20,74.0,74.0,74.0,74.0,0.0,0.0,0.0,0.0,0.0,0.0,0.0,0.0,0.0,2026-07
2026-07-10,CEA21,74.52,74.52,74.52,74.52,0.0,0.0,0.0,0.0,0.0,0.0,0.0,0.0,0.0,2026-07
2026-07-10,CEA22,76.39,76.39,76.39,76.39,0.0,0.0,0.0,0.0,0.0,0.0,0.0,0.0,0.0,2026-07
2026-07-10,CEA23,81.0,81.0,81.0,81.0,0.0,0.0,0.0,0.0,0.0,0.0,0.0,0.0,0.0,2026-07
2026-07-10,CEA24,81.0,81.0,81.0,81.0,0.0,0.0,0.0,0.0,0.0,0.0,0.0,0.0,0.0,2026-07
2026-07-10,CEA25,86.5,87.25,86.5,86.95,0.86,601176.0,52040438.0,292176.0,25405638.0,309000.0,26634800.0,0.0,0.0,2026-07
2026-07-13,CEA19-20,74.0,74.0,74.0,74.0,0.0,0.0,0.0,0.0,0.0,0.0,0.0,0.0,0.0,2026-07
2026-07-13,CEA21,74.52,74.52,74.52,74.52,0.0,0.0,0.0,0.0,0.0,0.0,0.0,0.0,0.0,2026-07
2026-07-13,CEA22,76.39,76.39,76.39,76.39,0.0,0.0,0.0,0.0,0.0,0.0,0.0,0.0,0.0,2026-07
2026-07-13,CEA23,81.0,81.0,81.0,81.0,0.0,0.0,0.0,0.0,0.0,0.0,0.0,0.0,0.0,2026-07
2026-07-13,CEA24,81.0,81.0,81.0,81.0,0.0,0.0,0.0,0.0,0.0,0.0,0.0,0.0,0.0,2026-07
2026-07-13,CEA25,87.0,87.8,87.0,87.42,0.54,242100.0,21202205.0,142100.0,12422205.0,100000.0,8780000.0,0.0,0.0,2026-07
2026-07-14,CEA19-20,74.0,74.0,74.0,74.0,0.0,0.0,0.0,0.0,0.0,0.0,0.0,0.0,0.0,2026-07
2026-07-14,CEA21,74.52,74.52,74.52,74.52,0.0,0.0,0.0,0.0,0.0,0.0,0.0,0.0,0.0,2026-07
2026-07-14,CEA22,76.39,76.39,76.39,76.39,0.0,0.0,0.0,0.0,0.0,0.0,0.0,0.0,0.0,2026-07
2026-07-14,CEA23,81.0,81.0,81.0,81.0,0.0,0.0,0.0,0.0,0.0,0.0,0.0,0.0,0.0,2026-07
2026-07-14,CEA24,81.0,81.0,81.0,81.0,0.0,0.0,0.0,0.0,0.0,0.0,0.0,0.0,0.0,2026-07
2026-07-14,CEA25,87.6,88.5,87.6,87.89,0.54,816820.0,71361149.0,266310.0,23407100.0,550510.0,47954048.5,0.0,0.0,2026-07
2026-07-15,CEA19-20,74.0,74.0,74.0,74.0,0.0,0.0,0.0,0.0,0.0,0.0,0.0,0.0,0.0,2026-07
2026-07-15,CEA21,74.52,74.52,74.52,74.52,0.0,0.0,0.0,0.0,0.0,0.0,0.0,0.0,0.0,2026-07
2026-07-15,CEA22,76.39,76.39,76.39,76.39,0.0,0.0,0.0,0.0,0.0,0.0,0.0,0.0,0.0,2026-07
2026-07-15,CEA23,81.0,81.0,81.0,81.0,0.0,0.0,0.0,0.0,0.0,0.0,0.0,0.0,0.0,2026-07
2026-07-15,CEA24,81.0,81.0,81.0,81.0,0.0,0.0,0.0,0.0,0.0,0.0,0.0,0.0,0.0,2026-07
2026-07-15,CEA25,89.0,90.2,88.0,89.81,2.18,733319.0,65937993.0,433319.0,38917993.0,300000.0,27020000.0,0.0,0.0,2026-07
2026-07-16,CEA19-20,74.0,74.0,74.0,74.0,0.0,0.0,0.0,0.0,0.0,0.0,0.0,0.0,0.0,2026-07
2026-07-16,CEA21,74.52,74.52,74.52,74.52,0.0,0.0,0.0,0.0,0.0,0.0,0.0,0.0,0.0,2026-07
2026-07-16,CEA22,76.39,76.39,76.39,76.39,0.0,0.0,0.0,0.0,0.0,0.0,0.0,0.0,0.0,2026-07
2026-07-16,CEA23,81.0,81.0,81.0,81.0,0.0,0.0,0.0,0.0,0.0,0.0,0.0,0.0,0.0,2026-07
2026-07-16,CEA24,81.0,81.0,81.0,81.0,0.0,0.0,0.0,0.0,0.0,0.0,0.0,0.0,0.0,2026-07
2026-07-16,CEA25,90.1,90.11,90.0,90.02,0.23,847645.0,73995251.0,447645.0,40295250.79,400000.0,33700000.0,0.0,0.0,2026-07
2026-07-17,CEA19-20,74.0,74.0,74.0,74.0,0.0,0.0,0.0,0.0,0.0,0.0,0.0,0.0,0.0,2026-07
2026-07-17,CEA21,74.52,74.52,74.52,74.52,0.0,0.0,0.0,0.0,0.0,0.0,0.0,0.0,0.0,2026-07
2026-07-17,CEA22,76.39,76.39,76.39,76.39,0.0,0.0,0.0,0.0,0.0,0.0,0.0,0.0,0.0,2026-07
2026-07-17,CEA23,81.0,81.0,81.0,81.0,0.0,0.0,0.0,0.0,0.0,0.0,0.0,0.0,0.0,2026-07
2026-07-17,CEA24,81.0,81.0,81.0,81.0,0.0,0.0,0.0,0.0,0.0,0.0,0.0,0.0,0.0,2026-07
2026-07-17,CEA25,90.1,90.11,90.0,90.02,0.0,847645.0,73995251.0,447645.0,40295250.79,400000.0,33700000.0,0.0,0.0,2026-07
2026-07-20,CEA19-20,74.0,74.0,74.0,74.0,0.0,0.0,0.0,0.0,0.0,0.0,0.0,0.0,0.0,2026-07
2026-07-20,CEA21,74.52,74.52,74.52,74.52,0.0,0.0,0.0,0.0,0.0,0.0,0.0,0.0,0.0,2026-07
2026-07-20,CEA22,76.39,76.39,76.39,76.39,0.0,0.0,0.0,0.0,0.0,0.0,0.0,0.0,0.0,2026-07
2026-07-20,CEA23,81.0,81.0,81.0,81.0,0.0,0.0,0.0,0.0,0.0,0.0,0.0,0.0,0.0,2026-07
2026-07-20,CEA24,81.0,81.0,81.0,81.0,0.0,0.0,0.0,0.0,0.0,0.0,0.0,0.0,0.0,2026-07
2026-07-20,CEA25,90.2,90.3,90.05,90.15,0.14,269272.0,24249559.0,69272.0,6244559.4,200000.0,18005000.0,0.0,0.0,2026-07
2026-07-21,CEA19-20,74.0,74.0,74.0,74.0,0.0,0.0,0.0,0.0,0.0,0.0,0.0,0.0,0.0,2026-07
2026-07-21,CEA21,74.52,74.52,74.52,74.52,0.0,0.0,0.0,0.0,0.0,0.0,0.0,0.0,0.0,2026-07
2026-07-21,CEA22,76.39,76.39,76.39,76.39,0.0,0.0,0.0,0.0,0.0,0.0,0.0,0.0,0.0,2026-07
2026-07-21,CEA23,81.0,81.0,81.0,81.0,0.0,0.0,0.0,0.0,0.0,0.0,0.0,0.0,0.0,2026-07
2026-07-21,CEA24,81.0,81.0,81.0,81.0,0.0,0.0,0.0,0.0,0.0,0.0,0.0,0.0,0.0,2026-07
2026-07-21,CEA25,90.8,90.8,90.2,90.54,0.43,244195.0,22080847.0,144195.0,13055846.5,100000.0,9025000.0,0.0,0.0,2026-07
2026-07-22,CEA19-20,74.0,74.0,74.0,74.0,0.0,0.0,0.0,0.0,0.0,0.0,0.0,0.0,0.0,2026-07
2026-07-22,CEA21,74.52,74.52,74.52,74.52,0.0,0.0,0.0,0.0,0.0,0.0,0.0,0.0,0.0,2026-07
2026-07-22,CEA22,76.39,76.39,76.39,76.39,0.0,0.0,0.0,0.0,0.0,0.0,0.0,0.0,0.0,2026-07
2026-07-22,CEA23,81.0,81.0,81.0,81.0,0.0,0.0,0.0,0.0,0.0,0.0,0.0,0.0,0.0,2026-07
2026-07-22,CEA24,81.0,81.0,81.0,81.0,0.0,0.0,0.0,0.0,0.0,0.0,0.0,0.0,0.0,2026-07
2026-07-22,CEA25,90.4,91.5,90.4,91.03,0.54,826425.0,74525790.0,211404.0,19243174.0,615021.0,55282616.0,0.0,0.0,2026-07
2026-07-23,CEA19-20,74.0,74.0,74.0,74.0,0.0,0.0,0.0,0.0,0.0,0.0,0.0,0.0,0.0,2026-07
2026-07-23,CEA21,74.52,74.52,74.52,74.52,0.0,0.0,0.0,0.0,0.0,0.0,0.0,0.0,0.0,2026-07
2026-07-23,CEA22,76.39,76.39,76.39,76.39,0.0,0.0,0.0,0.0,0.0,0.0,0.0,0.0,0.0,2026-07
2026-07-23,CEA23,81.0,81.0,81.0,81.0,0.0,0.0,0.0,0.0,0.0,0.0,0.0,0.0,0.0,2026-07
2026-07-23,CEA24,81.0,81.0,81.0,81.0,0.0,0.0,0.0,0.0,0.0,0.0,0.0,0.0,0.0,2026-07
2026-07-23,CEA25,92.0,92.8,92.0,92.54,1.66,534697.0,49589282.0,234697.0,21719281.5,300000.0,27870000.0,0.0,0.0,2026-07
2026-07-24,CEA19-20,74.0,74.0,74.0,74.0,0.0,0.0,0.0,0.0,0.0,0.0,0.0,0.0,0.0,2026-07
2026-07-24,CEA21,74.52,74.52,74.52,74.52,0.0,0.0,0.0,0.0,0.0,0.0,0.0,0.0,0.0,2026-07
2026-07-24,CEA22,76.39,76.39,76.39,76.39,0.0,0.0,0.0,0.0,0.0,0.0,0.0,0.0,0.0,2026-07
2026-07-24,CEA23,81.0,81.0,81.0,81.0,0.0,0.0,0.0,0.0,0.0,0.0,0.0,0.0,0.0,2026-07
2026-07-24,CEA24,81.0,81.0,81.0,81.0,0.0,0.0,0.0,0.0,0.0,0.0,0.0,0.0,0.0,2026-07
2026-07-24,CEA25,93.5,93.8,93.0,93.58,1.12,333560.0,31257889.0,133560.0,12497888.5,200000.0,18760000.0,0.0,0.0,2026-07
2026-07-27,CEA19-20,74.0,74.0,74.0,74.0,0.0,0.0,0.0,0.0,0.0,0.0,0.0,0.0,0.0,2026-07
2026-07-27,CEA21,74.52,74.52,74.52,74.52,0.0,0.0,0.0,0.0,0.0,0.0,0.0,0.0,0.0,2026-07
2026-07-27,CEA22,76.39,76.39,76.39,76.39,0.0,0.0,0.0,0.0,0.0,0.0,0.0,0.0,0.0,2026-07
2026-07-27,CEA23,81.0,81.0,81.0,81.0,0.0,0.0,0.0,0.0,0.0,0.0,0.0,0.0,0.0,2026-07
2026-07-27,CEA24,81.0,81.0,81.0,81.0,0.0,0.0,0.0,0.0,0.0,0.0,0.0,0.0,0.0,2026-07
2026-07-27,CEA25,93.7,93.9,93.6,93.77,0.2,437360.0,41220006.0,137360.0,12880006.0,300000.0,28340000.0,0.0,0.0,2026-07
2026-07-28,CEA19-20,74.0,74.0,74.0,74.0,0.0,0.0,0.0,0.0,0.0,0.0,0.0,0.0,0.0,2026-07
2026-07-28,CEA21,74.52,74.52,74.52,74.52,0.0,0.0,0.0,0.0,0.0,0.0,0.0,0.0,0.0,2026-07
2026-07-28,CEA22,76.39,76.39,76.39,76.39,0.0,0.0,0.0,0.0,0.0,0.0,0.0,0.0,0.0,2026-07
2026-07-28,CEA23,81.0,81.0,81.0,81.0,0.0,0.0,0.0,0.0,0.0,0.0,0.0,0.0,0.0,2026-07
2026-07-28,CEA24,81.0,81.0,81.0,81.0,0.0,0.0,0.0,0.0,0.0,0.0,0.0,0.0,0.0,2026-07
2026-07-28,CEA25,93.5,97.0,93.5,94.67,0.96,1644750.0,147554905.0,384499.0,36402392.25,1260251.0,111152512.52,0.0,0.0,2026-07
2026-07-29,CEA19-20,74.0,74.0,74.0,74.0,0.0,0.0,0.0,0.0,0.0,0.0,0.0,0.0,0.0,2026-07
2026-07-29,CEA21,74.52,74.52,74.52,74.52,0.0,0.0,0.0,0.0,0.0,0.0,0.0,0.0,0.0,2026-07
2026-07-29,CEA22,76.39,76.39,76.39,76.39,0.0,0.0,0.0,0.0,0.0,0.0,0.0,0.0,0.0,2026-07
2026-07-29,CEA23,81.0,81.0,81.0,81.0,0.0,0.0,0.0,0.0,0.0,0.0,0.0,0.0,0.0,2026-07
2026-07-29,CEA24,81.0,81.0,81.0,81.0,0.0,0.0,0.0,0.0,0.0,0.0,0.0,0.0,0.0,2026-07
2026-07-29,CEA25,95.5,95.98,95.5,95.65,1.04,1315359.0,123419420.0,487846.0,46663197.9,827513.0,76756222.0,0.0,0.0,2026-07
2026-07-30,CEA19-20,74.0,74.0,74.0,74.0,0.0,0.0,0.0,0.0,0.0,0.0,0.0,0.0,0.0,2026-07
2026-07-30,CEA21,74.52,74.52,74.52,74.52,0.0,0.0,0.0,0.0,0.0,0.0,0.0,0.0,0.0,2026-07
2026-07-30,CEA22,76.39,76.39,76.39,76.39,0.0,0.0,0.0,0.0,0.0,0.0,0.0,0.0,0.0,2026-07
2026-07-30,CEA23,81.0,81.0,81.0,81.0,0.0,0.0,0.0,0.0,0.0,0.0,0.0,0.0,0.0,2026-07
2026-07-30,CEA24,81.0,81.0,81.0,81.0,0.0,0.0,0.0,0.0,0.0,0.0,0.0,0.0,0.0,2026-07
2026-07-30,CEA25,96.0,97.0,95.9,96.61,1.0,1044313.0,100160579.0,544313.0,52585579.0,500000.0,47575000.0,0.0,0.0,2026-07
2026-07-31,CEA19-20,74.0,74.0,74.0,74.0,0.0,0.0,0.0,0.0,0.0,0.0,0.0,0.0,0.0,2026-07
2026-07-31,CEA21,74.52,74.52,74.52,74.52,0.0,0.0,0.0,0.0,0.0,0.0,0.0,0.0,0.0,2026-07
2026-07-31,CEA22,76.39,76.39,76.39,76.39,0.0,0.0,0.0,0.0,0.0,0.0,0.0,0.0,0.0,2026-07
2026-07-31,CEA23,81.0,81.0,81.0,81.0,0.0,0.0,0.0,0.0,0.0,0.0,0.0,0.0,0.0,2026-07
2026-07-31,CEA24,81.0,81.0,81.0,81.0,0.0,0.0,0.0,0.0,0.0,0.0,0.0,0.0,0.0,2026-07
2026-07-31,CEA25,97.5,99.5,97.5,98.59,2.05,1251806.0,109770473.0,365987.0,36083143.4,885819.0,73687330.0,0.0,0.0,2026-07
