date_cst,hour_cst,vintage,wind10_fc,wind100_fc,dswrf_fc,wind10_an,wind100_an,dswrf_an,e_wind10,e_wind100,e_dswrf,wind10_fc_cw,wind100_fc_cw,dswrf_fc_cw,wind10_an_cw,wind100_an_cw,dswrf_an_cw,e_wind10_cw,e_wind100_cw,e_dswrf_cw
2021-12-01,0,d1_00z,6.1259,8.1861,0.0000,5.8676,7.8948,0.0000,0.2583,0.2913,0.0000,6.5379,9.5069,0.0000,6.1964,9.1779,0.0000,0.3415,0.3290,0.0000
2021-12-01,0,d1_12z,5.8676,7.8948,0.0000,5.8676,7.8948,0.0000,0.0000,0.0000,0.0000,6.1964,9.1779,0.0000,6.1964,9.1779,0.0000,0.0000,0.0000,0.0000
2021-12-01,1,d1_00z,6.0714,8.0560,0.0000,5.7724,7.6962,0.0000,0.2989,0.3598,0.0000,6.2460,9.1290,0.0000,5.9108,8.7159,0.0000,0.3352,0.4131,0.0000
2021-12-01,1,d1_12z,5.7724,7.6962,0.0000,5.7724,7.6962,0.0000,0.0000,0.0000,0.0000,5.9108,8.7159,0.0000,5.9108,8.7159,0.0000,0.0000,0.0000,0.0000
2021-12-01,2,d1_00z,6.0328,7.9983,0.0000,5.7002,7.5769,0.0000,0.3326,0.4214,0.0000,6.1611,9.0226,0.0000,5.8277,8.6289,0.0000,0.3335,0.3937,0.0000
2021-12-01,2,d1_12z,5.7075,7.5813,0.0000,5.7002,7.5769,0.0000,0.0073,0.0044,0.0000,5.8339,8.6477,0.0000,5.8277,8.6289,0.0000,0.0062,0.0188,0.0000
2021-12-01,3,d1_00z,6.0112,8.0055,0.0000,5.7168,7.6041,0.0000,0.2945,0.4014,0.0000,6.1860,9.0498,0.0000,5.8999,8.7033,0.0000,0.2861,0.3465,0.0000
2021-12-01,3,d1_12z,5.7182,7.6076,0.0000,5.7168,7.6041,0.0000,0.0014,0.0034,0.0000,5.8840,8.6808,0.0000,5.8999,8.7033,0.0000,-0.0159,-0.0225,0.0000
2021-12-01,4,d1_00z,5.9724,8.0099,0.0000,5.6839,7.5691,0.0000,0.2885,0.4408,0.0000,6.0864,8.9481,0.0000,5.8803,8.6486,0.0000,0.2061,0.2995,0.0000
2021-12-01,4,d1_12z,5.6904,7.5873,0.0000,5.6839,7.5691,0.0000,0.0065,0.0182,0.0000,5.8470,8.6073,0.0000,5.8803,8.6486,0.0000,-0.0334,-0.0413,0.0000
2021-12-01,5,d1_00z,5.9171,7.9774,0.0000,5.6285,7.4930,0.0000,0.2887,0.4844,0.0000,5.9931,8.8357,0.0000,5.8218,8.5389,0.0000,0.1712,0.2968,0.0000
2021-12-01,5,d1_12z,5.6547,7.5479,0.0000,5.6285,7.4930,0.0000,0.0262,0.0549,0.0000,5.7792,8.5102,0.0000,5.8218,8.5389,0.0000,-0.0427,-0.0287,0.0000
2021-12-01,6,d1_00z,5.7831,7.8436,0.0000,5.5590,7.4207,0.0000,0.2241,0.4229,0.0000,5.8324,8.6419,0.0000,5.5744,8.2459,0.0000,0.2580,0.3960,0.0000
2021-12-01,6,d1_12z,5.5957,7.5029,0.0000,5.5590,7.4207,0.0000,0.0367,0.0823,0.0000,5.5577,8.2228,0.0000,5.5744,8.2459,0.0000,-0.0167,-0.0231,0.0000
2021-12-01,7,d1_00z,5.6846,7.7376,0.1408,5.5032,7.3765,0.1388,0.1814,0.3611,0.0020,5.6013,8.3900,0.0090,5.4249,8.0070,0.0083,0.1765,0.3831,0.0007
2021-12-01,7,d1_12z,5.5470,7.4802,0.1388,5.5032,7.3765,0.1388,0.0438,0.1037,0.0000,5.4368,8.1008,0.0085,5.4249,8.0070,0.0083,0.0119,0.0938,0.0002
2021-12-01,8,d1_00z,5.5724,7.5987,46.9090,5.4498,7.3704,46.8963,0.1227,0.2283,0.0127,5.4420,8.0639,40.3763,5.3974,7.9104,40.5884,0.0446,0.1535,-0.2121
2021-12-01,8,d1_12z,5.4577,7.3792,46.9863,5.4498,7.3704,46.8963,0.0079,0.0088,0.0900,5.4022,7.9499,40.5797,5.3974,7.9104,40.5884,0.0047,0.0395,-0.0088
2021-12-01,9,d1_00z,5.8797,7.3236,200.3468,5.7401,7.1304,200.4046,0.1397,0.1931,-0.0578,5.9073,7.8167,196.2264,5.7893,7.6386,197.1330,0.1179,0.1782,-0.9066
2021-12-01,9,d1_12z,5.7314,7.1111,200.7544,5.7401,7.1304,200.4046,-0.0087,-0.0194,0.3498,5.8112,7.6592,197.0784,5.7893,7.6386,197.1330,0.0218,0.0206,-0.0546
2021-12-01,10,d1_00z,6.0533,7.3823,352.9988,5.9160,7.2023,351.8892,0.1373,0.1800,1.1095,6.2308,8.0191,352.9429,6.1388,7.8664,354.0760,0.0920,0.1528,-1.1331
2021-12-01,10,d1_12z,5.8868,7.1547,352.4392,5.9160,7.2023,351.8892,-0.0292,-0.0476,0.5500,6.0959,7.8060,353.7429,6.1388,7.8664,354.0760,-0.0429,-0.0604,-0.3332
2021-12-01,11,d1_00z,6.1705,7.4692,465.2012,5.9936,7.2308,463.8297,0.1769,0.2383,1.3715,6.4130,8.1875,468.5631,6.2932,7.9558,470.5745,0.1198,0.2318,-2.0114
2021-12-01,11,d1_12z,5.9904,7.2159,464.4349,5.9936,7.2308,463.8297,-0.0032,-0.0150,0.6053,6.2582,7.9303,470.3658,6.2932,7.9558,470.5745,-0.0350,-0.0255,-0.2086
2021-12-01,12,d1_00z,6.1332,7.3929,521.1442,5.9471,7.1324,520.3772,0.1861,0.2605,0.7669,6.3348,8.0246,529.2346,6.2048,7.7911,530.3622,0.1300,0.2335,-1.1276
2021-12-01,12,d1_12z,5.9749,7.1685,520.7342,5.9471,7.1324,520.3772,0.0277,0.0361,0.3570,6.2092,7.8368,529.9088,6.2048,7.7911,530.3622,0.0044,0.0456,-0.4533
2021-12-01,13,d1_00z,5.9275,7.1324,515.1296,5.7543,6.8887,514.4214,0.1732,0.2437,0.7083,6.0365,7.6375,528.7460,5.9778,7.4923,528.6866,0.0587,0.1451,0.0594
2021-12-01,13,d1_12z,5.8022,6.9550,514.8338,5.7543,6.8887,514.4214,0.0480,0.0663,0.4125,5.9780,7.5213,529.0463,5.9778,7.4923,528.6866,0.0002,0.0290,0.3597
2021-12-01,14,d1_00z,5.5900,6.7253,448.0414,5.4181,6.4909,447.5439,0.1719,0.2344,0.4975,5.6042,7.0938,464.9879,5.5481,6.9632,464.5545,0.0560,0.1305,0.4334
2021-12-01,14,d1_12z,5.5136,6.6246,447.7965,5.4181,6.4909,447.5439,0.0955,0.1337,0.2526,5.6056,7.0820,465.0669,5.5481,6.9632,464.5545,0.0575,0.1188,0.5123
2021-12-01,15,d1_00z,5.1090,6.2016,327.1900,5.0001,6.0440,326.6780,0.1089,0.1576,0.5120,5.0141,6.4209,346.0778,4.9222,6.2547,345.2975,0.0919,0.1662,0.7803
2021-12-01,15,d1_12z,5.0730,6.1617,326.9270,5.0001,6.0440,326.6780,0.0729,0.1177,0.2490,4.9861,6.3780,346.0638,4.9222,6.2547,345.2975,0.0639,0.1234,0.7663
2021-12-01,16,d1_00z,4.2548,5.4795,169.9421,4.1904,5.3328,169.6795,0.0644,0.1467,0.2626,4.1254,5.6521,188.4304,3.9585,5.3359,187.8933,0.1669,0.3162,0.5371
2021-12-01,16,d1_12z,4.2260,5.4379,169.9421,4.1904,5.3328,169.6795,0.0356,0.1051,0.2626,4.0744,5.5915,188.3983,3.9585,5.3359,187.8933,0.1159,0.2556,0.5051
2021-12-01,17,d1_00z,3.7548,5.0576,28.4434,3.7047,4.8881,28.3953,0.0500,0.1695,0.0481,3.3956,5.0731,35.9822,3.2219,4.7217,35.8901,0.1737,0.3514,0.0921
2021-12-01,17,d1_12z,3.7595,5.0335,28.4516,3.7047,4.8881,28.3953,0.0548,0.1453,0.0563,3.3929,5.0839,36.0090,3.2219,4.7217,35.8901,0.1710,0.3622,0.1189
2021-12-01,18,d1_00z,3.5187,4.7891,0.0022,3.4465,4.5448,0.0082,0.0722,0.2443,-0.0060,3.0988,4.7261,0.0019,2.9133,4.3383,0.0110,0.1855,0.3878,-0.0091
2021-12-01,18,d1_12z,3.5398,4.7604,0.0053,3.4465,4.5448,0.0082,0.0933,0.2156,-0.0030,3.0987,4.6939,0.0014,2.9133,4.3383,0.0110,0.1854,0.3556,-0.0096
2021-12-01,19,d1_00z,3.4289,4.7324,0.0006,3.2722,4.3165,0.0007,0.1567,0.4159,-0.0002,3.0038,4.7023,-0.0005,2.8152,4.2342,-0.0024,0.1886,0.4681,0.0019
2021-12-01,19,d1_12z,3.4617,4.6976,0.0009,3.2722,4.3165,0.0007,0.1895,0.3811,0.0002,3.0013,4.6087,0.0035,2.8152,4.2342,-0.0024,0.1861,0.3745,0.0059
2021-12-01,20,d1_00z,3.4655,4.9144,-0.0001,3.2274,4.2961,-0.0023,0.2381,0.6182,0.0023,3.0840,4.8980,0.0012,2.8332,4.2988,0.0020,0.2508,0.5991,-0.0008
2021-12-01,20,d1_12z,3.4782,4.8322,-0.0002,3.2274,4.2961,-0.0023,0.2508,0.5361,0.0022,3.0535,4.7610,-0.0050,2.8332,4.2988,0.0020,0.2203,0.4622,-0.0070
2021-12-01,21,d1_00z,3.5740,5.2440,0.0000,3.2556,4.4608,0.0000,0.3184,0.7832,0.0000,3.2771,5.2376,0.0000,2.9128,4.5012,0.0000,0.3643,0.7364,0.0000
2021-12-01,21,d1_12z,3.5648,5.1461,0.0000,3.2556,4.4608,0.0000,0.3092,0.6853,0.0000,3.2565,5.1332,0.0000,2.9128,4.5012,0.0000,0.3437,0.6320,0.0000
2021-12-01,22,d1_00z,3.7488,5.6547,0.0000,3.3781,4.8118,0.0000,0.3708,0.8429,0.0000,3.3667,5.5892,0.0000,3.1122,4.8784,0.0000,0.2546,0.7108,0.0000
2021-12-01,22,d1_12z,3.7275,5.5879,0.0000,3.3781,4.8118,0.0000,0.3494,0.7761,0.0000,3.3811,5.5590,0.0000,3.1122,4.8784,0.0000,0.2689,0.6806,0.0000
2021-12-01,23,d1_00z,3.9186,6.0502,0.0000,3.5295,5.1925,0.0000,0.3891,0.8577,0.0000,3.4732,5.9059,0.0000,3.2997,5.2697,0.0000,0.1735,0.6362,0.0000
2021-12-01,23,d1_12z,3.8938,6.0091,0.0000,3.5295,5.1925,0.0000,0.3644,0.8166,0.0000,3.4986,5.9200,0.0000,3.2997,5.2697,0.0000,0.1990,0.6503,0.0000
2021-12-02,0,d1_00z,3.9421,6.1107,0.0000,3.6887,5.5735,0.0000,0.2534,0.5372,0.0000,3.5604,6.0043,0.0000,3.3966,5.6353,0.0000,0.1638,0.3690,0.0000
2021-12-02,0,d1_12z,3.6887,5.5735,0.0000,3.6887,5.5735,0.0000,0.0000,0.0000,0.0000,3.3966,5.6353,0.0000,3.3966,5.6353,0.0000,0.0000,0.0000,0.0000
2021-12-02,1,d1_00z,4.0602,6.3647,0.0000,3.8213,5.8709,0.0000,0.2389,0.4937,0.0000,3.6446,6.2119,0.0000,3.4732,5.8434,0.0000,0.1714,0.3685,0.0000
2021-12-02,1,d1_12z,3.8213,5.8709,0.0000,3.8213,5.8709,0.0000,0.0000,0.0000,0.0000,3.4732,5.8434,0.0000,3.4732,5.8434,0.0000,0.0000,0.0000,0.0000
2021-12-02,2,d1_00z,4.1779,6.5954,0.0000,3.9525,6.1612,0.0000,0.2254,0.4342,0.0000,3.6813,6.3981,0.0000,3.4852,5.8760,0.0000,0.1961,0.5221,0.0000
2021-12-02,2,d1_12z,3.9314,6.1098,0.0000,3.9525,6.1612,0.0000,-0.0211,-0.0514,0.0000,3.4482,5.7996,0.0000,3.4852,5.8760,0.0000,-0.0370,-0.0764,0.0000
2021-12-02,3,d1_00z,4.3500,6.9122,0.0000,4.1188,6.5054,0.0000,0.2312,0.4068,0.0000,3.8071,6.6799,0.0000,3.6613,6.2262,0.0000,0.1458,0.4536,0.0000
2021-12-02,3,d1_12z,4.1071,6.4624,0.0000,4.1188,6.5054,0.0000,-0.0117,-0.0430,0.0000,3.6286,6.1403,0.0000,3.6613,6.2262,0.0000,-0.0327,-0.0860,0.0000
2021-12-02,4,d1_00z,4.5637,7.2770,0.0000,4.3300,6.8874,0.0000,0.2337,0.3896,0.0000,4.0033,7.0292,0.0000,3.8778,6.7257,0.0000,0.1255,0.3035,0.0000
2021-12-02,4,d1_12z,4.3323,6.8624,0.0000,4.3300,6.8874,0.0000,0.0024,-0.0250,0.0000,3.8523,6.6558,0.0000,3.8778,6.7257,0.0000,-0.0255,-0.0699,0.0000
2021-12-02,5,d1_00z,4.7851,7.6105,0.0000,4.5359,7.1983,0.0000,0.2492,0.4122,0.0000,4.1876,7.3629,0.0000,4.0799,7.0817,0.0000,0.1077,0.2812,0.0000
2021-12-02,5,d1_12z,4.5623,7.2142,0.0000,4.5359,7.1983,0.0000,0.0264,0.0159,0.0000,4.0800,7.0890,0.0000,4.0799,7.0817,0.0000,0.0001,0.0073,0.0000
2021-12-02,6,d1_00z,5.0080,7.8722,0.0000,4.7582,7.4499,0.0000,0.2498,0.4223,0.0000,4.3778,7.6154,0.0000,4.2688,7.3471,0.0000,0.1090,0.2683,0.0000
2021-12-02,6,d1_12z,4.7885,7.4845,0.0000,4.7582,7.4499,0.0000,0.0303,0.0346,0.0000,4.2821,7.3691,0.0000,4.2688,7.3471,0.0000,0.0133,0.0220,0.0000
2021-12-02,7,d1_00z,5.1785,8.0401,0.1115,4.9570,7.6408,0.1112,0.2215,0.3993,0.0003,4.4661,7.7457,0.0076,4.3886,7.5094,0.0076,0.0775,0.2364,0.0000
2021-12-02,7,d1_12z,4.9925,7.6828,0.1115,4.9570,7.6408,0.1112,0.0354,0.0420,0.0003,4.4126,7.5478,0.0076,4.3886,7.5094,0.0076,0.0240,0.0385,0.0000
2021-12-02,8,d1_00z,5.3475,8.0432,46.2940,5.0953,7.6120,46.1931,0.2523,0.4312,0.1009,4.6634,7.6798,38.5515,4.5538,7.4345,38.5001,0.1095,0.2453,0.0514
2021-12-02,8,d1_12z,5.1872,7.7647,46.2034,5.0953,7.6120,46.1931,0.0920,0.1527,0.0103,4.6151,7.5339,38.4982,4.5538,7.4345,38.5001,0.0612,0.0994,-0.0018
2021-12-02,9,d1_00z,6.0471,7.9106,203.1665,5.7802,7.4911,202.6883,0.2669,0.4195,0.4782,5.6335,7.7006,194.6890,5.5389,7.5021,194.1971,0.0945,0.1984,0.4919
2021-12-02,9,d1_12z,5.8876,7.6686,202.9556,5.7802,7.4911,202.6883,0.1074,0.1775,0.2673,5.6103,7.6197,194.4630,5.5389,7.5021,194.1971,0.0714,0.1176,0.2659
2021-12-02,10,d1_00z,6.5770,8.3181,356.2281,6.2776,7.8682,355.3866,0.2995,0.4499,0.8415,6.4031,8.3957,351.9285,6.1768,8.0443,350.9995,0.2263,0.3513,0.9290
2021-12-02,10,d1_12z,6.4180,8.0886,355.8919,6.2776,7.8682,355.3866,0.1404,0.2204,0.5054,6.2766,8.2072,351.5157,6.1768,8.0443,350.9995,0.0998,0.1629,0.5162
2021-12-02,11,d1_00z,6.8785,8.6245,467.7169,6.5960,8.2111,466.4609,0.2825,0.4134,1.2560,6.8227,8.8614,468.7217,6.5437,8.4420,467.2884,0.2790,0.4195,1.4333
2021-12-02,11,d1_12z,6.7407,8.4363,467.1875,6.5960,8.2111,466.4609,0.1447,0.2252,0.7266,6.6616,8.6319,468.0465,6.5437,8.4420,467.2884,0.1179,0.1900,0.7581
2021-12-02,12,d1_00z,7.1154,8.9153,523.2299,6.8762,8.5728,521.5436,0.2392,0.3425,1.6863,7.1321,9.2501,529.5866,6.8824,8.8765,527.7102,0.2497,0.3736,1.8764
2021-12-02,12,d1_12z,6.9713,8.7141,522.4162,6.8762,8.5728,521.5436,0.0950,0.1413,0.8726,6.9432,8.9734,528.6441,6.8824,8.8765,527.7102,0.0608,0.0969,0.9339
2021-12-02,13,d1_00z,7.2722,9.1551,516.7846,7.0908,8.8951,515.0418,0.1814,0.2600,1.7428,7.3381,9.5336,528.1055,7.1323,9.2434,526.0771,0.2058,0.2902,2.0284
2021-12-02,13,d1_12z,7.1369,8.9677,515.8133,7.0908,8.8951,515.0418,0.0461,0.0727,0.7715,7.1405,9.2712,526.9403,7.1323,9.2434,526.0771,0.0082,0.0278,0.8632
2021-12-02,14,d1_00z,7.2961,9.2817,449.1439,7.0800,8.9821,447.4960,0.2162,0.2996,1.6479,7.2541,9.5458,464.5024,7.0435,9.2478,462.6141,0.2106,0.2980,1.8884
2021-12-02,14,d1_12z,7.1478,9.0798,448.1510,7.0800,8.9821,447.4960,0.0678,0.0977,0.6550,7.0793,9.3096,463.2847,7.0435,9.2478,462.6141,0.0358,0.0617,0.6706
2021-12-02,15,d1_00z,6.9418,9.0447,327.8728,6.7221,8.7437,326.4173,0.2196,0.3010,1.4555,6.7357,9.1854,345.8899,6.4818,8.8364,344.3272,0.2539,0.3491,1.5627
2021-12-02,15,d1_12z,6.7850,8.8329,327.0684,6.7221,8.7437,326.4173,0.0629,0.0893,0.6511,6.5350,8.9101,344.9145,6.4818,8.8364,344.3272,0.0531,0.0737,0.5873
2021-12-02,16,d1_00z,6.2685,8.6741,170.1844,6.0517,8.4142,169.2669,0.2168,0.2600,0.9175,6.0808,8.8867,188.1956,5.7919,8.5788,187.2543,0.2890,0.3079,0.9413
2021-12-02,16,d1_12z,6.1308,8.5202,169.7421,6.0517,8.4142,169.2669,0.0791,0.1061,0.4752,5.9188,8.7248,187.6590,5.7919,8.5788,187.2543,0.1269,0.1460,0.4047
2021-12-02,17,d1_00z,5.6937,8.5968,28.2514,5.5203,8.4972,28.0662,0.1734,0.0997,0.1852,5.2041,8.8224,35.7452,4.8307,8.6231,35.5354,0.3735,0.1993,0.2099
2021-12-02,17,d1_12z,5.6340,8.5625,28.1599,5.5203,8.4972,28.0662,0.1138,0.0653,0.0937,5.0340,8.7458,35.6301,4.8307,8.6231,35.5354,0.2034,0.1227,0.0947
2021-12-02,18,d1_00z,5.4905,8.4323,0.0007,5.3630,8.4175,0.0027,0.1275,0.0148,-0.0020,4.9101,8.6349,-0.0009,4.6268,8.4333,0.0033,0.2833,0.2016,-0.0042
2021-12-02,18,d1_12z,5.4555,8.4243,0.0010,5.3630,8.4175,0.0027,0.0924,0.0068,-0.0017,4.7854,8.5374,0.0102,4.6268,8.4333,0.0033,0.1586,0.1041,0.0068
2021-12-02,19,d1_00z,5.3792,8.2355,0.0031,5.2627,8.2388,-0.0008,0.1165,-0.0033,0.0038,4.7545,8.3789,-0.0063,4.5355,8.2059,-0.0039,0.2190,0.1730,-0.0023
2021-12-02,19,d1_12z,5.3469,8.2177,-0.0010,5.2627,8.2388,-0.0008,0.0842,-0.0211,-0.0003,4.6602,8.2711,-0.0120,4.5355,8.2059,-0.0039,0.1246,0.0652,-0.0081
2021-12-02,20,d1_00z,5.2545,8.0101,-0.0039,5.1072,8.0240,-0.0034,0.1473,-0.0140,-0.0005,4.5689,8.1387,0.0015,4.2664,7.9017,-0.0003,0.3025,0.2371,0.0018
2021-12-02,20,d1_12z,5.2356,8.0158,0.0033,5.1072,8.0240,-0.0034,0.1284,-0.0082,0.0067,4.4685,8.0340,0.0010,4.2664,7.9017,-0.0003,0.2021,0.1323,0.0013
2021-12-02,21,d1_00z,5.0995,7.7549,0.0000,4.9664,7.8462,0.0000,0.1331,-0.0913,0.0000,4.4016,7.8359,0.0000,4.1623,7.6853,0.0000,0.2393,0.1507,0.0000
2021-12-02,21,d1_12z,5.0854,7.7970,0.0000,4.9664,7.8462,0.0000,0.1190,-0.0492,0.0000,4.3127,7.7891,0.0000,4.1623,7.6853,0.0000,0.1504,0.1038,0.0000
2021-12-02,22,d1_00z,4.9810,7.5385,0.0000,4.8793,7.6680,0.0000,0.1017,-0.1295,0.0000,4.3807,7.6153,0.0000,4.1023,7.5065,0.0000,0.2784,0.1088,0.0000
2021-12-02,22,d1_12z,4.9666,7.5949,0.0000,4.8793,7.6680,0.0000,0.0873,-0.0731,0.0000,4.2509,7.5363,0.0000,4.1023,7.5065,0.0000,0.1486,0.0298,0.0000
2021-12-02,23,d1_00z,4.9313,7.3977,0.0000,4.8605,7.5624,0.0000,0.0708,-0.1647,0.0000,4.4454,7.5159,0.0000,4.2919,7.5806,0.0000,0.1535,-0.0647,0.0000
2021-12-02,23,d1_12z,4.9192,7.4545,0.0000,4.8605,7.5624,0.0000,0.0587,-0.1079,0.0000,4.4689,7.6274,0.0000,4.2919,7.5806,0.0000,0.1770,0.0468,0.0000
2021-12-03,0,d1_00z,4.9030,7.2999,0.0000,4.9043,7.5340,0.0000,-0.0012,-0.2341,0.0000,4.4640,7.5245,0.0000,4.4070,7.6594,0.0000,0.0570,-0.1349,0.0000
2021-12-03,0,d1_12z,4.9043,7.5340,0.0000,4.9043,7.5340,0.0000,0.0000,0.0000,0.0000,4.4070,7.6594,0.0000,4.4070,7.6594,0.0000,0.0000,0.0000,0.0000
2021-12-03,1,d1_00z,4.8510,7.1543,0.0000,4.8995,7.4611,0.0000,-0.0485,-0.3068,0.0000,4.4966,7.5345,0.0000,4.4899,7.7057,0.0000,0.0067,-0.1712,0.0000
2021-12-03,1,d1_12z,4.8995,7.4611,0.0000,4.8995,7.4611,0.0000,0.0000,0.0000,0.0000,4.4899,7.7057,0.0000,4.4899,7.7057,0.0000,0.0000,0.0000,0.0000
2021-12-03,2,d1_00z,4.7572,6.9627,0.0000,4.8098,7.2473,0.0000,-0.0526,-0.2846,0.0000,4.4203,7.3213,0.0000,4.6253,7.7183,0.0000,-0.2050,-0.3970,0.0000
2021-12-03,2,d1_12z,4.8434,7.2885,0.0000,4.8098,7.2473,0.0000,0.0335,0.0412,0.0000,4.6894,7.7654,0.0000,4.6253,7.7183,0.0000,0.0642,0.0471,0.0000
2021-12-03,3,d1_00z,4.6182,6.6395,0.0000,4.7272,7.0290,0.0000,-0.1089,-0.3895,0.0000,4.3583,6.9987,0.0000,4.9878,8.0657,0.0000,-0.6295,-1.0670,0.0000
2021-12-03,3,d1_12z,4.7243,7.0193,0.0000,4.7272,7.0290,0.0000,-0.0028,-0.0097,0.0000,4.9772,8.0309,0.0000,4.9878,8.0657,0.0000,-0.0106,-0.0348,0.0000
2021-12-03,4,d1_00z,4.4702,6.2818,0.0000,4.6083,6.6933,0.0000,-0.1381,-0.4115,0.0000,4.2760,6.7223,0.0000,4.8185,7.6403,0.0000,-0.5425,-0.9180,0.0000
2021-12-03,4,d1_12z,4.5719,6.6350,0.0000,4.6083,6.6933,0.0000,-0.0364,-0.0583,0.0000,4.7348,7.5055,0.0000,4.8185,7.6403,0.0000,-0.0836,-0.1347,0.0000
2021-12-03,5,d1_00z,4.3223,5.9660,0.0000,4.5053,6.4215,0.0000,-0.1831,-0.4555,0.0000,3.9261,6.0099,0.0000,4.5679,7.0400,0.0000,-0.6418,-1.0301,0.0000
2021-12-03,5,d1_12z,4.4442,6.2980,0.0000,4.5053,6.4215,0.0000,-0.0611,-0.1235,0.0000,4.4389,6.8230,0.0000,4.5679,7.0400,0.0000,-0.1291,-0.2170,0.0000
2021-12-03,6,d1_00z,4.0488,5.4518,0.0000,4.3222,6.0348,0.0000,-0.2733,-0.5830,0.0000,3.3573,5.0633,0.0000,4.1183,6.3870,0.0000,-0.7610,-1.3238,0.0000
2021-12-03,6,d1_12z,4.2229,5.8718,0.0000,4.3222,6.0348,0.0000,-0.0993,-0.1630,0.0000,3.9076,6.0151,0.0000,4.1183,6.3870,0.0000,-0.2107,-0.3720,0.0000
2021-12-03,7,d1_00z,3.6988,4.8272,0.0793,4.0621,5.5129,0.0811,-0.3634,-0.6856,-0.0018,2.9577,4.3381,0.0043,3.4122,5.2434,0.0043,-0.4545,-0.9053,-0.0000
2021-12-03,7,d1_12z,3.9581,5.3520,0.0801,4.0621,5.5129,0.0811,-0.1040,-0.1609,-0.0010,3.2454,4.9190,0.0042,3.4122,5.2434,0.0043,-0.1668,-0.3244,-0.0000
2021-12-03,8,d1_00z,3.3157,4.2131,42.2021,3.7373,5.0112,42.2299,-0.4215,-0.7981,-0.0278,2.8781,3.9950,35.8668,3.1204,4.5320,35.8269,-0.2423,-0.5370,0.0399
2021-12-03,8,d1_12z,3.5470,4.6685,42.1281,3.7373,5.0112,42.2299,-0.1903,-0.3427,-0.1018,2.9494,4.1589,35.8037,3.1204,4.5320,35.8269,-0.1709,-0.3731,-0.0232
2021-12-03,9,d1_00z,3.0515,3.6646,192.8749,3.4522,4.3330,194.6437,-0.4007,-0.6684,-1.7688,3.0284,3.9216,187.5422,3.1868,4.1052,187.6936,-0.1583,-0.1836,-0.1515
2021-12-03,9,d1_12z,3.2741,4.0059,193.2252,3.4522,4.3330,194.6437,-0.1781,-0.3271,-1.4185,3.1337,3.9725,187.6963,3.1868,4.1052,187.6936,-0.0531,-0.1327,0.0027
2021-12-03,10,d1_00z,2.9283,3.2594,344.7304,3.2193,3.6790,346.0282,-0.2910,-0.4196,-1.2978,3.2062,3.8409,342.7899,3.3313,3.9754,342.3820,-0.1251,-0.1345,0.4079
2021-12-03,10,d1_12z,3.0716,3.4474,344.8446,3.2193,3.6790,346.0282,-0.1477,-0.2316,-1.1836,3.2953,3.9368,342.6916,3.3313,3.9754,342.3820,-0.0360,-0.0386,0.3096
2021-12-03,11,d1_00z,2.9301,3.2279,456.3844,2.9794,3.2816,456.4444,-0.0493,-0.0537,-0.0601,3.4308,4.0326,458.1265,3.2614,3.7728,457.5748,0.1694,0.2598,0.5517
2021-12-03,11,d1_12z,2.9540,3.2258,455.5803,2.9794,3.2816,456.4444,-0.0254,-0.0557,-0.8642,3.3662,3.9274,458.0944,3.2614,3.7728,457.5748,0.1048,0.1546,0.5196
2021-12-03,12,d1_00z,3.3012,3.6903,511.3383,2.8605,3.1144,511.5925,0.4406,0.5759,-0.2542,3.8207,4.4744,518.4778,3.2337,3.7311,518.1064,0.5870,0.7433,0.3714
2021-12-03,12,d1_12z,3.0932,3.3970,510.8777,2.8605,3.1144,511.5925,0.2327,0.2826,-0.7148,3.4540,4.0449,518.7091,3.2337,3.7311,518.1064,0.2203,0.3138,0.6027
2021-12-03,13,d1_00z,3.7479,4.3210,504.1455,3.0608,3.3834,505.7037,0.6871,0.9376,-1.5582,4.2713,5.1524,517.4971,3.6036,4.2300,517.4933,0.6677,0.9224,0.0038
2021-12-03,13,d1_12z,3.3827,3.8046,504.6572,3.0608,3.3834,505.7037,0.3219,0.4212,-1.0465,3.8692,4.5942,517.7223,3.6036,4.2300,517.4933,0.2656,0.3642,0.2289
2021-12-03,14,d1_00z,4.1632,4.9416,438.0637,3.4332,3.9698,439.3845,0.7300,0.9718,-1.3209,4.6117,5.7211,455.3392,4.1900,5.0738,455.6516,0.4217,0.6473,-0.3124
2021-12-03,14,d1_12z,3.7229,4.3323,438.4495,3.4332,3.9698,439.3845,0.2897,0.3624,-0.9350,4.2604,5.2146,455.6609,4.1900,5.0738,455.6516,0.0704,0.1407,0.0092
2021-12-03,15,d1_00z,4.3444,5.3725,319.9424,3.6873,4.4581,319.9387,0.6570,0.9143,0.0037,4.7130,6.0843,338.9242,4.3026,5.4577,339.0504,0.4104,0.6267,-0.1262
2021-12-03,15,d1_12z,3.9087,4.7369,319.3908,3.6873,4.4581,319.9387,0.2214,0.2788,-0.5479,4.3486,5.5429,339.1133,4.3026,5.4577,339.0504,0.0460,0.0853,0.0629
2021-12-03,16,d1_00z,3.9275,5.3719,165.5422,3.4433,4.5912,165.3614,0.4842,0.7808,0.1808,4.0104,5.8959,184.0334,3.6094,5.1759,184.0593,0.4011,0.7201,-0.0259
2021-12-03,16,d1_12z,3.5481,4.7428,165.1336,3.4433,4.5912,165.3614,0.1048,0.1516,-0.2279,3.5429,5.1067,184.1042,3.6094,5.1759,184.0593,-0.0665,-0.0691,0.0449
2021-12-03,17,d1_00z,3.8230,5.5079,27.4067,3.3885,4.7641,27.3382,0.4345,0.7438,0.0685,3.5589,5.9325,34.8040,3.2734,5.2909,34.7823,0.2856,0.6415,0.0218
2021-12-03,17,d1_12z,3.4499,4.8415,27.3740,3.3885,4.7641,27.3382,0.0614,0.0774,0.0358,3.3221,5.3365,34.8041,3.2734,5.2909,34.7823,0.0488,0.0456,0.0218
2021-12-03,18,d1_00z,3.7987,5.5111,-0.0036,3.4507,4.9024,0.0007,0.3480,0.6087,-0.0042,3.3851,5.7864,-0.0046,3.1238,5.2158,-0.0034,0.2613,0.5706,-0.0013
2021-12-03,18,d1_12z,3.4967,4.9593,0.0032,3.4507,4.9024,0.0007,0.0460,0.0568,0.0026,3.1841,5.3012,0.0062,3.1238,5.2158,-0.0034,0.0603,0.0854,0.0096
2021-12-03,19,d1_00z,3.8355,5.5522,0.0051,3.5800,5.0803,0.0003,0.2555,0.4720,0.0048,3.4790,5.9119,0.0046,3.1727,5.3308,-0.0029,0.3063,0.5811,0.0074
2021-12-03,19,d1_12z,3.6241,5.1514,-0.0027,3.5800,5.0803,0.0003,0.0441,0.0711,-0.0030,3.2801,5.5530,-0.0080,3.1727,5.3308,-0.0029,0.1074,0.2221,-0.0051
2021-12-03,20,d1_00z,3.8697,5.6082,-0.0009,3.6403,5.1299,0.0032,0.2294,0.4784,-0.0041,3.5500,6.0400,0.0039,3.3359,5.5599,0.0066,0.2142,0.4801,-0.0027
2021-12-03,20,d1_12z,3.7447,5.3474,0.0039,3.6403,5.1299,0.0032,0.1044,0.2175,0.0007,3.3906,5.7665,-0.0022,3.3359,5.5599,0.0066,0.0548,0.2065,-0.0088
2021-12-03,21,d1_00z,3.8948,5.6359,0.0000,3.7316,5.2671,0.0000,0.1632,0.3688,0.0000,3.4593,5.8771,0.0000,3.3729,5.6163,0.0000,0.0865,0.2608,0.0000
2021-12-03,21,d1_12z,3.8522,5.5387,0.0000,3.7316,5.2671,0.0000,0.1206,0.2716,0.0000,3.5223,5.9556,0.0000,3.3729,5.6163,0.0000,0.1494,0.3393,0.0000
2021-12-03,22,d1_00z,3.8624,5.5790,0.0000,3.7481,5.3230,0.0000,0.1143,0.2560,0.0000,3.3508,5.5871,0.0000,3.3173,5.5088,0.0000,0.0335,0.0783,0.0000
2021-12-03,22,d1_12z,3.9242,5.7003,0.0000,3.7481,5.3230,0.0000,0.1761,0.3773,0.0000,3.5260,5.9776,0.0000,3.3173,5.5088,0.0000,0.2087,0.4688,0.0000
2021-12-03,23,d1_00z,3.8231,5.4714,0.0000,3.7370,5.3084,0.0000,0.0861,0.1629,0.0000,3.3947,5.5620,0.0000,3.3053,5.3686,0.0000,0.0895,0.1934,0.0000
2021-12-03,23,d1_12z,3.9648,5.7993,0.0000,3.7370,5.3084,0.0000,0.2278,0.4909,0.0000,3.5494,6.0094,0.0000,3.3053,5.3686,0.0000,0.2441,0.6408,0.0000
2021-12-04,0,d1_00z,3.9449,5.7342,0.0000,3.7624,5.3432,0.0000,0.1826,0.3911,0.0000,3.4383,5.6521,0.0000,3.3355,5.3644,0.0000,0.1028,0.2878,0.0000
2021-12-04,0,d1_12z,3.7624,5.3432,0.0000,3.7624,5.3432,0.0000,0.0000,0.0000,0.0000,3.3355,5.3644,0.0000,3.3355,5.3644,0.0000,0.0000,0.0000,0.0000
2021-12-04,1,d1_00z,3.9154,5.7098,0.0000,3.7386,5.2870,0.0000,0.1768,0.4228,0.0000,3.3612,5.5057,0.0000,3.2725,5.2840,0.0000,0.0887,0.2217,0.0000
2021-12-04,1,d1_12z,3.7386,5.2870,0.0000,3.7386,5.2870,0.0000,0.0000,0.0000,0.0000,3.2725,5.2840,0.0000,3.2725,5.2840,0.0000,0.0000,0.0000,0.0000
2021-12-04,2,d1_00z,3.7989,5.5178,0.0000,3.6499,5.1308,0.0000,0.1490,0.3870,0.0000,3.3355,5.4731,0.0000,3.2064,5.1118,0.0000,0.1290,0.3613,0.0000
2021-12-04,2,d1_12z,3.6326,5.0979,0.0000,3.6499,5.1308,0.0000,-0.0173,-0.0329,0.0000,3.2042,5.0867,0.0000,3.2064,5.1118,0.0000,-0.0023,-0.0251,0.0000
2021-12-04,3,d1_00z,3.6077,5.2024,0.0000,3.5200,4.9103,0.0000,0.0877,0.2921,0.0000,3.1954,5.2927,0.0000,3.1541,5.0216,0.0000,0.0413,0.2712,0.0000
2021-12-04,3,d1_12z,3.4760,4.8349,0.0000,3.5200,4.9103,0.0000,-0.0440,-0.0754,0.0000,3.1224,4.9411,0.0000,3.1541,5.0216,0.0000,-0.0317,-0.0805,0.0000
2021-12-04,4,d1_00z,3.3871,4.8376,0.0000,3.3776,4.6680,0.0000,0.0095,0.1696,0.0000,2.9868,4.9283,0.0000,3.0195,4.8116,0.0000,-0.0327,0.1167,0.0000
2021-12-04,4,d1_12z,3.3143,4.5626,0.0000,3.3776,4.6680,0.0000,-0.0633,-0.1053,0.0000,2.9884,4.7176,0.0000,3.0195,4.8116,0.0000,-0.0311,-0.0940,0.0000
2021-12-04,5,d1_00z,3.1391,4.4132,0.0000,3.1855,4.3537,0.0000,-0.0464,0.0596,0.0000,2.7654,4.5361,0.0000,2.8239,4.4992,0.0000,-0.0585,0.0369,0.0000
2021-12-04,5,d1_12z,3.1023,4.2237,0.0000,3.1855,4.3537,0.0000,-0.0833,-0.1299,0.0000,2.8153,4.4182,0.0000,2.8239,4.4992,0.0000,-0.0087,-0.0810,0.0000
2021-12-04,6,d1_00z,2.8604,3.9451,0.0000,2.9826,4.0247,0.0000,-0.1222,-0.0795,0.0000,2.4562,3.9260,0.0000,2.5776,4.0696,0.0000,-0.1213,-0.1436,0.0000
2021-12-04,6,d1_12z,2.8896,3.8880,0.0000,2.9826,4.0247,0.0000,-0.0930,-0.1367,0.0000,2.5614,3.9806,0.0000,2.5776,4.0696,0.0000,-0.0162,-0.0890,0.0000
2021-12-04,7,d1_00z,2.6154,3.4944,0.0615,2.7978,3.7049,0.0617,-0.1824,-0.2105,-0.0003,2.2362,3.2231,0.0038,2.3471,3.5135,0.0040,-0.1109,-0.2904,-0.0002
2021-12-04,7,d1_12z,2.7010,3.5851,0.0620,2.7978,3.7049,0.0617,-0.0968,-0.1198,0.0003,2.3092,3.4510,0.0040,2.3471,3.5135,0.0040,-0.0379,-0.0625,0.0000
2021-12-04,8,d1_00z,2.4243,3.1879,41.3926,2.5319,3.3058,41.5721,-0.1076,-0.1178,-0.1795,2.0850,2.8494,34.2500,2.1459,3.0455,34.4126,-0.0610,-0.1961,-0.1626
2021-12-04,8,d1_12z,2.5521,3.3659,41.6018,2.5319,3.3058,41.5721,0.0202,0.0602,0.0296,2.1607,3.0830,34.4250,2.1459,3.0455,34.4126,0.0148,0.0375,0.0125
2021-12-04,9,d1_00z,2.2986,2.9776,190.0097,2.3328,3.0234,192.1161,-0.0342,-0.0458,-2.1064,2.0648,2.6748,181.7018,2.0409,2.7111,183.7228,0.0240,-0.0363,-2.0210
2021-12-04,9,d1_12z,2.3931,3.1343,192.6981,2.3328,3.0234,192.1161,0.0603,0.1109,0.5820,1.9966,2.7044,184.6160,2.0409,2.7111,183.7228,-0.0442,-0.0067,0.8931
2021-12-04,10,d1_00z,2.4665,2.7912,337.9394,2.3993,2.7087,341.9954,0.0672,0.0825,-4.0560,2.2929,2.6466,330.8977,2.2246,2.5662,337.8150,0.0683,0.0804,-6.9173
2021-12-04,10,d1_12z,2.5235,2.8802,342.8754,2.3993,2.7087,341.9954,0.1242,0.1715,0.8801,2.2206,2.5857,339.0021,2.2246,2.5662,337.8150,-0.0040,0.0196,1.1871
2021-12-04,11,d1_00z,2.5190,2.8128,447.0884,2.3789,2.6308,451.9221,0.1401,0.1819,-4.8337,2.4346,2.7350,445.6462,2.3572,2.6342,452.9460,0.0774,0.1008,-7.2999
2021-12-04,11,d1_12z,2.5471,2.8560,452.8540,2.3789,2.6308,451.9221,0.1682,0.2252,0.9318,2.4669,2.7812,454.2274,2.3572,2.6342,452.9460,0.1097,0.1470,1.2813
2021-12-04,12,d1_00z,2.4904,2.7959,502.2286,2.3387,2.5771,506.8691,0.1518,0.2188,-4.6405,2.4144,2.6972,507.4960,2.2984,2.5505,513.8108,0.1160,0.1466,-6.3148
2021-12-04,12,d1_12z,2.5166,2.8051,508.1470,2.3387,2.5771,506.8691,0.1779,0.2280,1.2780,2.4410,2.7205,514.9355,2.2984,2.5505,513.8108,0.1427,0.1700,1.1247
2021-12-04,13,d1_00z,2.4143,2.7485,496.0933,2.2598,2.5054,501.3971,0.1546,0.2431,-5.3038,2.3443,2.6815,504.8031,2.1907,2.4588,513.6728,0.1536,0.2227,-8.8696
2021-12-04,13,d1_12z,2.3911,2.6752,502.7487,2.2598,2.5054,501.3971,0.1313,0.1698,1.3516,2.2877,2.5731,514.4857,2.1907,2.4588,513.6728,0.0970,0.1143,0.8129
2021-12-04,14,d1_00z,2.3293,2.7059,430.2706,2.1338,2.3742,436.4515,0.1955,0.3317,-6.1809,2.1959,2.5663,441.2971,2.0376,2.3124,452.4698,0.1583,0.2540,-11.1727
2021-12-04,14,d1_12z,2.2587,2.5557,437.1308,2.1338,2.3742,436.4515,0.1249,0.1815,0.6793,2.2118,2.5306,452.9544,2.0376,2.3124,452.4698,0.1742,0.2182,0.4846
2021-12-04,15,d1_00z,2.1617,2.6020,312.4347,2.0238,2.3336,318.6767,0.1379,0.2684,-6.2419,2.0693,2.5071,325.1953,1.9270,2.2730,336.7398,0.1423,0.2341,-11.5445
2021-12-04,15,d1_12z,2.0752,2.4272,318.5846,2.0238,2.3336,318.6767,0.0514,0.0937,-0.0921,2.0748,2.4687,336.9554,1.9270,2.2730,336.7398,0.1478,0.1957,0.2156
2021-12-04,16,d1_00z,1.8352,2.4431,160.5991,1.8486,2.3364,164.9628,-0.0134,0.1067,-4.3637,1.8251,2.4738,175.0456,1.8591,2.4131,182.7767,-0.0341,0.0607,-7.7310
2021-12-04,16,d1_12z,1.7980,2.3047,164.2467,1.8486,2.3364,164.9628,-0.0506,-0.0318,-0.7161,1.8235,2.4129,182.4573,1.8591,2.4131,182.7767,-0.0356,-0.0001,-0.3193
2021-12-04,17,d1_00z,1.8679,2.5257,26.5892,1.9889,2.5775,27.2789,-0.1210,-0.0518,-0.6897,1.9105,2.6020,33.5695,2.0234,2.6722,34.5921,-0.1129,-0.0703,-1.0227
2021-12-04,17,d1_12z,1.8581,2.4244,26.9470,1.9889,2.5775,27.2789,-0.1308,-0.1530,-0.3318,1.8920,2.5371,34.2639,2.0234,2.6722,34.5921,-0.1314,-0.1352,-0.3282
2021-12-04,18,d1_00z,2.0240,2.7392,0.0000,2.1833,2.9141,0.0014,-0.1592,-0.1749,-0.0014,2.0642,2.8206,0.0033,2.2494,3.0405,-0.0001,-0.1851,-0.2200,0.0034
2021-12-04,18,d1_12z,2.0424,2.7081,0.0016,2.1833,2.9141,0.0014,-0.1409,-0.2060,0.0002,2.1016,2.8226,0.0017,2.2494,3.0405,-0.0001,-0.1478,-0.2179,0.0018
2021-12-04,19,d1_00z,2.2404,3.0752,0.0058,2.3504,3.2289,-0.0002,-0.1100,-0.1537,0.0059,2.2047,3.0941,0.0023,2.3525,3.2789,0.0029,-0.1478,-0.1847,-0.0007
2021-12-04,19,d1_12z,2.2315,3.0373,-0.0004,2.3504,3.2289,-0.0002,-0.1188,-0.1916,-0.0003,2.2278,3.0685,0.0021,2.3525,3.2789,0.0029,-0.1247,-0.2104,-0.0009
2021-12-04,20,d1_00z,2.4155,3.3801,-0.0045,2.6482,3.7205,0.0030,-0.2327,-0.3404,-0.0076,2.3549,3.4177,0.0005,2.5500,3.7210,-0.0021,-0.1951,-0.3033,0.0026
2021-12-04,20,d1_12z,2.3857,3.3251,-0.0012,2.6482,3.7205,0.0030,-0.2625,-0.3953,-0.0042,2.3329,3.3102,-0.0044,2.5500,3.7210,-0.0021,-0.2171,-0.4108,-0.0023
2021-12-04,21,d1_00z,2.5567,3.6365,0.0000,2.8501,4.0868,0.0000,-0.2934,-0.4503,0.0000,2.4910,3.7627,0.0000,2.6833,4.0760,0.0000,-0.1924,-0.3133,0.0000
2021-12-04,21,d1_12z,2.5449,3.6270,0.0000,2.8501,4.0868,0.0000,-0.3051,-0.4597,0.0000,2.4317,3.5911,0.0000,2.6833,4.0760,0.0000,-0.2516,-0.4849,0.0000
2021-12-04,22,d1_00z,2.6325,3.7771,0.0000,3.0154,4.3961,0.0000,-0.3828,-0.6189,0.0000,2.6264,4.0171,0.0000,2.8136,4.4466,0.0000,-0.1872,-0.4295,0.0000
2021-12-04,22,d1_12z,2.6571,3.8479,0.0000,3.0154,4.3961,0.0000,-0.3582,-0.5482,0.0000,2.5635,3.9250,0.0000,2.8136,4.4466,0.0000,-0.2500,-0.5216,0.0000
2021-12-04,23,d1_00z,2.6942,3.8887,0.0000,3.1804,4.6503,0.0000,-0.4861,-0.7616,0.0000,2.6859,4.1561,0.0000,2.9852,4.8316,0.0000,-0.2993,-0.6756,0.0000
2021-12-04,23,d1_12z,2.7808,4.0455,0.0000,3.1804,4.6503,0.0000,-0.3996,-0.6048,0.0000,2.6671,4.1890,0.0000,2.9852,4.8316,0.0000,-0.3181,-0.6426,0.0000
2021-12-05,0,d1_00z,3.0326,4.4603,0.0000,3.2721,4.7958,0.0000,-0.2395,-0.3355,0.0000,2.8351,4.5166,0.0000,3.0628,5.0122,0.0000,-0.2276,-0.4955,0.0000
2021-12-05,0,d1_12z,3.2721,4.7958,0.0000,3.2721,4.7958,0.0000,0.0000,0.0000,0.0000,3.0628,5.0122,0.0000,3.0628,5.0122,0.0000,0.0000,0.0000,0.0000
2021-12-05,1,d1_00z,3.1077,4.5667,0.0000,3.3300,4.8676,0.0000,-0.2223,-0.3009,0.0000,2.8742,4.5888,0.0000,3.1240,5.1032,0.0000,-0.2499,-0.5144,0.0000
2021-12-05,1,d1_12z,3.3300,4.8676,0.0000,3.3300,4.8676,0.0000,0.0000,0.0000,0.0000,3.1240,5.1032,0.0000,3.1240,5.1032,0.0000,0.0000,0.0000,0.0000
2021-12-05,2,d1_00z,3.1293,4.5609,0.0000,3.3673,4.8966,0.0000,-0.2380,-0.3357,0.0000,2.8721,4.5790,0.0000,3.1566,5.1636,0.0000,-0.2844,-0.5846,0.0000
2021-12-05,2,d1_12z,3.3374,4.8482,0.0000,3.3673,4.8966,0.0000,-0.0299,-0.0485,0.0000,3.1292,5.0955,0.0000,3.1566,5.1636,0.0000,-0.0273,-0.0681,0.0000
2021-12-05,3,d1_00z,3.1213,4.5067,0.0000,3.3767,4.8909,0.0000,-0.2554,-0.3842,0.0000,2.8430,4.4871,0.0000,3.1407,5.0905,0.0000,-0.2977,-0.6034,0.0000
2021-12-05,3,d1_12z,3.3360,4.8236,0.0000,3.3767,4.8909,0.0000,-0.0407,-0.0673,0.0000,3.0951,4.9887,0.0000,3.1407,5.0905,0.0000,-0.0456,-0.1018,0.0000
2021-12-05,4,d1_00z,3.1238,4.5015,0.0000,3.3814,4.9161,0.0000,-0.2576,-0.4146,0.0000,2.8125,4.4311,0.0000,3.0976,5.0300,0.0000,-0.2852,-0.5989,0.0000
2021-12-05,4,d1_12z,3.3419,4.8498,0.0000,3.3814,4.9161,0.0000,-0.0395,-0.0663,0.0000,3.0586,4.9409,0.0000,3.0976,5.0300,0.0000,-0.0390,-0.0891,0.0000
2021-12-05,5,d1_00z,3.1164,4.4935,0.0000,3.3688,4.9213,0.0000,-0.2524,-0.4278,0.0000,2.8065,4.3822,0.0000,3.0700,4.9892,0.0000,-0.2635,-0.6070,0.0000
2021-12-05,5,d1_12z,3.3295,4.8609,0.0000,3.3688,4.9213,0.0000,-0.0393,-0.0604,0.0000,3.0388,4.9228,0.0000,3.0700,4.9892,0.0000,-0.0312,-0.0664,0.0000
2021-12-05,6,d1_00z,3.1809,4.5864,0.0000,3.4152,4.9927,0.0000,-0.2343,-0.4063,0.0000,2.9210,4.5483,0.0000,3.1308,5.0626,0.0000,-0.2097,-0.5143,0.0000
2021-12-05,6,d1_12z,3.3973,4.9637,0.0000,3.4152,4.9927,0.0000,-0.0179,-0.0290,0.0000,3.1163,5.0322,0.0000,3.1308,5.0626,0.0000,-0.0145,-0.0305,0.0000
2021-12-05,7,d1_00z,3.3069,4.7703,0.0452,3.5194,5.1488,0.0452,-0.2125,-0.3785,0.0000,3.0506,4.7824,0.0024,3.2304,5.2413,0.0024,-0.1798,-0.4588,0.0000
2021-12-05,7,d1_12z,3.5190,5.1499,0.0452,3.5194,5.1488,0.0452,-0.0003,0.0010,0.0000,3.2228,5.2297,0.0024,3.2304,5.2413,0.0024,-0.0075,-0.0116,0.0000
2021-12-05,8,d1_00z,3.4118,5.0404,40.1448,3.6274,5.4602,39.9672,-0.2156,-0.4198,0.1776,3.0896,5.0265,33.3355,3.2901,5.5384,33.2993,-0.2004,-0.5119,0.0362
2021-12-05,8,d1_12z,3.5929,5.3723,39.9923,3.6274,5.4602,39.9672,-0.0345,-0.0879,0.0251,3.2585,5.4568,33.3165,3.2901,5.5384,33.2993,-0.0316,-0.0816,0.0172
2021-12-05,9,d1_00z,3.5210,5.0739,190.3394,3.7745,5.4258,189.9651,-0.2535,-0.3520,0.3743,3.1968,5.0939,182.5034,3.4710,5.5164,182.6266,-0.2742,-0.4225,-0.1232
2021-12-05,9,d1_12z,3.7150,5.3123,189.9615,3.7745,5.4258,189.9651,-0.0595,-0.1135,-0.0036,3.4169,5.3988,182.5590,3.4710,5.5164,182.6266,-0.0541,-0.1176,-0.0677
2021-12-05,10,d1_00z,4.1147,5.1345,340.9880,4.4517,5.5867,340.3522,-0.3370,-0.4522,0.6358,4.0888,5.3348,337.5683,4.5362,5.9622,337.5667,-0.4474,-0.6274,0.0017
2021-12-05,10,d1_12z,4.3302,5.4099,340.2941,4.4517,5.5867,340.3522,-0.1215,-0.1769,-0.0581,4.4055,5.7638,337.3263,4.5362,5.9622,337.5667,-0.1306,-0.1984,-0.2404
2021-12-05,11,d1_00z,4.5166,5.6092,451.8348,4.9104,6.1298,450.9563,-0.3938,-0.5207,0.8785,4.6558,6.0120,453.7227,5.1476,6.6867,453.6267,-0.4918,-0.6747,0.0960
2021-12-05,11,d1_12z,4.7511,5.9024,450.8303,4.9104,6.1298,450.9563,-0.1592,-0.2274,-0.1261,4.9837,6.4365,453.2189,5.1476,6.6867,453.6267,-0.1639,-0.2502,-0.4078
2021-12-05,12,d1_00z,4.8206,6.0222,507.7757,5.2206,6.5414,506.9424,-0.3999,-0.5192,0.8332,5.0216,6.4846,515.0267,5.5084,7.1394,515.1078,-0.4868,-0.6547,-0.0811
2021-12-05,12,d1_12z,5.0430,6.2898,506.7590,5.2206,6.5414,506.9424,-0.1775,-0.2516,-0.1834,5.2921,6.8246,514.5619,5.5084,7.1394,515.1078,-0.2163,-0.3148,-0.5459
2021-12-05,13,d1_00z,4.9462,6.2308,502.9572,5.3229,6.7243,502.1742,-0.3768,-0.4934,0.7830,5.1087,6.6176,515.1013,5.6014,7.2866,515.2328,-0.4927,-0.6691,-0.1314
2021-12-05,13,d1_12z,5.1328,6.4475,501.9658,5.3229,6.7243,502.1742,-0.1901,-0.2768,-0.2084,5.3759,6.9578,514.8127,5.6014,7.2866,515.2328,-0.2255,-0.3289,-0.4201
2021-12-05,14,d1_00z,4.9236,6.2916,437.8874,5.2957,6.7827,437.1773,-0.3720,-0.4912,0.7102,5.0979,6.6672,453.9421,5.5569,7.3157,454.0123,-0.4589,-0.6485,-0.0702
2021-12-05,14,d1_12z,5.0844,6.4673,436.9897,5.2957,6.7827,437.1773,-0.2113,-0.3154,-0.1876,5.3075,6.9325,453.7581,5.5569,7.3157,454.0123,-0.2493,-0.3833,-0.2543
2021-12-05,15,d1_00z,4.5611,6.0524,319.8382,4.9248,6.5440,319.6268,-0.3637,-0.4916,0.2114,4.5982,6.2921,338.3119,5.0014,6.8805,338.7545,-0.4032,-0.5884,-0.4426
2021-12-05,15,d1_12z,4.7132,6.2360,319.1499,4.9248,6.5440,319.6268,-0.2116,-0.3079,-0.4768,4.8281,6.5894,338.2676,5.0014,6.8805,338.7545,-0.1733,-0.2911,-0.4869
2021-12-05,16,d1_00z,3.8072,5.6689,165.8724,4.2910,6.2842,165.8279,-0.4839,-0.6153,0.0445,3.6304,5.7916,183.9926,4.1309,6.4611,184.3407,-0.5005,-0.6694,-0.3481
2021-12-05,16,d1_12z,4.0361,5.9347,165.5612,4.2910,6.2842,165.8279,-0.2549,-0.3494,-0.2667,3.9243,6.1449,184.1063,4.1309,6.4611,184.3407,-0.2066,-0.3162,-0.2343
2021-12-05,17,d1_00z,3.6130,5.7631,27.5432,4.0175,6.4866,27.5957,-0.4045,-0.7235,-0.0525,3.2794,5.8730,34.9415,3.6339,6.6016,35.0640,-0.3545,-0.7286,-0.1225
2021-12-05,17,d1_12z,3.8087,6.0998,27.5553,4.0175,6.4866,27.5957,-0.2088,-0.3868,-0.0404,3.4991,6.2732,35.0071,3.6339,6.6016,35.0640,-0.1349,-0.3284,-0.0569
2021-12-05,18,d1_00z,3.6714,5.9210,0.0017,4.0696,6.7005,-0.0010,-0.3982,-0.7795,0.0027,3.3188,5.9774,0.0059,3.6557,6.8129,-0.0036,-0.3369,-0.8355,0.0095
2021-12-05,18,d1_12z,3.8707,6.2881,0.0004,4.0696,6.7005,-0.0010,-0.1989,-0.4124,0.0013,3.4717,6.3493,-0.0006,3.6557,6.8129,-0.0036,-0.1840,-0.4636,0.0030
2021-12-05,19,d1_00z,3.8080,6.1960,0.0004,4.1847,6.9151,0.0032,-0.3767,-0.7191,-0.0028,3.4080,6.1807,0.0003,3.7160,6.9489,-0.0001,-0.3080,-0.7682,0.0004
2021-12-05,19,d1_12z,4.0065,6.5566,-0.0017,4.1847,6.9151,0.0032,-0.1782,-0.3584,-0.0048,3.5504,6.5183,0.0028,3.7160,6.9489,-0.0001,-0.1656,-0.4306,0.0029
2021-12-05,20,d1_00z,3.9289,6.4515,0.0022,4.3719,7.2370,-0.0048,-0.4430,-0.7855,0.0070,3.4903,6.4196,0.0062,3.8389,7.2696,-0.0021,-0.3486,-0.8500,0.0083
2021-12-05,20,d1_12z,4.1191,6.7715,0.0009,4.3719,7.2370,-0.0048,-0.2528,-0.4655,0.0057,3.6253,6.7283,-0.0039,3.8389,7.2696,-0.0021,-0.2136,-0.5413,-0.0018
2021-12-05,21,d1_00z,4.0254,6.6572,0.0000,4.4811,7.4360,0.0000,-0.4557,-0.7789,0.0000,3.5422,6.5885,0.0000,3.9119,7.3817,0.0000,-0.3696,-0.7931,0.0000
2021-12-05,21,d1_12z,4.1857,6.9062,0.0000,4.4811,7.4360,0.0000,-0.2954,-0.5298,0.0000,3.6663,6.8555,0.0000,3.9119,7.3817,0.0000,-0.2455,-0.5262,0.0000
2021-12-05,22,d1_00z,4.0692,6.7437,0.0000,4.5491,7.5497,0.0000,-0.4799,-0.8060,0.0000,3.5486,6.6337,0.0000,3.9181,7.3841,0.0000,-0.3695,-0.7503,0.0000
2021-12-05,22,d1_12z,4.2139,6.9713,0.0000,4.5491,7.5497,0.0000,-0.3352,-0.5784,0.0000,3.6153,6.7834,0.0000,3.9181,7.3841,0.0000,-0.3028,-0.6007,0.0000
2021-12-05,23,d1_00z,4.0723,6.7293,0.0000,4.5694,7.5534,0.0000,-0.4971,-0.8241,0.0000,3.4671,6.4340,0.0000,3.8461,7.1929,0.0000,-0.3789,-0.7589,0.0000
2021-12-05,23,d1_12z,4.2043,6.9358,0.0000,4.5694,7.5534,0.0000,-0.3651,-0.6176,0.0000,3.5319,6.5670,0.0000,3.8461,7.1929,0.0000,-0.3141,-0.6259,0.0000
2021-12-06,0,d1_00z,4.3082,7.0638,0.0000,4.5039,7.4097,0.0000,-0.1957,-0.3460,0.0000,3.5808,6.6100,0.0000,3.7280,6.9438,0.0000,-0.1472,-0.3338,0.0000
2021-12-06,0,d1_12z,4.5039,7.4097,0.0000,4.5039,7.4097,0.0000,0.0000,0.0000,0.0000,3.7280,6.9438,0.0000,3.7280,6.9438,0.0000,0.0000,0.0000,0.0000
2021-12-06,1,d1_00z,4.1785,6.7900,0.0000,4.3624,7.1225,0.0000,-0.1840,-0.3324,0.0000,3.4794,6.3754,0.0000,3.5827,6.6515,0.0000,-0.1033,-0.2760,0.0000
2021-12-06,1,d1_12z,4.3624,7.1225,0.0000,4.3624,7.1225,0.0000,0.0000,0.0000,0.0000,3.5827,6.6515,0.0000,3.5827,6.6515,0.0000,0.0000,0.0000,0.0000
2021-12-06,2,d1_00z,3.9725,6.3621,0.0000,4.1574,6.7215,0.0000,-0.1849,-0.3594,0.0000,3.3155,5.9917,0.0000,3.3956,6.2176,0.0000,-0.0801,-0.2259,0.0000
2021-12-06,2,d1_12z,4.1398,6.6711,0.0000,4.1574,6.7215,0.0000,-0.0176,-0.0504,0.0000,3.3725,6.1521,0.0000,3.3956,6.2176,0.0000,-0.0232,-0.0655,0.0000
2021-12-06,3,d1_00z,3.7609,5.9022,0.0000,3.9168,6.2108,0.0000,-0.1560,-0.3086,0.0000,3.1585,5.5765,0.0000,3.1966,5.7125,0.0000,-0.0381,-0.1360,0.0000
2021-12-06,3,d1_12z,3.8896,6.1417,0.0000,3.9168,6.2108,0.0000,-0.0272,-0.0691,0.0000,3.1609,5.6406,0.0000,3.1966,5.7125,0.0000,-0.0357,-0.0718,0.0000
2021-12-06,4,d1_00z,3.6016,5.5143,0.0000,3.7222,5.7521,0.0000,-0.1206,-0.2378,0.0000,3.0872,5.3567,0.0000,3.1060,5.3832,0.0000,-0.0188,-0.0266,0.0000
2021-12-06,4,d1_12z,3.6648,5.6285,0.0000,3.7222,5.7521,0.0000,-0.0574,-0.1236,0.0000,3.0464,5.2491,0.0000,3.1060,5.3832,0.0000,-0.0596,-0.1341,0.0000
2021-12-06,5,d1_00z,3.3999,5.0992,0.0000,3.5298,5.3349,0.0000,-0.1299,-0.2357,0.0000,2.9620,5.0297,0.0000,3.0248,5.1803,0.0000,-0.0628,-0.1506,0.0000
2021-12-06,5,d1_12z,3.4425,5.1516,0.0000,3.5298,5.3349,0.0000,-0.0873,-0.1834,0.0000,2.9447,4.9944,0.0000,3.0248,5.1803,0.0000,-0.0801,-0.1858,0.0000
2021-12-06,6,d1_00z,3.2596,4.8788,0.0000,3.3763,5.1381,0.0000,-0.1166,-0.2593,0.0000,2.9303,4.9254,0.0000,2.9405,4.9457,0.0000,-0.0102,-0.0203,0.0000
2021-12-06,6,d1_12z,3.2648,4.8915,0.0000,3.3763,5.1381,0.0000,-0.1115,-0.2465,0.0000,2.8094,4.6384,0.0000,2.9405,4.9457,0.0000,-0.1311,-0.3073,0.0000
2021-12-06,7,d1_00z,3.1587,4.8116,0.0306,3.2790,5.1006,0.0309,-0.1203,-0.2890,-0.0003,2.7956,4.7765,0.0011,2.8191,4.8986,0.0011,-0.0234,-0.1221,0.0000
2021-12-06,7,d1_12z,3.1254,4.8039,0.0316,3.2790,5.1006,0.0309,-0.1537,-0.2967,0.0008,2.6955,4.6067,0.0011,2.8191,4.8986,0.0011,-0.1236,-0.2920,0.0000
2021-12-06,8,d1_00z,3.2442,4.9487,31.1590,3.3407,5.2062,31.3387,-0.0965,-0.2575,-0.1797,3.0121,5.0171,28.6305,2.8289,4.8064,28.5210,0.1831,0.2107,0.1095
2021-12-06,8,d1_12z,3.2081,4.9074,31.0144,3.3407,5.2062,31.3387,-0.1326,-0.2988,-0.3243,2.6339,4.4617,28.3080,2.8289,4.8064,28.5210,-0.1950,-0.3447,-0.2130
2021-12-06,9,d1_00z,3.8382,5.2902,149.1358,3.9047,5.5173,152.8153,-0.0665,-0.2271,-3.6795,3.6597,5.4348,161.5949,3.6242,5.4681,165.7510,0.0355,-0.0333,-4.1561
2021-12-06,9,d1_12z,3.7581,5.2315,147.6168,3.9047,5.5173,152.8153,-0.1466,-0.2857,-5.1985,3.5051,5.2425,160.5570,3.6242,5.4681,165.7510,-0.1191,-0.2256,-5.1940
2021-12-06,10,d1_00z,4.9017,6.2793,282.2724,4.9173,6.3993,289.0042,-0.0155,-0.1201,-6.7318,4.8775,6.3997,317.3662,4.7508,6.3093,322.1200,0.1267,0.0904,-4.7538
2021-12-06,10,d1_12z,4.7278,6.0766,279.1944,4.9173,6.3993,289.0042,-0.1895,-0.3227,-9.8098,4.5706,5.9951,313.9580,4.7508,6.3093,322.1200,-0.1802,-0.3142,-8.1620
2021-12-06,11,d1_00z,5.8345,7.4068,393.0266,5.7725,7.4065,399.4728,0.0619,0.0003,-6.4462,6.1914,7.9518,436.6155,5.9254,7.6569,441.0934,0.2660,0.2949,-4.4779
2021-12-06,11,d1_12z,5.6143,7.1394,388.0449,5.7725,7.4065,399.4728,-0.1583,-0.2671,-11.4279,5.7543,7.3879,435.9874,5.9254,7.6569,441.0934,-0.1710,-0.2690,-5.1060
2021-12-06,12,d1_00z,6.4379,8.1596,459.7542,6.3067,8.0567,466.6065,0.1312,0.1029,-6.8522,6.9205,8.8320,503.5522,6.5115,8.2979,505.3817,0.4090,0.5341,-1.8295
2021-12-06,12,d1_12z,6.1994,7.8698,454.6810,6.3067,8.0567,466.6065,-0.1073,-0.1869,-11.9255,6.4553,8.2076,501.7108,6.5115,8.2979,505.3817,-0.0562,-0.0902,-3.6710
2021-12-06,13,d1_00z,6.8677,8.7188,467.4465,6.6869,8.5421,474.3170,0.1808,0.1768,-6.8706,7.3034,9.2897,505.4095,7.0221,8.9447,504.9874,0.2814,0.3450,0.4220
2021-12-06,13,d1_12z,6.6826,8.4972,463.2552,6.6869,8.5421,474.3170,-0.0042,-0.0449,-11.0618,6.9807,8.8543,500.0402,7.0221,8.9447,504.9874,-0.0413,-0.0904,-4.9473
2021-12-06,14,d1_00z,7.1611,9.1679,416.5542,6.9479,8.9656,419.0394,0.2132,0.2023,-2.4852,7.4825,9.6175,445.9661,7.2426,9.3402,443.3344,0.2399,0.2773,2.6316
2021-12-06,14,d1_12z,6.9993,8.9770,410.9063,6.9479,8.9656,419.0394,0.0514,0.0114,-8.1331,7.2621,9.3352,436.6646,7.2426,9.3402,443.3344,0.0195,-0.0050,-6.6699
2021-12-06,15,d1_00z,7.0922,9.2536,308.6716,6.8543,9.0393,308.6802,0.2379,0.2143,-0.0086,7.2861,9.5717,332.2653,7.0265,9.2892,331.7088,0.2595,0.2825,0.5565
2021-12-06,15,d1_12z,6.9564,9.1132,302.4543,6.8543,9.0393,308.6802,0.1021,0.0739,-6.2259,7.1263,9.4136,325.4060,7.0265,9.2892,331.7088,0.0998,0.1244,-6.3028
2021-12-06,16,d1_00z,6.9849,9.3809,161.8987,6.7669,9.1894,161.5130,0.2180,0.1916,0.3858,7.0190,9.6032,181.6858,6.6894,9.2799,181.8661,0.3296,0.3233,-0.1803
2021-12-06,16,d1_12z,6.8367,9.2238,158.8880,6.7669,9.1894,161.5130,0.0698,0.0344,-2.6250,6.7608,9.3196,179.2541,6.6894,9.2799,181.8661,0.0714,0.0397,-2.6120
2021-12-06,17,d1_00z,6.7755,9.5961,27.3253,6.5437,9.4111,27.3519,0.2318,0.1850,-0.0266,6.6502,9.6783,34.7861,6.3103,9.3437,34.8282,0.3399,0.3346,-0.0421
2021-12-06,17,d1_12z,6.5924,9.4189,27.0994,6.5437,9.4111,27.3519,0.0488,0.0078,-0.2526,6.4316,9.4720,34.4216,6.3103,9.3437,34.8282,0.1213,0.1283,-0.4066
2021-12-06,18,d1_00z,6.6892,9.6072,0.0038,6.5551,9.5541,0.0000,0.1341,0.0531,0.0038,6.2636,9.3798,-0.0015,6.1510,9.3151,0.0010,0.1126,0.0647,-0.0025
2021-12-06,18,d1_12z,6.5490,9.4980,0.0006,6.5551,9.5541,0.0000,-0.0061,-0.0562,0.0006,6.2622,9.3979,-0.0031,6.1510,9.3151,0.0010,0.1112,0.0827,-0.0041
2021-12-06,19,d1_00z,6.5815,9.4509,-0.0032,6.5409,9.4773,0.0011,0.0406,-0.0264,-0.0043,5.9379,8.9723,0.0005,6.0889,9.2924,0.0017,-0.1510,-0.3202,-0.0012
2021-12-06,19,d1_12z,6.5069,9.3942,0.0004,6.5409,9.4773,0.0011,-0.0340,-0.0831,-0.0007,6.0059,9.1313,0.0069,6.0889,9.2924,0.0017,-0.0830,-0.1612,0.0051
2021-12-06,20,d1_00z,6.3886,9.1810,0.0037,6.2373,9.0608,0.0014,0.1514,0.1203,0.0023,5.7492,8.6025,0.0040,5.7522,8.8237,-0.0007,-0.0030,-0.2211,0.0046
2021-12-06,20,d1_12z,6.3747,9.1805,0.0024,6.2373,9.0608,0.0014,0.1374,0.1197,0.0010,5.9056,8.8559,0.0063,5.7522,8.8237,-0.0007,0.1534,0.0322,0.0070
2021-12-06,21,d1_00z,6.1089,8.7811,0.0000,6.0305,8.7401,0.0000,0.0784,0.0410,0.0000,5.5558,8.3054,0.0000,5.5441,8.3947,0.0000,0.0117,-0.0893,0.0000
2021-12-06,21,d1_12z,6.1945,8.9064,0.0000,6.0305,8.7401,0.0000,0.1640,0.1663,0.0000,5.7046,8.5411,0.0000,5.5441,8.3947,0.0000,0.1605,0.1464,0.0000
2021-12-06,22,d1_00z,5.8182,8.3713,0.0000,5.7618,8.3727,0.0000,0.0564,-0.0013,0.0000,5.4005,8.0765,0.0000,5.2970,8.0518,0.0000,0.1035,0.0247,0.0000
2021-12-06,22,d1_12z,5.9218,8.5302,0.0000,5.7618,8.3727,0.0000,0.1600,0.1575,0.0000,5.4232,8.2024,0.0000,5.2970,8.0518,0.0000,0.1262,0.1505,0.0000
2021-12-06,23,d1_00z,5.4930,7.9225,0.0000,5.4018,7.9093,0.0000,0.0912,0.0133,0.0000,5.0063,7.5558,0.0000,4.9447,7.6096,0.0000,0.0616,-0.0538,0.0000
2021-12-06,23,d1_12z,5.5775,8.0692,0.0000,5.4018,7.9093,0.0000,0.1757,0.1599,0.0000,5.1581,7.8236,0.0000,4.9447,7.6096,0.0000,0.2134,0.2140,0.0000
2021-12-07,0,d1_00z,5.1663,7.5409,0.0000,5.0750,7.4793,0.0000,0.0913,0.0616,0.0000,4.6668,7.2126,0.0000,4.5330,7.0699,0.0000,0.1338,0.1427,0.0000
2021-12-07,0,d1_12z,5.0750,7.4793,0.0000,5.0750,7.4793,0.0000,0.0000,0.0000,0.0000,4.5330,7.0699,0.0000,4.5330,7.0699,0.0000,0.0000,0.0000,0.0000
2021-12-07,1,d1_00z,4.9157,7.1732,0.0000,4.7953,7.0523,0.0000,0.1204,0.1210,0.0000,4.2507,6.6498,0.0000,4.1631,6.5545,0.0000,0.0876,0.0953,0.0000
2021-12-07,1,d1_12z,4.7953,7.0523,0.0000,4.7953,7.0523,0.0000,0.0000,0.0000,0.0000,4.1631,6.5545,0.0000,4.1631,6.5545,0.0000,0.0000,0.0000,0.0000
2021-12-07,2,d1_00z,4.6892,6.8368,0.0000,4.5723,6.7225,0.0000,0.1169,0.1143,0.0000,3.9183,6.2234,0.0000,3.7861,6.0948,0.0000,0.1322,0.1287,0.0000
2021-12-07,2,d1_12z,4.5541,6.6844,0.0000,4.5723,6.7225,0.0000,-0.0183,-0.0381,0.0000,3.7386,6.0004,0.0000,3.7861,6.0948,0.0000,-0.0475,-0.0944,0.0000
2021-12-07,3,d1_00z,4.4913,6.5293,0.0000,4.3891,6.4434,0.0000,0.1023,0.0858,0.0000,3.7104,5.9467,0.0000,3.5883,5.8440,0.0000,0.1221,0.1027,0.0000
2021-12-07,3,d1_12z,4.3625,6.4003,0.0000,4.3891,6.4434,0.0000,-0.0265,-0.0431,0.0000,3.5374,5.7705,0.0000,3.5883,5.8440,0.0000,-0.0509,-0.0735,0.0000
2021-12-07,4,d1_00z,4.3190,6.2740,0.0000,4.2169,6.1713,0.0000,0.1020,0.1027,0.0000,3.6054,5.8538,0.0000,3.4763,5.6588,0.0000,0.1290,0.1950,0.0000
2021-12-07,4,d1_12z,4.1872,6.1250,0.0000,4.2169,6.1713,0.0000,-0.0297,-0.0463,0.0000,3.4384,5.6288,0.0000,3.4763,5.6588,0.0000,-0.0379,-0.0299,0.0000
2021-12-07,5,d1_00z,4.1416,5.9993,0.0000,4.0159,5.8425,0.0000,0.1256,0.1567,0.0000,3.4287,5.5867,0.0000,3.2790,5.3516,0.0000,0.1497,0.2351,0.0000
2021-12-07,5,d1_12z,3.9898,5.7948,0.0000,4.0159,5.8425,0.0000,-0.0261,-0.0477,0.0000,3.2698,5.3361,0.0000,3.2790,5.3516,0.0000,-0.0092,-0.0155,0.0000
2021-12-07,6,d1_00z,3.8902,5.6358,0.0000,3.7851,5.4884,0.0000,0.1051,0.1473,0.0000,3.1991,5.2571,0.0000,3.0757,4.9539,0.0000,0.1234,0.3033,0.0000
2021-12-07,6,d1_12z,3.7560,5.4418,0.0000,3.7851,5.4884,0.0000,-0.0291,-0.0467,0.0000,3.0883,4.9661,0.0000,3.0757,4.9539,0.0000,0.0126,0.0123,0.0000
2021-12-07,7,d1_00z,3.6994,5.3215,0.0232,3.5614,5.1441,0.0232,0.1381,0.1773,0.0000,3.1034,5.0092,0.0010,2.9280,4.6828,0.0010,0.1753,0.3264,0.0000
2021-12-07,7,d1_12z,3.5339,5.0951,0.0232,3.5614,5.1441,0.0232,-0.0274,-0.0491,0.0000,2.9165,4.6462,0.0010,2.9280,4.6828,0.0010,-0.0115,-0.0366,0.0000
2021-12-07,8,d1_00z,3.4892,4.9649,37.5585,3.4813,4.9832,37.2346,0.0078,-0.0184,0.3239,2.9979,4.6627,30.2178,2.9617,4.6089,29.8481,0.0362,0.0538,0.3697
2021-12-07,8,d1_12z,3.3282,4.7134,37.4281,3.4813,4.9832,37.2346,-0.1532,-0.2698,0.1935,2.8265,4.3764,29.9659,2.9617,4.6089,29.8481,-0.1352,-0.2325,0.1179
2021-12-07,9,d1_00z,3.6051,4.5190,181.4163,3.6996,4.6816,177.3518,-0.0945,-0.1626,4.0644,3.2496,4.3048,168.1525,3.3025,4.3820,163.7623,-0.0528,-0.0772,4.3902
2021-12-07,9,d1_12z,3.4574,4.3129,180.2963,3.6996,4.6816,177.3518,-0.2423,-0.3687,2.9444,3.0777,4.0468,167.3104,3.3025,4.3820,163.7623,-0.2248,-0.3352,3.5480
2021-12-07,10,d1_00z,3.7763,4.4991,328.9041,3.9760,4.7935,315.2286,-0.1998,-0.2943,13.6756,3.6765,4.5420,316.2991,3.8053,4.7252,298.1831,-0.1288,-0.1832,18.1159
2021-12-07,10,d1_12z,3.6525,4.3332,322.3566,3.9760,4.7935,315.2286,-0.3235,-0.4602,7.1280,3.4866,4.2825,307.8684,3.8053,4.7252,298.1831,-0.3187,-0.4427,9.6853
2021-12-07,11,d1_00z,3.7545,4.3708,439.3239,3.9586,4.6674,415.8200,-0.2041,-0.2966,23.5039,3.8307,4.6167,428.6001,3.9308,4.7752,386.8197,-0.1001,-0.1586,41.7805
2021-12-07,11,d1_12z,3.6033,4.1666,425.7294,3.9586,4.6674,415.8200,-0.3553,-0.5008,9.9094,3.6291,4.3293,407.4499,3.9308,4.7752,386.8197,-0.3017,-0.4459,20.6302
2021-12-07,12,d1_00z,3.6602,4.1980,489.9675,3.7773,4.3734,466.3589,-0.1171,-0.1754,23.6086,3.7430,4.4368,482.9704,3.8514,4.6148,439.4566,-0.1084,-0.1779,43.5138
2021-12-07,12,d1_12z,3.4708,3.9507,472.6944,3.7773,4.3734,466.3589,-0.3065,-0.4228,6.3355,3.6173,4.2731,454.9050,3.8514,4.6148,439.4566,-0.2342,-0.3416,15.4485
2021-12-07,13,d1_00z,3.5357,4.0372,475.2634,3.6497,4.1909,458.8049,-0.1141,-0.1538,16.4585,3.6301,4.2770,472.5890,3.7071,4.3906,440.2117,-0.0770,-0.1136,32.3773
2021-12-07,13,d1_12z,3.3972,3.8437,463.0955,3.6497,4.1909,458.8049,-0.2526,-0.3472,4.2906,3.4946,4.1012,452.9201,3.7071,4.3906,440.2117,-0.2125,-0.2894,12.7084
2021-12-07,14,d1_00z,3.3853,3.8808,403.3503,3.4479,3.9508,399.2448,-0.0626,-0.0699,4.1055,3.5502,4.2264,393.4151,3.6164,4.2921,386.8391,-0.0662,-0.0657,6.5760
2021-12-07,14,d1_12z,3.2473,3.6998,398.3332,3.4479,3.9508,399.2448,-0.2006,-0.2510,-0.9116,3.4173,4.0466,382.0886,3.6164,4.2921,386.8391,-0.1991,-0.2455,-4.7505
2021-12-07,15,d1_00z,3.2197,3.7773,282.6118,3.3059,3.8684,285.3198,-0.0862,-0.0911,-2.7080,3.3124,4.0321,274.8486,3.3877,4.0870,285.4968,-0.0753,-0.0549,-10.6482
2021-12-07,15,d1_12z,3.0784,3.5837,284.3727,3.3059,3.8684,285.3198,-0.2275,-0.2848,-0.9471,3.1623,3.7998,283.4950,3.3877,4.0870,285.4968,-0.2254,-0.2872,-2.0018
2021-12-07,16,d1_00z,2.8811,3.6455,139.7460,3.0092,3.8276,143.1997,-0.1281,-0.1821,-3.4537,2.7772,3.7087,144.3383,2.7826,3.6977,146.4722,-0.0055,0.0109,-2.1340
2021-12-07,16,d1_12z,2.8056,3.5586,141.0639,3.0092,3.8276,143.1997,-0.2036,-0.2690,-2.1358,2.6841,3.5837,147.3756,2.7826,3.6977,146.4722,-0.0986,-0.1140,0.9033
2021-12-07,17,d1_00z,2.6915,3.6728,23.9936,2.8485,3.9508,24.6001,-0.1570,-0.2780,-0.6065,2.2456,3.3459,29.4928,2.4300,3.6795,30.0578,-0.1844,-0.3336,-0.5650
2021-12-07,17,d1_12z,2.7123,3.7199,24.5986,2.8485,3.9508,24.6001,-0.1362,-0.2309,-0.0015,2.3175,3.5112,30.5178,2.4300,3.6795,30.0578,-0.1125,-0.1683,0.4600
2021-12-07,18,d1_00z,2.6144,3.6544,0.0044,2.7843,3.9667,0.0033,-0.1699,-0.3124,0.0011,2.0990,3.1879,0.0051,2.1835,3.4082,-0.0026,-0.0845,-0.2203,0.0077
2021-12-07,18,d1_12z,2.6708,3.7697,-0.0001,2.7843,3.9667,0.0033,-0.1135,-0.1971,-0.0034,2.1844,3.3610,0.0023,2.1835,3.4082,-0.0026,0.0008,-0.0472,0.0049
2021-12-07,19,d1_00z,2.5472,3.6128,-0.0029,2.6545,3.8262,-0.0014,-0.1073,-0.2134,-0.0015,1.8721,2.8397,-0.0065,2.0181,3.1436,0.0043,-0.1460,-0.3038,-0.0108
2021-12-07,19,d1_12z,2.5374,3.6372,0.0047,2.6545,3.8262,-0.0014,-0.1171,-0.1890,0.0061,1.9730,3.0393,0.0021,2.0181,3.1436,0.0043,-0.0451,-0.1042,-0.0022
2021-12-07,20,d1_00z,2.4909,3.5257,0.0010,2.5173,3.5775,-0.0060,-0.0264,-0.0518,0.0070,1.7933,2.6441,-0.0001,1.9154,2.9091,-0.0105,-0.1221,-0.2650,0.0104
2021-12-07,20,d1_12z,2.4479,3.4950,-0.0049,2.5173,3.5775,-0.0060,-0.0694,-0.0825,0.0011,1.9243,2.9137,-0.0001,1.9154,2.9091,-0.0105,0.0089,0.0046,0.0105
2021-12-07,21,d1_00z,2.4187,3.4041,0.0000,2.4125,3.3662,0.0000,0.0062,0.0378,0.0000,1.7557,2.5916,0.0000,1.7411,2.6058,0.0000,0.0147,-0.0142,0.0000
2021-12-07,21,d1_12z,2.3174,3.2699,0.0000,2.4125,3.3662,0.0000,-0.0951,-0.0964,0.0000,1.7619,2.6565,0.0000,1.7411,2.6058,0.0000,0.0209,0.0507,0.0000
2021-12-07,22,d1_00z,2.3413,3.2604,0.0000,2.3458,3.2076,0.0000,-0.0045,0.0528,0.0000,1.7556,2.5803,0.0000,1.7037,2.4939,0.0000,0.0519,0.0864,0.0000
2021-12-07,22,d1_12z,2.2262,3.0763,0.0000,2.3458,3.2076,0.0000,-0.1197,-0.1313,0.0000,1.7000,2.4770,0.0000,1.7037,2.4939,0.0000,-0.0037,-0.0168,0.0000
2021-12-07,23,d1_00z,2.2675,3.1401,0.0000,2.2798,3.0833,0.0000,-0.0122,0.0568,0.0000,1.7655,2.6188,0.0000,1.6745,2.3610,0.0000,0.0910,0.2578,0.0000
2021-12-07,23,d1_12z,2.1939,2.9831,0.0000,2.2798,3.0833,0.0000,-0.0859,-0.1002,0.0000,1.7388,2.4667,0.0000,1.6745,2.3610,0.0000,0.0643,0.1057,0.0000
2021-12-08,0,d1_00z,2.2288,3.0367,0.0000,2.1873,2.9428,0.0000,0.0415,0.0938,0.0000,1.7899,2.4801,0.0000,1.7761,2.4225,0.0000,0.0138,0.0576,0.0000
2021-12-08,0,d1_12z,2.1873,2.9428,0.0000,2.1873,2.9428,0.0000,0.0000,0.0000,0.0000,1.7761,2.4225,0.0000,1.7761,2.4225,0.0000,0.0000,0.0000,0.0000
2021-12-08,1,d1_00z,2.1784,2.9205,0.0000,2.1344,2.8283,0.0000,0.0440,0.0922,0.0000,1.8740,2.5651,0.0000,1.8362,2.4919,0.0000,0.0378,0.0732,0.0000
2021-12-08,1,d1_12z,2.1344,2.8283,0.0000,2.1344,2.8283,0.0000,0.0000,0.0000,0.0000,1.8362,2.4919,0.0000,1.8362,2.4919,0.0000,0.0000,0.0000,0.0000
2021-12-08,2,d1_00z,2.1392,2.8234,0.0000,2.0999,2.7545,0.0000,0.0393,0.0689,0.0000,1.7707,2.4131,0.0000,1.7946,2.4434,0.0000,-0.0239,-0.0303,0.0000
2021-12-08,2,d1_12z,2.1117,2.7733,0.0000,2.0999,2.7545,0.0000,0.0118,0.0188,0.0000,1.7936,2.4515,0.0000,1.7946,2.4434,0.0000,-0.0010,0.0081,0.0000
2021-12-08,3,d1_00z,2.0729,2.6849,0.0000,2.0543,2.6432,0.0000,0.0186,0.0417,0.0000,1.6864,2.2317,0.0000,1.6516,2.1752,0.0000,0.0348,0.0564,0.0000
2021-12-08,3,d1_12z,2.0762,2.6721,0.0000,2.0543,2.6432,0.0000,0.0219,0.0290,0.0000,1.6620,2.2003,0.0000,1.6516,2.1752,0.0000,0.0105,0.0251,0.0000
2021-12-08,4,d1_00z,2.0562,2.6169,0.0000,2.0373,2.5722,0.0000,0.0189,0.0447,0.0000,1.6778,2.1652,0.0000,1.6855,2.0942,0.0000,-0.0077,0.0710,0.0000
2021-12-08,4,d1_12z,2.0733,2.6234,0.0000,2.0373,2.5722,0.0000,0.0360,0.0512,0.0000,1.6966,2.1203,0.0000,1.6855,2.0942,0.0000,0.0111,0.0261,0.0000
2021-12-08,5,d1_00z,2.0918,2.6510,0.0000,2.0480,2.5731,0.0000,0.0438,0.0779,0.0000,1.7965,2.2915,0.0000,1.6747,2.0875,0.0000,0.1217,0.2040,0.0000
2021-12-08,5,d1_12z,2.0930,2.6461,0.0000,2.0480,2.5731,0.0000,0.0450,0.0730,0.0000,1.6866,2.1211,0.0000,1.6747,2.0875,0.0000,0.0119,0.0336,0.0000
2021-12-08,6,d1_00z,2.0997,2.6965,0.0000,2.0749,2.6383,0.0000,0.0248,0.0582,0.0000,1.7148,2.2140,0.0000,1.7261,2.2133,0.0000,-0.0113,0.0007,0.0000
2021-12-08,6,d1_12z,2.1191,2.7204,0.0000,2.0749,2.6383,0.0000,0.0442,0.0821,0.0000,1.7526,2.2804,0.0000,1.7261,2.2133,0.0000,0.0265,0.0671,0.0000
2021-12-08,7,d1_00z,2.1184,2.7766,0.0153,2.1097,2.7254,0.0153,0.0087,0.0513,0.0000,1.8277,2.4222,0.0000,1.8787,2.4431,0.0000,-0.0510,-0.0209,0.0000
2021-12-08,7,d1_12z,2.1433,2.8028,0.0156,2.1097,2.7254,0.0153,0.0337,0.0775,0.0003,1.9212,2.5373,0.0000,1.8787,2.4431,0.0000,0.0425,0.0942,0.0000
2021-12-08,8,d1_00z,2.1444,2.9553,30.9370,2.1031,2.8492,32.2206,0.0413,0.1061,-1.2836,2.0005,2.7623,23.4847,1.9276,2.6440,24.8314,0.0729,0.1183,-1.3468
2021-12-08,8,d1_12z,2.1266,2.9084,32.0006,2.1031,2.8492,32.2206,0.0234,0.0592,-0.2201,1.9618,2.7530,24.8782,1.9276,2.6440,24.8314,0.0342,0.1090,0.0468
2021-12-08,9,d1_00z,2.2033,2.9014,132.6892,2.1279,2.7749,140.4961,0.0754,0.1265,-7.8068,2.0111,2.8169,115.6926,1.9225,2.6183,119.5838,0.0886,0.1985,-3.8912
2021-12-08,9,d1_12z,2.1583,2.8199,140.9950,2.1279,2.7749,140.4961,0.0304,0.0449,0.4989,1.9694,2.7239,122.0109,1.9225,2.6183,119.5838,0.0469,0.1056,2.4271
2021-12-08,10,d1_00z,2.4229,2.9322,235.1673,2.3605,2.8154,250.2609,0.0624,0.1168,-15.0936,2.1228,2.6936,221.1325,2.1918,2.6994,226.1141,-0.0690,-0.0058,-4.9816
2021-12-08,10,d1_12z,2.3848,2.8451,252.6234,2.3605,2.8154,250.2609,0.0243,0.0297,2.3625,2.2266,2.7375,232.5272,2.1918,2.6994,226.1141,0.0348,0.0381,6.4130
2021-12-08,11,d1_00z,2.5762,3.0726,308.5997,2.5447,3.0006,327.1320,0.0315,0.0720,-18.5323,2.3954,2.8971,306.4988,2.3161,2.7527,305.5397,0.0793,0.1444,0.9592
2021-12-08,11,d1_12z,2.5329,2.9836,330.5034,2.5447,3.0006,327.1320,-0.0118,-0.0169,3.3714,2.3287,2.7828,315.3584,2.3161,2.7527,305.5397,0.0126,0.0300,9.8188
2021-12-08,12,d1_00z,2.6759,3.1958,342.9793,2.7056,3.2053,353.8700,-0.0297,-0.0095,-10.8907,2.6029,3.1342,340.7647,2.5547,3.0684,329.8781,0.0482,0.0658,10.8866
2021-12-08,12,d1_12z,2.6094,3.0851,357.4131,2.7056,3.2053,353.8700,-0.0962,-0.1202,3.5431,2.5061,3.0006,339.1535,2.5547,3.0684,329.8781,-0.0486,-0.0678,9.2754
2021-12-08,13,d1_00z,2.6784,3.2188,328.0854,2.8138,3.3767,337.8063,-0.1354,-0.1579,-9.7209,2.7164,3.2837,330.9910,2.8315,3.3981,340.7741,-0.1151,-0.1143,-9.7831
2021-12-08,13,d1_12z,2.6426,3.1520,332.6370,2.8138,3.3767,337.8063,-0.1712,-0.2247,-5.1693,2.6406,3.1392,327.7911,2.8315,3.3981,340.7741,-0.1908,-0.2588,-12.9830
2021-12-08,14,d1_00z,2.6296,3.1879,267.5266,2.7940,3.3971,280.0681,-0.1644,-0.2091,-12.5414,2.6704,3.2542,264.7817,2.8614,3.5004,273.0351,-0.1910,-0.2462,-8.2533
2021-12-08,14,d1_12z,2.6204,3.1846,263.0601,2.7940,3.3971,280.0681,-0.1736,-0.2125,-17.0080,2.6620,3.2292,255.9938,2.8614,3.5004,273.0351,-0.1994,-0.2712,-17.0412
2021-12-08,15,d1_00z,2.5713,3.2368,181.5451,2.7140,3.4181,192.9533,-0.1426,-0.1813,-11.4082,2.4908,3.2033,191.2889,2.8002,3.6005,199.4743,-0.3094,-0.3972,-8.1854
2021-12-08,15,d1_12z,2.5239,3.2038,177.1024,2.7140,3.4181,192.9533,-0.1901,-0.2143,-15.8508,2.5498,3.2955,167.9956,2.8002,3.6005,199.4743,-0.2504,-0.3050,-31.4787
2021-12-08,16,d1_00z,2.4661,3.3455,92.2001,2.4639,3.3671,96.1529,0.0022,-0.0216,-3.9528,2.4087,3.4186,104.1549,2.3200,3.3313,104.5869,0.0887,0.0872,-0.4320
2021-12-08,16,d1_12z,2.3461,3.2202,87.8728,2.4639,3.3671,96.1529,-0.1178,-0.1468,-8.2801,2.2287,3.2219,91.0338,2.3200,3.3313,104.5869,-0.0913,-0.1094,-13.5531
2021-12-08,17,d1_00z,2.4706,3.6132,17.5214,2.4423,3.5318,18.5212,0.0283,0.0815,-0.9998,2.3590,3.6446,21.9744,2.3591,3.5115,23.5781,-0.0001,0.1331,-1.6037
2021-12-08,17,d1_12z,2.4028,3.4538,16.8261,2.4423,3.5318,18.5212,-0.0395,-0.0780,-1.6951,2.2934,3.4516,21.0650,2.3591,3.5115,23.5781,-0.0656,-0.0598,-2.5131
2021-12-08,18,d1_00z,2.5746,3.8449,0.0005,2.5199,3.6925,0.0033,0.0547,0.1524,-0.0028,2.3357,3.6709,-0.0084,2.3132,3.5385,0.0013,0.0225,0.1324,-0.0098
2021-12-08,18,d1_12z,2.5412,3.7082,0.0034,2.5199,3.6925,0.0033,0.0213,0.0157,0.0001,2.2701,3.5086,0.0014,2.3132,3.5385,0.0013,-0.0431,-0.0299,0.0000
2021-12-08,19,d1_00z,2.7527,4.0911,0.0014,2.6478,3.8857,-0.0061,0.1049,0.2054,0.0076,2.4291,3.8784,0.0074,2.3493,3.6627,-0.0109,0.0797,0.2157,0.0183
2021-12-08,19,d1_12z,2.6793,3.9456,-0.0032,2.6478,3.8857,-0.0061,0.0316,0.0599,0.0030,2.3314,3.6623,0.0002,2.3493,3.6627,-0.0109,-0.0180,-0.0004,0.0111
2021-12-08,20,d1_00z,2.7806,4.1616,-0.0011,2.8009,4.2048,0.0068,-0.0203,-0.0432,-0.0080,2.4309,3.9243,-0.0018,2.4807,3.9997,0.0074,-0.0497,-0.0754,-0.0092
2021-12-08,20,d1_12z,2.7532,4.0703,0.0004,2.8009,4.2048,0.0068,-0.0477,-0.1345,-0.0064,2.3450,3.7619,0.0007,2.4807,3.9997,0.0074,-0.1356,-0.2377,-0.0067
2021-12-08,21,d1_00z,2.8412,4.2230,0.0000,2.8649,4.3071,0.0000,-0.0237,-0.0841,0.0000,2.5029,4.0953,0.0000,2.6333,4.2813,0.0000,-0.1304,-0.1859,0.0000
2021-12-08,21,d1_12z,2.7519,4.0885,0.0000,2.8649,4.3071,0.0000,-0.1130,-0.2187,0.0000,2.3406,3.8269,0.0000,2.6333,4.2813,0.0000,-0.2926,-0.4544,0.0000
2021-12-08,22,d1_00z,2.8628,4.2551,0.0000,2.8868,4.3277,0.0000,-0.0240,-0.0726,0.0000,2.5044,4.0961,0.0000,2.5619,4.2680,0.0000,-0.0575,-0.1719,0.0000
2021-12-08,22,d1_12z,2.7861,4.0865,0.0000,2.8868,4.3277,0.0000,-0.1007,-0.2412,0.0000,2.3493,3.8551,0.0000,2.5619,4.2680,0.0000,-0.2126,-0.4129,0.0000
2021-12-08,23,d1_00z,2.8713,4.2697,0.0000,2.8811,4.2631,0.0000,-0.0097,0.0067,0.0000,2.3924,3.9840,0.0000,2.4591,4.1689,0.0000,-0.0666,-0.1849,0.0000
2021-12-08,23,d1_12z,2.7869,4.0382,0.0000,2.8811,4.2631,0.0000,-0.0942,-0.2248,0.0000,2.3486,3.8440,0.0000,2.4591,4.1689,0.0000,-0.1105,-0.3250,0.0000
2021-12-09,0,d1_00z,2.8938,4.2638,0.0000,2.8343,4.1484,0.0000,0.0594,0.1154,0.0000,2.5019,4.1474,0.0000,2.3163,3.8376,0.0000,0.1856,0.3097,0.0000
2021-12-09,0,d1_12z,2.8343,4.1484,0.0000,2.8343,4.1484,0.0000,0.0000,0.0000,0.0000,2.3163,3.8376,0.0000,2.3163,3.8376,0.0000,0.0000,0.0000,0.0000
2021-12-09,1,d1_00z,2.8794,4.2435,0.0000,2.8013,4.0734,0.0000,0.0781,0.1700,0.0000,2.2447,3.7480,0.0000,2.3068,3.7670,0.0000,-0.0621,-0.0191,0.0000
2021-12-09,1,d1_12z,2.8013,4.0734,0.0000,2.8013,4.0734,0.0000,0.0000,0.0000,0.0000,2.3068,3.7670,0.0000,2.3068,3.7670,0.0000,0.0000,0.0000,0.0000
2021-12-09,2,d1_00z,2.8733,4.2415,0.0000,2.7862,4.0052,0.0000,0.0870,0.2363,0.0000,2.3173,3.7681,0.0000,2.2103,3.5127,0.0000,0.1069,0.2553,0.0000
2021-12-09,2,d1_12z,2.8001,4.0439,0.0000,2.7862,4.0052,0.0000,0.0139,0.0388,0.0000,2.2265,3.5410,0.0000,2.2103,3.5127,0.0000,0.0162,0.0283,0.0000
2021-12-09,3,d1_00z,2.8121,4.1622,0.0000,2.6584,3.8283,0.0000,0.1536,0.3339,0.0000,2.2378,3.6216,0.0000,2.0845,3.3017,0.0000,0.1533,0.3199,0.0000
2021-12-09,3,d1_12z,2.6933,3.9094,0.0000,2.6584,3.8283,0.0000,0.0348,0.0811,0.0000,2.0981,3.3414,0.0000,2.0845,3.3017,0.0000,0.0136,0.0398,0.0000
2021-12-09,4,d1_00z,2.7642,4.0785,0.0000,2.5448,3.6295,0.0000,0.2193,0.4489,0.0000,2.2271,3.5377,0.0000,2.0281,3.1232,0.0000,0.1989,0.4145,0.0000
2021-12-09,4,d1_12z,2.6068,3.7650,0.0000,2.5448,3.6295,0.0000,0.0620,0.1354,0.0000,2.0841,3.2536,0.0000,2.0281,3.1232,0.0000,0.0560,0.1304,0.0000
2021-12-09,5,d1_00z,2.7173,3.9770,0.0000,2.3965,3.4176,0.0000,0.3207,0.5595,0.0000,2.1295,3.3338,0.0000,1.8805,2.9059,0.0000,0.2489,0.4279,0.0000
2021-12-09,5,d1_12z,2.4906,3.6013,0.0000,2.3965,3.4176,0.0000,0.0941,0.1837,0.0000,1.9851,3.1061,0.0000,1.8805,2.9059,0.0000,0.1045,0.2002,0.0000
2021-12-09,6,d1_00z,2.7039,3.9200,0.0000,2.3364,3.3081,0.0000,0.3675,0.6119,0.0000,2.2293,3.4467,0.0000,1.8996,2.8722,0.0000,0.3297,0.5745,0.0000
2021-12-09,6,d1_12z,2.4449,3.4987,0.0000,2.3364,3.3081,0.0000,0.1085,0.1906,0.0000,2.0223,3.0966,0.0000,1.8996,2.8722,0.0000,0.1227,0.2244,0.0000
2021-12-09,7,d1_00z,2.7844,3.9761,0.0036,2.3649,3.2901,0.0031,0.4196,0.6860,0.0005,2.3066,3.5876,0.0000,1.9664,2.9489,0.0000,0.3403,0.6388,0.0000
2021-12-09,7,d1_12z,2.4822,3.4835,0.0031,2.3649,3.2901,0.0031,0.1174,0.1934,0.0000,2.0719,3.1652,0.0000,1.9664,2.9489,0.0000,0.1055,0.2163,0.0000
2021-12-09,8,d1_00z,2.8038,4.0537,24.5043,2.4432,3.4125,17.7995,0.3606,0.6412,6.7048,2.2617,3.6800,23.5156,2.0460,3.1233,14.1807,0.2157,0.5567,9.3349
2021-12-09,8,d1_12z,2.5148,3.5334,19.6087,2.4432,3.4125,17.7995,0.0716,0.1210,1.8092,2.0214,3.2063,15.7581,2.0460,3.1233,14.1807,-0.0246,0.0830,1.5775
2021-12-09,9,d1_00z,2.9712,3.8948,127.0338,2.5484,3.3435,90.6454,0.4228,0.5513,36.3885,2.4975,3.4975,141.8600,2.0824,3.1143,79.4434,0.4150,0.3832,62.4166
2021-12-09,9,d1_12z,2.6024,3.4062,97.0793,2.5484,3.3435,90.6454,0.0540,0.0627,6.4339,2.0881,3.1329,87.5051,2.0824,3.1143,79.4434,0.0056,0.0186,8.0616
2021-12-09,10,d1_00z,3.3811,4.1804,241.8648,2.7741,3.4072,179.4261,0.6071,0.7732,62.4388,3.0489,3.9629,279.0752,2.3462,3.1049,176.8111,0.7027,0.8581,102.2641
2021-12-09,10,d1_12z,2.8353,3.4689,186.3187,2.7741,3.4072,179.4261,0.0612,0.0617,6.8926,2.4285,3.2147,184.8414,2.3462,3.1049,176.8111,0.0822,0.1099,8.0303
2021-12-09,11,d1_00z,3.6800,4.5306,333.1690,2.9770,3.5905,261.0447,0.7030,0.9401,72.1242,3.4578,4.4300,389.1193,2.6799,3.4164,284.4819,0.7780,1.0136,104.6374
2021-12-09,11,d1_12z,3.0042,3.6086,262.6943,2.9770,3.5905,261.0447,0.0272,0.0181,1.6496,2.7505,3.5071,292.1615,2.6799,3.4164,284.4819,0.0706,0.0906,7.6796
2021-12-09,12,d1_00z,3.8731,4.7836,388.0621,3.2337,3.9087,317.9936,0.6393,0.8749,70.0685,3.7685,4.8221,462.3903,3.0328,3.8569,387.0698,0.7356,0.9653,75.3205
2021-12-09,12,d1_12z,3.1384,3.7767,313.6867,3.2337,3.9087,317.9936,-0.0953,-0.1320,-4.3069,2.9717,3.7997,399.4591,3.0328,3.8569,387.0698,-0.0611,-0.0572,12.3894
2021-12-09,13,d1_00z,3.8765,4.8148,395.7608,3.3983,4.1474,337.8348,0.4782,0.6673,57.9259,3.8849,4.9767,461.4848,3.2395,4.1232,415.5346,0.6455,0.8535,45.9503
2021-12-09,13,d1_12z,3.1910,3.8694,332.5764,3.3983,4.1474,337.8348,-0.2072,-0.2780,-5.2585,3.0592,3.8962,425.8597,3.2395,4.1232,415.5346,-0.1803,-0.2271,10.3251
2021-12-09,14,d1_00z,3.7218,4.6660,353.4012,3.4652,4.2941,302.8979,0.2566,0.3719,50.5033,3.8598,4.9492,400.7109,3.2691,4.2160,374.7396,0.5907,0.7332,25.9713
2021-12-09,14,d1_12z,3.1301,3.8376,292.7043,3.4652,4.2941,302.8979,-0.3352,-0.4565,-10.1936,2.9641,3.8366,361.0299,3.2691,4.2160,374.7396,-0.3049,-0.3794,-13.7097
2021-12-09,15,d1_00z,3.3918,4.3457,258.0806,3.3122,4.1655,220.5903,0.0796,0.1802,37.4904,3.5430,4.6614,287.5767,3.0258,3.9581,272.6220,0.5172,0.7033,14.9546
2021-12-09,15,d1_12z,2.9351,3.6665,213.8117,3.3122,4.1655,220.5903,-0.3771,-0.4990,-6.7786,2.7911,3.6188,255.1552,3.0258,3.9581,272.6220,-0.2347,-0.3393,-17.4669
2021-12-09,16,d1_00z,2.6098,3.6686,136.1927,2.7900,3.7436,117.9343,-0.1801,-0.0751,18.2583,2.7404,4.0473,155.5622,2.5261,3.5436,145.7177,0.2142,0.5036,9.8445
2021-12-09,16,d1_12z,2.4253,3.2581,113.6657,2.7900,3.7436,117.9343,-0.3647,-0.4855,-4.2687,2.3368,3.3123,138.7767,2.5261,3.5436,145.7177,-0.1893,-0.2313,-6.9410
2021-12-09,17,d1_00z,2.0725,3.1153,24.3775,2.3870,3.4031,22.4951,-0.3145,-0.2878,1.8824,2.1583,3.4720,31.3670,2.1807,3.3500,29.4361,-0.0224,0.1220,1.9309
2021-12-09,17,d1_12z,2.0154,2.8677,21.8336,2.3870,3.4031,22.4951,-0.3716,-0.5354,-0.6615,2.0614,3.1460,28.4944,2.1807,3.3500,29.4361,-0.1193,-0.2039,-0.9417
2021-12-09,18,d1_00z,1.7847,2.6037,0.0013,2.1949,3.0710,-0.0003,-0.4103,-0.4673,0.0016,1.8347,2.8680,-0.0016,1.9309,2.9691,-0.0039,-0.0963,-0.1010,0.0023
2021-12-09,18,d1_12z,1.8169,2.5140,0.0027,2.1949,3.0710,-0.0003,-0.3781,-0.5570,0.0030,1.9515,2.8162,-0.0045,1.9309,2.9691,-0.0039,0.0206,-0.1529,-0.0007
2021-12-09,19,d1_00z,1.6982,2.3275,0.0010,2.1082,2.8431,0.0031,-0.4100,-0.5157,-0.0020,1.6397,2.3791,0.0016,1.9121,2.7331,0.0003,-0.2724,-0.3540,0.0013
2021-12-09,19,d1_12z,1.7767,2.3084,-0.0004,2.1082,2.8431,0.0031,-0.3316,-0.5347,-0.0035,1.9132,2.6056,0.0096,1.9121,2.7331,0.0003,0.0011,-0.1275,0.0093
2021-12-09,20,d1_00z,1.6904,2.2277,-0.0040,2.0891,2.7051,-0.0021,-0.3987,-0.4775,-0.0018,1.4965,2.0825,-0.0044,1.8757,2.5964,0.0025,-0.3792,-0.5138,-0.0069
2021-12-09,20,d1_12z,1.7933,2.2104,0.0000,2.0891,2.7051,-0.0021,-0.2958,-0.4947,0.0021,1.8247,2.3764,-0.0180,1.8757,2.5964,0.0025,-0.0510,-0.2200,-0.0204
2021-12-09,21,d1_00z,1.6871,2.1863,0.0000,2.1401,2.7199,0.0000,-0.4530,-0.5336,0.0000,1.4381,2.0356,0.0000,1.8842,2.6135,0.0000,-0.4461,-0.5779,0.0000
2021-12-09,21,d1_12z,1.7894,2.1505,0.0000,2.1401,2.7199,0.0000,-0.3507,-0.5694,0.0000,1.7175,2.1897,0.0000,1.8842,2.6135,0.0000,-0.1667,-0.4238,0.0000
2021-12-09,22,d1_00z,1.6942,2.1749,0.0000,2.2730,2.8579,0.0000,-0.5788,-0.6830,0.0000,1.5059,2.1221,0.0000,1.9306,2.7148,0.0000,-0.4247,-0.5927,0.0000
2021-12-09,22,d1_12z,1.8545,2.2104,0.0000,2.2730,2.8579,0.0000,-0.4185,-0.6476,0.0000,1.6636,2.1627,0.0000,1.9306,2.7148,0.0000,-0.2670,-0.5521,0.0000
2021-12-09,23,d1_00z,1.7485,2.2066,0.0000,2.4399,3.0731,0.0000,-0.6915,-0.8665,0.0000,1.7203,2.3047,0.0000,2.0079,2.8500,0.0000,-0.2875,-0.5453,0.0000
2021-12-09,23,d1_12z,2.0092,2.4045,0.0000,2.4399,3.0731,0.0000,-0.4307,-0.6685,0.0000,1.7414,2.2988,0.0000,2.0079,2.8500,0.0000,-0.2665,-0.5511,0.0000
2021-12-10,0,d1_00z,2.4117,2.9844,0.0000,2.6002,3.2681,0.0000,-0.1884,-0.2837,0.0000,2.0928,2.9339,0.0000,2.2072,3.1372,0.0000,-0.1144,-0.2033,0.0000
2021-12-10,0,d1_12z,2.6002,3.2681,0.0000,2.6002,3.2681,0.0000,0.0000,0.0000,0.0000,2.2072,3.1372,0.0000,2.2072,3.1372,0.0000,0.0000,0.0000,0.0000
2021-12-10,1,d1_00z,2.5152,3.1173,0.0000,2.7152,3.4241,0.0000,-0.2000,-0.3068,0.0000,2.2360,3.1629,0.0000,2.4256,3.4645,0.0000,-0.1896,-0.3016,0.0000
2021-12-10,1,d1_12z,2.7152,3.4241,0.0000,2.7152,3.4241,0.0000,0.0000,0.0000,0.0000,2.4256,3.4645,0.0000,2.4256,3.4645,0.0000,0.0000,0.0000,0.0000
2021-12-10,2,d1_00z,2.5898,3.2172,0.0000,2.8078,3.5234,0.0000,-0.2180,-0.3062,0.0000,2.3744,3.4005,0.0000,2.5757,3.7282,0.0000,-0.2013,-0.3277,0.0000
2021-12-10,2,d1_12z,2.8234,3.5630,0.0000,2.8078,3.5234,0.0000,0.0155,0.0397,0.0000,2.5903,3.7686,0.0000,2.5757,3.7282,0.0000,0.0146,0.0404,0.0000
2021-12-10,3,d1_00z,2.7434,3.4039,0.0000,3.0228,3.8256,0.0000,-0.2795,-0.4217,0.0000,2.5815,3.7518,0.0000,2.8487,4.1533,0.0000,-0.2671,-0.4015,0.0000
2021-12-10,3,d1_12z,3.0291,3.8469,0.0000,3.0228,3.8256,0.0000,0.0063,0.0213,0.0000,2.8398,4.1750,0.0000,2.8487,4.1533,0.0000,-0.0089,0.0217,0.0000
2021-12-10,4,d1_00z,2.8853,3.5940,0.0000,3.1009,3.9800,0.0000,-0.2155,-0.3860,0.0000,2.6398,3.8551,0.0000,2.8839,4.3465,0.0000,-0.2441,-0.4914,0.0000
2021-12-10,4,d1_12z,3.1220,4.0146,0.0000,3.1009,3.9800,0.0000,0.0211,0.0346,0.0000,2.8637,4.3397,0.0000,2.8839,4.3465,0.0000,-0.0202,-0.0068,0.0000
2021-12-10,5,d1_00z,2.9604,3.7264,0.0000,3.1439,4.0695,0.0000,-0.1834,-0.3431,0.0000,2.7116,3.9866,0.0000,2.8668,4.4003,0.0000,-0.1552,-0.4136,0.0000
2021-12-10,5,d1_12z,3.1669,4.1061,0.0000,3.1439,4.0695,0.0000,0.0230,0.0367,0.0000,2.8590,4.3806,0.0000,2.8668,4.4003,0.0000,-0.0078,-0.0197,0.0000
2021-12-10,6,d1_00z,2.9441,3.7261,0.0000,3.1217,4.0239,0.0000,-0.1776,-0.2978,0.0000,2.6071,3.8822,0.0000,2.8127,4.2799,0.0000,-0.2056,-0.3977,0.0000
2021-12-10,6,d1_12z,3.1251,4.0288,0.0000,3.1217,4.0239,0.0000,0.0034,0.0049,0.0000,2.7882,4.2266,0.0000,2.8127,4.2799,0.0000,-0.0245,-0.0533,0.0000
2021-12-10,7,d1_00z,2.8778,3.6544,0.0056,3.0477,3.9162,0.0051,-0.1699,-0.2618,0.0005,2.4671,3.6896,0.0000,2.7347,4.1525,0.0000,-0.2676,-0.4628,0.0000
2021-12-10,7,d1_12z,3.0420,3.9021,0.0056,3.0477,3.9162,0.0051,-0.0057,-0.0141,0.0005,2.7115,4.1008,0.0000,2.7347,4.1525,0.0000,-0.0232,-0.0517,0.0000
2021-12-10,8,d1_00z,2.8236,3.5543,31.5278,2.9812,3.8324,31.9951,-0.1575,-0.2781,-0.4673,2.4808,3.6736,25.3791,2.6264,4.0028,26.0927,-0.1457,-0.3292,-0.7137
2021-12-10,8,d1_12z,2.9884,3.8417,31.9276,2.9812,3.8324,31.9951,0.0073,0.0092,-0.0676,2.6341,4.0050,25.9522,2.6264,4.0028,26.0927,0.0076,0.0022,-0.1405
2021-12-10,9,d1_00z,2.8520,3.4381,159.0822,3.0517,3.6937,166.2684,-0.1997,-0.2556,-7.1862,2.7477,3.6372,146.2004,3.0220,4.0055,154.0110,-0.2744,-0.3683,-7.8106
2021-12-10,9,d1_12z,3.0651,3.7127,166.1206,3.0517,3.6937,166.2684,0.0134,0.0191,-0.1478,2.9954,3.9486,153.8948,3.0220,4.0055,154.0110,-0.0266,-0.0569,-0.1162
2021-12-10,10,d1_00z,3.0986,3.5003,290.6620,3.3082,3.7642,303.5726,-0.2096,-0.2639,-12.9106,3.1173,3.7449,274.0680,3.4859,4.2356,293.9803,-0.3686,-0.4907,-19.9123
2021-12-10,10,d1_12z,3.3116,3.7772,303.8931,3.3082,3.7642,303.5726,0.0034,0.0129,0.3205,3.5075,4.2504,294.2498,3.4859,4.2356,293.9803,0.0216,0.0148,0.2695
2021-12-10,11,d1_00z,3.1591,3.5087,378.9322,3.4761,3.9162,402.1809,-0.3170,-0.4075,-23.2487,3.3295,3.9388,355.4903,3.8137,4.5926,386.8000,-0.4842,-0.6538,-31.3097
2021-12-10,11,d1_12z,3.4763,3.9228,402.0848,3.4761,3.9162,402.1809,0.0002,0.0066,-0.0961,3.8137,4.5686,387.9164,3.8137,4.5926,386.8000,-0.0000,-0.0240,1.1164
2021-12-10,12,d1_00z,3.2440,3.5967,405.6759,3.4864,3.9002,442.1407,-0.2424,-0.3035,-36.4648,3.6720,4.3453,374.7157,4.0025,4.7840,428.1794,-0.3305,-0.4387,-53.4636
2021-12-10,12,d1_12z,3.4688,3.8961,437.4574,3.4864,3.9002,442.1407,-0.0177,-0.0041,-4.6832,3.9574,4.7518,412.5419,4.0025,4.7840,428.1794,-0.0451,-0.0322,-15.6375
2021-12-10,13,d1_00z,3.2649,3.6434,378.7812,3.4409,3.8552,418.2330,-0.1760,-0.2118,-39.4518,3.7604,4.4668,355.7755,4.0617,4.8340,410.8117,-0.3012,-0.3672,-55.0362
2021-12-10,13,d1_12z,3.4769,3.9213,403.2051,3.4409,3.8552,418.2330,0.0359,0.0661,-15.0279,4.0804,4.9069,383.2040,4.0617,4.8340,410.8117,0.0188,0.0729,-27.6077
2021-12-10,14,d1_00z,3.2394,3.6723,306.8767,3.4030,3.8784,341.0188,-0.1636,-0.2061,-34.1421,3.8364,4.6200,305.7735,4.0020,4.8166,324.5015,-0.1656,-0.1966,-18.7280
2021-12-10,14,d1_12z,3.4326,3.9646,318.5638,3.4030,3.8784,341.0188,0.0296,0.0862,-22.4550,4.0777,4.9540,294.7658,4.0020,4.8166,324.5015,0.0756,0.1373,-29.7357
2021-12-10,15,d1_00z,3.1356,3.7054,208.9481,3.2812,3.8807,229.4941,-0.1455,-0.1753,-20.5460,3.6452,4.5262,219.4679,3.7689,4.6772,216.4874,-0.1237,-0.1510,2.9805
2021-12-10,15,d1_12z,3.3585,4.0231,216.0283,3.2812,3.8807,229.4941,0.0773,0.1424,-13.4658,4.0064,5.0484,209.0618,3.7689,4.6772,216.4874,0.2375,0.3712,-7.4256
2021-12-10,16,d1_00z,2.9783,3.8176,105.1708,3.0999,3.9988,107.1860,-0.1216,-0.1811,-2.0152,3.2833,4.4705,117.0717,3.4194,4.5952,108.7087,-0.1361,-0.1247,8.3630
2021-12-10,16,d1_12z,3.1337,4.0600,102.7221,3.0999,3.9988,107.1860,0.0338,0.0613,-4.4639,3.6265,4.9003,112.9667,3.4194,4.5952,108.7087,0.2071,0.3052,4.2580
2021-12-10,17,d1_00z,2.9543,3.9412,19.5777,3.0992,4.1941,18.4692,-0.1449,-0.2529,1.1085,2.9058,4.1986,24.8944,3.1387,4.5979,21.9887,-0.2329,-0.3993,2.9057
2021-12-10,17,d1_12z,3.0752,4.1455,18.8798,3.0992,4.1941,18.4692,-0.0239,-0.0486,0.4106,3.1733,4.6699,23.5819,3.1387,4.5979,21.9887,0.0346,0.0720,1.5932
2021-12-10,18,d1_00z,2.8866,3.9425,0.0008,3.0393,4.2626,0.0003,-0.1527,-0.3202,0.0005,2.6832,3.8847,-0.0097,2.7318,4.1428,0.0020,-0.0485,-0.2581,-0.0116
2021-12-10,18,d1_12z,2.9591,4.0665,0.0002,3.0393,4.2626,0.0003,-0.0803,-0.1961,-0.0001,2.6742,4.0394,-0.0056,2.7318,4.1428,0.0020,-0.0576,-0.1034,-0.0076
2021-12-10,19,d1_00z,2.7395,3.7908,0.0019,2.9099,4.0914,0.0014,-0.1704,-0.3006,0.0005,2.3399,3.4564,0.0081,2.3742,3.6335,-0.0016,-0.0343,-0.1770,0.0096
2021-12-10,19,d1_12z,2.8070,3.8472,-0.0001,2.9099,4.0914,0.0014,-0.1029,-0.2443,-0.0015,2.2192,3.3262,-0.0065,2.3742,3.6335,-0.0016,-0.1551,-0.3073,-0.0049
2021-12-10,20,d1_00z,2.6470,3.6464,-0.0001,2.6240,3.5542,-0.0046,0.0230,0.0922,0.0045,2.1705,3.2013,0.0053,2.0328,3.0343,-0.0041,0.1378,0.1669,0.0094
2021-12-10,20,d1_12z,2.6046,3.5553,0.0013,2.6240,3.5542,-0.0046,-0.0195,0.0011,0.0059,1.9972,2.9644,-0.0012,2.0328,3.0343,-0.0041,-0.0355,-0.0699,0.0029
2021-12-10,21,d1_00z,2.4997,3.3868,0.0000,2.4851,3.3116,0.0000,0.0147,0.0752,0.0000,2.1447,3.1363,0.0000,1.9166,2.8522,0.0000,0.2282,0.2841,0.0000
2021-12-10,21,d1_12z,2.4784,3.3026,0.0000,2.4851,3.3116,0.0000,-0.0067,-0.0089,0.0000,1.8866,2.7178,0.0000,1.9166,2.8522,0.0000,-0.0300,-0.1344,0.0000
2021-12-10,22,d1_00z,2.3215,3.0888,0.0000,2.3860,3.1356,0.0000,-0.0645,-0.0468,0.0000,1.7864,2.6521,0.0000,1.8482,2.6960,0.0000,-0.0618,-0.0439,0.0000
2021-12-10,22,d1_12z,2.3925,3.0885,0.0000,2.3860,3.1356,0.0000,0.0065,-0.0471,0.0000,1.8818,2.6214,0.0000,1.8482,2.6960,0.0000,0.0336,-0.0745,0.0000
2021-12-10,23,d1_00z,2.1228,2.7494,0.0000,2.1963,2.8772,0.0000,-0.0735,-0.1278,0.0000,1.6422,2.3477,0.0000,1.6706,2.3537,0.0000,-0.0284,-0.0060,0.0000
2021-12-10,23,d1_12z,2.2530,2.8602,0.0000,2.1963,2.8772,0.0000,0.0567,-0.0170,0.0000,1.7649,2.4457,0.0000,1.6706,2.3537,0.0000,0.0943,0.0920,0.0000
2021-12-11,0,d1_00z,2.1358,2.7230,0.0000,2.0955,2.7104,0.0000,0.0403,0.0126,0.0000,1.6446,2.1446,0.0000,1.6414,2.1738,0.0000,0.0032,-0.0293,0.0000
2021-12-11,0,d1_12z,2.0955,2.7104,0.0000,2.0955,2.7104,0.0000,0.0000,0.0000,0.0000,1.6414,2.1738,0.0000,1.6414,2.1738,0.0000,0.0000,0.0000,0.0000
2021-12-11,1,d1_00z,2.1228,2.7351,0.0000,2.1331,2.7683,0.0000,-0.0103,-0.0332,0.0000,1.7013,2.2553,0.0000,1.7029,2.2101,0.0000,-0.0015,0.0452,0.0000
2021-12-11,1,d1_12z,2.1331,2.7683,0.0000,2.1331,2.7683,0.0000,0.0000,0.0000,0.0000,1.7029,2.2101,0.0000,1.7029,2.2101,0.0000,0.0000,0.0000,0.0000
2021-12-11,2,d1_00z,2.2124,2.9162,0.0000,2.2107,2.9721,0.0000,0.0017,-0.0559,0.0000,1.9937,2.7146,0.0000,1.9755,2.6669,0.0000,0.0182,0.0477,0.0000
2021-12-11,2,d1_12z,2.2031,2.9444,0.0000,2.2107,2.9721,0.0000,-0.0076,-0.0276,0.0000,1.9708,2.6497,0.0000,1.9755,2.6669,0.0000,-0.0047,-0.0172,0.0000
2021-12-11,3,d1_00z,2.2566,3.0286,0.0000,2.2907,3.1582,0.0000,-0.0341,-0.1296,0.0000,2.0566,2.9594,0.0000,2.1000,3.0174,0.0000,-0.0434,-0.0580,0.0000
2021-12-11,3,d1_12z,2.2625,3.1014,0.0000,2.2907,3.1582,0.0000,-0.0282,-0.0568,0.0000,2.0679,2.9768,0.0000,2.1000,3.0174,0.0000,-0.0321,-0.0406,0.0000
2021-12-11,4,d1_00z,2.1916,2.9497,0.0000,2.2889,3.1767,0.0000,-0.0973,-0.2270,0.0000,2.0555,3.0202,0.0000,2.1373,3.1503,0.0000,-0.0818,-0.1301,0.0000
2021-12-11,4,d1_12z,2.2411,3.0894,0.0000,2.2889,3.1767,0.0000,-0.0477,-0.0872,0.0000,2.0706,3.0668,0.0000,2.1373,3.1503,0.0000,-0.0667,-0.0835,0.0000
2021-12-11,5,d1_00z,2.1626,2.8711,0.0000,2.2998,3.1569,0.0000,-0.1373,-0.2859,0.0000,2.0386,2.9732,0.0000,2.1581,3.1916,0.0000,-0.1195,-0.2185,0.0000
2021-12-11,5,d1_12z,2.2058,3.0095,0.0000,2.2998,3.1569,0.0000,-0.0940,-0.1474,0.0000,2.0622,3.0588,0.0000,2.1581,3.1916,0.0000,-0.0959,-0.1328,0.0000
2021-12-11,6,d1_00z,2.1099,2.7556,0.0000,2.2417,3.0713,0.0000,-0.1319,-0.3157,0.0000,1.9420,2.8659,0.0000,2.1496,3.2078,0.0000,-0.2075,-0.3419,0.0000
2021-12-11,6,d1_12z,2.1320,2.8834,0.0000,2.2417,3.0713,0.0000,-0.1097,-0.1878,0.0000,2.0735,3.0666,0.0000,2.1496,3.2078,0.0000,-0.0760,-0.1413,0.0000
2021-12-11,7,d1_00z,2.0021,2.5840,0.0013,2.1810,2.9650,0.0015,-0.1789,-0.3810,-0.0003,1.9536,2.7490,0.0000,2.1866,3.1843,0.0000,-0.2330,-0.4353,0.0000
2021-12-11,7,d1_12z,2.0483,2.7507,0.0013,2.1810,2.9650,0.0015,-0.1327,-0.2143,-0.0003,2.0601,3.0067,0.0000,2.1866,3.1843,0.0000,-0.1265,-0.1776,0.0000
2021-12-11,8,d1_00z,1.9417,2.5270,20.8187,2.1499,2.9196,20.9833,-0.2081,-0.3926,-0.1646,1.9931,2.9359,17.0270,2.1762,3.2987,16.7246,-0.1831,-0.3628,0.3024
2021-12-11,8,d1_12z,1.9842,2.6557,20.6346,2.1499,2.9196,20.9833,-0.1657,-0.2639,-0.3487,2.0679,3.0794,16.8613,2.1762,3.2987,16.7246,-0.1083,-0.2193,0.1367
2021-12-11,9,d1_00z,1.9813,2.3880,102.8138,2.2531,2.7500,103.3577,-0.2718,-0.3620,-0.5439,1.9537,2.5805,89.8699,2.3293,3.0759,93.7321,-0.3755,-0.4954,-3.8622
2021-12-11,9,d1_12z,2.0702,2.5188,100.0189,2.2531,2.7500,103.3577,-0.1829,-0.2312,-3.3388,2.1556,2.8343,90.6704,2.3293,3.0759,93.7321,-0.1737,-0.2416,-3.0617
2021-12-11,10,d1_00z,2.1345,2.4527,201.0847,2.3791,2.7641,206.2622,-0.2446,-0.3114,-5.1775,2.2152,2.6205,170.1903,2.4966,3.0171,178.5469,-0.2814,-0.3965,-8.3566
2021-12-11,10,d1_12z,2.2151,2.5659,198.6641,2.3791,2.7641,206.2622,-0.1641,-0.1982,-7.5982,2.3802,2.8468,168.1813,2.4966,3.0171,178.5469,-0.1165,-0.1703,-10.3656
2021-12-11,11,d1_00z,2.4000,2.7323,269.4242,2.6689,3.0653,284.8004,-0.2689,-0.3330,-15.3762,2.5583,2.9711,215.5029,2.7576,3.3023,235.7358,-0.1993,-0.3312,-20.2329
2021-12-11,11,d1_12z,2.5435,2.9081,273.5871,2.6689,3.0653,284.8004,-0.1255,-0.1572,-11.2133,2.6627,3.1328,229.7685,2.7576,3.3023,235.7358,-0.0948,-0.1695,-5.9673
2021-12-11,12,d1_00z,2.7489,3.1767,283.7320,2.9674,3.4288,303.3477,-0.2185,-0.2521,-19.6156,2.8343,3.3462,223.9702,3.0455,3.6510,244.0393,-0.2112,-0.3048,-20.0692
2021-12-11,12,d1_12z,2.8655,3.3020,299.3112,2.9674,3.4288,303.3477,-0.1019,-0.1267,-4.0365,2.9167,3.4447,254.5944,3.0455,3.6510,244.0393,-0.1289,-0.2063,10.5550
2021-12-11,13,d1_00z,2.9830,3.5099,248.3277,3.1096,3.6462,272.8843,-0.1266,-0.1363,-24.5566,3.1288,3.7822,188.0134,3.3470,4.0594,217.9677,-0.2182,-0.2771,-29.9543
2021-12-11,13,d1_12z,3.0377,3.5626,272.6453,3.1096,3.6462,272.8843,-0.0719,-0.0836,-0.2390,3.2610,3.9111,224.3549,3.3470,4.0594,217.9677,-0.0860,-0.1483,6.3872
2021-12-11,14,d1_00z,2.9954,3.6064,187.2591,3.1471,3.7534,211.5913,-0.1517,-0.1470,-24.3321,3.1862,3.9032,131.9159,3.3758,4.1742,183.0366,-0.1895,-0.2710,-51.1208
2021-12-11,14,d1_12z,3.0955,3.6997,205.1897,3.1471,3.7534,211.5913,-0.0516,-0.0538,-6.4016,3.2792,4.0160,158.5792,3.3758,4.1742,183.0366,-0.0966,-0.1583,-24.4574
2021-12-11,15,d1_00z,2.9196,3.6107,121.1870,3.0181,3.6801,144.1635,-0.0985,-0.0694,-22.9765,3.1417,4.0028,82.8225,3.3555,4.2435,129.6241,-0.2138,-0.2407,-46.8016
2021-12-11,15,d1_12z,2.9832,3.6519,133.4943,3.0181,3.6801,144.1635,-0.0349,-0.0282,-10.6692,3.2745,4.1678,102.6074,3.3555,4.2435,129.6241,-0.0810,-0.0757,-27.0167
2021-12-11,16,d1_00z,2.8183,3.6044,56.8756,2.8257,3.6004,70.9696,-0.0075,0.0040,-14.0941,2.8694,3.8947,44.5354,2.9426,4.0197,67.1739,-0.0732,-0.1250,-22.6385
2021-12-11,16,d1_12z,2.7848,3.5374,65.5921,2.8257,3.6004,70.9696,-0.0409,-0.0630,-5.3776,2.8428,3.8698,51.3290,2.9426,4.0197,67.1739,-0.0998,-0.1499,-15.8449
2021-12-11,17,d1_00z,2.9215,3.7912,10.1717,2.8369,3.8132,12.8401,0.0846,-0.0220,-2.6684,2.8114,4.0449,9.7189,2.8477,4.3405,13.5154,-0.0363,-0.2956,-3.7964
2021-12-11,17,d1_12z,2.7963,3.6672,11.1568,2.8369,3.8132,12.8401,-0.0406,-0.1460,-1.6833,2.7812,4.1339,10.5841,2.8477,4.3405,13.5154,-0.0665,-0.2066,-2.9312
2021-12-11,18,d1_00z,3.0952,4.0451,-0.0006,3.0749,4.1958,0.0013,0.0204,-0.1508,-0.0018,2.9593,4.4012,0.0080,2.9333,4.6617,0.0033,0.0259,-0.2605,0.0047
2021-12-11,18,d1_12z,2.9745,3.9414,0.0029,3.0749,4.1958,0.0013,-0.1004,-0.2545,0.0016,2.8236,4.3716,0.0063,2.9333,4.6617,0.0033,-0.1097,-0.2901,0.0030
2021-12-11,19,d1_00z,3.3019,4.3514,-0.0005,3.3089,4.5417,0.0036,-0.0070,-0.1903,-0.0041,3.2076,4.8076,-0.0073,3.2337,5.1546,0.0052,-0.0262,-0.3470,-0.0126
2021-12-11,19,d1_12z,3.1403,4.1979,-0.0010,3.3089,4.5417,0.0036,-0.1685,-0.3438,-0.0045,2.9767,4.6695,-0.0078,3.2337,5.1546,0.0052,-0.2570,-0.4851,-0.0130
2021-12-11,20,d1_00z,3.5425,4.7267,-0.0006,3.4375,4.7471,-0.0026,0.1051,-0.0204,0.0019,3.5271,5.3803,0.0016,3.3574,5.4405,-0.0115,0.1697,-0.0602,0.0131
2021-12-11,20,d1_12z,3.3559,4.5316,-0.0015,3.4375,4.7471,-0.0026,-0.0816,-0.2154,0.0011,3.2258,5.1718,-0.0046,3.3574,5.4405,-0.0115,-0.1316,-0.2687,0.0069
2021-12-11,21,d1_00z,3.7934,5.1718,0.0000,3.6990,5.1443,0.0000,0.0944,0.0275,0.0000,3.8561,5.9368,0.0000,3.7500,5.8757,0.0000,0.1061,0.0611,0.0000
2021-12-11,21,d1_12z,3.6314,4.9711,0.0000,3.6990,5.1443,0.0000,-0.0676,-0.1732,0.0000,3.6887,5.7833,0.0000,3.7500,5.8757,0.0000,-0.0613,-0.0924,0.0000
2021-12-11,22,d1_00z,4.1771,5.7807,0.0000,4.1063,5.7265,0.0000,0.0708,0.0542,0.0000,4.5839,6.8816,0.0000,4.2097,6.4875,0.0000,0.3743,0.3941,0.0000
2021-12-11,22,d1_12z,4.0078,5.5404,0.0000,4.1063,5.7265,0.0000,-0.0985,-0.1861,0.0000,4.2248,6.4688,0.0000,4.2097,6.4875,0.0000,0.0151,-0.0187,0.0000
2021-12-11,23,d1_00z,4.6766,6.4947,0.0000,4.6517,6.4863,0.0000,0.0248,0.0084,0.0000,4.9223,7.4242,0.0000,4.7438,7.2463,0.0000,0.1786,0.1779,0.0000
2021-12-11,23,d1_12z,4.5133,6.2314,0.0000,4.6517,6.4863,0.0000,-0.1385,-0.2549,0.0000,4.6367,7.0871,0.0000,4.7438,7.2463,0.0000,-0.1070,-0.1592,0.0000
2021-12-12,0,d1_00z,5.0864,7.0744,0.0000,5.3237,7.4221,0.0000,-0.2372,-0.3477,0.0000,5.1231,7.8213,0.0000,5.3790,8.0635,0.0000,-0.2559,-0.2423,0.0000
2021-12-12,0,d1_12z,5.3237,7.4221,0.0000,5.3237,7.4221,0.0000,0.0000,0.0000,0.0000,5.3790,8.0635,0.0000,5.3790,8.0635,0.0000,0.0000,0.0000,0.0000
2021-12-12,1,d1_00z,5.6342,7.8700,0.0000,5.9735,8.3412,0.0000,-0.3392,-0.4711,0.0000,5.7539,8.6299,0.0000,6.1862,9.1480,0.0000,-0.4322,-0.5181,0.0000
2021-12-12,1,d1_12z,5.9735,8.3412,0.0000,5.9735,8.3412,0.0000,0.0000,0.0000,0.0000,6.1862,9.1480,0.0000,6.1862,9.1480,0.0000,0.0000,0.0000,0.0000
2021-12-12,2,d1_00z,6.1091,8.5313,0.0000,6.5503,9.1356,0.0000,-0.4413,-0.6043,0.0000,6.3610,9.3070,0.0000,6.9082,9.9977,0.0000,-0.5472,-0.6907,0.0000
2021-12-12,2,d1_12z,6.5221,9.0854,0.0000,6.5503,9.1356,0.0000,-0.0282,-0.0502,0.0000,6.9717,10.0562,0.0000,6.9082,9.9977,0.0000,0.0635,0.0585,0.0000
2021-12-12,3,d1_00z,6.4986,9.0613,0.0000,6.9892,9.6998,0.0000,-0.4906,-0.6384,0.0000,7.0550,10.0920,0.0000,7.6068,10.7563,0.0000,-0.5518,-0.6643,0.0000
2021-12-12,3,d1_12z,6.9394,9.6219,0.0000,6.9892,9.6998,0.0000,-0.0497,-0.0778,0.0000,7.5938,10.7117,0.0000,7.6068,10.7563,0.0000,-0.0130,-0.0445,0.0000
2021-12-12,4,d1_00z,6.7842,9.4157,0.0000,7.3576,10.1248,0.0000,-0.5734,-0.7091,0.0000,7.1092,10.1232,0.0000,7.9577,11.1423,0.0000,-0.8485,-1.0192,0.0000
2021-12-12,4,d1_12z,7.2627,9.9921,0.0000,7.3576,10.1248,0.0000,-0.0949,-0.1327,0.0000,7.8541,11.0119,0.0000,7.9577,11.1423,0.0000,-0.1036,-0.1305,0.0000
2021-12-12,5,d1_00z,6.9766,9.6449,0.0000,7.6179,10.4313,0.0000,-0.6412,-0.7864,0.0000,7.0831,10.0763,0.0000,7.8586,11.0304,0.0000,-0.7755,-0.9541,0.0000
2021-12-12,5,d1_12z,7.4547,10.2113,0.0000,7.6179,10.4313,0.0000,-0.1632,-0.2200,0.0000,7.6832,10.7966,0.0000,7.8586,11.0304,0.0000,-0.1754,-0.2338,0.0000
2021-12-12,6,d1_00z,6.9855,9.6548,0.0000,7.6374,10.4504,0.0000,-0.6518,-0.7956,0.0000,6.9095,9.8859,0.0000,7.6978,10.7903,0.0000,-0.7884,-0.9044,0.0000
2021-12-12,6,d1_12z,7.4412,10.1893,0.0000,7.6374,10.4504,0.0000,-0.1962,-0.2611,0.0000,7.4874,10.5147,0.0000,7.6978,10.7903,0.0000,-0.2104,-0.2755,0.0000
2021-12-12,7,d1_00z,6.8866,9.5041,0.0010,7.5161,10.2805,0.0010,-0.6296,-0.7763,0.0000,6.7482,9.6564,0.0000,7.6065,10.6782,0.0000,-0.8582,-1.0218,0.0000
2021-12-12,7,d1_12z,7.3167,10.0144,0.0010,7.5161,10.2805,0.0010,-0.1994,-0.2661,0.0000,7.3868,10.3632,0.0000,7.6065,10.6782,0.0000,-0.2197,-0.3150,0.0000
2021-12-12,8,d1_00z,6.8406,9.3518,27.6069,7.4789,10.1392,27.1660,-0.6383,-0.7874,0.4409,6.9691,9.8048,22.4299,7.7031,10.6871,21.8859,-0.7340,-0.8823,0.5440
2021-12-12,8,d1_12z,7.2001,9.7697,26.7881,7.4789,10.1392,27.1660,-0.2788,-0.3695,-0.3779,7.4389,10.3343,21.5089,7.7031,10.6871,21.8859,-0.2641,-0.3528,-0.3770
2021-12-12,9,d1_00z,7.4467,9.7004,153.8044,7.8715,10.2503,145.5214,-0.4249,-0.5499,8.2830,7.8295,10.4438,148.6723,8.1281,10.7904,138.5859,-0.2985,-0.3466,10.0864
2021-12-12,9,d1_12z,7.6092,9.8910,143.8486,7.8715,10.2503,145.5214,-0.2624,-0.3593,-1.6728,7.9544,10.5325,137.8148,8.1281,10.7904,138.5859,-0.1737,-0.2580,-0.7711
2021-12-12,10,d1_00z,7.8411,9.9308,299.8428,8.1436,10.3235,286.0983,-0.3025,-0.3926,13.7445,8.3293,10.7739,304.7007,8.5049,10.9862,283.7837,-0.1755,-0.2123,20.9170
2021-12-12,10,d1_12z,7.8711,9.9551,285.6569,8.1436,10.3235,286.0983,-0.2725,-0.3684,-0.4414,8.3070,10.7087,284.0801,8.5049,10.9862,283.7837,-0.1979,-0.2775,0.2963
2021-12-12,11,d1_00z,7.6442,9.5389,413.6027,7.9428,9.9228,398.2925,-0.2987,-0.3839,15.3102,8.0112,10.2164,424.9674,8.2665,10.5666,413.8658,-0.2553,-0.3502,11.1016
2021-12-12,11,d1_12z,7.6669,9.5628,402.2563,7.9428,9.9228,398.2925,-0.2759,-0.3600,3.9638,8.0927,10.3410,412.1035,8.2665,10.5666,413.8658,-0.1738,-0.2256,-1.7623
2021-12-12,12,d1_00z,7.4002,9.1235,474.2980,7.6536,9.4473,460.1982,-0.2534,-0.3239,14.0998,7.6024,9.6076,494.7244,7.8313,9.9002,491.3511,-0.2288,-0.2926,3.3733
2021-12-12,12,d1_12z,7.4299,9.1597,464.9115,7.6536,9.4473,460.1982,-0.2237,-0.2876,4.7133,7.7280,9.7897,491.1154,7.8313,9.9002,491.3511,-0.1033,-0.1104,-0.2357
2021-12-12,13,d1_00z,7.1770,8.8054,477.5462,7.3477,9.0040,465.0136,-0.1707,-0.1986,12.5326,7.2754,9.1590,503.8194,7.5604,9.5315,499.8783,-0.2851,-0.3725,3.9411
2021-12-12,13,d1_12z,7.1632,8.7667,472.6017,7.3477,9.0040,465.0136,-0.1845,-0.2373,7.5882,7.5330,9.4869,499.0675,7.5604,9.5315,499.8783,-0.0275,-0.0446,-0.8108
2021-12-12,14,d1_00z,6.8855,8.4223,421.3065,6.9776,8.5161,415.3356,-0.0921,-0.0938,5.9709,7.0165,8.8413,448.0336,7.2289,9.0979,448.0334,-0.2125,-0.2567,0.0003
2021-12-12,14,d1_12z,6.8359,8.3298,417.8122,6.9776,8.5161,415.3356,-0.1417,-0.1863,2.4766,7.1067,8.9439,444.5436,7.2289,9.0979,448.0334,-0.1223,-0.1540,-3.4897
2021-12-12,15,d1_00z,6.5341,7.9878,311.9976,6.5898,8.0493,307.6656,-0.0558,-0.0615,4.3320,6.6389,8.4472,336.3571,6.7979,8.6217,336.8493,-0.1589,-0.1744,-0.4922
2021-12-12,15,d1_12z,6.4514,7.8601,309.6218,6.5898,8.0493,307.6656,-0.1384,-0.1892,1.9563,6.5985,8.3644,335.8729,6.7979,8.6217,336.8493,-0.1994,-0.2572,-0.9763
2021-12-12,16,d1_00z,6.0221,7.5059,164.3579,6.0121,7.4747,162.8945,0.0100,0.0312,1.4633,6.0488,7.9029,184.6018,6.1425,7.9751,184.7028,-0.0937,-0.0722,-0.1011
2021-12-12,16,d1_12z,5.8762,7.2816,163.3167,6.0121,7.4747,162.8945,-0.1359,-0.1931,0.4222,5.9018,7.6744,183.7998,6.1425,7.9751,184.7028,-0.2407,-0.3007,-0.9030
2021-12-12,17,d1_00z,5.2447,7.0273,27.9940,5.2558,6.9894,27.9860,-0.0111,0.0378,0.0080,5.0255,7.0921,35.5692,5.1313,7.1708,35.6384,-0.1058,-0.0787,-0.0692
2021-12-12,17,d1_12z,5.0779,6.7652,28.0042,5.2558,6.9894,27.9860,-0.1779,-0.2242,0.0182,4.8524,6.8184,35.4297,5.1313,7.1708,35.6384,-0.2788,-0.3524,-0.2088
2021-12-12,18,d1_00z,4.7618,6.5867,0.0042,4.8155,6.6168,0.0051,-0.0537,-0.0301,-0.0009,4.2945,6.3393,0.0022,4.4842,6.4847,-0.0001,-0.1897,-0.1454,0.0023
2021-12-12,18,d1_12z,4.6584,6.4005,0.0040,4.8155,6.6168,0.0051,-0.1571,-0.2164,-0.0011,4.1790,6.1208,0.0069,4.4842,6.4847,-0.0001,-0.3052,-0.3639,0.0070
2021-12-12,19,d1_00z,4.3946,6.0895,-0.0047,4.4888,6.1844,0.0003,-0.0941,-0.0948,-0.0050,3.8387,5.7399,0.0005,4.0560,5.9427,0.0029,-0.2173,-0.2027,-0.0024
2021-12-12,19,d1_12z,4.3375,5.9714,-0.0013,4.4888,6.1844,0.0003,-0.1513,-0.2129,-0.0016,3.7621,5.5294,-0.0098,4.0560,5.9427,0.0029,-0.2939,-0.4133,-0.0127
2021-12-12,20,d1_00z,4.0647,5.6168,0.0064,4.1619,5.7548,0.0022,-0.0972,-0.1381,0.0042,3.4400,5.2008,0.0041,3.6448,5.4018,-0.0009,-0.2048,-0.2011,0.0050
2021-12-12,20,d1_12z,4.0768,5.6059,0.0022,4.1619,5.7548,0.0022,-0.0851,-0.1490,-0.0000,3.5033,5.1742,0.0135,3.6448,5.4018,-0.0009,-0.1415,-0.2276,0.0144
2021-12-12,21,d1_00z,3.7779,5.1564,0.0000,3.8350,5.2578,0.0000,-0.0572,-0.1014,0.0000,3.1549,4.6976,0.0000,3.2195,4.7643,0.0000,-0.0645,-0.0666,0.0000
2021-12-12,21,d1_12z,3.8241,5.2215,0.0000,3.8350,5.2578,0.0000,-0.0109,-0.0363,0.0000,3.2180,4.7516,0.0000,3.2195,4.7643,0.0000,-0.0015,-0.0127,0.0000
2021-12-12,22,d1_00z,3.5700,4.8010,0.0000,3.5629,4.7802,0.0000,0.0071,0.0209,0.0000,2.8846,4.2787,0.0000,2.8725,4.2185,0.0000,0.0121,0.0602,0.0000
2021-12-12,22,d1_12z,3.6297,4.8868,0.0000,3.5629,4.7802,0.0000,0.0668,0.1066,0.0000,2.9355,4.3853,0.0000,2.8725,4.2185,0.0000,0.0630,0.1668,0.0000
2021-12-12,23,d1_00z,3.4180,4.5225,0.0000,3.3295,4.3471,0.0000,0.0885,0.1753,0.0000,2.7618,3.9926,0.0000,2.6448,3.8169,0.0000,0.1170,0.1756,0.0000
2021-12-12,23,d1_12z,3.4804,4.5985,0.0000,3.3295,4.3471,0.0000,0.1509,0.2514,0.0000,2.8167,4.1233,0.0000,2.6448,3.8169,0.0000,0.1719,0.3063,0.0000
2021-12-13,0,d1_00z,3.2897,4.2740,0.0000,3.2011,4.0880,0.0000,0.0886,0.1861,0.0000,2.7151,3.9468,0.0000,2.6044,3.7232,0.0000,0.1107,0.2236,0.0000
2021-12-13,0,d1_12z,3.2011,4.0880,0.0000,3.2011,4.0880,0.0000,0.0000,0.0000,0.0000,2.6044,3.7232,0.0000,2.6044,3.7232,0.0000,0.0000,0.0000,0.0000
2021-12-13,1,d1_00z,3.2416,4.2113,0.0000,3.1328,3.9671,0.0000,0.1088,0.2443,0.0000,2.7604,4.0063,0.0000,2.6669,3.8316,0.0000,0.0935,0.1748,0.0000
2021-12-13,1,d1_12z,3.1328,3.9671,0.0000,3.1328,3.9671,0.0000,0.0000,0.0000,0.0000,2.6669,3.8316,0.0000,2.6669,3.8316,0.0000,0.0000,0.0000,0.0000
2021-12-13,2,d1_00z,3.2588,4.2528,0.0000,3.0817,3.8895,0.0000,0.1772,0.3633,0.0000,2.8880,4.1485,0.0000,2.6730,3.8448,0.0000,0.2150,0.3037,0.0000
2021-12-13,2,d1_12z,3.1185,3.9397,0.0000,3.0817,3.8895,0.0000,0.0368,0.0502,0.0000,2.7140,3.8851,0.0000,2.6730,3.8448,0.0000,0.0410,0.0403,0.0000
2021-12-13,3,d1_00z,3.2676,4.2859,0.0000,3.0659,3.8753,0.0000,0.2016,0.4106,0.0000,2.9612,4.3622,0.0000,2.7112,3.8817,0.0000,0.2501,0.4805,0.0000
2021-12-13,3,d1_12z,3.1206,3.9552,0.0000,3.0659,3.8753,0.0000,0.0547,0.0799,0.0000,2.7758,3.9791,0.0000,2.7112,3.8817,0.0000,0.0646,0.0974,0.0000
2021-12-13,4,d1_00z,3.2651,4.3011,0.0000,3.0371,3.8317,0.0000,0.2280,0.4694,0.0000,2.9483,4.4503,0.0000,2.7337,3.9006,0.0000,0.2147,0.5497,0.0000
2021-12-13,4,d1_12z,3.1099,3.9452,0.0000,3.0371,3.8317,0.0000,0.0728,0.1135,0.0000,2.8129,4.0659,0.0000,2.7337,3.9006,0.0000,0.0793,0.1653,0.0000
2021-12-13,5,d1_00z,3.2322,4.2747,0.0000,2.9955,3.7653,0.0000,0.2367,0.5094,0.0000,2.9416,4.4268,0.0000,2.6946,3.8849,0.0000,0.2470,0.5419,0.0000
2021-12-13,5,d1_12z,3.0937,3.9245,0.0000,2.9955,3.7653,0.0000,0.0982,0.1592,0.0000,2.8138,4.1398,0.0000,2.6946,3.8849,0.0000,0.1192,0.2549,0.0000
2021-12-13,6,d1_00z,3.1639,4.2241,0.0000,2.9482,3.7147,0.0000,0.2157,0.5093,0.0000,2.8703,4.3476,0.0000,2.6518,3.7847,0.0000,0.2185,0.5629,0.0000
2021-12-13,6,d1_12z,3.0524,3.8866,0.0000,2.9482,3.7147,0.0000,0.1042,0.1719,0.0000,2.7502,4.0088,0.0000,2.6518,3.7847,0.0000,0.0984,0.2241,0.0000
2021-12-13,7,d1_00z,3.0978,4.2105,0.0005,2.9001,3.6916,0.0005,0.1978,0.5189,0.0000,2.8770,4.3649,0.0000,2.6209,3.7032,0.0000,0.2561,0.6618,0.0000
2021-12-13,7,d1_12z,2.9968,3.8709,0.0005,2.9001,3.6916,0.0005,0.0968,0.1793,0.0000,2.7387,3.9819,0.0000,2.6209,3.7032,0.0000,0.1179,0.2788,0.0000
2021-12-13,8,d1_00z,3.0228,4.2454,30.5282,2.8016,3.7447,30.4114,0.2212,0.5007,0.1168,2.9183,4.4482,24.7242,2.6859,3.8941,24.8073,0.2324,0.5541,-0.0831
2021-12-13,8,d1_12z,2.9142,3.9387,30.4430,2.8016,3.7447,30.4114,0.1126,0.1940,0.0316,2.7851,4.1339,24.7639,2.6859,3.8941,24.8073,0.0992,0.2397,-0.0434
2021-12-13,9,d1_00z,3.3554,4.0383,175.0402,3.0824,3.6250,174.4418,0.2730,0.4132,0.5984,3.5281,4.3534,166.5189,3.1977,3.8675,167.0255,0.3304,0.4859,-0.5067
2021-12-13,9,d1_12z,3.1936,3.7832,174.7195,3.0824,3.6250,174.4418,0.1112,0.1582,0.2777,3.3182,4.0554,166.8649,3.1977,3.8675,167.0255,0.1205,0.1879,-0.1607
2021-12-13,10,d1_00z,3.5980,4.2182,328.6326,3.3270,3.8374,327.7218,0.2710,0.3808,0.9107,3.8741,4.6161,323.0533,3.6012,4.2182,323.9332,0.2730,0.3978,-0.8799
2021-12-13,10,d1_12z,3.4455,3.9968,328.3034,3.3270,3.8374,327.7218,0.1185,0.1594,0.5815,3.7639,4.4499,323.6632,3.6012,4.2182,323.9332,0.1628,0.2316,-0.2700
2021-12-13,11,d1_00z,3.7546,4.3815,443.1245,3.5098,4.0420,442.2986,0.2448,0.3395,0.8259,3.9718,4.6847,441.6401,3.7689,4.3689,442.9890,0.2029,0.3159,-1.3489
2021-12-13,11,d1_12z,3.6256,4.1946,443.0809,3.5098,4.0420,442.2986,0.1158,0.1526,0.7822,3.8875,4.5433,442.7070,3.7689,4.3689,442.9890,0.1186,0.1745,-0.2820
2021-12-13,12,d1_00z,3.9544,4.6642,502.7350,3.7440,4.3635,502.2399,0.2104,0.3007,0.4951,4.0359,4.7914,505.5423,3.8422,4.4959,507.5038,0.1937,0.2955,-1.9615
2021-12-13,12,d1_12z,3.8546,4.5133,503.0855,3.7440,4.3635,502.2399,0.1106,0.1497,0.8455,3.9721,4.6848,506.9972,3.8422,4.4959,507.5038,0.1299,0.1888,-0.5066
2021-12-13,13,d1_00z,4.1245,4.9543,501.0953,3.9470,4.6946,500.4092,0.1775,0.2597,0.6861,4.1188,4.9730,508.1198,3.8760,4.6213,510.0423,0.2428,0.3517,-1.9226
2021-12-13,13,d1_12z,4.0495,4.8397,501.4394,3.9470,4.6946,500.4092,0.1025,0.1451,1.0302,3.9796,4.7850,509.4361,3.8760,4.6213,510.0423,0.1036,0.1637,-0.6062
2021-12-13,14,d1_00z,4.2709,5.2353,437.8867,4.1394,5.0463,437.8001,0.1315,0.1891,0.0867,4.2276,5.2195,448.7498,3.9504,4.8248,450.8452,0.2772,0.3947,-2.0954
2021-12-13,14,d1_12z,4.2052,5.1352,438.5996,4.1394,5.0463,437.8001,0.0657,0.0890,0.7995,4.0526,4.9822,450.4065,3.9504,4.8248,450.8452,0.1022,0.1574,-0.4387
2021-12-13,15,d1_00z,4.2807,5.3793,320.5740,4.1857,5.2480,321.0219,0.0950,0.1312,-0.4480,4.2299,5.3927,334.7194,4.0815,5.1667,336.7461,0.1484,0.2260,-2.0267
2021-12-13,15,d1_12z,4.2392,5.3143,321.9284,4.1857,5.2480,321.0219,0.0535,0.0663,0.9064,4.1349,5.2472,336.5967,4.0815,5.1667,336.7461,0.0534,0.0804,-0.1494
2021-12-13,16,d1_00z,3.8013,5.1954,167.2146,3.7327,5.0882,167.8005,0.0686,0.1073,-0.5859,3.4984,5.1660,182.1945,3.5253,5.1680,183.8770,-0.0269,-0.0021,-1.6825
2021-12-13,16,d1_12z,3.7422,5.0982,167.7639,3.7327,5.0882,167.8005,0.0095,0.0100,-0.0366,3.4680,5.0780,183.0624,3.5253,5.1680,183.8770,-0.0573,-0.0900,-0.8146
2021-12-13,17,d1_00z,3.5768,5.4465,28.0940,3.5242,5.3138,28.3419,0.0525,0.1327,-0.2479,3.3862,5.4660,35.0510,3.4017,5.4772,35.5229,-0.0155,-0.0112,-0.4719
2021-12-13,17,d1_12z,3.5145,5.2795,28.3049,3.5242,5.3138,28.3419,-0.0097,-0.0343,-0.0370,3.2867,5.2588,35.4233,3.4017,5.4772,35.5229,-0.1150,-0.2185,-0.0996
2021-12-13,18,d1_00z,3.7014,5.8303,0.0037,3.6647,5.6816,0.0073,0.0367,0.1487,-0.0036,3.5609,5.9450,0.0036,3.5473,5.8581,0.0081,0.0136,0.0869,-0.0045
2021-12-13,18,d1_12z,3.6446,5.6207,0.0006,3.6647,5.6816,0.0073,-0.0201,-0.0609,-0.0067,3.4072,5.5933,0.0007,3.5473,5.8581,0.0081,-0.1401,-0.2648,-0.0074
2021-12-13,19,d1_00z,3.8267,6.1850,0.0032,3.7978,6.0503,-0.0028,0.0289,0.1347,0.0060,3.7011,6.3859,-0.0053,3.6563,6.2385,-0.0009,0.0447,0.1474,-0.0044
2021-12-13,19,d1_12z,3.7837,6.0030,0.0040,3.7978,6.0503,-0.0028,-0.0141,-0.0473,0.0068,3.5896,6.0965,-0.0052,3.6563,6.2385,-0.0009,-0.0667,-0.1420,-0.0043
2021-12-13,20,d1_00z,3.9714,6.5274,-0.0040,4.0354,6.5738,-0.0001,-0.0640,-0.0463,-0.0039,3.7067,6.5083,0.0085,3.7324,6.5304,0.0030,-0.0257,-0.0220,0.0056
2021-12-13,20,d1_12z,3.9176,6.3448,-0.0004,4.0354,6.5738,-0.0001,-0.1177,-0.2290,-0.0003,3.6835,6.3771,0.0052,3.7324,6.5304,0.0030,-0.0490,-0.1532,0.0022
2021-12-13,21,d1_00z,4.1553,6.8839,0.0000,4.2100,6.9365,0.0000,-0.0547,-0.0526,0.0000,3.7425,6.7634,0.0000,3.7332,6.6968,0.0000,0.0093,0.0665,0.0000
2021-12-13,21,d1_12z,4.0324,6.6348,0.0000,4.2100,6.9365,0.0000,-0.1777,-0.3018,0.0000,3.6442,6.4957,0.0000,3.7332,6.6968,0.0000,-0.0890,-0.2011,0.0000
2021-12-13,22,d1_00z,4.3179,7.1391,0.0000,4.3697,7.2191,0.0000,-0.0519,-0.0800,0.0000,3.8405,7.0212,0.0000,3.7967,6.8783,0.0000,0.0439,0.1429,0.0000
2021-12-13,22,d1_12z,4.1565,6.9055,0.0000,4.3697,7.2191,0.0000,-0.2133,-0.3136,0.0000,3.6806,6.7013,0.0000,3.7967,6.8783,0.0000,-0.1161,-0.1770,0.0000
2021-12-13,23,d1_00z,4.4954,7.3526,0.0000,4.5590,7.4649,0.0000,-0.0636,-0.1123,0.0000,3.9454,7.1747,0.0000,3.9016,7.0650,0.0000,0.0438,0.1097,0.0000
2021-12-13,23,d1_12z,4.3245,7.1662,0.0000,4.5590,7.4649,0.0000,-0.2345,-0.2987,0.0000,3.7980,6.8951,0.0000,3.9016,7.0650,0.0000,-0.1035,-0.1699,0.0000
2021-12-14,0,d1_00z,4.4271,7.3300,0.0000,4.6568,7.5590,0.0000,-0.2296,-0.2290,0.0000,3.8449,7.0303,0.0000,3.9370,7.1774,0.0000,-0.0921,-0.1471,0.0000
2021-12-14,0,d1_12z,4.6568,7.5590,0.0000,4.6568,7.5590,0.0000,0.0000,0.0000,0.0000,3.9370,7.1774,0.0000,3.9370,7.1774,0.0000,0.0000,0.0000,0.0000
2021-12-14,1,d1_00z,4.5321,7.4251,0.0000,4.7516,7.6576,0.0000,-0.2195,-0.2325,0.0000,3.8670,7.0511,0.0000,4.0042,7.3158,0.0000,-0.1372,-0.2646,0.0000
2021-12-14,1,d1_12z,4.7516,7.6576,0.0000,4.7516,7.6576,0.0000,0.0000,0.0000,0.0000,4.0042,7.3158,0.0000,4.0042,7.3158,0.0000,0.0000,0.0000,0.0000
2021-12-14,2,d1_00z,4.6023,7.4842,0.0000,4.7837,7.6536,0.0000,-0.1814,-0.1694,0.0000,3.9062,7.0829,0.0000,3.9927,7.2772,0.0000,-0.0865,-0.1943,0.0000
2021-12-14,2,d1_12z,4.7896,7.6775,0.0000,4.7837,7.6536,0.0000,0.0059,0.0239,0.0000,4.0079,7.2937,0.0000,3.9927,7.2772,0.0000,0.0152,0.0166,0.0000
2021-12-14,3,d1_00z,4.6085,7.4701,0.0000,4.7500,7.5932,0.0000,-0.1415,-0.1232,0.0000,3.8852,7.0376,0.0000,3.9424,7.1825,0.0000,-0.0572,-0.1450,0.0000
2021-12-14,3,d1_12z,4.7459,7.6129,0.0000,4.7500,7.5932,0.0000,-0.0041,0.0197,0.0000,3.9494,7.2008,0.0000,3.9424,7.1825,0.0000,0.0070,0.0182,0.0000
2021-12-14,4,d1_00z,4.5882,7.4237,0.0000,4.6946,7.5182,0.0000,-0.1064,-0.0945,0.0000,3.8626,6.9863,0.0000,3.8657,7.0685,0.0000,-0.0031,-0.0822,0.0000
2021-12-14,4,d1_12z,4.6815,7.5336,0.0000,4.6946,7.5182,0.0000,-0.0132,0.0154,0.0000,3.8660,7.0667,0.0000,3.8657,7.0685,0.0000,0.0003,-0.0018,0.0000
2021-12-14,5,d1_00z,4.5608,7.3713,0.0000,4.6336,7.4274,0.0000,-0.0728,-0.0561,0.0000,3.8449,6.9732,0.0000,3.8455,6.9959,0.0000,-0.0006,-0.0226,0.0000
2021-12-14,5,d1_12z,4.6235,7.4426,0.0000,4.6336,7.4274,0.0000,-0.0101,0.0152,0.0000,3.8398,6.9980,0.0000,3.8455,6.9959,0.0000,-0.0057,0.0022,0.0000
2021-12-14,6,d1_00z,4.5726,7.3816,0.0000,4.6198,7.3934,0.0000,-0.0472,-0.0118,0.0000,3.8718,7.0270,0.0000,3.8265,6.9152,0.0000,0.0453,0.1117,0.0000
2021-12-14,6,d1_12z,4.6024,7.3988,0.0000,4.6198,7.3934,0.0000,-0.0174,0.0054,0.0000,3.8071,6.9081,0.0000,3.8265,6.9152,0.0000,-0.0194,-0.0071,0.0000
2021-12-14,7,d1_00z,4.6068,7.4397,0.0000,4.6249,7.4020,0.0000,-0.0181,0.0377,0.0000,3.8766,7.0030,0.0000,3.8692,6.9355,0.0000,0.0074,0.0676,0.0000
2021-12-14,7,d1_12z,4.6146,7.4029,0.0000,4.6249,7.4020,0.0000,-0.0104,0.0009,0.0000,3.8607,6.9250,0.0000,3.8692,6.9355,0.0000,-0.0085,-0.0105,0.0000
2021-12-14,8,d1_00z,4.6685,7.4604,27.8173,4.5818,7.2693,27.0710,0.0868,0.1911,0.7463,3.9409,7.0627,22.0587,3.8073,6.8230,22.0186,0.1336,0.2397,0.0402
2021-12-14,8,d1_12z,4.6532,7.3987,27.2440,4.5818,7.2693,27.0710,0.0714,0.1295,0.1730,3.9031,6.9898,22.0081,3.8073,6.8230,22.0186,0.0958,0.1668,-0.0105
2021-12-14,9,d1_00z,5.1393,7.0801,163.1774,5.0301,6.8351,159.1524,0.1092,0.2450,4.0251,4.3945,6.5921,153.8362,4.1894,6.1893,153.5513,0.2051,0.4028,0.2849
2021-12-14,9,d1_12z,5.1174,6.9894,160.6847,5.0301,6.8351,159.1524,0.0873,0.1543,1.5323,4.3284,6.4263,154.0126,4.1894,6.1893,153.5513,0.1390,0.2371,0.4613
2021-12-14,10,d1_00z,5.8784,7.5691,310.7827,5.6503,7.2164,305.5619,0.2280,0.3528,5.2208,5.3457,7.1496,305.1289,4.9274,6.5527,305.0429,0.4182,0.5969,0.0859
2021-12-14,10,d1_12z,5.7840,7.4077,308.5641,5.6503,7.2164,305.5619,0.1337,0.1913,3.0022,5.1462,6.8629,305.9194,4.9274,6.5527,305.0429,0.2188,0.3102,0.8764
2021-12-14,11,d1_00z,6.2393,7.9459,422.9158,5.9325,7.4900,414.0353,0.3068,0.4559,8.8805,5.9420,7.8073,422.4054,5.3849,7.0415,422.3469,0.5571,0.7658,0.0585
2021-12-14,11,d1_12z,6.1158,7.7463,420.3717,5.9325,7.4900,414.0353,0.1833,0.2563,6.3364,5.6594,7.4289,423.6246,5.3849,7.0415,422.3469,0.2745,0.3875,1.2777
2021-12-14,12,d1_00z,6.4391,8.1685,482.1682,6.1196,7.6949,472.2016,0.3195,0.4736,9.9666,6.2347,8.1909,487.4600,5.7122,7.4317,487.1414,0.5225,0.7592,0.3186
2021-12-14,12,d1_12z,6.2989,7.9366,480.1439,6.1196,7.6949,472.2016,0.1792,0.2417,7.9422,5.9299,7.7338,488.6867,5.7122,7.4317,487.1414,0.2177,0.3021,1.5453
2021-12-14,13,d1_00z,6.4098,8.1269,482.1388,6.1000,7.6810,471.1990,0.3098,0.4460,10.9398,6.3133,8.2797,492.5393,5.7213,7.4930,492.0518,0.5920,0.7867,0.4875
2021-12-14,13,d1_12z,6.2511,7.8803,479.3682,6.1000,7.6810,471.1990,0.1511,0.1994,8.1691,5.9720,7.8043,493.3846,5.7213,7.4930,492.0518,0.2507,0.3114,1.3329
2021-12-14,14,d1_00z,6.1648,7.8607,422.1505,5.9210,7.5034,410.4197,0.2438,0.3573,11.7307,6.0948,8.0128,437.1456,5.5290,7.2525,436.3271,0.5658,0.7603,0.8185
2021-12-14,14,d1_12z,6.0112,7.6144,420.3340,5.9210,7.5034,410.4197,0.0902,0.1110,9.9142,5.6994,7.4754,437.6131,5.5290,7.2525,436.3271,0.1704,0.2229,1.2860
2021-12-14,15,d1_00z,5.5569,7.2187,309.8090,5.4330,7.0256,301.7093,0.1240,0.1931,8.0997,5.3126,7.1994,327.6608,4.9075,6.5980,326.9414,0.4052,0.6014,0.7194
2021-12-14,15,d1_12z,5.4563,7.0553,309.7442,5.4330,7.0256,301.7093,0.0233,0.0297,8.0349,4.9791,6.7233,328.1167,4.9075,6.5980,326.9414,0.0716,0.1253,1.1753
2021-12-14,16,d1_00z,4.4633,6.2416,161.8482,4.3976,6.1335,158.1983,0.0658,0.1081,3.6499,4.0539,6.1580,179.5119,3.7172,5.6379,179.2263,0.3367,0.5202,0.2856
2021-12-14,16,d1_12z,4.3792,6.1245,161.9299,4.3976,6.1335,158.1983,-0.0184,-0.0090,3.7317,3.7332,5.7414,179.8707,3.7172,5.6379,179.2263,0.0160,0.1036,0.6444
2021-12-14,17,d1_00z,3.7790,5.6623,27.8403,3.7203,5.6419,27.7499,0.0587,0.0203,0.0904,3.2759,5.4936,35.1395,3.0777,5.1454,35.3624,0.1981,0.3482,-0.2228
2021-12-14,17,d1_12z,3.7318,5.6244,28.0332,3.7203,5.6419,27.7499,0.0115,-0.0175,0.2833,3.0445,5.1199,35.4036,3.0777,5.1454,35.3624,-0.0332,-0.0254,0.0412
2021-12-14,18,d1_00z,3.4737,5.0987,0.0035,3.4626,5.1749,0.0074,0.0111,-0.0762,-0.0039,2.8908,4.8305,0.0048,2.8373,4.6389,0.0129,0.0535,0.1917,-0.0080
2021-12-14,18,d1_12z,3.4383,5.1353,0.0063,3.4626,5.1749,0.0074,-0.0243,-0.0395,-0.0011,2.7528,4.5973,0.0104,2.8373,4.6389,0.0129,-0.0845,-0.0416,-0.0024
2021-12-14,19,d1_00z,3.3369,4.7422,-0.0010,3.3437,4.8474,0.0024,-0.0068,-0.1052,-0.0035,2.6604,4.2964,-0.0053,2.6005,4.2023,-0.0058,0.0598,0.0941,0.0006
2021-12-14,19,d1_12z,3.2952,4.7773,0.0029,3.3437,4.8474,0.0024,-0.0485,-0.0701,0.0005,2.5315,4.1447,0.0006,2.6005,4.2023,-0.0058,-0.0690,-0.0576,0.0065
2021-12-14,20,d1_00z,3.1672,4.3984,0.0037,3.2728,4.6200,-0.0014,-0.1056,-0.2216,0.0051,2.5518,4.0050,-0.0024,2.4470,3.8990,0.0014,0.1048,0.1060,-0.0038
2021-12-14,20,d1_12z,3.1704,4.4717,-0.0023,3.2728,4.6200,-0.0014,-0.1024,-0.1483,-0.0009,2.3872,3.8433,0.0031,2.4470,3.8990,0.0014,-0.0598,-0.0557,0.0017
2021-12-14,21,d1_00z,3.0128,4.0756,0.0000,3.1825,4.4358,0.0000,-0.1697,-0.3602,0.0000,2.3520,3.6778,0.0000,2.2842,3.6633,0.0000,0.0678,0.0145,0.0000
2021-12-14,21,d1_12z,3.0513,4.2315,0.0000,3.1825,4.4358,0.0000,-0.1312,-0.2043,0.0000,2.2129,3.5438,0.0000,2.2842,3.6633,0.0000,-0.0713,-0.1195,0.0000
2021-12-14,22,d1_00z,2.9081,3.8748,0.0000,3.0899,4.2752,0.0000,-0.1817,-0.4004,0.0000,2.2181,3.4663,0.0000,2.1171,3.4240,0.0000,0.1011,0.0423,0.0000
2021-12-14,22,d1_12z,2.9211,4.0335,0.0000,3.0899,4.2752,0.0000,-0.1688,-0.2417,0.0000,2.0406,3.3034,0.0000,2.1171,3.4240,0.0000,-0.0765,-0.1206,0.0000
2021-12-14,23,d1_00z,2.8399,3.7670,0.0000,3.0394,4.1211,0.0000,-0.1995,-0.3541,0.0000,2.0989,3.2881,0.0000,2.1660,3.3528,0.0000,-0.0670,-0.0647,0.0000
2021-12-14,23,d1_12z,2.7994,3.8103,0.0000,3.0394,4.1211,0.0000,-0.2399,-0.3108,0.0000,1.9647,3.1797,0.0000,2.1660,3.3528,0.0000,-0.2012,-0.1730,0.0000
2021-12-15,0,d1_00z,2.9003,3.8946,0.0000,2.9555,3.9313,0.0000,-0.0552,-0.0367,0.0000,2.0675,3.2208,0.0000,2.0973,3.1754,0.0000,-0.0297,0.0454,0.0000
2021-12-15,0,d1_12z,2.9555,3.9313,0.0000,2.9555,3.9313,0.0000,0.0000,0.0000,0.0000,2.0973,3.1754,0.0000,2.0973,3.1754,0.0000,0.0000,0.0000,0.0000
2021-12-15,1,d1_00z,2.7364,3.5858,0.0000,2.8005,3.6657,0.0000,-0.0640,-0.0799,0.0000,1.8788,2.8873,0.0000,1.9236,2.8682,0.0000,-0.0448,0.0191,0.0000
2021-12-15,1,d1_12z,2.8005,3.6657,0.0000,2.8005,3.6657,0.0000,0.0000,0.0000,0.0000,1.9236,2.8682,0.0000,1.9236,2.8682,0.0000,0.0000,0.0000,0.0000
2021-12-15,2,d1_00z,2.5234,3.2128,0.0000,2.6336,3.4358,0.0000,-0.1103,-0.2230,0.0000,1.7622,2.5738,0.0000,1.8135,2.6201,0.0000,-0.0513,-0.0462,0.0000
2021-12-15,2,d1_12z,2.5936,3.3638,0.0000,2.6336,3.4358,0.0000,-0.0400,-0.0720,0.0000,1.7633,2.5380,0.0000,1.8135,2.6201,0.0000,-0.0502,-0.0821,0.0000
2021-12-15,3,d1_00z,2.3112,2.8658,0.0000,2.5266,3.2207,0.0000,-0.2154,-0.3550,0.0000,1.7453,2.5231,0.0000,1.9562,2.7590,0.0000,-0.2109,-0.2360,0.0000
2021-12-15,3,d1_12z,2.4884,3.1507,0.0000,2.5266,3.2207,0.0000,-0.0383,-0.0701,0.0000,1.9133,2.6717,0.0000,1.9562,2.7590,0.0000,-0.0428,-0.0874,0.0000
2021-12-15,4,d1_00z,2.1411,2.6467,0.0000,2.3943,2.9582,0.0000,-0.2531,-0.3115,0.0000,1.6899,2.4918,0.0000,1.8915,2.6812,0.0000,-0.2015,-0.1895,0.0000
2021-12-15,4,d1_12z,2.3405,2.8774,0.0000,2.3943,2.9582,0.0000,-0.0537,-0.0807,0.0000,1.8224,2.5823,0.0000,1.8915,2.6812,0.0000,-0.0690,-0.0989,0.0000
2021-12-15,5,d1_00z,2.0624,2.4987,0.0000,2.2533,2.7237,0.0000,-0.1909,-0.2250,0.0000,1.8327,2.6619,0.0000,1.6828,2.4347,0.0000,0.1499,0.2271,0.0000
2021-12-15,5,d1_12z,2.2061,2.6597,0.0000,2.2533,2.7237,0.0000,-0.0472,-0.0640,0.0000,1.6569,2.3463,0.0000,1.6828,2.4347,0.0000,-0.0259,-0.0884,0.0000
2021-12-15,6,d1_00z,1.9707,2.3138,0.0000,2.0886,2.4785,0.0000,-0.1179,-0.1647,0.0000,1.6381,2.3587,0.0000,1.6301,2.2763,0.0000,0.0080,0.0824,0.0000
2021-12-15,6,d1_12z,2.0540,2.4323,0.0000,2.0886,2.4785,0.0000,-0.0347,-0.0463,0.0000,1.6237,2.1982,0.0000,1.6301,2.2763,0.0000,-0.0064,-0.0781,0.0000
2021-12-15,7,d1_00z,1.9669,2.3125,0.0000,2.0342,2.3842,0.0000,-0.0673,-0.0717,0.0000,1.5597,2.1018,0.0000,1.5898,2.1840,0.0000,-0.0301,-0.0822,0.0000
2021-12-15,7,d1_12z,2.0065,2.3532,0.0000,2.0342,2.3842,0.0000,-0.0277,-0.0310,0.0000,1.5730,2.1315,0.0000,1.5898,2.1840,0.0000,-0.0168,-0.0525,0.0000
2021-12-15,8,d1_00z,1.8792,2.2425,26.0428,1.9772,2.3616,27.4898,-0.0980,-0.1191,-1.4470,1.6285,2.1519,21.0312,1.6265,2.2576,22.1320,0.0020,-0.1057,-1.1008
2021-12-15,8,d1_12z,1.9886,2.3700,27.4971,1.9772,2.3616,27.4898,0.0114,0.0083,0.0073,1.6007,2.1925,22.1477,1.6265,2.2576,22.1320,-0.0258,-0.0651,0.0157
2021-12-15,9,d1_00z,1.6510,2.0007,148.0815,1.7458,2.0722,165.4905,-0.0948,-0.0715,-17.4090,1.5489,2.0241,145.0011,1.4869,1.9315,156.0133,0.0620,0.0926,-11.0122
2021-12-15,9,d1_12z,1.7791,2.1213,165.6085,1.7458,2.0722,165.4905,0.0333,0.0491,0.1180,1.4831,1.9197,157.0552,1.4869,1.9315,156.0133,-0.0038,-0.0118,1.0419
2021-12-15,10,d1_00z,1.6542,1.7319,286.0752,1.7509,1.8269,315.1221,-0.0967,-0.0951,-29.0469,1.6400,1.8218,296.0171,1.5763,1.7540,309.8079,0.0638,0.0678,-13.7908
2021-12-15,10,d1_12z,1.7711,1.8520,315.9416,1.7509,1.8269,315.1221,0.0202,0.0251,0.8195,1.5929,1.7430,311.1210,1.5763,1.7540,309.8079,0.0166,-0.0110,1.3131
2021-12-15,11,d1_00z,1.6423,1.6544,399.4836,1.8042,1.8313,426.9010,-0.1620,-0.1769,-27.4174,1.7002,1.8118,420.6096,1.8243,1.9383,424.0292,-0.1241,-0.1265,-3.4196
2021-12-15,11,d1_12z,1.7645,1.7999,426.4447,1.8042,1.8313,426.9010,-0.0397,-0.0314,-0.4562,1.7908,1.9111,424.7074,1.8243,1.9383,424.0292,-0.0335,-0.0272,0.6782
2021-12-15,12,d1_00z,1.6078,1.5957,466.4109,1.8434,1.8753,480.7268,-0.2356,-0.2797,-14.3159,1.7592,1.8385,484.0049,1.9730,2.0894,481.0856,-0.2138,-0.2510,2.9193
2021-12-15,12,d1_12z,1.7852,1.8348,473.0488,1.8434,1.8753,480.7268,-0.0582,-0.0405,-7.6780,1.9215,2.0537,470.2607,1.9730,2.0894,481.0856,-0.0516,-0.0357,-10.8249
2021-12-15,13,d1_00z,1.5330,1.5130,472.1766,1.8313,1.8943,470.7050,-0.2982,-0.3812,1.4716,1.5870,1.6428,483.1280,2.0903,2.2351,471.9436,-0.5033,-0.5924,11.1844
2021-12-15,13,d1_12z,1.7805,1.8569,452.0535,1.8313,1.8943,470.7050,-0.0508,-0.0373,-18.6515,2.0240,2.1968,435.9553,2.0903,2.2351,471.9436,-0.0662,-0.0384,-35.9883
2021-12-15,14,d1_00z,1.4747,1.5138,409.6009,1.7610,1.8596,400.8285,-0.2863,-0.3458,8.7724,1.5524,1.6308,416.2021,2.1569,2.3702,402.1034,-0.6045,-0.7394,14.0987
2021-12-15,14,d1_12z,1.7071,1.8261,364.4399,1.7610,1.8596,400.8285,-0.0539,-0.0335,-36.3886,2.0248,2.2219,342.7155,2.1569,2.3702,402.1034,-0.1321,-0.1483,-59.3879
2021-12-15,15,d1_00z,1.2665,1.3950,278.2253,1.5410,1.7146,283.5223,-0.2745,-0.3196,-5.2970,1.3458,1.5615,269.3373,1.8431,2.1208,281.6039,-0.4974,-0.5593,-12.2666
2021-12-15,15,d1_12z,1.4977,1.7129,236.2717,1.5410,1.7146,283.5223,-0.0432,-0.0017,-47.2506,1.6775,1.9542,225.3581,1.8431,2.1208,281.6039,-0.1656,-0.1665,-56.2458
2021-12-15,16,d1_00z,1.0765,1.2390,131.4151,1.3794,1.6536,134.8788,-0.3030,-0.4145,-3.4637,1.1622,1.4017,133.2417,1.5269,1.8771,136.3549,-0.3647,-0.4754,-3.1132
2021-12-15,16,d1_12z,1.3108,1.5480,107.2271,1.3794,1.6536,134.8788,-0.0687,-0.1055,-27.6516,1.5618,1.9257,99.7928,1.5269,1.8771,136.3549,0.0349,0.0486,-36.5621
2021-12-15,17,d1_00z,1.3277,1.4875,22.5595,1.3839,1.7167,21.5322,-0.0562,-0.2292,1.0273,1.3946,1.5847,26.6915,1.5768,2.0345,25.1145,-0.1822,-0.4498,1.5770
2021-12-15,17,d1_12z,1.4537,1.6803,19.5824,1.3839,1.7167,21.5322,0.0698,-0.0364,-1.9498,1.4823,1.7167,23.0995,1.5768,2.0345,25.1145,-0.0946,-0.3178,-2.0151
2021-12-15,18,d1_00z,1.4239,1.6254,0.0005,1.5546,1.9172,0.0063,-0.1307,-0.2917,-0.0058,1.3316,1.5089,-0.0015,1.5925,2.0159,0.0030,-0.2609,-0.5070,-0.0044
2021-12-15,18,d1_12z,1.4704,1.7333,0.0055,1.5546,1.9172,0.0063,-0.0842,-0.1839,-0.0008,1.4985,1.8008,0.0052,1.5925,2.0159,0.0030,-0.0940,-0.2151,0.0022
2021-12-15,19,d1_00z,1.4698,1.7191,0.0034,1.6822,2.1116,0.0010,-0.2124,-0.3924,0.0024,1.4243,1.6644,0.0080,1.7464,2.2483,0.0070,-0.3221,-0.5839,0.0010
2021-12-15,19,d1_12z,1.3873,1.6623,-0.0003,1.6822,2.1116,0.0010,-0.2949,-0.4492,-0.0012,1.3794,1.6676,-0.0007,1.7464,2.2483,0.0070,-0.3669,-0.5807,-0.0076
2021-12-15,20,d1_00z,1.4457,1.7397,-0.0012,1.6436,2.1130,-0.0034,-0.1979,-0.3733,0.0022,1.3368,1.6653,-0.0146,1.6356,2.2366,-0.0108,-0.2988,-0.5713,-0.0038
2021-12-15,20,d1_12z,1.4309,1.7363,-0.0017,1.6436,2.1130,-0.0034,-0.2127,-0.3766,0.0017,1.4552,1.7977,-0.0064,1.6356,2.2366,-0.0108,-0.1804,-0.4389,0.0044
2021-12-15,21,d1_00z,1.4580,1.7586,0.0000,1.6325,2.0892,0.0000,-0.1745,-0.3306,0.0000,1.1911,1.5259,0.0000,1.7105,2.3359,0.0000,-0.5194,-0.8100,0.0000
2021-12-15,21,d1_12z,1.4621,1.8309,0.0000,1.6325,2.0892,0.0000,-0.1704,-0.2583,0.0000,1.5574,1.9972,0.0000,1.7105,2.3359,0.0000,-0.1531,-0.3387,0.0000
2021-12-15,22,d1_00z,1.4761,1.8347,0.0000,1.5972,2.0972,0.0000,-0.1211,-0.2625,0.0000,1.4196,1.8618,0.0000,1.5908,2.2320,0.0000,-0.1712,-0.3701,0.0000
2021-12-15,22,d1_12z,1.4685,1.9025,0.0000,1.5972,2.0972,0.0000,-0.1287,-0.1948,0.0000,1.6214,2.2156,0.0000,1.5908,2.2320,0.0000,0.0306,-0.0164,0.0000
2021-12-15,23,d1_00z,1.4776,1.9307,0.0000,1.8764,2.4034,0.0000,-0.3988,-0.4727,0.0000,1.6992,2.3182,0.0000,1.9265,2.5816,0.0000,-0.2273,-0.2633,0.0000
2021-12-15,23,d1_12z,1.6007,2.0406,0.0000,1.8764,2.4034,0.0000,-0.2758,-0.3629,0.0000,1.8262,2.4880,0.0000,1.9265,2.5816,0.0000,-0.1003,-0.0935,0.0000
2021-12-16,0,d1_00z,1.9079,2.4513,0.0000,2.0108,2.5662,0.0000,-0.1029,-0.1149,0.0000,2.1357,2.9454,0.0000,2.2301,3.0179,0.0000,-0.0944,-0.0725,0.0000
2021-12-16,0,d1_12z,2.0108,2.5662,0.0000,2.0108,2.5662,0.0000,0.0000,0.0000,0.0000,2.2301,3.0179,0.0000,2.2301,3.0179,0.0000,0.0000,0.0000,0.0000
2021-12-16,1,d1_00z,2.0235,2.5883,0.0000,1.9931,2.5968,0.0000,0.0303,-0.0085,0.0000,2.0742,2.8915,0.0000,2.1026,2.9291,0.0000,-0.0283,-0.0375,0.0000
2021-12-16,1,d1_12z,1.9931,2.5968,0.0000,1.9931,2.5968,0.0000,0.0000,0.0000,0.0000,2.1026,2.9291,0.0000,2.1026,2.9291,0.0000,0.0000,0.0000,0.0000
2021-12-16,2,d1_00z,1.9898,2.5827,0.0000,2.0315,2.6671,0.0000,-0.0418,-0.0844,0.0000,1.9002,2.6771,0.0000,2.0328,2.9158,0.0000,-0.1326,-0.2387,0.0000
2021-12-16,2,d1_12z,1.9628,2.5473,0.0000,2.0315,2.6671,0.0000,-0.0687,-0.1198,0.0000,1.9366,2.7387,0.0000,2.0328,2.9158,0.0000,-0.0962,-0.1771,0.0000
2021-12-16,3,d1_00z,2.0557,2.6729,0.0000,2.2620,2.9767,0.0000,-0.2063,-0.3037,0.0000,2.0165,2.8267,0.0000,2.2326,3.2317,0.0000,-0.2161,-0.4050,0.0000
2021-12-16,3,d1_12z,2.1839,2.8352,0.0000,2.2620,2.9767,0.0000,-0.0781,-0.1415,0.0000,2.1074,3.0011,0.0000,2.2326,3.2317,0.0000,-0.1252,-0.2305,0.0000
2021-12-16,4,d1_00z,2.1355,2.7994,0.0000,2.4986,3.3615,0.0000,-0.3631,-0.5621,0.0000,2.0454,2.9507,0.0000,2.3599,3.5515,0.0000,-0.3144,-0.6008,0.0000
2021-12-16,4,d1_12z,2.4213,3.2105,0.0000,2.4986,3.3615,0.0000,-0.0773,-0.1510,0.0000,2.2242,3.2734,0.0000,2.3599,3.5515,0.0000,-0.1357,-0.2781,0.0000
2021-12-16,5,d1_00z,2.4042,3.1619,0.0000,2.7660,3.8171,0.0000,-0.3618,-0.6552,0.0000,2.2346,3.3280,0.0000,2.6407,4.1800,0.0000,-0.4061,-0.8520,0.0000
2021-12-16,5,d1_12z,2.6812,3.6297,0.0000,2.7660,3.8171,0.0000,-0.0849,-0.1873,0.0000,2.5082,3.8529,0.0000,2.6407,4.1800,0.0000,-0.1325,-0.3271,0.0000
2021-12-16,6,d1_00z,2.6190,3.5814,0.0000,3.0152,4.3205,0.0000,-0.3962,-0.7391,0.0000,2.5347,3.9255,0.0000,2.8266,4.6946,0.0000,-0.2919,-0.7690,0.0000
2021-12-16,6,d1_12z,2.9086,4.0665,0.0000,3.0152,4.3205,0.0000,-0.1066,-0.2539,0.0000,2.6349,4.2432,0.0000,2.8266,4.6946,0.0000,-0.1916,-0.4514,0.0000
2021-12-16,7,d1_00z,2.8835,4.0601,0.0000,3.2811,4.9577,0.0000,-0.3976,-0.8976,0.0000,2.8655,4.5125,0.0000,3.1777,5.2969,0.0000,-0.3122,-0.7844,0.0000
2021-12-16,7,d1_12z,3.1113,4.5710,0.0000,3.2811,4.9577,0.0000,-0.1698,-0.3867,0.0000,2.9637,4.8396,0.0000,3.1777,5.2969,0.0000,-0.2140,-0.4573,0.0000
2021-12-16,8,d1_00z,3.1646,4.6820,20.9507,3.3951,5.2874,23.8650,-0.2305,-0.6053,-2.9143,3.1211,5.0893,16.7085,3.3768,5.5988,18.4457,-0.2557,-0.5095,-1.7372
2021-12-16,8,d1_12z,3.4142,5.2657,23.5032,3.3951,5.2874,23.8650,0.0191,-0.0217,-0.3618,3.3637,5.6421,18.2959,3.3768,5.5988,18.4457,-0.0131,0.0433,-0.1497
2021-12-16,9,d1_00z,3.6035,5.0880,109.9921,3.9354,5.7298,128.3860,-0.3319,-0.6419,-18.3938,3.8973,5.7844,106.9103,3.7890,5.7455,107.7995,0.1084,0.0388,-0.8892
2021-12-16,9,d1_12z,3.9516,5.6742,123.8727,3.9354,5.7298,128.3860,0.0162,-0.0557,-4.5133,3.9946,6.0321,105.4862,3.7890,5.7455,107.7995,0.2056,0.2866,-2.3133
2021-12-16,10,d1_00z,4.5493,5.8232,207.1199,5.1273,6.7582,235.9303,-0.5780,-0.9349,-28.8104,4.8217,6.3300,193.6483,5.5094,7.2945,214.1915,-0.6877,-0.9644,-20.5432
2021-12-16,10,d1_12z,5.0162,6.5170,229.7589,5.1273,6.7582,235.9303,-0.1111,-0.2412,-6.1714,5.1954,6.9130,199.8126,5.5094,7.2945,214.1915,-0.3140,-0.3815,-14.3789
2021-12-16,11,d1_00z,5.5250,6.9898,288.1823,6.2012,8.0495,314.1433,-0.6762,-1.0597,-25.9609,6.0652,7.8153,275.6526,6.7984,8.9171,279.2585,-0.7332,-1.1018,-3.6060
2021-12-16,11,d1_12z,6.0133,7.6951,303.7067,6.2012,8.0495,314.1433,-0.1880,-0.3543,-10.4365,6.5317,8.4839,286.3735,6.7984,8.9171,279.2585,-0.2667,-0.4332,7.1150
2021-12-16,12,d1_00z,6.2805,7.9017,345.5428,7.0421,9.0550,351.2905,-0.7616,-1.1533,-5.7478,6.7189,8.6240,357.2688,7.9469,10.3854,328.0627,-1.2281,-1.7614,29.2061
2021-12-16,12,d1_12z,6.6888,8.4856,348.3521,7.0421,9.0550,351.2905,-0.3532,-0.5693,-2.9384,7.1852,9.3097,323.4800,7.9469,10.3854,328.0627,-0.7618,-1.0757,-4.5827
2021-12-16,13,d1_00z,6.7306,8.4556,356.8501,7.5142,9.6631,337.8212,-0.7836,-1.2075,19.0289,7.4268,9.5388,379.4603,8.4169,10.9763,332.0401,-0.9900,-1.4376,47.4202
2021-12-16,13,d1_12z,7.1103,9.0013,344.3315,7.5142,9.6631,337.8212,-0.4039,-0.6618,6.5104,7.8132,10.1323,344.1235,8.4169,10.9763,332.0401,-0.6036,-0.8440,12.0835
2021-12-16,14,d1_00z,7.0494,8.9111,315.8635,7.8968,10.2344,290.4912,-0.8473,-1.3233,25.3723,7.5848,9.8432,327.9436,8.4592,11.1799,281.5293,-0.8743,-1.3366,46.4143
2021-12-16,14,d1_12z,7.3534,9.3567,291.8187,7.8968,10.2344,290.4912,-0.5434,-0.8776,1.3275,7.8596,10.2712,301.7816,8.4592,11.1799,281.5293,-0.5995,-0.9087,20.2523
2021-12-16,15,d1_00z,7.1627,9.1813,230.8832,8.0111,10.4751,208.0427,-0.8483,-1.2939,22.8405,7.5034,9.9107,245.0927,8.2519,11.0355,217.0546,-0.7485,-1.1248,28.0380
2021-12-16,15,d1_12z,7.3309,9.4429,211.3204,8.0111,10.4751,208.0427,-0.6802,-1.0322,3.2778,7.6331,10.1310,233.9709,8.2519,11.0355,217.0546,-0.6188,-0.9045,16.9162
2021-12-16,16,d1_00z,6.9956,9.1736,122.9912,8.0245,10.6227,108.8993,-1.0289,-1.4491,14.0919,7.0817,9.5945,133.9287,8.2289,11.1656,118.7958,-1.1472,-1.5712,15.1329
2021-12-16,16,d1_12z,7.0860,9.2824,111.9099,8.0245,10.6227,108.8993,-0.9385,-1.3403,3.0106,7.2760,9.8732,126.7755,8.2289,11.1656,118.7958,-0.9529,-1.2924,7.9798
2021-12-16,17,d1_00z,6.7009,9.1886,24.6564,7.8202,10.5486,22.1112,-1.1194,-1.3600,2.5453,6.8101,9.7092,30.2692,7.9607,11.0378,27.1285,-1.1506,-1.3286,3.1407
2021-12-16,17,d1_12z,6.6496,9.0495,23.0381,7.8202,10.5486,22.1112,-1.1707,-1.4991,0.9269,6.9533,9.8057,29.0104,7.9607,11.0378,27.1285,-1.0074,-1.2321,1.8819
2021-12-16,18,d1_00z,6.3333,8.9051,0.0078,7.4054,10.1035,0.0048,-1.0721,-1.1983,0.0029,6.4947,9.4269,0.0093,7.4836,10.4666,0.0016,-0.9889,-1.0397,0.0077
2021-12-16,18,d1_12z,6.2208,8.6494,0.0089,7.4054,10.1035,0.0048,-1.1846,-1.4541,0.0041,6.5585,9.3795,0.0085,7.4836,10.4666,0.0016,-0.9250,-1.0871,0.0069
2021-12-16,19,d1_00z,5.9468,8.4177,0.0002,6.9446,9.5098,0.0010,-0.9978,-1.0921,-0.0008,6.2205,9.0867,0.0001,7.1907,9.9960,0.0064,-0.9703,-0.9094,-0.0063
2021-12-16,19,d1_12z,5.8552,8.1927,-0.0023,6.9446,9.5098,0.0010,-1.0894,-1.3171,-0.0033,6.3201,9.0621,-0.0006,7.1907,9.9960,0.0064,-0.8707,-0.9339,-0.0070
2021-12-16,20,d1_00z,5.5552,7.8417,-0.0031,6.5644,9.0304,-0.0002,-1.0091,-1.1886,-0.0029,6.0809,8.8052,-0.0040,6.7987,9.5256,-0.0055,-0.7178,-0.7205,0.0015
2021-12-16,20,d1_12z,5.5029,7.6740,-0.0021,6.5644,9.0304,-0.0002,-1.0614,-1.3563,-0.0020,5.9908,8.6291,0.0021,6.7987,9.5256,-0.0055,-0.8078,-0.8965,0.0076
2021-12-16,21,d1_00z,5.2093,7.2659,0.0000,6.1780,8.4837,0.0000,-0.9687,-1.2178,0.0000,5.3791,7.8802,0.0000,6.3794,8.9849,0.0000,-1.0003,-1.1047,0.0000
2021-12-16,21,d1_12z,5.1847,7.1432,0.0000,6.1780,8.4837,0.0000,-0.9934,-1.3405,0.0000,5.3796,7.8141,0.0000,6.3794,8.9849,0.0000,-0.9998,-1.1708,0.0000
2021-12-16,22,d1_00z,5.0063,6.9227,0.0000,5.8446,8.0191,0.0000,-0.8383,-1.0964,0.0000,5.1992,7.4986,0.0000,6.1603,8.7678,0.0000,-0.9611,-1.2692,0.0000
2021-12-16,22,d1_12z,5.0351,6.9649,0.0000,5.8446,8.0191,0.0000,-0.8095,-1.0542,0.0000,5.2602,7.5671,0.0000,6.1603,8.7678,0.0000,-0.9001,-1.2007,0.0000
2021-12-16,23,d1_00z,4.8661,6.8134,0.0000,5.5869,7.6995,0.0000,-0.7209,-0.8861,0.0000,5.1462,7.4282,0.0000,5.8408,8.3291,0.0000,-0.6947,-0.9009,0.0000
2021-12-16,23,d1_12z,4.9711,6.9797,0.0000,5.5869,7.6995,0.0000,-0.6158,-0.7198,0.0000,5.1363,7.3988,0.0000,5.8408,8.3291,0.0000,-0.7045,-0.9303,0.0000
2021-12-17,0,d1_00z,5.0033,6.9186,0.0000,5.3814,7.5108,0.0000,-0.3780,-0.5922,0.0000,5.3112,7.5332,0.0000,5.6825,8.1178,0.0000,-0.3713,-0.5846,0.0000
2021-12-17,0,d1_12z,5.3814,7.5108,0.0000,5.3814,7.5108,0.0000,0.0000,0.0000,0.0000,5.6825,8.1178,0.0000,5.6825,8.1178,0.0000,0.0000,0.0000,0.0000
2021-12-17,1,d1_00z,5.0306,7.0680,0.0000,5.3738,7.5497,0.0000,-0.3432,-0.4817,0.0000,5.1810,7.3430,0.0000,5.5979,7.9714,0.0000,-0.4169,-0.6284,0.0000
2021-12-17,1,d1_12z,5.3738,7.5497,0.0000,5.3738,7.5497,0.0000,0.0000,0.0000,0.0000,5.5979,7.9714,0.0000,5.5979,7.9714,0.0000,0.0000,0.0000,0.0000
2021-12-17,2,d1_00z,5.2282,7.3640,0.0000,5.6243,7.8344,0.0000,-0.3961,-0.4704,0.0000,5.1803,7.4429,0.0000,5.7958,8.2257,0.0000,-0.6155,-0.7828,0.0000
2021-12-17,2,d1_12z,5.5566,7.7736,0.0000,5.6243,7.8344,0.0000,-0.0677,-0.0608,0.0000,5.7008,8.1160,0.0000,5.7958,8.2257,0.0000,-0.0950,-0.1097,0.0000
2021-12-17,3,d1_00z,5.6115,7.8494,0.0000,6.0232,8.3267,0.0000,-0.4117,-0.4772,0.0000,5.4445,7.8334,0.0000,6.3723,8.9482,0.0000,-0.9278,-1.1148,0.0000
2021-12-17,3,d1_12z,5.9419,8.2502,0.0000,6.0232,8.3267,0.0000,-0.0813,-0.0764,0.0000,6.2035,8.7290,0.0000,6.3723,8.9482,0.0000,-0.1688,-0.2193,0.0000
2021-12-17,4,d1_00z,6.1007,8.5058,0.0000,6.4547,8.8874,0.0000,-0.3540,-0.3816,0.0000,6.0028,8.5287,0.0000,6.8389,9.5116,0.0000,-0.8361,-0.9829,0.0000
2021-12-17,4,d1_12z,6.3760,8.8283,0.0000,6.4547,8.8874,0.0000,-0.0787,-0.0592,0.0000,6.6114,9.2429,0.0000,6.8389,9.5116,0.0000,-0.2275,-0.2687,0.0000
2021-12-17,5,d1_00z,6.7165,9.3386,0.0000,7.0354,9.6724,0.0000,-0.3190,-0.3337,0.0000,6.9509,9.7001,0.0000,7.2919,10.1053,0.0000,-0.3410,-0.4052,0.0000
2021-12-17,5,d1_12z,6.9686,9.6230,0.0000,7.0354,9.6724,0.0000,-0.0668,-0.0494,0.0000,7.0180,9.7594,0.0000,7.2919,10.1053,0.0000,-0.2739,-0.3459,0.0000
2021-12-17,6,d1_00z,7.4025,10.2477,0.0000,7.8775,10.8013,0.0000,-0.4751,-0.5536,0.0000,7.8690,10.9613,0.0000,7.9870,11.1522,0.0000,-0.1180,-0.1909,0.0000
2021-12-17,6,d1_12z,7.8267,10.7651,0.0000,7.8775,10.8013,0.0000,-0.0509,-0.0361,0.0000,7.7866,10.8961,0.0000,7.9870,11.1522,0.0000,-0.2004,-0.2560,0.0000
2021-12-17,7,d1_00z,8.1473,11.2288,0.0000,8.7859,11.9260,0.0000,-0.6386,-0.6972,0.0000,8.4750,11.8690,0.0000,9.5541,13.2411,0.0000,-1.0791,-1.3721,0.0000
2021-12-17,7,d1_12z,8.7384,11.8947,0.0000,8.7859,11.9260,0.0000,-0.0475,-0.0313,0.0000,9.3265,12.9692,0.0000,9.5541,13.2411,0.0000,-0.2276,-0.2719,0.0000
2021-12-17,8,d1_00z,8.9138,12.0644,22.3540,9.1245,12.2444,22.1951,-0.2107,-0.1800,0.1589,9.5228,13.1202,21.0716,9.8566,13.5134,21.1365,-0.3338,-0.3933,-0.0649
2021-12-17,8,d1_12z,9.3456,12.5477,22.3427,9.1245,12.2444,22.1951,0.2211,0.3033,0.1476,10.1045,13.8567,21.1905,9.8566,13.5134,21.1365,0.2478,0.3433,0.0540
2021-12-17,9,d1_00z,9.8085,12.7972,144.7162,9.7842,12.7112,147.4390,0.0243,0.0860,-2.7229,10.4826,14.0617,158.3421,10.3757,13.8309,159.0994,0.1069,0.2309,-0.7572
2021-12-17,9,d1_12z,9.9805,12.9977,146.8831,9.7842,12.7112,147.4390,0.1963,0.2865,-0.5559,10.5867,14.1660,160.1146,10.3757,13.8309,159.0994,0.2110,0.3351,1.0152
2021-12-17,10,d1_00z,10.1048,12.9892,288.1674,10.0492,12.8633,289.9709,0.0556,0.1260,-1.8035,10.6351,14.0684,317.4840,10.1691,13.3916,319.1675,0.4660,0.6768,-1.6835
2021-12-17,10,d1_12z,10.1897,13.0919,289.7716,10.0492,12.8633,289.9709,0.1406,0.2286,-0.1993,10.5275,13.9487,320.1299,10.1691,13.3916,319.1675,0.3584,0.5571,0.9624
2021-12-17,11,d1_00z,10.0033,12.7494,399.7842,9.8845,12.5155,401.5438,0.1188,0.2339,-1.7596,10.3484,13.5718,440.7501,9.9259,12.8949,442.2286,0.4226,0.6769,-1.4785
2021-12-17,11,d1_12z,10.0620,12.7983,403.2910,9.8845,12.5155,401.5438,0.1775,0.2827,1.7472,10.3800,13.5830,444.5793,9.9259,12.8949,442.2286,0.4541,0.6881,2.3507
2021-12-17,12,d1_00z,9.7862,12.3808,462.6708,9.5941,12.0655,465.0192,0.1921,0.3154,-2.3484,9.9586,12.9530,510.2805,9.6207,12.4688,511.4632,0.3380,0.4842,-1.1827
2021-12-17,12,d1_12z,9.7877,12.3552,467.6437,9.5941,12.0655,465.0192,0.1937,0.2898,2.6245,9.8253,12.7833,513.1893,9.6207,12.4688,511.4632,0.2046,0.3146,1.7261
2021-12-17,13,d1_00z,9.4058,11.8296,478.1854,9.1964,11.5085,473.1144,0.2094,0.3211,5.0710,9.4495,12.2313,520.8784,9.2624,11.9805,517.9132,0.1871,0.2508,2.9651
2021-12-17,13,d1_12z,9.2756,11.6429,477.6979,9.1964,11.5085,473.1144,0.0792,0.1344,4.5835,9.2942,12.0623,518.8405,9.2624,11.9805,517.9132,0.0318,0.0818,0.9273
2021-12-17,14,d1_00z,8.8425,11.0687,428.9037,8.6566,10.7835,419.4482,0.1860,0.2852,9.4555,8.8692,11.4574,464.6361,8.6350,11.1443,461.2241,0.2341,0.3130,3.4120
2021-12-17,14,d1_12z,8.6520,10.7978,422.9512,8.6566,10.7835,419.4482,-0.0046,0.0143,3.5031,8.6495,11.1979,462.9468,8.6350,11.1443,461.2241,0.0145,0.0535,1.7227
2021-12-17,15,d1_00z,8.1182,10.1324,318.2900,8.0302,9.9844,310.9457,0.0880,0.1480,7.3443,8.0300,10.4250,348.3000,7.9673,10.3207,348.7007,0.0626,0.1043,-0.4007
2021-12-17,15,d1_12z,7.9040,9.8324,313.1008,8.0302,9.9844,310.9457,-0.1261,-0.1519,2.1551,7.9014,10.2808,348.5932,7.9673,10.3207,348.7007,-0.0659,-0.0399,-0.1076
2021-12-17,16,d1_00z,7.1349,8.9857,169.3073,7.1717,8.9930,168.0367,-0.0368,-0.0073,1.2706,7.1041,9.4150,193.3259,7.2019,9.5110,194.5084,-0.0978,-0.0960,-1.1825
2021-12-17,16,d1_12z,7.0224,8.8004,168.0257,7.1717,8.9930,168.0367,-0.1493,-0.1926,-0.0111,7.1345,9.4396,193.4824,7.2019,9.5110,194.5084,-0.0674,-0.0713,-1.0261
2021-12-17,17,d1_00z,5.9551,7.8199,30.2660,6.1007,7.9785,31.0027,-0.1456,-0.1586,-0.7367,5.8486,8.2414,38.4004,6.0213,8.3948,39.9278,-0.1727,-0.1533,-1.5275
2021-12-17,17,d1_12z,5.9777,7.8059,30.5473,6.1007,7.9785,31.0027,-0.1230,-0.1726,-0.4554,5.9179,8.3322,39.0561,6.0213,8.3948,39.9278,-0.1034,-0.0625,-0.8717
2021-12-17,18,d1_00z,5.2593,7.0384,0.0050,5.4623,7.3175,0.0091,-0.2030,-0.2791,-0.0041,5.1529,7.5223,0.0013,5.3554,7.7231,0.0010,-0.2024,-0.2008,0.0003
2021-12-17,18,d1_12z,5.3477,7.1434,0.0069,5.4623,7.3175,0.0091,-0.1146,-0.1741,-0.0022,5.2210,7.5999,0.0111,5.3554,7.7231,0.0010,-0.1343,-0.1232,0.0101
2021-12-17,19,d1_00z,4.8015,6.4051,-0.0000,5.0192,6.7398,0.0006,-0.2177,-0.3347,-0.0006,4.6450,6.8327,0.0059,4.7526,6.9343,0.0082,-0.1076,-0.1016,-0.0023
2021-12-17,19,d1_12z,4.9165,6.6013,0.0048,5.0192,6.7398,0.0006,-0.1027,-0.1385,0.0042,4.6346,6.8330,-0.0002,4.7526,6.9343,0.0082,-0.1180,-0.1013,-0.0084
2021-12-17,20,d1_00z,4.4627,5.9520,0.0017,4.5777,6.1787,0.0005,-0.1150,-0.2267,0.0012,3.9842,5.9638,-0.0003,3.9553,5.8644,-0.0065,0.0289,0.0994,0.0062
2021-12-17,20,d1_12z,4.5996,6.2103,-0.0015,4.5777,6.1787,0.0005,0.0219,0.0316,-0.0020,3.9838,6.0197,-0.0094,3.9553,5.8644,-0.0065,0.0285,0.1553,-0.0029
2021-12-17,21,d1_00z,4.1947,5.6040,0.0000,4.2197,5.6864,0.0000,-0.0250,-0.0824,0.0000,3.5150,5.2492,0.0000,3.3981,5.1180,0.0000,0.1169,0.1312,0.0000
2021-12-17,21,d1_12z,4.3504,5.8959,0.0000,4.2197,5.6864,0.0000,0.1306,0.2095,0.0000,3.6449,5.5949,0.0000,3.3981,5.1180,0.0000,0.2468,0.4768,0.0000
2021-12-17,22,d1_00z,4.0034,5.3967,0.0000,3.9193,5.2755,0.0000,0.0842,0.1213,0.0000,3.3772,5.0935,0.0000,3.1153,4.6962,0.0000,0.2619,0.3973,0.0000
2021-12-17,22,d1_12z,4.1831,5.6775,0.0000,3.9193,5.2755,0.0000,0.2639,0.4020,0.0000,3.5347,5.4106,0.0000,3.1153,4.6962,0.0000,0.4194,0.7143,0.0000
2021-12-17,23,d1_00z,3.9575,5.4107,0.0000,3.7532,5.0545,0.0000,0.2044,0.3562,0.0000,3.6042,5.4309,0.0000,3.2896,4.8081,0.0000,0.3146,0.6228,0.0000
2021-12-17,23,d1_12z,4.1369,5.6735,0.0000,3.7532,5.0545,0.0000,0.3837,0.6191,0.0000,3.7604,5.7129,0.0000,3.2896,4.8081,0.0000,0.4708,0.9048,0.0000
2021-12-18,0,d1_00z,4.0477,5.6243,0.0000,3.7305,5.1291,0.0000,0.3172,0.4952,0.0000,3.9883,6.0443,0.0000,3.5830,5.4154,0.0000,0.4053,0.6290,0.0000
2021-12-18,0,d1_12z,3.7305,5.1291,0.0000,3.7305,5.1291,0.0000,0.0000,0.0000,0.0000,3.5830,5.4154,0.0000,3.5830,5.4154,0.0000,0.0000,0.0000,0.0000
2021-12-18,1,d1_00z,4.1860,5.9583,0.0000,3.8607,5.4572,0.0000,0.3253,0.5012,0.0000,4.0949,6.4983,0.0000,3.7985,5.9890,0.0000,0.2964,0.5093,0.0000
2021-12-18,1,d1_12z,3.8607,5.4572,0.0000,3.8607,5.4572,0.0000,0.0000,0.0000,0.0000,3.7985,5.9890,0.0000,3.7985,5.9890,0.0000,0.0000,0.0000,0.0000
2021-12-18,2,d1_00z,4.3552,6.3292,0.0000,4.0219,5.7950,0.0000,0.3333,0.5342,0.0000,4.1869,6.7685,0.0000,3.9563,6.3707,0.0000,0.2306,0.3978,0.0000
2021-12-18,2,d1_12z,4.0515,5.8627,0.0000,4.0219,5.7950,0.0000,0.0295,0.0677,0.0000,3.9417,6.3919,0.0000,3.9563,6.3707,0.0000,-0.0146,0.0212,0.0000
2021-12-18,3,d1_00z,4.6263,6.7752,0.0000,4.2831,6.2338,0.0000,0.3432,0.5414,0.0000,4.3871,7.0706,0.0000,4.1979,6.7853,0.0000,0.1891,0.2853,0.0000
2021-12-18,3,d1_12z,4.3042,6.2840,0.0000,4.2831,6.2338,0.0000,0.0212,0.0502,0.0000,4.1372,6.7293,0.0000,4.1979,6.7853,0.0000,-0.0608,-0.0560,0.0000
2021-12-18,4,d1_00z,4.9226,7.2383,0.0000,4.5906,6.7025,0.0000,0.3319,0.5358,0.0000,4.5385,7.2714,0.0000,4.3692,7.0148,0.0000,0.1693,0.2566,0.0000
2021-12-18,4,d1_12z,4.5897,6.7213,0.0000,4.5906,6.7025,0.0000,-0.0009,0.0189,0.0000,4.2891,6.9495,0.0000,4.3692,7.0148,0.0000,-0.0801,-0.0653,0.0000
2021-12-18,5,d1_00z,5.2150,7.6726,0.0000,4.8917,7.1778,0.0000,0.3234,0.4948,0.0000,4.6556,7.4238,0.0000,4.5083,7.1937,0.0000,0.1473,0.2301,0.0000
2021-12-18,5,d1_12z,4.8685,7.1683,0.0000,4.8917,7.1778,0.0000,-0.0232,-0.0096,0.0000,4.4457,7.1300,0.0000,4.5083,7.1937,0.0000,-0.0625,-0.0637,0.0000
2021-12-18,6,d1_00z,5.4796,8.0571,0.0000,5.2164,7.6460,0.0000,0.2632,0.4110,0.0000,4.9015,7.7838,0.0000,4.6684,7.4263,0.0000,0.2331,0.3575,0.0000
2021-12-18,6,d1_12z,5.1652,7.6121,0.0000,5.2164,7.6460,0.0000,-0.0512,-0.0339,0.0000,4.5987,7.3209,0.0000,4.6684,7.4263,0.0000,-0.0697,-0.1054,0.0000
2021-12-18,7,d1_00z,5.6367,8.2831,0.0000,5.4517,7.9951,0.0000,0.1850,0.2880,0.0000,4.9571,7.9925,0.0000,4.7854,7.6910,0.0000,0.1718,0.3015,0.0000
2021-12-18,7,d1_12z,5.4197,7.9881,0.0000,5.4517,7.9951,0.0000,-0.0320,-0.0070,0.0000,4.7758,7.7018,0.0000,4.7854,7.6910,0.0000,-0.0096,0.0108,0.0000
2021-12-18,8,d1_00z,5.7737,8.3719,25.9733,5.5850,8.0468,25.7853,0.1887,0.3251,0.1880,4.8747,7.8028,20.5114,4.8266,7.5512,20.2918,0.0480,0.2515,0.2196
2021-12-18,8,d1_12z,5.7076,8.2382,25.8217,5.5850,8.0468,25.7853,0.1225,0.1914,0.0364,4.8745,7.7601,20.2738,4.8266,7.5512,20.2918,0.0479,0.2089,-0.0180
2021-12-18,9,d1_00z,6.5802,8.6328,162.8210,6.4042,8.3114,159.3357,0.1759,0.3215,3.4853,5.7887,7.9729,153.8307,5.7915,7.8415,150.4235,-0.0028,0.1313,3.4072
2021-12-18,9,d1_12z,6.5949,8.6373,159.7355,6.4042,8.3114,159.3357,0.1907,0.3260,0.3997,5.8005,7.9579,150.2629,5.7915,7.8415,150.4235,0.0090,0.1164,-0.1605
2021-12-18,10,d1_00z,7.1381,9.1252,313.5213,6.8773,8.7045,310.2671,0.2608,0.4206,3.2542,6.6409,8.7718,305.8828,6.5073,8.5245,304.4844,0.1336,0.2473,1.3984
2021-12-18,10,d1_12z,7.1734,9.1695,307.7943,6.8773,8.7045,310.2671,0.2962,0.4650,-2.4728,6.6310,8.7570,301.5294,6.5073,8.5245,304.4844,0.1236,0.2324,-2.9549
2021-12-18,11,d1_00z,7.3732,9.3402,428.5066,7.1004,8.9075,428.7262,0.2728,0.4326,-0.2195,7.0956,9.2644,425.3263,6.9671,9.0122,429.9866,0.1285,0.2522,-4.6603
2021-12-18,11,d1_12z,7.4542,9.4595,425.9806,7.1004,8.9075,428.7262,0.3538,0.5520,-2.7456,7.0840,9.2761,427.6499,6.9671,9.0122,429.9866,0.1169,0.2639,-2.3367
2021-12-18,12,d1_00z,7.5119,9.4809,493.2271,7.2343,9.0541,494.1555,0.2777,0.4269,-0.9283,7.2708,9.4929,501.1019,7.2518,9.3798,500.6255,0.0190,0.1132,0.4763
2021-12-18,12,d1_12z,7.6292,9.6466,488.6619,7.2343,9.0541,494.1555,0.3950,0.5925,-5.4936,7.3767,9.6370,494.5942,7.2518,9.3798,500.6255,0.1250,0.2572,-6.0313
2021-12-18,13,d1_00z,7.5235,9.5056,495.5984,7.2547,9.0996,496.9459,0.2688,0.4060,-1.3475,7.3438,9.5942,506.0430,7.4321,9.6319,508.9784,-0.0883,-0.0377,-2.9354
2021-12-18,13,d1_12z,7.6220,9.6563,490.7181,7.2547,9.0996,496.9459,0.3673,0.5567,-6.2278,7.4761,9.7744,503.4136,7.4321,9.6319,508.9784,0.0441,0.1424,-5.5648
2021-12-18,14,d1_00z,7.3848,9.3743,436.8519,7.2002,9.0987,437.9580,0.1846,0.2756,-1.1061,7.1188,9.3765,453.2044,7.2521,9.4623,454.0222,-0.1333,-0.0857,-0.8178
2021-12-18,14,d1_12z,7.5144,9.5756,434.4510,7.2002,9.0987,437.9580,0.3143,0.4769,-3.5070,7.3239,9.6532,450.3224,7.2521,9.4623,454.0222,0.0718,0.1909,-3.6998
2021-12-18,15,d1_00z,6.7783,8.7592,324.6765,6.7172,8.6588,325.2583,0.0611,0.1004,-0.5818,6.3282,8.6100,342.9514,6.4155,8.6808,344.3360,-0.0873,-0.0708,-1.3846
2021-12-18,15,d1_12z,6.8917,8.9565,322.4285,6.7172,8.6588,325.2583,0.1745,0.2977,-2.8298,6.5358,8.9093,341.5333,6.4155,8.6808,344.3360,0.1203,0.2285,-2.8026
2021-12-18,16,d1_00z,5.7950,8.0161,173.6429,5.7234,7.9490,173.5025,0.0716,0.0670,0.1404,5.1487,7.8983,192.3642,5.2717,7.9738,192.1391,-0.1229,-0.0755,0.2251
2021-12-18,16,d1_12z,5.9063,8.2158,171.6198,5.7234,7.9490,173.5025,0.1829,0.2668,-1.8827,5.3434,8.1552,189.3022,5.2717,7.9738,192.1391,0.0717,0.1815,-2.8370
2021-12-18,17,d1_00z,5.2017,7.6648,30.7220,5.1643,7.6087,31.3269,0.0373,0.0561,-0.6049,4.3948,7.6116,38.5672,4.5009,7.5461,39.4920,-0.1061,0.0655,-0.9248
2021-12-18,17,d1_12z,5.3013,7.8953,30.7953,5.1643,7.6087,31.3269,0.1370,0.2866,-0.5316,4.5277,7.8711,38.8243,4.5009,7.5461,39.4920,0.0268,0.3250,-0.6677
2021-12-18,18,d1_00z,4.9584,7.1941,0.0118,4.9741,7.2498,0.0114,-0.0157,-0.0557,0.0004,4.1301,7.1298,0.0165,4.2023,7.0908,0.0009,-0.0722,0.0390,0.0156
2021-12-18,18,d1_12z,5.1221,7.5459,0.0070,4.9741,7.2498,0.0114,0.1480,0.2961,-0.0044,4.1896,7.3409,0.0109,4.2023,7.0908,0.0009,-0.0127,0.2501,0.0101
2021-12-18,19,d1_00z,4.7875,6.7037,0.0018,4.8306,6.8479,0.0018,-0.0432,-0.1442,-0.0000,4.0540,6.6848,0.0031,4.0090,6.5182,0.0115,0.0450,0.1666,-0.0084
2021-12-18,19,d1_12z,5.0310,7.1926,0.0053,4.8306,6.8479,0.0018,0.2003,0.3447,0.0034,4.1526,6.9987,-0.0038,4.0090,6.5182,0.0115,0.1436,0.4805,-0.0153
2021-12-18,20,d1_00z,4.6059,6.2402,0.0001,4.6775,6.4496,-0.0029,-0.0716,-0.2094,0.0030,4.0022,6.3936,-0.0059,3.8268,5.9417,-0.0039,0.1754,0.4519,-0.0020
2021-12-18,20,d1_12z,4.9031,6.8251,-0.0010,4.6775,6.4496,-0.0029,0.2256,0.3755,0.0019,4.2044,6.8086,0.0042,3.8268,5.9417,-0.0039,0.3776,0.8669,0.0081
2021-12-18,21,d1_00z,4.3930,5.8628,0.0000,4.4760,6.1027,0.0000,-0.0830,-0.2399,0.0000,3.8371,6.0060,0.0000,3.7365,5.6453,0.0000,0.1006,0.3607,0.0000
2021-12-18,21,d1_12z,4.7167,6.4583,0.0000,4.4760,6.1027,0.0000,0.2407,0.3556,0.0000,4.1043,6.5079,0.0000,3.7365,5.6453,0.0000,0.3678,0.8627,0.0000
2021-12-18,22,d1_00z,4.1619,5.5072,0.0000,4.2286,5.7463,0.0000,-0.0667,-0.2391,0.0000,3.5660,5.4780,0.0000,3.4097,5.1365,0.0000,0.1563,0.3415,0.0000
2021-12-18,22,d1_12z,4.4862,6.0735,0.0000,4.2286,5.7463,0.0000,0.2576,0.3273,0.0000,3.9861,6.0922,0.0000,3.4097,5.1365,0.0000,0.5764,0.9557,0.0000
2021-12-18,23,d1_00z,3.9191,5.1318,0.0000,4.0091,5.4232,0.0000,-0.0900,-0.2914,0.0000,3.3757,4.9736,0.0000,3.2824,4.6982,0.0000,0.0932,0.2754,0.0000
2021-12-18,23,d1_12z,4.1925,5.5877,0.0000,4.0091,5.4232,0.0000,0.1834,0.1645,0.0000,3.6568,5.4308,0.0000,3.2824,4.6982,0.0000,0.3743,0.7326,0.0000
2021-12-19,0,d1_00z,4.0617,5.5860,0.0000,3.8678,5.2184,0.0000,0.1940,0.3675,0.0000,3.6676,5.3359,0.0000,3.4275,4.8482,0.0000,0.2401,0.4876,0.0000
2021-12-19,0,d1_12z,3.8678,5.2184,0.0000,3.8678,5.2184,0.0000,0.0000,0.0000,0.0000,3.4275,4.8482,0.0000,3.4275,4.8482,0.0000,0.0000,0.0000,0.0000
2021-12-19,1,d1_00z,3.9927,5.6068,0.0000,3.7816,5.1895,0.0000,0.2111,0.4173,0.0000,3.7236,5.5781,0.0000,3.4146,5.0333,0.0000,0.3089,0.5448,0.0000
2021-12-19,1,d1_12z,3.7816,5.1895,0.0000,3.7816,5.1895,0.0000,0.0000,0.0000,0.0000,3.4146,5.0333,0.0000,3.4146,5.0333,0.0000,0.0000,0.0000,0.0000
2021-12-19,2,d1_00z,3.9597,5.6896,0.0000,3.6963,5.1603,0.0000,0.2634,0.5293,0.0000,3.7954,5.9240,0.0000,3.4595,5.1756,0.0000,0.3359,0.7484,0.0000
2021-12-19,2,d1_12z,3.7213,5.2264,0.0000,3.6963,5.1603,0.0000,0.0250,0.0661,0.0000,3.4583,5.2061,0.0000,3.4595,5.1756,0.0000,-0.0012,0.0305,0.0000
2021-12-19,3,d1_00z,3.9727,5.7467,0.0000,3.6989,5.2182,0.0000,0.2738,0.5284,0.0000,3.7083,6.0702,0.0000,3.5041,5.4243,0.0000,0.2043,0.6458,0.0000
2021-12-19,3,d1_12z,3.7322,5.3083,0.0000,3.6989,5.2182,0.0000,0.0333,0.0901,0.0000,3.5158,5.4752,0.0000,3.5041,5.4243,0.0000,0.0117,0.0508,0.0000
2021-12-19,4,d1_00z,4.0117,5.8651,0.0000,3.7900,5.4205,0.0000,0.2216,0.4446,0.0000,3.6704,6.1152,0.0000,3.5609,5.6732,0.0000,0.1095,0.4420,0.0000
2021-12-19,4,d1_12z,3.8212,5.5116,0.0000,3.7900,5.4205,0.0000,0.0312,0.0911,0.0000,3.5655,5.7124,0.0000,3.5609,5.6732,0.0000,0.0046,0.0392,0.0000
2021-12-19,5,d1_00z,4.0894,5.9982,0.0000,3.8930,5.6679,0.0000,0.1963,0.3303,0.0000,3.7063,6.2217,0.0000,3.5815,5.8707,0.0000,0.1248,0.3509,0.0000
2021-12-19,5,d1_12z,3.9163,5.7326,0.0000,3.8930,5.6679,0.0000,0.0233,0.0647,0.0000,3.6044,5.9348,0.0000,3.5815,5.8707,0.0000,0.0228,0.0640,0.0000
2021-12-19,6,d1_00z,4.1631,6.1705,0.0000,3.9976,5.9304,0.0000,0.1655,0.2402,0.0000,3.7660,6.3680,0.0000,3.6715,6.1599,0.0000,0.0945,0.2081,0.0000
2021-12-19,6,d1_12z,4.0037,5.9447,0.0000,3.9976,5.9304,0.0000,0.0060,0.0144,0.0000,3.6766,6.1686,0.0000,3.6715,6.1599,0.0000,0.0051,0.0087,0.0000
2021-12-19,7,d1_00z,4.2469,6.3427,0.0000,4.1080,6.1757,0.0000,0.1389,0.1670,0.0000,3.8916,6.6113,0.0000,3.7121,6.3242,0.0000,0.1794,0.2871,0.0000
2021-12-19,7,d1_12z,4.0956,6.1461,0.0000,4.1080,6.1757,0.0000,-0.0124,-0.0295,0.0000,3.7055,6.3261,0.0000,3.7121,6.3242,0.0000,-0.0066,0.0019,0.0000
2021-12-19,8,d1_00z,4.2840,6.5146,25.2701,4.1631,6.3818,25.2321,0.1209,0.1328,0.0380,3.8993,6.8155,19.9433,3.7600,6.6878,19.8699,0.1393,0.1277,0.0734
2021-12-19,8,d1_12z,4.1550,6.3430,25.2597,4.1631,6.3818,25.2321,-0.0081,-0.0388,0.0276,3.7600,6.5365,19.8813,3.7600,6.6878,19.8699,-0.0000,-0.1513,0.0114
2021-12-19,9,d1_00z,4.4886,6.2947,164.9464,4.3951,6.2342,164.7071,0.0935,0.0605,0.2393,4.1578,6.2331,155.9609,4.0185,6.3762,155.3936,0.1393,-0.1430,0.5673
2021-12-19,9,d1_12z,4.3249,6.1082,164.8002,4.3951,6.2342,164.7071,-0.0702,-0.1260,0.0930,4.0172,6.1241,155.5052,4.0185,6.3762,155.3936,-0.0013,-0.2521,0.1116
2021-12-19,10,d1_00z,5.0812,6.3628,319.3090,5.0487,6.3269,318.8826,0.0326,0.0359,0.4264,4.9274,6.4325,313.7651,4.8074,6.3525,312.8707,0.1200,0.0800,0.8944
2021-12-19,10,d1_12z,4.9125,6.1547,319.0413,5.0487,6.3269,318.8826,-0.1362,-0.1722,0.1587,4.7978,6.2620,312.9162,4.8074,6.3525,312.8707,-0.0096,-0.0905,0.0456
2021-12-19,11,d1_00z,5.4668,6.8141,435.7716,5.5394,6.8913,435.3775,-0.0726,-0.0772,0.3941,5.4295,6.9994,434.9986,5.3094,6.8826,434.1561,0.1201,0.1168,0.8425
2021-12-19,11,d1_12z,5.3778,6.7033,435.5960,5.5394,6.8913,435.3775,-0.1615,-0.1880,0.2185,5.3443,6.8545,434.1102,5.3094,6.8826,434.1561,0.0350,-0.0282,-0.0459
2021-12-19,12,d1_00z,5.8042,7.2617,497.3640,6.0492,7.5672,497.5383,-0.2449,-0.3055,-0.1743,5.8416,7.5287,500.8268,5.8927,7.6503,501.6137,-0.0511,-0.1216,-0.7869
2021-12-19,12,d1_12z,5.8742,7.3606,497.4942,6.0492,7.5672,497.5383,-0.1750,-0.2066,-0.0441,5.9118,7.6083,500.5127,5.8927,7.6503,501.6137,0.0191,-0.0420,-1.1010
2021-12-19,13,d1_00z,5.9453,7.4742,497.5592,6.2921,7.9292,497.6284,-0.3468,-0.4550,-0.0692,6.0859,7.8950,505.3915,6.1540,8.0913,506.1395,-0.0680,-0.1963,-0.7480
2021-12-19,13,d1_12z,6.1348,7.7368,496.4806,6.2921,7.9292,497.6284,-0.1573,-0.1925,-1.1478,6.2680,8.1512,503.9813,6.1540,8.0913,506.1395,0.1141,0.0600,-2.1582
2021-12-19,14,d1_00z,5.7831,7.3418,434.7915,6.2038,7.9014,433.1738,-0.4208,-0.5596,1.6177,5.8243,7.6668,444.1132,5.9864,8.0187,444.0953,-0.1621,-0.3519,0.0180
2021-12-19,14,d1_12z,6.0433,7.7015,431.7591,6.2038,7.9014,433.1738,-0.1605,-0.1999,-1.4147,5.9845,7.9228,440.6375,5.9864,8.0187,444.0953,-0.0020,-0.0959,-3.4577
2021-12-19,15,d1_00z,5.2195,6.8734,316.5111,5.5847,7.3585,316.1505,-0.3651,-0.4851,0.3606,4.9249,6.8462,324.1986,5.0383,7.1598,328.7195,-0.1134,-0.3136,-4.5209
2021-12-19,15,d1_12z,5.4308,7.1628,314.5902,5.5847,7.3585,316.1505,-0.1538,-0.1958,-1.5604,5.0658,7.0754,324.9471,5.0383,7.1598,328.7195,0.0275,-0.0844,-3.7724
2021-12-19,16,d1_00z,4.3849,6.4474,162.7368,4.6894,6.8937,162.4218,-0.3045,-0.4462,0.3150,3.8166,6.2818,169.5653,3.8687,6.5302,173.4391,-0.0521,-0.2485,-3.8738
2021-12-19,16,d1_12z,4.5794,6.7327,163.1771,4.6894,6.8937,162.4218,-0.1099,-0.1609,0.7553,3.9607,6.6231,171.1217,3.8687,6.5302,173.4391,0.0920,0.0929,-2.3174
2021-12-19,17,d1_00z,4.0345,6.3234,29.0575,4.3426,6.8614,28.9424,-0.3081,-0.5380,0.1151,3.5368,6.2302,35.7155,3.5768,6.3346,35.6325,-0.0400,-0.1044,0.0830
2021-12-19,17,d1_12z,4.1989,6.6243,29.2401,4.3426,6.8614,28.9424,-0.1438,-0.2371,0.2977,3.5802,6.3720,35.8612,3.5768,6.3346,35.6325,0.0033,0.0374,0.2287
2021-12-19,18,d1_00z,3.9211,6.2153,0.0160,4.1989,6.7908,0.0142,-0.2778,-0.5755,0.0017,3.3888,6.0947,0.0178,3.4530,6.2593,0.0109,-0.0642,-0.1646,0.0069
2021-12-19,18,d1_12z,4.0575,6.4918,0.0135,4.1989,6.7908,0.0142,-0.1414,-0.2990,-0.0008,3.4281,6.1363,0.0168,3.4530,6.2593,0.0109,-0.0249,-0.1231,0.0059
2021-12-19,19,d1_00z,3.9131,6.2524,-0.0020,4.1525,6.7801,0.0014,-0.2394,-0.5277,-0.0034,3.2851,5.8183,-0.0018,3.4050,6.1828,0.0018,-0.1200,-0.3645,-0.0036
2021-12-19,19,d1_12z,4.0023,6.4372,-0.0024,4.1525,6.7801,0.0014,-0.1503,-0.3428,-0.0038,3.3054,5.8898,-0.0109,3.4050,6.1828,0.0018,-0.0996,-0.2930,-0.0127
2021-12-19,20,d1_00z,3.9361,6.3399,-0.0021,4.1351,6.7683,-0.0035,-0.1990,-0.4284,0.0014,3.2040,5.5240,-0.0072,3.3277,5.9493,-0.0084,-0.1238,-0.4253,0.0012
2021-12-19,20,d1_12z,4.0276,6.4674,0.0015,4.1351,6.7683,-0.0035,-0.1075,-0.3010,0.0051,3.2644,5.7478,0.0121,3.3277,5.9493,-0.0084,-0.0634,-0.2015,0.0205
2021-12-19,21,d1_00z,4.0206,6.5079,0.0000,4.2160,6.9166,0.0000,-0.1954,-0.4087,0.0000,3.3057,5.6326,0.0000,3.3996,5.9588,0.0000,-0.0939,-0.3261,0.0000
2021-12-19,21,d1_12z,4.0901,6.5315,0.0000,4.2160,6.9166,0.0000,-0.1259,-0.3851,0.0000,3.2660,5.6987,0.0000,3.3996,5.9588,0.0000,-0.1336,-0.2600,0.0000
2021-12-19,22,d1_00z,4.1152,6.6696,0.0000,4.3034,7.1098,0.0000,-0.1883,-0.4402,0.0000,3.3482,5.8043,0.0000,3.4833,6.2101,0.0000,-0.1351,-0.4058,0.0000
2021-12-19,22,d1_12z,4.1698,6.6483,0.0000,4.3034,7.1098,0.0000,-0.1336,-0.4615,0.0000,3.3426,5.7541,0.0000,3.4833,6.2101,0.0000,-0.1406,-0.4560,0.0000
2021-12-19,23,d1_00z,4.2141,6.7902,0.0000,4.4531,7.3745,0.0000,-0.2390,-0.5843,0.0000,3.3625,5.9268,0.0000,3.6563,6.5657,0.0000,-0.2938,-0.6389,0.0000
2021-12-19,23,d1_12z,4.2614,6.7927,0.0000,4.4531,7.3745,0.0000,-0.1917,-0.5817,0.0000,3.5043,6.0688,0.0000,3.6563,6.5657,0.0000,-0.1520,-0.4969,0.0000
2021-12-20,0,d1_00z,4.4682,7.1926,0.0000,4.5149,7.4415,0.0000,-0.0467,-0.2489,0.0000,3.6628,6.4967,0.0000,3.6620,6.6235,0.0000,0.0007,-0.1268,0.0000
2021-12-20,0,d1_12z,4.5149,7.4415,0.0000,4.5149,7.4415,0.0000,0.0000,0.0000,0.0000,3.6620,6.6235,0.0000,3.6620,6.6235,0.0000,0.0000,0.0000,0.0000
2021-12-20,1,d1_00z,4.4203,7.0838,0.0000,4.4322,7.2628,0.0000,-0.0119,-0.1790,0.0000,3.6089,6.3913,0.0000,3.5433,6.4228,0.0000,0.0655,-0.0315,0.0000
2021-12-20,1,d1_12z,4.4322,7.2628,0.0000,4.4322,7.2628,0.0000,0.0000,0.0000,0.0000,3.5433,6.4228,0.0000,3.5433,6.4228,0.0000,0.0000,0.0000,0.0000
2021-12-20,2,d1_00z,4.2927,6.8155,0.0000,4.2371,6.8690,0.0000,0.0556,-0.0534,0.0000,3.4473,6.0782,0.0000,3.3531,6.0376,0.0000,0.0942,0.0406,0.0000
2021-12-20,2,d1_12z,4.2650,6.9236,0.0000,4.2371,6.8690,0.0000,0.0279,0.0546,0.0000,3.3661,6.0652,0.0000,3.3531,6.0376,0.0000,0.0130,0.0277,0.0000
2021-12-20,3,d1_00z,4.1717,6.5584,0.0000,4.0839,6.5340,0.0000,0.0878,0.0244,0.0000,3.2674,5.7680,0.0000,3.2252,5.7786,0.0000,0.0423,-0.0106,0.0000
2021-12-20,3,d1_12z,4.1096,6.5973,0.0000,4.0839,6.5340,0.0000,0.0258,0.0633,0.0000,3.2342,5.8130,0.0000,3.2252,5.7786,0.0000,0.0091,0.0344,0.0000
2021-12-20,4,d1_00z,4.0410,6.2788,0.0000,3.9899,6.2952,0.0000,0.0511,-0.0164,0.0000,3.1339,5.4482,0.0000,3.2119,5.4755,0.0000,-0.0780,-0.0273,0.0000
2021-12-20,4,d1_12z,4.0074,6.3503,0.0000,3.9899,6.2952,0.0000,0.0175,0.0551,0.0000,3.2295,5.5205,0.0000,3.2119,5.4755,0.0000,0.0176,0.0450,0.0000
2021-12-20,5,d1_00z,3.8766,5.9061,0.0000,3.8959,6.0571,0.0000,-0.0193,-0.1510,0.0000,3.1270,5.1826,0.0000,3.2035,5.2379,0.0000,-0.0765,-0.0553,0.0000
2021-12-20,5,d1_12z,3.8992,6.0867,0.0000,3.8959,6.0571,0.0000,0.0033,0.0296,0.0000,3.1931,5.2466,0.0000,3.2035,5.2379,0.0000,-0.0104,0.0087,0.0000
2021-12-20,6,d1_00z,3.7650,5.6156,0.0000,3.8985,5.9571,0.0000,-0.1335,-0.3414,0.0000,3.0854,4.9304,0.0000,3.2377,5.1706,0.0000,-0.1523,-0.2402,0.0000
2021-12-20,6,d1_12z,3.8756,5.9231,0.0000,3.8985,5.9571,0.0000,-0.0229,-0.0340,0.0000,3.2070,5.1307,0.0000,3.2377,5.1706,0.0000,-0.0307,-0.0399,0.0000
2021-12-20,7,d1_00z,3.7451,5.4791,0.0000,3.9483,5.9500,0.0000,-0.2032,-0.4709,0.0000,3.0924,4.7930,0.0000,3.2606,5.1268,0.0000,-0.1683,-0.3338,0.0000
2021-12-20,7,d1_12z,3.8945,5.8471,0.0000,3.9483,5.9500,0.0000,-0.0538,-0.1028,0.0000,3.2345,5.0545,0.0000,3.2606,5.1268,0.0000,-0.0261,-0.0723,0.0000
2021-12-20,8,d1_00z,3.7585,5.5019,23.9155,3.8786,5.8529,23.9173,-0.1201,-0.3510,-0.0018,3.1413,4.8987,18.9417,3.2863,5.3134,18.9160,-0.1450,-0.4147,0.0256
2021-12-20,8,d1_12z,3.8951,5.8750,24.0083,3.8786,5.8529,23.9173,0.0165,0.0221,0.0909,3.3225,5.2700,18.9398,3.2863,5.3134,18.9160,0.0362,-0.0434,0.0238
2021-12-20,9,d1_00z,3.7083,5.3562,159.3510,3.8281,5.6424,159.9602,-0.1197,-0.2862,-0.6092,3.0446,4.8946,150.2594,3.1425,5.1569,151.8865,-0.0980,-0.2622,-1.6271
2021-12-20,9,d1_12z,3.8931,5.7088,160.6528,3.8281,5.6424,159.9602,0.0651,0.0664,0.6927,3.1458,5.1006,152.2257,3.1425,5.1569,151.8865,0.0033,-0.0563,0.3392
2021-12-20,10,d1_00z,4.1634,5.1678,310.1910,4.2753,5.3777,313.7854,-0.1119,-0.2099,-3.5944,3.5664,4.6275,306.2400,3.5847,4.7936,308.4906,-0.0183,-0.1661,-2.2506
2021-12-20,10,d1_12z,4.3931,5.5185,314.4323,4.2753,5.3777,313.7854,0.1178,0.1408,0.6469,3.7120,4.8367,309.0161,3.5847,4.7936,308.4906,0.1273,0.0431,0.5255
2021-12-20,11,d1_00z,4.3567,5.3049,425.1061,4.5019,5.5348,430.0680,-0.1453,-0.2299,-4.9619,3.7097,4.6645,425.8104,3.8621,4.9225,428.9886,-0.1523,-0.2580,-3.1782
2021-12-20,11,d1_12z,4.6112,5.6735,430.6703,4.5019,5.5348,430.0680,0.1092,0.1387,0.6023,3.9883,5.0332,430.1747,3.8621,4.9225,428.9886,0.1263,0.1108,1.1861
2021-12-20,12,d1_00z,4.4505,5.3908,490.3440,4.7265,5.8226,490.2967,-0.2760,-0.4318,0.0473,3.8005,4.7257,496.0369,4.0808,5.1678,493.9564,-0.2803,-0.4421,2.0804
2021-12-20,12,d1_12z,4.7821,5.8770,492.6430,4.7265,5.8226,490.2967,0.0556,0.0545,2.3463,4.1246,5.1876,497.6120,4.0808,5.1678,493.9564,0.0438,0.0198,3.6556
2021-12-20,13,d1_00z,4.4029,5.3342,494.7388,4.7800,5.9407,487.8656,-0.3770,-0.6065,6.8733,3.7855,4.6895,504.8002,4.0782,5.1885,494.5552,-0.2927,-0.4990,10.2451
2021-12-20,13,d1_12z,4.8002,5.9347,493.3019,4.7800,5.9407,487.8656,0.0203,-0.0060,5.4363,4.1944,5.2908,501.8546,4.0782,5.1885,494.5552,0.1162,0.1024,7.2994
2021-12-20,14,d1_00z,4.1685,5.0919,436.3111,4.5515,5.7387,426.8196,-0.3830,-0.6468,9.4914,3.4500,4.2625,450.2492,3.7963,4.9003,432.8712,-0.3464,-0.6378,17.3780
2021-12-20,14,d1_12z,4.6759,5.8477,433.3576,4.5515,5.7387,426.8196,0.1245,0.1090,6.5380,4.0228,5.1386,445.0260,3.7963,4.9003,432.8712,0.2265,0.2383,12.1548
2021-12-20,15,d1_00z,3.7468,4.6965,324.4396,4.1956,5.4892,314.1962,-0.4488,-0.7928,10.2434,2.9758,3.8460,341.3294,3.3348,4.5359,326.5791,-0.3590,-0.6899,14.7503
2021-12-20,15,d1_12z,4.3084,5.5667,321.5854,4.1956,5.4892,314.1962,0.1128,0.0775,7.3891,3.5603,4.7451,334.9612,3.3348,4.5359,326.5791,0.2255,0.2092,8.3820
2021-12-20,16,d1_00z,3.0723,4.1952,173.9479,3.4548,5.0417,165.6111,-0.3825,-0.8465,8.3368,2.4373,3.5137,191.4120,2.5827,4.0795,179.2323,-0.1454,-0.5657,12.1797
2021-12-20,16,d1_12z,3.5336,5.0437,171.5440,3.4548,5.0417,165.6111,0.0788,0.0020,5.9329,2.8331,4.3003,187.8867,2.5827,4.0795,179.2323,0.2505,0.2208,8.6544
2021-12-20,17,d1_00z,2.7087,3.7881,32.1274,3.1040,4.7224,31.5228,-0.3953,-0.9343,0.6046,2.0791,3.1528,40.2880,2.1857,3.6105,39.0336,-0.1066,-0.4578,1.2544
2021-12-20,17,d1_12z,3.1286,4.5899,31.8884,3.1040,4.7224,31.5228,0.0246,-0.1325,0.3656,2.4017,3.8336,39.8469,2.1857,3.6105,39.0336,0.2160,0.2231,0.8133
2021-12-20,18,d1_00z,2.4926,3.4229,0.0167,2.9676,4.4730,0.0138,-0.4750,-1.0501,0.0029,1.9996,2.9446,0.0107,2.2290,3.5431,0.0144,-0.2293,-0.5985,-0.0036
2021-12-20,18,d1_12z,2.8995,4.1573,0.0129,2.9676,4.4730,0.0138,-0.0681,-0.3156,-0.0009,2.2214,3.4437,0.0136,2.2290,3.5431,0.0144,-0.0076,-0.0994,-0.0007
2021-12-20,19,d1_00z,2.4526,3.2742,-0.0031,2.9257,4.3385,0.0036,-0.4730,-1.0643,-0.0066,1.9926,2.8164,0.0046,2.3458,3.6643,0.0047,-0.3532,-0.8479,-0.0001
2021-12-20,19,d1_12z,2.8224,3.9234,-0.0003,2.9257,4.3385,0.0036,-0.1033,-0.4151,-0.0038,2.3547,3.4854,-0.0075,2.3458,3.6643,0.0047,0.0089,-0.1788,-0.0121
2021-12-20,20,d1_00z,2.3818,3.1545,0.0031,2.8946,4.2494,-0.0023,-0.5128,-1.0950,0.0054,1.9348,2.6751,0.0035,2.4922,3.9021,-0.0034,-0.5574,-1.2270,0.0069
2021-12-20,20,d1_12z,2.7786,3.8026,0.0012,2.8946,4.2494,-0.0023,-0.1159,-0.4468,0.0035,2.3986,3.4970,0.0082,2.4922,3.9021,-0.0034,-0.0936,-0.4051,0.0116
2021-12-20,21,d1_00z,2.3148,3.0491,0.0000,2.8750,4.1954,0.0000,-0.5602,-1.1463,0.0000,1.9093,2.5963,0.0000,2.5217,4.0199,0.0000,-0.6123,-1.4236,0.0000
2021-12-20,21,d1_12z,2.7042,3.6326,0.0000,2.8750,4.1954,0.0000,-0.1708,-0.5628,0.0000,2.3861,3.4157,0.0000,2.5217,4.0199,0.0000,-0.1356,-0.6042,0.0000
2021-12-20,22,d1_00z,2.2355,2.9181,0.0000,2.8630,4.1174,0.0000,-0.6275,-1.1993,0.0000,1.8509,2.5169,0.0000,2.4785,3.9573,0.0000,-0.6276,-1.4404,0.0000
2021-12-20,22,d1_12z,2.6036,3.4433,0.0000,2.8630,4.1174,0.0000,-0.2595,-0.6741,0.0000,2.3056,3.3388,0.0000,2.4785,3.9573,0.0000,-0.1729,-0.6185,0.0000
2021-12-20,23,d1_00z,2.1217,2.7446,0.0000,2.8524,4.0218,0.0000,-0.7308,-1.2772,0.0000,1.7384,2.3266,0.0000,2.4611,3.8704,0.0000,-0.7227,-1.5438,0.0000
2021-12-20,23,d1_12z,2.4974,3.2653,0.0000,2.8524,4.0218,0.0000,-0.3550,-0.7565,0.0000,2.1935,3.2731,0.0000,2.4611,3.8704,0.0000,-0.2676,-0.5974,0.0000
2021-12-21,0,d1_00z,2.6789,3.6568,0.0000,2.8660,3.9896,0.0000,-0.1871,-0.3328,0.0000,2.3774,3.6130,0.0000,2.5506,3.9146,0.0000,-0.1732,-0.3015,0.0000
2021-12-21,0,d1_12z,2.8660,3.9896,0.0000,2.8660,3.9896,0.0000,0.0000,0.0000,0.0000,2.5506,3.9146,0.0000,2.5506,3.9146,0.0000,0.0000,0.0000,0.0000
2021-12-21,1,d1_00z,2.5781,3.4741,0.0000,2.8545,3.9603,0.0000,-0.2764,-0.4862,0.0000,2.2916,3.4912,0.0000,2.5488,3.9666,0.0000,-0.2572,-0.4755,0.0000
2021-12-21,1,d1_12z,2.8545,3.9603,0.0000,2.8545,3.9603,0.0000,0.0000,0.0000,0.0000,2.5488,3.9666,0.0000,2.5488,3.9666,0.0000,0.0000,0.0000,0.0000
2021-12-21,2,d1_00z,2.4344,3.2553,0.0000,2.7886,3.8586,0.0000,-0.3542,-0.6033,0.0000,2.2616,3.5045,0.0000,2.5586,4.0623,0.0000,-0.2970,-0.5577,0.0000
2021-12-21,2,d1_12z,2.8316,3.9213,0.0000,2.7886,3.8586,0.0000,0.0430,0.0627,0.0000,2.6256,4.1829,0.0000,2.5586,4.0623,0.0000,0.0670,0.1207,0.0000
2021-12-21,3,d1_00z,2.3925,3.1859,0.0000,2.8794,3.9429,0.0000,-0.4869,-0.7570,0.0000,2.4019,3.7717,0.0000,2.7570,4.4054,0.0000,-0.3551,-0.6337,0.0000
2021-12-21,3,d1_12z,2.9589,4.0564,0.0000,2.8794,3.9429,0.0000,0.0795,0.1135,0.0000,2.8444,4.5611,0.0000,2.7570,4.4054,0.0000,0.0874,0.1557,0.0000
2021-12-21,4,d1_00z,2.5102,3.3114,0.0000,3.0071,4.0799,0.0000,-0.4969,-0.7684,0.0000,2.5414,4.0006,0.0000,2.8044,4.4680,0.0000,-0.2630,-0.4674,0.0000
2021-12-21,4,d1_12z,3.1263,4.2526,0.0000,3.0071,4.0799,0.0000,0.1192,0.1728,0.0000,2.8863,4.6480,0.0000,2.8044,4.4680,0.0000,0.0819,0.1800,0.0000
2021-12-21,5,d1_00z,2.7055,3.5387,0.0000,3.1888,4.2923,0.0000,-0.4833,-0.7537,0.0000,2.5762,4.0493,0.0000,2.9722,4.7539,0.0000,-0.3960,-0.7046,0.0000
2021-12-21,5,d1_12z,3.3364,4.5184,0.0000,3.1888,4.2923,0.0000,0.1476,0.2261,0.0000,3.0894,5.0525,0.0000,2.9722,4.7539,0.0000,0.1172,0.2986,0.0000
2021-12-21,6,d1_00z,2.8922,3.7867,0.0000,3.3843,4.5647,0.0000,-0.4922,-0.7780,0.0000,2.6693,4.2069,0.0000,3.1876,5.2068,0.0000,-0.5184,-0.9999,0.0000
2021-12-21,6,d1_12z,3.5234,4.7949,0.0000,3.3843,4.5647,0.0000,0.1391,0.2302,0.0000,3.2656,5.4144,0.0000,3.1876,5.2068,0.0000,0.0779,0.2077,0.0000
2021-12-21,7,d1_00z,3.0416,4.0047,0.0000,3.5553,4.8370,0.0000,-0.5138,-0.8323,0.0000,2.7667,4.3610,0.0000,3.2657,5.4679,0.0000,-0.4989,-1.1069,0.0000
2021-12-21,7,d1_12z,3.6599,5.0217,0.0000,3.5553,4.8370,0.0000,0.1046,0.1847,0.0000,3.3730,5.6659,0.0000,3.2657,5.4679,0.0000,0.1074,0.1980,0.0000
2021-12-21,8,d1_00z,3.1329,4.1577,23.6079,3.6273,5.0362,23.6807,-0.4945,-0.8786,-0.0729,2.8927,4.6342,18.5013,3.4504,5.9286,18.5301,-0.5577,-1.2944,-0.0288
2021-12-21,8,d1_12z,3.7134,5.1592,23.6495,3.6273,5.0362,23.6807,0.0861,0.1229,-0.0312,3.5843,5.9621,18.5067,3.4504,5.9286,18.5301,0.1339,0.0336,-0.0234
2021-12-21,9,d1_00z,3.1436,4.2520,159.6702,3.6294,5.0833,160.3069,-0.4858,-0.8313,-0.6367,3.0816,4.8312,151.0751,3.8192,5.9912,151.2768,-0.7376,-1.1599,-0.2016
2021-12-21,9,d1_12z,3.7164,5.1829,159.8762,3.6294,5.0833,160.3069,0.0870,0.0996,-0.4307,3.9232,6.0666,151.0440,3.8192,5.9912,151.2768,0.1040,0.0754,-0.2328
2021-12-21,10,d1_00z,3.5113,4.1432,312.4576,4.0590,4.9375,313.5103,-0.5477,-0.7943,-1.0527,3.9583,5.0659,307.5615,4.7350,6.2254,307.8822,-0.7767,-1.1594,-0.3207
2021-12-21,10,d1_12z,4.1931,5.0822,312.7331,4.0590,4.9375,313.5103,0.1341,0.1447,-0.7771,4.9294,6.4175,307.5470,4.7350,6.2254,307.8822,0.1944,0.1921,-0.3352
2021-12-21,11,d1_00z,3.6695,4.1931,428.5104,4.1270,4.8517,429.8324,-0.4576,-0.6586,-1.3221,4.3239,5.2437,428.6606,4.8636,6.0902,429.1414,-0.5397,-0.8466,-0.4808
2021-12-21,11,d1_12z,4.3093,5.0498,428.7629,4.1270,4.8517,429.8324,0.1822,0.1981,-1.0695,5.1391,6.3816,428.6739,4.8636,6.0902,429.1414,0.2756,0.2913,-0.4675
2021-12-21,12,d1_00z,3.6376,4.0481,491.2405,4.0085,4.5791,492.7180,-0.3709,-0.5310,-1.4775,4.2365,4.9787,496.7194,4.7261,5.7250,497.2757,-0.4896,-0.7463,-0.5563
2021-12-21,12,d1_12z,4.1909,4.7888,491.4070,4.0085,4.5791,492.7180,0.1824,0.2097,-1.3110,4.9354,5.9388,496.6158,4.7261,5.7250,497.2757,0.2093,0.2137,-0.6598
2021-12-21,13,d1_00z,3.6371,3.9886,493.6191,3.8996,4.3794,494.9620,-0.2625,-0.3908,-1.3429,4.1711,4.7984,504.2386,4.5472,5.4022,504.6853,-0.3761,-0.6038,-0.4467
2021-12-21,13,d1_12z,4.0805,4.5895,493.7338,3.8996,4.3794,494.9620,0.1809,0.2101,-1.2282,4.7449,5.6228,504.0934,4.5472,5.4022,504.6853,0.1977,0.2206,-0.5919
2021-12-21,14,d1_00z,3.6737,4.0458,435.4731,3.7905,4.2498,436.6750,-0.1168,-0.2040,-1.2019,4.2389,4.9200,450.5269,4.4178,5.2743,450.8805,-0.1789,-0.3543,-0.3536
2021-12-21,14,d1_12z,4.0343,4.5297,435.5856,3.7905,4.2498,436.6750,0.2438,0.2799,-1.0894,4.6193,5.4675,450.3333,4.4178,5.2743,450.8805,0.2015,0.1932,-0.5472
2021-12-21,15,d1_00z,3.7186,4.2131,323.4800,3.7841,4.3489,324.5375,-0.0656,-0.1358,-1.0575,4.2515,5.1221,341.4487,4.3007,5.2975,341.8891,-0.0493,-0.1755,-0.4404
2021-12-21,15,d1_12z,3.9976,4.5936,323.5842,3.7841,4.3489,324.5375,0.2135,0.2447,-0.9533,4.4640,5.4424,341.2448,4.3007,5.2975,341.8891,0.1633,0.1448,-0.6442
2021-12-21,16,d1_00z,3.6905,4.5411,173.6582,3.7274,4.6476,174.3270,-0.0369,-0.1064,-0.6688,4.0994,5.3966,191.8151,4.0638,5.5075,192.1216,0.0356,-0.1108,-0.3066
2021-12-21,16,d1_12z,3.8740,4.8110,173.7056,3.7274,4.6476,174.3270,0.1466,0.1635,-0.6214,4.2290,5.6257,191.6644,4.0638,5.5075,192.1216,0.1652,0.1182,-0.4573
2021-12-21,17,d1_00z,3.7798,4.9706,32.6698,3.7819,5.0614,32.7448,-0.0021,-0.0908,-0.0751,3.8999,5.7978,41.0148,3.9136,5.9260,41.0540,-0.0137,-0.1282,-0.0392
2021-12-21,17,d1_12z,3.8965,5.2160,32.6532,3.7819,5.0614,32.7448,0.1146,0.1546,-0.0917,4.0162,5.9970,40.9724,3.9136,5.9260,41.0540,0.1026,0.0710,-0.0816
2021-12-21,18,d1_00z,3.8239,5.2098,0.0220,3.8448,5.3392,0.0172,-0.0208,-0.1295,0.0048,3.8481,5.9246,0.0216,3.8728,6.1000,0.0225,-0.0247,-0.1754,-0.0009
2021-12-21,18,d1_12z,3.9029,5.4359,0.0197,3.8448,5.3392,0.0172,0.0582,0.0967,0.0025,3.8711,6.1104,0.0143,3.8728,6.1000,0.0225,-0.0017,0.0104,-0.0082
2021-12-21,19,d1_00z,3.7968,5.2716,-0.0002,3.8967,5.5030,0.0020,-0.0999,-0.2313,-0.0022,3.7113,5.8841,0.0010,3.8162,6.1269,0.0046,-0.1048,-0.2428,-0.0036
2021-12-21,19,d1_12z,3.8762,5.4874,-0.0007,3.8967,5.5030,0.0020,-0.0204,-0.0156,-0.0027,3.6891,5.9657,-0.0024,3.8162,6.1269,0.0046,-0.1270,-0.1612,-0.0070
2021-12-21,20,d1_00z,3.7081,5.2237,-0.0014,3.8746,5.5851,0.0027,-0.1665,-0.3614,-0.0040,3.5307,5.7719,0.0018,3.7049,6.1662,0.0101,-0.1742,-0.3943,-0.0083
2021-12-21,20,d1_12z,3.7804,5.4220,-0.0013,3.8746,5.5851,0.0027,-0.0942,-0.1632,-0.0039,3.6336,5.9764,-0.0024,3.7049,6.1662,0.0101,-0.0713,-0.1898,-0.0125
2021-12-21,21,d1_00z,3.5780,5.0829,0.0000,3.8279,5.5732,0.0000,-0.2499,-0.4903,0.0000,3.4077,5.7056,0.0000,3.6930,6.2743,0.0000,-0.2853,-0.5686,0.0000
2021-12-21,21,d1_12z,3.6330,5.2477,0.0000,3.8279,5.5732,0.0000,-0.1949,-0.3255,0.0000,3.4758,5.8915,0.0000,3.6930,6.2743,0.0000,-0.2172,-0.3828,0.0000
2021-12-21,22,d1_00z,3.3961,4.8276,0.0000,3.7206,5.4329,0.0000,-0.3246,-0.6052,0.0000,3.2746,5.5600,0.0000,3.6362,6.1816,0.0000,-0.3616,-0.6217,0.0000
2021-12-21,22,d1_12z,3.4397,4.9555,0.0000,3.7206,5.4329,0.0000,-0.2809,-0.4774,0.0000,3.3515,5.6907,0.0000,3.6362,6.1816,0.0000,-0.2847,-0.4910,0.0000
2021-12-21,23,d1_00z,3.2047,4.5324,0.0000,3.6214,5.2812,0.0000,-0.4166,-0.7489,0.0000,3.2056,5.4357,0.0000,3.6684,6.1093,0.0000,-0.4628,-0.6735,0.0000
2021-12-21,23,d1_12z,3.2408,4.6489,0.0000,3.6214,5.2812,0.0000,-0.3806,-0.6323,0.0000,3.2658,5.4466,0.0000,3.6684,6.1093,0.0000,-0.4026,-0.6627,0.0000
2021-12-22,0,d1_00z,3.1761,4.5890,0.0000,3.4680,5.0282,0.0000,-0.2919,-0.4392,0.0000,3.2529,5.4176,0.0000,3.5490,5.8705,0.0000,-0.2961,-0.4529,0.0000
2021-12-22,0,d1_12z,3.4680,5.0282,0.0000,3.4680,5.0282,0.0000,0.0000,0.0000,0.0000,3.5490,5.8705,0.0000,3.5490,5.8705,0.0000,0.0000,0.0000,0.0000
2021-12-22,1,d1_00z,2.9777,4.2364,0.0000,3.2963,4.7349,0.0000,-0.3186,-0.4985,0.0000,3.0785,5.0282,0.0000,3.3573,5.5506,0.0000,-0.2788,-0.5224,0.0000
2021-12-22,1,d1_12z,3.2963,4.7349,0.0000,3.2963,4.7349,0.0000,0.0000,0.0000,0.0000,3.3573,5.5506,0.0000,3.3573,5.5506,0.0000,0.0000,0.0000,0.0000
2021-12-22,2,d1_00z,2.7957,3.9182,0.0000,3.1454,4.4632,0.0000,-0.3497,-0.5450,0.0000,3.0230,4.8555,0.0000,3.3314,5.4202,0.0000,-0.3084,-0.5648,0.0000
2021-12-22,2,d1_12z,3.1127,4.4329,0.0000,3.1454,4.4632,0.0000,-0.0326,-0.0303,0.0000,3.3011,5.3724,0.0000,3.3314,5.4202,0.0000,-0.0303,-0.0478,0.0000
2021-12-22,3,d1_00z,2.6177,3.5842,0.0000,2.9795,4.1559,0.0000,-0.3617,-0.5717,0.0000,2.9249,4.5987,0.0000,3.2232,5.1681,0.0000,-0.2984,-0.5695,0.0000
2021-12-22,3,d1_12z,2.9302,4.0981,0.0000,2.9795,4.1559,0.0000,-0.0493,-0.0578,0.0000,3.1886,5.1014,0.0000,3.2232,5.1681,0.0000,-0.0347,-0.0667,0.0000
2021-12-22,4,d1_00z,2.4679,3.2630,0.0000,2.8451,3.8711,0.0000,-0.3772,-0.6081,0.0000,2.7843,4.2578,0.0000,3.0985,4.9425,0.0000,-0.3142,-0.6848,0.0000
2021-12-22,4,d1_12z,2.7709,3.7748,0.0000,2.8451,3.8711,0.0000,-0.0742,-0.0963,0.0000,3.0620,4.8579,0.0000,3.0985,4.9425,0.0000,-0.0365,-0.0846,0.0000
2021-12-22,5,d1_00z,2.3824,3.0759,0.0000,2.7569,3.6856,0.0000,-0.3746,-0.6097,0.0000,2.6535,4.0057,0.0000,2.9539,4.6364,0.0000,-0.3004,-0.6307,0.0000
2021-12-22,5,d1_12z,2.6567,3.5463,0.0000,2.7569,3.6856,0.0000,-0.1002,-0.1393,0.0000,2.9042,4.5414,0.0000,2.9539,4.6364,0.0000,-0.0497,-0.0950,0.0000
2021-12-22,6,d1_00z,2.3732,3.0378,0.0000,2.7676,3.6719,0.0000,-0.3944,-0.6341,0.0000,2.5889,3.8239,0.0000,2.9167,4.5266,0.0000,-0.3278,-0.7028,0.0000
2021-12-22,6,d1_12z,2.6617,3.5188,0.0000,2.7676,3.6719,0.0000,-0.1059,-0.1531,0.0000,2.8667,4.4405,0.0000,2.9167,4.5266,0.0000,-0.0500,-0.0862,0.0000
2021-12-22,7,d1_00z,2.3605,3.0291,0.0000,2.7490,3.6670,0.0000,-0.3885,-0.6380,0.0000,2.5127,3.6823,0.0000,2.8428,4.4150,0.0000,-0.3300,-0.7327,0.0000
2021-12-22,7,d1_12z,2.6475,3.5224,0.0000,2.7490,3.6670,0.0000,-0.1015,-0.1446,0.0000,2.7958,4.3195,0.0000,2.8428,4.4150,0.0000,-0.0469,-0.0956,0.0000
2021-12-22,8,d1_00z,2.3107,3.0148,21.4108,2.8673,3.9298,21.7788,-0.5566,-0.9150,-0.3680,2.3987,3.5686,17.3069,2.8689,4.6373,17.3199,-0.4701,-1.0687,-0.0129
2021-12-22,8,d1_12z,2.5821,3.4783,21.8458,2.8673,3.9298,21.7788,-0.2852,-0.4514,0.0670,2.6436,4.1042,17.3225,2.8689,4.6373,17.3199,-0.2253,-0.5331,0.0027
2021-12-22,9,d1_00z,2.1933,2.7889,147.1274,2.8797,3.7733,150.0239,-0.6865,-0.9844,-2.8965,2.2033,3.1045,145.0662,2.8546,4.2282,145.1710,-0.6513,-1.1237,-0.1047
2021-12-22,9,d1_12z,2.4878,3.2180,149.9543,2.8797,3.7733,150.0239,-0.3919,-0.5553,-0.0696,2.4983,3.5775,145.1492,2.8546,4.2282,145.1710,-0.3563,-0.6508,-0.0218
2021-12-22,10,d1_00z,2.3296,2.6259,290.3005,3.1505,3.7190,294.1019,-0.8209,-1.0931,-3.8014,2.4093,2.7988,299.0078,3.2170,3.9855,298.8782,-0.8077,-1.1867,0.1296
2021-12-22,10,d1_12z,2.6311,3.0406,294.3448,3.1505,3.7190,294.1019,-0.5194,-0.6785,0.2429,2.7125,3.2246,298.9284,3.2170,3.9855,298.8782,-0.5045,-0.7609,0.0502
2021-12-22,11,d1_00z,2.2635,2.4819,399.5596,3.1373,3.6359,401.4494,-0.8738,-1.1540,-1.8898,2.3126,2.5843,418.8953,3.2872,3.9058,418.3585,-0.9746,-1.3215,0.5368
2021-12-22,11,d1_12z,2.5409,2.8795,402.9205,3.1373,3.6359,401.4494,-0.5963,-0.7564,1.4711,2.5450,2.8964,418.6336,3.2872,3.9058,418.3585,-0.7421,-1.0094,0.2751
2021-12-22,12,d1_00z,2.1408,2.2999,458.0558,2.9362,3.3634,458.3935,-0.7954,-1.0634,-0.3377,2.1431,2.3423,486.6063,3.2630,3.7687,485.9166,-1.1200,-1.4264,0.6896
2021-12-22,12,d1_12z,2.4079,2.7000,459.9961,2.9362,3.3634,458.3935,-0.5284,-0.6633,1.6026,2.4275,2.7240,486.3389,3.2630,3.7687,485.9166,-0.8356,-1.0447,0.4223
2021-12-22,13,d1_00z,2.1754,2.2926,459.7241,2.8464,3.2274,460.6134,-0.6711,-0.9348,-0.8893,2.2368,2.3882,494.4012,3.2411,3.7023,493.8863,-1.0043,-1.3141,0.5150
2021-12-22,13,d1_12z,2.5111,2.7775,458.0123,2.8464,3.2274,460.6134,-0.3354,-0.4499,-2.6010,2.6081,2.8865,494.1959,3.2411,3.7023,493.8863,-0.6330,-0.8158,0.3096
2021-12-22,14,d1_00z,2.3239,2.4622,404.7000,2.8807,3.2523,407.9441,-0.5568,-0.7901,-3.2441,2.4573,2.6074,441.7721,3.1197,3.5727,441.2727,-0.6624,-0.9653,0.4994
2021-12-22,14,d1_12z,2.7238,3.0287,402.2612,2.8807,3.2523,407.9441,-0.1569,-0.2236,-5.6829,2.8168,3.1202,441.3989,3.1197,3.5727,441.2727,-0.3029,-0.4525,0.1262
2021-12-22,15,d1_00z,2.5182,2.7443,298.6284,2.9760,3.4140,302.6954,-0.4577,-0.6697,-4.0670,2.6883,2.9522,334.3953,3.2415,3.7873,334.6348,-0.5532,-0.8351,-0.2395
2021-12-22,15,d1_12z,2.8969,3.2916,296.1342,2.9760,3.4140,302.6954,-0.0791,-0.1224,-6.5611,3.0613,3.4772,333.9491,3.2415,3.7873,334.6348,-0.1803,-0.3100,-0.6857
2021-12-22,16,d1_00z,2.6707,3.1967,160.5948,2.9784,3.7303,162.2475,-0.3077,-0.5336,-1.6527,2.8285,3.4033,187.2973,3.3009,4.2173,187.5929,-0.4724,-0.8140,-0.2956
2021-12-22,16,d1_12z,2.9609,3.6825,159.2789,2.9784,3.7303,162.2475,-0.0176,-0.0479,-2.9686,3.1676,3.9463,187.0077,3.3009,4.2173,187.5929,-0.1333,-0.2710,-0.5851
2021-12-22,17,d1_00z,2.9104,3.8401,31.2589,3.0480,4.2054,31.4125,-0.1376,-0.3653,-0.1536,2.8763,3.8841,40.3535,3.2957,4.5526,40.3675,-0.4194,-0.6685,-0.0139
2021-12-22,17,d1_12z,3.0429,4.1976,31.0922,3.0480,4.2054,31.4125,-0.0051,-0.0079,-0.3203,3.0752,4.3209,40.2809,3.2957,4.5526,40.3675,-0.2204,-0.2317,-0.0865
2021-12-22,18,d1_00z,3.0599,4.2199,0.0228,3.1787,4.5404,0.0255,-0.1188,-0.3205,-0.0027,2.8593,4.0804,0.0301,3.2054,4.6042,0.0225,-0.3461,-0.5238,0.0076
2021-12-22,18,d1_12z,3.1725,4.5475,0.0213,3.1787,4.5404,0.0255,-0.0061,0.0072,-0.0041,2.9972,4.4482,0.0231,3.2054,4.6042,0.0225,-0.2083,-0.1560,0.0006
2021-12-22,19,d1_00z,3.1165,4.3835,-0.0039,3.1989,4.6600,0.0018,-0.0824,-0.2765,-0.0057,2.7872,4.1260,-0.0148,3.1043,4.6267,0.0060,-0.3171,-0.5006,-0.0208
2021-12-22,19,d1_12z,3.2126,4.6888,0.0029,3.1989,4.6600,0.0018,0.0137,0.0288,0.0010,2.8770,4.3949,-0.0018,3.1043,4.6267,0.0060,-0.2273,-0.2318,-0.0078
2021-12-22,20,d1_00z,3.1190,4.4464,0.0017,3.1525,4.5946,-0.0033,-0.0334,-0.1482,0.0050,2.7601,4.1852,-0.0061,3.0955,4.6945,-0.0014,-0.3354,-0.5093,-0.0047
2021-12-22,20,d1_12z,3.1839,4.6667,-0.0028,3.1525,4.5946,-0.0033,0.0314,0.0722,0.0005,2.8240,4.4240,-0.0030,3.0955,4.6945,-0.0014,-0.2716,-0.2705,-0.0016
2021-12-22,21,d1_00z,3.1269,4.4371,0.0000,3.0545,4.4294,0.0000,0.0724,0.0078,0.0000,2.7373,4.1767,0.0000,2.9423,4.4894,0.0000,-0.2050,-0.3127,0.0000
2021-12-22,21,d1_12z,3.1402,4.5696,0.0000,3.0545,4.4294,0.0000,0.0857,0.1402,0.0000,2.7658,4.4012,0.0000,2.9423,4.4894,0.0000,-0.1765,-0.0882,0.0000
2021-12-22,22,d1_00z,3.0788,4.3271,0.0000,3.0302,4.3452,0.0000,0.0486,-0.0181,0.0000,2.7574,4.1606,0.0000,2.9782,4.3636,0.0000,-0.2208,-0.2030,0.0000
2021-12-22,22,d1_12z,3.0626,4.4194,0.0000,3.0302,4.3452,0.0000,0.0324,0.0741,0.0000,2.7217,4.2927,0.0000,2.9782,4.3636,0.0000,-0.2566,-0.0709,0.0000
2021-12-22,23,d1_00z,3.0225,4.2311,0.0000,2.9904,4.2177,0.0000,0.0321,0.0133,0.0000,2.7309,4.0839,0.0000,2.9346,4.1874,0.0000,-0.2037,-0.1034,0.0000
2021-12-22,23,d1_12z,2.9862,4.2477,0.0000,2.9904,4.2177,0.0000,-0.0042,0.0299,0.0000,2.6255,4.0506,0.0000,2.9346,4.1874,0.0000,-0.3091,-0.1367,0.0000
2021-12-23,0,d1_00z,2.9305,4.1055,0.0000,2.9397,4.0945,0.0000,-0.0092,0.0110,0.0000,2.7597,3.8298,0.0000,2.8767,4.0269,0.0000,-0.1170,-0.1970,0.0000
2021-12-23,0,d1_12z,2.9397,4.0945,0.0000,2.9397,4.0945,0.0000,0.0000,0.0000,0.0000,2.8767,4.0269,0.0000,2.8767,4.0269,0.0000,0.0000,0.0000,0.0000
2021-12-23,1,d1_00z,2.8898,4.0538,0.0000,2.9130,4.0610,0.0000,-0.0233,-0.0073,0.0000,2.6910,3.6904,0.0000,2.7550,3.8537,0.0000,-0.0640,-0.1632,0.0000
2021-12-23,1,d1_12z,2.9130,4.0610,0.0000,2.9130,4.0610,0.0000,0.0000,0.0000,0.0000,2.7550,3.8537,0.0000,2.7550,3.8537,0.0000,0.0000,0.0000,0.0000
2021-12-23,2,d1_00z,2.8058,3.9257,0.0000,2.8801,3.9764,0.0000,-0.0743,-0.0507,0.0000,2.5484,3.4940,0.0000,2.6682,3.5975,0.0000,-0.1197,-0.1035,0.0000
2021-12-23,2,d1_12z,2.8634,3.9419,0.0000,2.8801,3.9764,0.0000,-0.0167,-0.0344,0.0000,2.5993,3.5035,0.0000,2.6682,3.5975,0.0000,-0.0688,-0.0940,0.0000
2021-12-23,3,d1_00z,2.7338,3.7980,0.0000,2.8310,3.8467,0.0000,-0.0972,-0.0487,0.0000,2.4560,3.2773,0.0000,2.6596,3.4460,0.0000,-0.2036,-0.1687,0.0000
2021-12-23,3,d1_12z,2.8056,3.7982,0.0000,2.8310,3.8467,0.0000,-0.0254,-0.0486,0.0000,2.5766,3.3155,0.0000,2.6596,3.4460,0.0000,-0.0831,-0.1305,0.0000
2021-12-23,4,d1_00z,2.7294,3.7737,0.0000,2.8026,3.7620,0.0000,-0.0732,0.0117,0.0000,2.4487,3.1846,0.0000,2.7318,3.4798,0.0000,-0.2831,-0.2952,0.0000
2021-12-23,4,d1_12z,2.7741,3.7107,0.0000,2.8026,3.7620,0.0000,-0.0285,-0.0513,0.0000,2.6443,3.3638,0.0000,2.7318,3.4798,0.0000,-0.0874,-0.1160,0.0000
2021-12-23,5,d1_00z,2.7777,3.8477,0.0000,2.8001,3.7283,0.0000,-0.0224,0.1194,0.0000,2.4318,3.1765,0.0000,2.7311,3.4353,0.0000,-0.2993,-0.2588,0.0000
2021-12-23,5,d1_12z,2.7774,3.6999,0.0000,2.8001,3.7283,0.0000,-0.0227,-0.0284,0.0000,2.6392,3.3476,0.0000,2.7311,3.4353,0.0000,-0.0919,-0.0877,0.0000
2021-12-23,6,d1_00z,2.8333,3.9612,0.0000,2.7668,3.6842,0.0000,0.0665,0.2770,0.0000,2.4382,3.2631,0.0000,2.6520,3.3563,0.0000,-0.2137,-0.0932,0.0000
2021-12-23,6,d1_12z,2.7610,3.6942,0.0000,2.7668,3.6842,0.0000,-0.0058,0.0100,0.0000,2.5437,3.2712,0.0000,2.6520,3.3563,0.0000,-0.1083,-0.0851,0.0000
2021-12-23,7,d1_00z,2.8767,4.0369,0.0000,2.8035,3.7067,0.0000,0.0731,0.3301,0.0000,2.4580,3.3370,0.0000,2.6520,3.3649,0.0000,-0.1940,-0.0279,0.0000
2021-12-23,7,d1_12z,2.8057,3.7410,0.0000,2.8035,3.7067,0.0000,0.0021,0.0343,0.0000,2.5677,3.3121,0.0000,2.6520,3.3649,0.0000,-0.0843,-0.0528,0.0000
2021-12-23,8,d1_00z,2.8581,4.0158,16.4547,2.7465,3.6348,16.2750,0.1117,0.3809,0.1797,2.4189,3.3554,15.5004,2.5882,3.3655,14.6255,-0.1693,-0.0101,0.8749
2021-12-23,8,d1_12z,2.7740,3.7278,16.3179,2.7465,3.6348,16.2750,0.0275,0.0930,0.0429,2.4527,3.2894,14.8723,2.5882,3.3655,14.6255,-0.1355,-0.0761,0.2469
2021-12-23,9,d1_00z,2.9535,3.7929,111.3104,2.7972,3.4184,114.7583,0.1563,0.3744,-3.4480,2.5092,3.3326,124.8041,2.6799,3.4237,119.7151,-0.1707,-0.0912,5.0890
2021-12-23,9,d1_12z,2.8222,3.5124,111.9669,2.7972,3.4184,114.7583,0.0251,0.0940,-2.7914,2.5243,3.3480,121.4946,2.6799,3.4237,119.7151,-0.1556,-0.0757,1.7795
2021-12-23,10,d1_00z,3.1388,3.7621,218.5410,2.9705,3.4323,235.7230,0.1683,0.3298,-17.1820,2.6999,3.3386,248.4315,2.9754,3.6197,246.3020,-0.2754,-0.2811,2.1294
2021-12-23,10,d1_12z,3.0085,3.5265,225.1890,2.9705,3.4323,235.7230,0.0380,0.0942,-10.5340,2.7776,3.4517,249.3154,2.9754,3.6197,246.3020,-0.1977,-0.1680,3.0133
2021-12-23,11,d1_00z,3.1890,3.7057,297.1911,3.0118,3.4014,326.4047,0.1772,0.3043,-29.2136,2.7698,3.3138,336.8206,3.2132,3.8073,339.4964,-0.4434,-0.4935,-2.6758
2021-12-23,11,d1_12z,3.0275,3.4599,308.7271,3.0118,3.4014,326.4047,0.0157,0.0585,-17.6776,2.9571,3.5236,342.6659,3.2132,3.8073,339.4964,-0.2562,-0.2837,3.1695
2021-12-23,12,d1_00z,3.1642,3.6168,326.6939,3.0774,3.4381,370.4385,0.0869,0.1787,-43.7445,2.9447,3.4541,376.2195,3.4318,4.0123,380.2612,-0.4870,-0.5582,-4.0417
2021-12-23,12,d1_12z,3.0414,3.4094,347.3631,3.0774,3.4381,370.4385,-0.0360,-0.0286,-23.0754,3.1897,3.7003,380.0747,3.4318,4.0123,380.2612,-0.2421,-0.3120,-0.1864
2021-12-23,13,d1_00z,3.2273,3.6490,313.0078,3.2496,3.6272,360.5893,-0.0224,0.0218,-47.5815,3.1754,3.6722,365.4106,3.6666,4.2244,355.8178,-0.4911,-0.5522,9.5928
2021-12-23,13,d1_12z,3.1348,3.5008,333.5761,3.2496,3.6272,360.5893,-0.1148,-0.1264,-27.0132,3.4649,3.9929,358.4666,3.6666,4.2244,355.8178,-0.2016,-0.2315,2.6488
2021-12-23,14,d1_00z,3.4877,3.9887,260.6575,3.6246,4.1238,301.7865,-0.1369,-0.1351,-41.1290,3.5715,4.2073,310.1557,4.2254,4.9355,300.2049,-0.6539,-0.7282,9.9508
2021-12-23,14,d1_12z,3.3828,3.8353,275.3382,3.6246,4.1238,301.7865,-0.2418,-0.2885,-26.4483,3.8699,4.5154,303.5585,4.2254,4.9355,300.2049,-0.3555,-0.4200,3.3537
2021-12-23,15,d1_00z,3.8448,4.5343,185.2174,3.9659,4.6562,208.0582,-0.1211,-0.1219,-22.8408,4.0236,4.8612,225.3674,4.6192,5.5881,221.4900,-0.5956,-0.7269,3.8774
2021-12-23,15,d1_12z,3.7890,4.4496,189.3700,3.9659,4.6562,208.0582,-0.1769,-0.2066,-18.6882,4.2681,5.2188,216.9025,4.6192,5.5881,221.4900,-0.3511,-0.3693,-4.5875
2021-12-23,16,d1_00z,4.1829,5.2328,96.0117,4.2910,5.3899,106.9594,-0.1082,-0.1571,-10.9478,4.3561,5.4978,119.6548,4.8119,6.2661,126.3838,-0.4558,-0.7683,-6.7290
2021-12-23,16,d1_12z,4.1792,5.2492,98.9853,4.2910,5.3899,106.9594,-0.1118,-0.1407,-7.9741,4.5242,5.8440,122.5591,4.8119,6.2661,126.3838,-0.2877,-0.4221,-3.8247
2021-12-23,17,d1_00z,4.5410,6.1050,21.4354,4.6113,6.2337,23.5871,-0.0703,-0.1287,-2.1517,4.6445,6.2273,29.2153,5.0805,7.0068,30.7009,-0.4360,-0.7794,-1.4855
2021-12-23,17,d1_12z,4.5160,6.1039,22.2176,4.6113,6.2337,23.5871,-0.0952,-0.1298,-1.3696,4.7104,6.4983,30.4398,5.0805,7.0068,30.7009,-0.3701,-0.5084,-0.2610
2021-12-23,18,d1_00z,4.8729,6.7623,0.0222,5.0636,7.0620,0.0272,-0.1908,-0.2997,-0.0050,4.9963,6.8491,0.0247,5.6460,7.8550,0.0388,-0.6497,-1.0059,-0.0141
2021-12-23,18,d1_12z,4.8836,6.7944,0.0249,5.0636,7.0620,0.0272,-0.1800,-0.2675,-0.0023,5.0750,7.0277,0.0298,5.6460,7.8550,0.0388,-0.5710,-0.8273,-0.0090
2021-12-23,19,d1_00z,5.1720,7.1854,0.0033,5.5819,7.7706,-0.0002,-0.4099,-0.5852,0.0035,5.4397,7.4767,-0.0046,6.1294,8.4572,-0.0127,-0.6897,-0.9805,0.0080
2021-12-23,19,d1_12z,5.2780,7.3149,-0.0006,5.5819,7.7706,-0.0002,-0.3040,-0.4556,-0.0004,5.4348,7.4111,0.0009,6.1294,8.4572,-0.0127,-0.6946,-1.0461,0.0135
2021-12-23,20,d1_00z,5.3875,7.4500,0.0026,6.0186,8.3102,0.0017,-0.6311,-0.8602,0.0009,5.7489,7.8890,0.0018,6.4822,8.8766,0.0035,-0.7333,-0.9876,-0.0017
2021-12-23,20,d1_12z,5.6378,7.7678,0.0032,6.0186,8.3102,0.0017,-0.3808,-0.5424,0.0015,5.9657,8.0722,-0.0029,6.4822,8.8766,0.0035,-0.5165,-0.8044,-0.0064
2021-12-23,21,d1_00z,5.6115,7.7146,0.0000,6.3813,8.7673,0.0000,-0.7697,-1.0527,0.0000,6.0681,8.3361,0.0000,6.9319,9.4614,0.0000,-0.8638,-1.1253,0.0000
2021-12-23,21,d1_12z,5.9185,8.1230,0.0000,6.3813,8.7673,0.0000,-0.4627,-0.6444,0.0000,6.4139,8.7173,0.0000,6.9319,9.4614,0.0000,-0.5181,-0.7441,0.0000
2021-12-23,22,d1_00z,5.8502,8.0018,0.0000,6.8544,9.3252,0.0000,-1.0043,-1.3234,0.0000,6.3953,8.7509,0.0000,7.9088,10.7835,0.0000,-1.5135,-2.0325,0.0000
2021-12-23,22,d1_12z,6.2071,8.5049,0.0000,6.8544,9.3252,0.0000,-0.6473,-0.8203,0.0000,6.8895,9.4292,0.0000,7.9088,10.7835,0.0000,-1.0193,-1.3543,0.0000
2021-12-23,23,d1_00z,6.1136,8.3165,0.0000,7.4232,10.0134,0.0000,-1.3096,-1.6969,0.0000,6.7988,9.2807,0.0000,8.5497,11.6402,0.0000,-1.7509,-2.3595,0.0000
2021-12-23,23,d1_12z,6.6388,9.0704,0.0000,7.4232,10.0134,0.0000,-0.7844,-0.9430,0.0000,7.6802,10.5176,0.0000,8.5497,11.6402,0.0000,-0.8694,-1.1227,0.0000
2021-12-24,0,d1_00z,7.7667,10.5345,0.0000,8.0850,10.8514,0.0000,-0.3183,-0.3169,0.0000,8.9672,12.2896,0.0000,9.0551,12.3786,0.0000,-0.0879,-0.0890,0.0000
2021-12-24,0,d1_12z,8.0850,10.8514,0.0000,8.0850,10.8514,0.0000,0.0000,0.0000,0.0000,9.0551,12.3786,0.0000,9.0551,12.3786,0.0000,0.0000,0.0000,0.0000
2021-12-24,1,d1_00z,8.5028,11.4680,0.0000,8.8004,11.7694,0.0000,-0.2976,-0.3014,0.0000,9.5023,13.0498,0.0000,9.5884,13.1216,0.0000,-0.0861,-0.0718,0.0000
2021-12-24,1,d1_12z,8.8004,11.7694,0.0000,8.8004,11.7694,0.0000,0.0000,0.0000,0.0000,9.5884,13.1216,0.0000,9.5884,13.1216,0.0000,0.0000,0.0000,0.0000
2021-12-24,2,d1_00z,9.2149,12.3745,0.0000,9.5599,12.7789,0.0000,-0.3451,-0.4044,0.0000,9.8199,13.5227,0.0000,10.0149,13.7758,0.0000,-0.1949,-0.2531,0.0000
2021-12-24,2,d1_12z,9.4577,12.6354,0.0000,9.5599,12.7789,0.0000,-0.1022,-0.1435,0.0000,9.9112,13.6206,0.0000,10.0149,13.7758,0.0000,-0.1036,-0.1551,0.0000
2021-12-24,3,d1_00z,9.8812,13.2394,0.0000,10.0753,13.4862,0.0000,-0.1942,-0.2468,0.0000,10.2120,14.0400,0.0000,10.4695,14.3903,0.0000,-0.2575,-0.3503,0.0000
2021-12-24,3,d1_12z,9.9326,13.2902,0.0000,10.0753,13.4862,0.0000,-0.1428,-0.1960,0.0000,10.3142,14.1866,0.0000,10.4695,14.3903,0.0000,-0.1554,-0.2037,0.0000
2021-12-24,4,d1_00z,10.2501,13.7449,0.0000,10.3792,13.9137,0.0000,-0.1290,-0.1688,0.0000,10.3810,14.2859,0.0000,10.6032,14.5648,0.0000,-0.2222,-0.2789,0.0000
2021-12-24,4,d1_12z,10.1959,13.6655,0.0000,10.3792,13.9137,0.0000,-0.1833,-0.2482,0.0000,10.3949,14.3055,0.0000,10.6032,14.5648,0.0000,-0.2083,-0.2593,0.0000
2021-12-24,5,d1_00z,10.4444,14.0167,0.0000,10.6041,14.2119,0.0000,-0.1597,-0.1952,0.0000,10.5409,14.5004,0.0000,10.8501,14.8600,0.0000,-0.3092,-0.3595,0.0000
2021-12-24,5,d1_12z,10.3813,13.9191,0.0000,10.6041,14.2119,0.0000,-0.2228,-0.2928,0.0000,10.6272,14.5628,0.0000,10.8501,14.8600,0.0000,-0.2229,-0.2972,0.0000
2021-12-24,6,d1_00z,10.5784,14.1846,0.0000,10.6778,14.3140,0.0000,-0.0995,-0.1294,0.0000,10.7526,14.7719,0.0000,10.8793,14.9172,0.0000,-0.1267,-0.1452,0.0000
2021-12-24,6,d1_12z,10.4571,14.0082,0.0000,10.6778,14.3140,0.0000,-0.2208,-0.3058,0.0000,10.6483,14.5885,0.0000,10.8793,14.9172,0.0000,-0.2310,-0.3287,0.0000
2021-12-24,7,d1_00z,10.5821,14.1849,0.0000,10.6580,14.2625,0.0000,-0.0759,-0.0776,0.0000,10.7222,14.7127,0.0000,10.7961,14.7727,0.0000,-0.0739,-0.0600,0.0000
2021-12-24,7,d1_12z,10.4195,13.9454,0.0000,10.6580,14.2625,0.0000,-0.2385,-0.3171,0.0000,10.5437,14.4436,0.0000,10.7961,14.7727,0.0000,-0.2525,-0.3292,0.0000
2021-12-24,8,d1_00z,10.5221,14.0360,8.4248,10.4094,13.8319,8.8326,0.1128,0.2041,-0.4078,10.5873,14.4865,7.6797,10.4859,14.2452,7.2649,0.1014,0.2413,0.4148
2021-12-24,8,d1_12z,10.3738,13.8173,8.6470,10.4094,13.8319,8.8326,-0.0356,-0.0146,-0.1855,10.4397,14.2416,7.2628,10.4859,14.2452,7.2649,-0.0462,-0.0036,-0.0021
2021-12-24,9,d1_00z,10.5729,13.9710,63.8381,10.4473,13.7592,64.3850,0.1256,0.2118,-0.5469,10.6447,14.3784,66.7213,10.4572,14.0340,61.0696,0.1875,0.3444,5.6517
2021-12-24,9,d1_12z,10.4489,13.7954,62.9095,10.4473,13.7592,64.3850,0.0017,0.0363,-1.4755,10.4272,14.0659,60.2889,10.4572,14.0340,61.0696,-0.0300,0.0319,-0.7807
2021-12-24,10,d1_00z,10.7883,14.0939,156.9520,10.5931,13.8040,146.6022,0.1952,0.2899,10.3497,10.7497,14.3635,176.8739,10.5036,13.9428,160.2501,0.2460,0.4207,16.6238
2021-12-24,10,d1_12z,10.6528,13.9117,145.3997,10.5931,13.8040,146.6022,0.0597,0.1077,-1.2025,10.5507,14.0761,160.9895,10.5036,13.9428,160.2501,0.0471,0.1334,0.7394
2021-12-24,11,d1_00z,10.7575,13.9092,255.9728,10.5295,13.5956,238.4259,0.2280,0.3136,17.5469,10.7138,14.1693,285.3843,10.4570,13.7351,263.7086,0.2568,0.4343,21.6757
2021-12-24,11,d1_12z,10.6459,13.7621,239.6177,10.5295,13.5956,238.4259,0.1164,0.1665,1.1917,10.5778,13.9441,271.5682,10.4570,13.7351,263.7086,0.1208,0.2090,7.8596
2021-12-24,12,d1_00z,10.6368,13.6403,331.2267,10.4618,13.4185,310.4130,0.1751,0.2218,20.8137,10.6535,13.9824,366.4159,10.3637,13.5388,338.5809,0.2899,0.4437,27.8350
2021-12-24,12,d1_12z,10.4959,13.4491,320.1022,10.4618,13.4185,310.4130,0.0341,0.0306,9.6893,10.4690,13.7041,351.0504,10.3637,13.5388,338.5809,0.1054,0.1653,12.4695
2021-12-24,13,d1_00z,10.4887,13.3975,358.1022,10.3976,13.2786,338.4820,0.0911,0.1190,19.6202,10.4694,13.6731,387.8544,10.1952,13.2760,367.4951,0.2741,0.3970,20.3593
2021-12-24,13,d1_12z,10.3380,13.1770,343.8078,10.3976,13.2786,338.4820,-0.0596,-0.1015,5.3258,10.2351,13.3465,370.3167,10.1952,13.2760,367.4951,0.0399,0.0705,2.8216
2021-12-24,14,d1_00z,10.2700,13.0830,339.5558,10.2644,13.0926,329.2483,0.0056,-0.0096,10.3076,10.1733,13.2859,373.2166,9.9884,13.0145,367.0312,0.1849,0.2714,6.1854
2021-12-24,14,d1_12z,10.1397,12.8930,328.9660,10.2644,13.0926,329.2483,-0.1247,-0.1996,-0.2823,10.0219,13.0732,360.2413,9.9884,13.0145,367.0312,0.0335,0.0587,-6.7899
2021-12-24,15,d1_00z,9.9537,12.6955,267.3632,10.0396,12.8294,261.4432,-0.0859,-0.1339,5.9199,9.7694,12.8397,292.3624,9.6841,12.6886,299.4871,0.0853,0.1511,-7.1247
2021-12-24,15,d1_12z,9.8703,12.5728,263.5818,10.0396,12.8294,261.4432,-0.1693,-0.2566,2.1386,9.6208,12.5931,289.3285,9.6841,12.6886,299.4871,-0.0633,-0.0955,-10.1586
2021-12-24,16,d1_00z,9.5163,12.2294,151.7361,9.6847,12.4966,152.7795,-0.1684,-0.2672,-1.0434,9.2380,12.2864,171.5929,9.3519,12.4199,178.1307,-0.1140,-0.1334,-6.5378
2021-12-24,16,d1_12z,9.4676,12.1831,151.8444,9.6847,12.4966,152.7795,-0.2170,-0.3134,-0.9351,9.1502,12.1457,171.7318,9.3519,12.4199,178.1307,-0.2018,-0.2742,-6.3989
2021-12-24,17,d1_00z,8.9098,11.6452,31.1324,9.2243,12.1016,32.3525,-0.3145,-0.4564,-1.2201,8.4858,11.4835,38.8427,8.8713,11.9815,40.9844,-0.3855,-0.4980,-2.1417
2021-12-24,17,d1_12z,8.9605,11.7431,31.5438,9.2243,12.1016,32.3525,-0.2638,-0.3585,-0.8087,8.6582,11.7412,39.5608,8.8713,11.9815,40.9844,-0.2131,-0.2403,-1.4236
2021-12-24,18,d1_00z,8.6128,11.3547,0.0358,8.9793,11.8667,0.0356,-0.3665,-0.5119,0.0003,8.1029,11.0328,0.0292,8.6660,11.7667,0.0336,-0.5630,-0.7339,-0.0044
2021-12-24,18,d1_12z,8.6811,11.4817,0.0339,8.9793,11.8667,0.0356,-0.2982,-0.3849,-0.0017,8.3726,11.4157,0.0373,8.6660,11.7667,0.0336,-0.2933,-0.3509,0.0037
2021-12-24,19,d1_00z,8.3604,11.0170,-0.0025,8.7205,11.5056,0.0004,-0.3601,-0.4886,-0.0029,7.9849,10.8689,-0.0015,8.5180,11.5803,-0.0048,-0.5331,-0.7114,0.0033
2021-12-24,19,d1_12z,8.4211,11.1307,-0.0026,8.7205,11.5056,0.0004,-0.2994,-0.3748,-0.0030,8.1797,11.1432,-0.0101,8.5180,11.5803,-0.0048,-0.3383,-0.4371,-0.0053
2021-12-24,20,d1_00z,8.0152,10.5510,-0.0055,8.3733,10.9953,-0.0037,-0.3581,-0.4442,-0.0018,7.7431,10.5533,0.0002,8.1822,11.1011,-0.0072,-0.4391,-0.5478,0.0074
2021-12-24,20,d1_12z,8.1249,10.7248,-0.0016,8.3733,10.9953,-0.0037,-0.2483,-0.2705,0.0021,7.9043,10.7706,-0.0006,8.1822,11.1011,-0.0072,-0.2780,-0.3305,0.0066
2021-12-24,21,d1_00z,7.6155,10.0059,0.0000,7.9848,10.4557,0.0000,-0.3693,-0.4499,0.0000,7.3424,10.0267,0.0000,7.8683,10.6765,0.0000,-0.5259,-0.6498,0.0000
2021-12-24,21,d1_12z,7.7519,10.2192,0.0000,7.9848,10.4557,0.0000,-0.2330,-0.2365,0.0000,7.5365,10.3032,0.0000,7.8683,10.6765,0.0000,-0.3318,-0.3733,0.0000
2021-12-24,22,d1_00z,7.2022,9.4568,0.0000,7.6112,9.9403,0.0000,-0.4089,-0.4834,0.0000,6.8322,9.3468,0.0000,7.5336,10.2358,0.0000,-0.7013,-0.8891,0.0000
2021-12-24,22,d1_12z,7.3180,9.6298,0.0000,7.6112,9.9403,0.0000,-0.2931,-0.3105,0.0000,7.1710,9.8346,0.0000,7.5336,10.2358,0.0000,-0.3626,-0.4013,0.0000
2021-12-24,23,d1_00z,6.8056,8.9217,0.0000,7.2597,9.4532,0.0000,-0.4541,-0.5315,0.0000,6.5620,8.9957,0.0000,7.3140,9.9271,0.0000,-0.7520,-0.9314,0.0000
2021-12-24,23,d1_12z,6.8959,9.0533,0.0000,7.2597,9.4532,0.0000,-0.3638,-0.3999,0.0000,6.8032,9.3381,0.0000,7.3140,9.9271,0.0000,-0.5108,-0.5890,0.0000
2021-12-25,0,d1_00z,6.7860,8.8606,0.0000,6.9975,9.0762,0.0000,-0.2115,-0.2157,0.0000,6.8534,9.3594,0.0000,7.0983,9.6213,0.0000,-0.2448,-0.2619,0.0000
2021-12-25,0,d1_12z,6.9975,9.0762,0.0000,6.9975,9.0762,0.0000,0.0000,0.0000,0.0000,7.0983,9.6213,0.0000,7.0983,9.6213,0.0000,0.0000,0.0000,0.0000
2021-12-25,1,d1_00z,6.5648,8.5393,0.0000,6.7951,8.8000,0.0000,-0.2303,-0.2607,0.0000,6.6401,9.0509,0.0000,6.8287,9.2330,0.0000,-0.1886,-0.1821,0.0000
2021-12-25,1,d1_12z,6.7951,8.8000,0.0000,6.7951,8.8000,0.0000,0.0000,0.0000,0.0000,6.8287,9.2330,0.0000,6.8287,9.2330,0.0000,0.0000,0.0000,0.0000
2021-12-25,2,d1_00z,6.4394,8.3689,0.0000,6.6332,8.5941,0.0000,-0.1939,-0.2252,0.0000,6.6557,9.0745,0.0000,6.6950,9.1013,0.0000,-0.0393,-0.0268,0.0000
2021-12-25,2,d1_12z,6.6706,8.6541,0.0000,6.6332,8.5941,0.0000,0.0373,0.0600,0.0000,6.7463,9.1716,0.0000,6.6950,9.1013,0.0000,0.0512,0.0703,0.0000
2021-12-25,3,d1_00z,6.4269,8.3694,0.0000,6.5913,8.5820,0.0000,-0.1644,-0.2126,0.0000,6.6558,9.0974,0.0000,6.6137,9.0109,0.0000,0.0421,0.0866,0.0000
2021-12-25,3,d1_12z,6.6388,8.6538,0.0000,6.5913,8.5820,0.0000,0.0475,0.0719,0.0000,6.6658,9.1045,0.0000,6.6137,9.0109,0.0000,0.0521,0.0936,0.0000
2021-12-25,4,d1_00z,6.4315,8.4237,0.0000,6.5718,8.6148,0.0000,-0.1404,-0.1911,0.0000,6.6265,9.1274,0.0000,6.5635,9.0056,0.0000,0.0630,0.1218,0.0000
2021-12-25,4,d1_12z,6.6298,8.6948,0.0000,6.5718,8.6148,0.0000,0.0579,0.0800,0.0000,6.6532,9.1322,0.0000,6.5635,9.0056,0.0000,0.0897,0.1266,0.0000
2021-12-25,5,d1_00z,6.4646,8.5112,0.0000,6.5927,8.6904,0.0000,-0.1281,-0.1792,0.0000,6.8211,9.4209,0.0000,6.7408,9.3042,0.0000,0.0803,0.1167,0.0000
2021-12-25,5,d1_12z,6.6624,8.7853,0.0000,6.5927,8.6904,0.0000,0.0697,0.0949,0.0000,6.8688,9.4917,0.0000,6.7408,9.3042,0.0000,0.1280,0.1875,0.0000
2021-12-25,6,d1_00z,6.5002,8.6033,0.0000,6.6513,8.8121,0.0000,-0.1511,-0.2088,0.0000,7.0900,9.7353,0.0000,7.0527,9.6897,0.0000,0.0373,0.0456,0.0000
2021-12-25,6,d1_12z,6.7108,8.8918,0.0000,6.6513,8.8121,0.0000,0.0595,0.0797,0.0000,7.1898,9.8783,0.0000,7.0527,9.6897,0.0000,0.1370,0.1887,0.0000
2021-12-25,7,d1_00z,6.4842,8.6386,0.0000,6.6550,8.8623,0.0000,-0.1709,-0.2237,0.0000,7.0405,9.7264,0.0000,7.0662,9.7246,0.0000,-0.0256,0.0018,0.0000
2021-12-25,7,d1_12z,6.6872,8.9182,0.0000,6.6550,8.8623,0.0000,0.0322,0.0559,0.0000,7.1487,9.8826,0.0000,7.0662,9.7246,0.0000,0.0825,0.1580,0.0000
2021-12-25,8,d1_00z,6.6337,8.6846,17.7263,6.6791,8.8640,17.6645,-0.0454,-0.1794,0.0618,7.1402,9.6925,16.1130,7.1597,9.7003,16.2782,-0.0194,-0.0078,-0.1652
2021-12-25,8,d1_12z,6.7891,8.9050,17.7453,6.6791,8.8640,17.6645,0.1100,0.0410,0.0808,7.2509,9.8501,16.2356,7.1597,9.7003,16.2782,0.0913,0.1498,-0.0426
2021-12-25,9,d1_00z,7.3126,9.1382,123.3550,7.3567,9.2440,127.5313,-0.0441,-0.1058,-4.1763,7.6460,9.9364,132.6674,7.6018,9.8665,139.5156,0.0441,0.0699,-6.8482
2021-12-25,9,d1_12z,7.4663,9.3591,125.6785,7.3567,9.2440,127.5313,0.1095,0.1152,-1.8528,7.7408,10.0849,136.7867,7.6018,9.8665,139.5156,0.1390,0.2184,-2.7289
2021-12-25,10,d1_00z,7.5481,9.3162,247.9903,7.6308,9.4521,258.0188,-0.0827,-0.1359,-10.0285,7.7809,9.9758,273.6495,7.8972,10.1105,291.0041,-0.1163,-0.1347,-17.3547
2021-12-25,10,d1_12z,7.7205,9.5653,252.8661,7.6308,9.4521,258.0188,0.0897,0.1132,-5.1527,7.9183,10.1738,282.0993,7.8972,10.1105,291.0041,0.0211,0.0633,-8.9048
2021-12-25,11,d1_00z,7.5632,9.2547,344.6797,7.6196,9.3453,359.2307,-0.0565,-0.0907,-14.5510,7.7675,9.8809,385.6273,7.8178,9.9302,407.1540,-0.0502,-0.0492,-21.5267
2021-12-25,11,d1_12z,7.7198,9.4810,348.8695,7.6196,9.3453,359.2307,0.1002,0.1356,-10.3611,7.9404,10.1313,394.5572,7.8178,9.9302,407.1540,0.1227,0.2012,-12.5968
2021-12-25,12,d1_00z,7.5351,9.1717,392.7193,7.5906,9.2512,411.2007,-0.0554,-0.0795,-18.4814,7.6917,9.7502,443.0527,7.5778,9.6104,470.7541,0.1139,0.1398,-27.7013
2021-12-25,12,d1_12z,7.6899,9.3868,396.5267,7.5906,9.2512,411.2007,0.0993,0.1356,-14.6740,7.8338,9.9555,455.0714,7.5778,9.6104,470.7541,0.2559,0.3451,-15.6827
2021-12-25,13,d1_00z,7.5398,9.1662,389.4218,7.5852,9.2487,406.4395,-0.0455,-0.0825,-17.0177,7.5068,9.5081,437.1822,7.4240,9.3971,459.1411,0.0828,0.1110,-21.9589
2021-12-25,13,d1_12z,7.6766,9.3575,395.7099,7.5852,9.2487,406.4395,0.0914,0.1088,-10.7295,7.6258,9.6767,453.5063,7.4240,9.3971,459.1411,0.2018,0.2795,-5.6348
2021-12-25,14,d1_00z,7.5080,9.1525,345.9085,7.5846,9.2824,356.4519,-0.0766,-0.1298,-10.5434,7.3000,9.2872,399.6572,7.3113,9.2870,406.5540,-0.0113,0.0002,-6.8968
2021-12-25,14,d1_12z,7.6346,9.3295,353.5682,7.5846,9.2824,356.4519,0.0500,0.0472,-2.8837,7.4218,9.4546,412.7774,7.3113,9.2870,406.5540,0.1105,0.1675,6.2234
2021-12-25,15,d1_00z,7.4232,9.1079,267.3908,7.4522,9.1816,272.3696,-0.0290,-0.0737,-4.9788,7.2458,9.2732,315.8881,7.1004,9.1103,321.5160,0.1454,0.1629,-5.6279
2021-12-25,15,d1_12z,7.5096,9.2365,271.2026,7.4522,9.1816,272.3696,0.0573,0.0549,-1.1670,7.3179,9.3906,322.8267,7.1004,9.1103,321.5160,0.2175,0.2802,1.3107
2021-12-25,16,d1_00z,7.0392,8.7861,156.1262,7.0204,8.7993,159.0917,0.0189,-0.0132,-2.9655,6.8240,8.9246,191.8088,6.6552,8.7141,193.8469,0.1687,0.2105,-2.0382
2021-12-25,16,d1_12z,7.1162,8.8906,157.1767,7.0204,8.7993,159.0917,0.0958,0.0913,-1.9150,6.8746,8.9771,193.2000,6.6552,8.7141,193.8469,0.2194,0.2631,-0.6469
2021-12-25,17,d1_00z,6.3085,8.3334,34.6143,6.2011,8.2841,34.9217,0.1074,0.0493,-0.3074,6.0535,8.3202,45.3337,5.9672,8.3324,45.4036,0.0863,-0.0122,-0.0699
2021-12-25,17,d1_12z,6.3321,8.3683,34.7907,6.2011,8.2841,34.9217,0.1310,0.0843,-0.1310,6.0772,8.3483,45.3960,5.9672,8.3324,45.4036,0.1099,0.0160,-0.0077
2021-12-25,18,d1_00z,5.9160,8.1511,0.0452,5.7808,8.0161,0.0427,0.1352,0.1350,0.0025,5.6136,7.9526,0.0496,5.5636,7.9802,0.0426,0.0500,-0.0276,0.0070
2021-12-25,18,d1_12z,5.9380,8.1701,0.0451,5.7808,8.0161,0.0427,0.1572,0.1540,0.0024,5.6897,8.0402,0.0501,5.5636,7.9802,0.0426,0.1261,0.0600,0.0075
2021-12-25,19,d1_00z,5.7656,7.9352,-0.0031,5.6062,7.7508,-0.0005,0.1595,0.1844,-0.0026,5.5646,7.9002,-0.0083,5.4500,7.8605,0.0046,0.1146,0.0398,-0.0129
2021-12-25,19,d1_12z,5.7303,7.8947,-0.0000,5.6062,7.7508,-0.0005,0.1241,0.1439,0.0004,5.5723,7.9327,0.0013,5.4500,7.8605,0.0046,0.1223,0.0722,-0.0034
2021-12-25,20,d1_00z,5.6047,7.6702,0.0040,5.3565,7.3747,0.0001,0.2482,0.2955,0.0039,5.4313,7.7364,-0.0001,5.2782,7.6610,-0.0091,0.1531,0.0754,0.0090
2021-12-25,20,d1_12z,5.5440,7.5981,-0.0007,5.3565,7.3747,0.0001,0.1875,0.2234,-0.0007,5.4150,7.7181,-0.0089,5.2782,7.6610,-0.0091,0.1368,0.0571,0.0002
2021-12-25,21,d1_00z,5.4157,7.3648,0.0000,5.2240,7.1505,0.0000,0.1917,0.2143,0.0000,5.2784,7.5280,0.0000,5.1376,7.5202,0.0000,0.1408,0.0078,0.0000
2021-12-25,21,d1_12z,5.3903,7.3179,0.0000,5.2240,7.1505,0.0000,0.1663,0.1674,0.0000,5.2139,7.4517,0.0000,5.1376,7.5202,0.0000,0.0764,-0.0685,0.0000
2021-12-25,22,d1_00z,5.2699,7.1215,0.0000,5.1222,6.9950,0.0000,0.1477,0.1265,0.0000,5.1848,7.4391,0.0000,4.9485,7.3141,0.0000,0.2363,0.1249,0.0000
2021-12-25,22,d1_12z,5.2834,7.1383,0.0000,5.1222,6.9950,0.0000,0.1611,0.1433,0.0000,5.0834,7.3318,0.0000,4.9485,7.3141,0.0000,0.1349,0.0177,0.0000
2021-12-25,23,d1_00z,5.1738,6.9519,0.0000,5.0249,6.8643,0.0000,0.1489,0.0876,0.0000,5.1824,7.4473,0.0000,4.9555,7.3047,0.0000,0.2268,0.1425,0.0000
2021-12-25,23,d1_12z,5.1935,6.9963,0.0000,5.0249,6.8643,0.0000,0.1687,0.1321,0.0000,5.1172,7.3822,0.0000,4.9555,7.3047,0.0000,0.1617,0.0775,0.0000
2021-12-26,0,d1_00z,5.1107,6.8710,0.0000,4.9458,6.7654,0.0000,0.1649,0.1057,0.0000,5.2638,7.5416,0.0000,4.8932,7.2680,0.0000,0.3706,0.2736,0.0000
2021-12-26,0,d1_12z,4.9458,6.7654,0.0000,4.9458,6.7654,0.0000,0.0000,0.0000,0.0000,4.8932,7.2680,0.0000,4.8932,7.2680,0.0000,0.0000,0.0000,0.0000
2021-12-26,1,d1_00z,5.1273,6.8524,0.0000,4.9435,6.7338,0.0000,0.1838,0.1186,0.0000,5.3422,7.6636,0.0000,5.0107,7.4137,0.0000,0.3314,0.2499,0.0000
2021-12-26,1,d1_12z,4.9435,6.7338,0.0000,4.9435,6.7338,0.0000,0.0000,0.0000,0.0000,5.0107,7.4137,0.0000,5.0107,7.4137,0.0000,0.0000,0.0000,0.0000
2021-12-26,2,d1_00z,5.1085,6.8234,0.0000,4.9818,6.7748,0.0000,0.1267,0.0487,0.0000,5.2831,7.6309,0.0000,4.9745,7.3968,0.0000,0.3085,0.2340,0.0000
2021-12-26,2,d1_12z,4.9624,6.7584,0.0000,4.9818,6.7748,0.0000,-0.0194,-0.0164,0.0000,4.9865,7.4117,0.0000,4.9745,7.3968,0.0000,0.0120,0.0149,0.0000
2021-12-26,3,d1_00z,5.1910,6.9557,0.0000,5.0745,6.9310,0.0000,0.1165,0.0247,0.0000,5.3801,7.7608,0.0000,5.1037,7.5661,0.0000,0.2764,0.1946,0.0000
2021-12-26,3,d1_12z,5.0403,6.8976,0.0000,5.0745,6.9310,0.0000,-0.0342,-0.0334,0.0000,5.1114,7.5610,0.0000,5.1037,7.5661,0.0000,0.0077,-0.0051,0.0000
2021-12-26,4,d1_00z,5.3039,7.1525,0.0000,5.2127,7.1401,0.0000,0.0912,0.0124,0.0000,5.4663,7.9744,0.0000,5.2187,7.6956,0.0000,0.2476,0.2789,0.0000
2021-12-26,4,d1_12z,5.1644,7.0917,0.0000,5.2127,7.1401,0.0000,-0.0483,-0.0484,0.0000,5.2279,7.6977,0.0000,5.2187,7.6956,0.0000,0.0092,0.0022,0.0000
2021-12-26,5,d1_00z,5.4117,7.3498,0.0000,5.3519,7.3622,0.0000,0.0598,-0.0124,0.0000,5.6531,8.3156,0.0000,5.4177,8.0435,0.0000,0.2354,0.2721,0.0000
2021-12-26,5,d1_12z,5.2917,7.2990,0.0000,5.3519,7.3622,0.0000,-0.0602,-0.0632,0.0000,5.3994,8.0494,0.0000,5.4177,8.0435,0.0000,-0.0183,0.0059,0.0000
2021-12-26,6,d1_00z,5.4405,7.4130,0.0000,5.4214,7.4805,0.0000,0.0191,-0.0676,0.0000,5.6013,8.2611,0.0000,5.4676,8.2360,0.0000,0.1337,0.0251,0.0000
2021-12-26,6,d1_12z,5.3600,7.4013,0.0000,5.4214,7.4805,0.0000,-0.0614,-0.0792,0.0000,5.4103,8.1651,0.0000,5.4676,8.2360,0.0000,-0.0573,-0.0709,0.0000
2021-12-26,7,d1_00z,5.3886,7.3291,0.0000,5.4156,7.4537,0.0000,-0.0270,-0.1246,0.0000,5.4841,8.0714,0.0000,5.4877,8.2839,0.0000,-0.0036,-0.2125,0.0000
2021-12-26,7,d1_12z,5.3675,7.3835,0.0000,5.4156,7.4537,0.0000,-0.0481,-0.0702,0.0000,5.4368,8.1980,0.0000,5.4877,8.2839,0.0000,-0.0509,-0.0860,0.0000
2021-12-26,8,d1_00z,5.3780,7.2400,20.5772,5.4900,7.4515,20.1943,-0.1120,-0.2115,0.3830,5.4930,7.9358,17.2828,5.5657,8.1787,17.3171,-0.0727,-0.2429,-0.0343
2021-12-26,8,d1_12z,5.4485,7.3830,20.3354,5.4900,7.4515,20.1943,-0.0415,-0.0685,0.1411,5.4373,8.0324,17.3064,5.5657,8.1787,17.3171,-0.1284,-0.1463,-0.0108
2021-12-26,9,d1_00z,5.8153,7.1556,153.2703,5.9361,7.3473,152.4076,-0.1208,-0.1917,0.8627,6.0628,7.9556,154.8336,6.0982,8.0095,155.2209,-0.0355,-0.0540,-0.3873
2021-12-26,9,d1_12z,5.9440,7.3365,151.9372,5.9361,7.3473,152.4076,0.0079,-0.0108,-0.4704,6.0233,7.9538,154.9702,6.0982,8.0095,155.2209,-0.0749,-0.0557,-0.2508
2021-12-26,10,d1_00z,6.1585,7.4118,308.6126,6.2894,7.6121,307.9843,-0.1309,-0.2003,0.6283,6.6018,8.4190,319.9422,6.7140,8.5751,320.3163,-0.1122,-0.1561,-0.3741
2021-12-26,10,d1_12z,6.3478,7.6739,306.9549,6.2894,7.6121,307.9843,0.0584,0.0618,-1.0293,6.6649,8.5277,319.9608,6.7140,8.5751,320.3163,-0.0491,-0.0474,-0.3555
2021-12-26,11,d1_00z,6.5031,7.8032,429.6440,6.6078,7.9870,429.0996,-0.1047,-0.1838,0.5444,7.0423,8.9303,447.8419,7.2357,9.2040,448.2258,-0.1934,-0.2737,-0.3839
2021-12-26,11,d1_12z,6.7359,8.1389,428.0447,6.6078,7.9870,429.0996,0.1280,0.1520,-1.0549,7.2531,9.2359,447.7270,7.2357,9.2040,448.2258,0.0174,0.0320,-0.4988
2021-12-26,12,d1_00z,6.8189,8.2362,495.2172,6.9183,8.4032,493.9196,-0.0994,-0.1670,1.2977,7.3464,9.3508,520.1700,7.5607,9.6205,520.2456,-0.2143,-0.2697,-0.0756
2021-12-26,12,d1_12z,7.0764,8.6027,493.0130,6.9183,8.4032,493.9196,0.1581,0.1995,-0.9066,7.5985,9.6803,519.6454,7.5607,9.6205,520.2456,0.0378,0.0598,-0.6002
2021-12-26,13,d1_00z,6.9856,8.4867,499.1189,7.0798,8.6365,496.9326,-0.0942,-0.1498,2.1863,7.4738,9.5353,529.3795,7.7114,9.8579,529.3487,-0.2376,-0.3227,0.0308
2021-12-26,13,d1_12z,7.2360,8.8474,496.0142,7.0798,8.6365,496.9326,0.1562,0.2109,-0.9184,7.7243,9.8914,528.9547,7.7114,9.8579,529.3487,0.0129,0.0334,-0.3939
2021-12-26,14,d1_00z,6.9463,8.4770,442.7042,7.0342,8.6166,439.1716,-0.0879,-0.1396,3.5327,7.3739,9.4475,475.4425,7.5395,9.6877,474.8905,-0.1656,-0.2402,0.5520
2021-12-26,14,d1_12z,7.1947,8.8347,438.8562,7.0342,8.6166,439.1716,0.1605,0.2181,-0.3154,7.5746,9.7579,474.8772,7.5395,9.6877,474.8905,0.0351,0.0702,-0.0133
2021-12-26,15,d1_00z,6.7389,8.2955,333.1265,6.8383,8.4400,328.6593,-0.0994,-0.1445,4.4672,7.0884,9.1757,363.8105,7.2233,9.3611,363.2225,-0.1349,-0.1855,0.5880
2021-12-26,15,d1_12z,6.9735,8.6341,331.1872,6.8383,8.4400,328.6593,0.1351,0.1940,2.5279,7.2975,9.4928,363.5054,7.2233,9.3611,363.2225,0.0742,0.1316,0.2829
2021-12-26,16,d1_00z,6.2107,7.8462,185.3681,6.3635,8.0508,182.9809,-0.1529,-0.2046,2.3872,6.4486,8.6232,209.4961,6.5891,8.8098,209.2362,-0.1405,-0.1866,0.2599
2021-12-26,16,d1_12z,6.4177,8.1464,184.6675,6.3635,8.0508,182.9809,0.0541,0.0956,1.6866,6.5765,8.8482,209.4519,6.5891,8.8098,209.2362,-0.0126,0.0384,0.2157
2021-12-26,17,d1_00z,5.3697,7.5134,38.8231,5.5550,7.7120,38.6406,-0.1853,-0.1986,0.1825,5.3257,7.9954,48.8165,5.5161,8.2021,48.8381,-0.1904,-0.2067,-0.0216
2021-12-26,17,d1_12z,5.5420,7.7919,38.7676,5.5550,7.7120,38.6406,-0.0130,0.0798,0.1269,5.3560,8.1839,48.8481,5.5161,8.2021,48.8381,-0.1601,-0.0182,0.0100
2021-12-26,18,d1_00z,5.1072,7.2942,0.0570,5.2567,7.3793,0.0541,-0.1495,-0.0852,0.0030,4.8438,7.5971,0.0639,5.0816,7.8150,0.0630,-0.2378,-0.2179,0.0008
2021-12-26,18,d1_12z,5.2455,7.5535,0.0541,5.2567,7.3793,0.0541,-0.0111,0.1742,0.0000,4.8539,7.8014,0.0677,5.0816,7.8150,0.0630,-0.2276,-0.0136,0.0046
2021-12-26,19,d1_00z,4.9722,7.1325,0.0021,5.0827,7.1004,-0.0010,-0.1105,0.0320,0.0031,4.6714,7.3693,0.0022,4.7822,7.4582,-0.0015,-0.1109,-0.0890,0.0037
2021-12-26,19,d1_12z,5.0584,7.3326,0.0015,5.0827,7.1004,-0.0010,-0.0243,0.2321,0.0024,4.6707,7.5676,0.0013,4.7822,7.4582,-0.0015,-0.1115,0.1094,0.0028
2021-12-26,20,d1_00z,4.8599,7.0165,-0.0059,4.9019,6.9237,0.0060,-0.0420,0.0928,-0.0118,4.5562,7.2340,-0.0164,4.5513,7.1676,-0.0046,0.0049,0.0664,-0.0118
2021-12-26,20,d1_12z,4.9309,7.1873,-0.0032,4.9019,6.9237,0.0060,0.0291,0.2636,-0.0092,4.5339,7.4011,-0.0030,4.5513,7.1676,-0.0046,-0.0174,0.2335,0.0015
2021-12-26,21,d1_00z,4.8231,7.0049,0.0000,4.7716,6.7926,0.0000,0.0515,0.2123,0.0000,4.5024,7.1560,0.0000,4.3915,6.9507,0.0000,0.1110,0.2053,0.0000
2021-12-26,21,d1_12z,4.8564,7.1172,0.0000,4.7716,6.7926,0.0000,0.0848,0.3246,0.0000,4.4296,7.2601,0.0000,4.3915,6.9507,0.0000,0.0381,0.3094,0.0000
2021-12-26,22,d1_00z,4.8142,7.0510,0.0000,4.6627,6.6797,0.0000,0.1515,0.3713,0.0000,4.5701,7.2325,0.0000,4.2367,6.7582,0.0000,0.3334,0.4743,0.0000
2021-12-26,22,d1_12z,4.8163,7.0769,0.0000,4.6627,6.6797,0.0000,0.1536,0.3972,0.0000,4.4342,7.2518,0.0000,4.2367,6.7582,0.0000,0.1975,0.4936,0.0000
2021-12-26,23,d1_00z,4.8193,7.0621,0.0000,4.6327,6.6548,0.0000,0.1866,0.4073,0.0000,4.7576,7.4504,0.0000,4.2978,6.8226,0.0000,0.4598,0.6278,0.0000
2021-12-26,23,d1_12z,4.8166,7.0732,0.0000,4.6327,6.6548,0.0000,0.1839,0.4184,0.0000,4.5560,7.4120,0.0000,4.2978,6.8226,0.0000,0.2582,0.5894,0.0000
2021-12-27,0,d1_00z,4.8236,6.9691,0.0000,4.6794,6.7434,0.0000,0.1442,0.2257,0.0000,4.6277,7.2790,0.0000,4.4582,6.9916,0.0000,0.1696,0.2875,0.0000
2021-12-27,0,d1_12z,4.6794,6.7434,0.0000,4.6794,6.7434,0.0000,0.0000,0.0000,0.0000,4.4582,6.9916,0.0000,4.4582,6.9916,0.0000,0.0000,0.0000,0.0000
2021-12-27,1,d1_00z,4.8656,7.0887,0.0000,4.7085,6.8425,0.0000,0.1571,0.2462,0.0000,4.6478,7.3244,0.0000,4.4991,7.0899,0.0000,0.1486,0.2346,0.0000
2021-12-27,1,d1_12z,4.7085,6.8425,0.0000,4.7085,6.8425,0.0000,0.0000,0.0000,0.0000,4.4991,7.0899,0.0000,4.4991,7.0899,0.0000,0.0000,0.0000,0.0000
2021-12-27,2,d1_00z,4.8478,7.1331,0.0000,4.6816,6.8211,0.0000,0.1663,0.3119,0.0000,4.6234,7.3775,0.0000,4.5114,7.1119,0.0000,0.1120,0.2656,0.0000
2021-12-27,2,d1_12z,4.6977,6.8644,0.0000,4.6816,6.8211,0.0000,0.0161,0.0432,0.0000,4.5130,7.1340,0.0000,4.5114,7.1119,0.0000,0.0016,0.0221,0.0000
2021-12-27,3,d1_00z,4.8653,7.2283,0.0000,4.6966,6.8622,0.0000,0.1688,0.3661,0.0000,4.6807,7.5762,0.0000,4.5911,7.2355,0.0000,0.0895,0.3407,0.0000
2021-12-27,3,d1_12z,4.7057,6.8980,0.0000,4.6966,6.8622,0.0000,0.0091,0.0358,0.0000,4.5952,7.2612,0.0000,4.5911,7.2355,0.0000,0.0041,0.0256,0.0000
2021-12-27,4,d1_00z,4.8888,7.3124,0.0000,4.7253,6.9253,0.0000,0.1635,0.3871,0.0000,4.6568,7.5966,0.0000,4.5601,7.2257,0.0000,0.0968,0.3709,0.0000
2021-12-27,4,d1_12z,4.7301,6.9509,0.0000,4.7253,6.9253,0.0000,0.0048,0.0255,0.0000,4.5560,7.2531,0.0000,4.5601,7.2257,0.0000,-0.0041,0.0273,0.0000
2021-12-27,5,d1_00z,4.9536,7.4068,0.0000,4.7560,6.9987,0.0000,0.1976,0.4081,0.0000,4.6618,7.6208,0.0000,4.5732,7.2887,0.0000,0.0886,0.3320,0.0000
2021-12-27,5,d1_12z,4.7669,7.0231,0.0000,4.7560,6.9987,0.0000,0.0108,0.0243,0.0000,4.5808,7.3187,0.0000,4.5732,7.2887,0.0000,0.0076,0.0300,0.0000
2021-12-27,6,d1_00z,4.9983,7.4609,0.0000,4.7840,7.0677,0.0000,0.2143,0.3932,0.0000,4.6420,7.6340,0.0000,4.6063,7.4257,0.0000,0.0357,0.2082,0.0000
2021-12-27,6,d1_12z,4.7975,7.0906,0.0000,4.7840,7.0677,0.0000,0.0135,0.0229,0.0000,4.6078,7.4531,0.0000,4.6063,7.4257,0.0000,0.0015,0.0274,0.0000
2021-12-27,7,d1_00z,5.0413,7.5183,0.0000,4.8146,7.1283,0.0000,0.2267,0.3901,0.0000,4.6031,7.5988,0.0000,4.6612,7.5121,0.0000,-0.0581,0.0867,0.0000
2021-12-27,7,d1_12z,4.8459,7.1592,0.0000,4.8146,7.1283,0.0000,0.0314,0.0309,0.0000,4.6684,7.5232,0.0000,4.6612,7.5121,0.0000,0.0072,0.0111,0.0000
2021-12-27,8,d1_00z,5.1275,7.6147,20.8651,4.8616,7.1785,20.8215,0.2658,0.4362,0.0436,4.7372,7.6413,16.2207,4.6729,7.5356,16.2422,0.0643,0.1057,-0.0215
2021-12-27,8,d1_12z,4.9363,7.2599,20.8827,4.8616,7.1785,20.8215,0.0747,0.0814,0.0612,4.7524,7.5211,16.2666,4.6729,7.5356,16.2422,0.0795,-0.0145,0.0244
2021-12-27,9,d1_00z,5.5489,7.2834,156.4095,5.2644,6.8470,156.2089,0.2845,0.4364,0.2006,5.4003,7.3769,148.9234,5.2320,7.1504,148.6754,0.1683,0.2265,0.2480
2021-12-27,9,d1_12z,5.3274,6.9544,156.2836,5.2644,6.8470,156.2089,0.0631,0.1074,0.0747,5.3140,7.2236,149.0055,5.2320,7.1504,148.6754,0.0820,0.0732,0.3301
2021-12-27,10,d1_00z,5.9890,7.4617,314.3165,5.7014,7.0521,313.7589,0.2876,0.4097,0.5577,6.0641,7.8343,311.1364,5.8405,7.5097,310.4742,0.2235,0.3247,0.6622
2021-12-27,10,d1_12z,5.7470,7.1148,313.9012,5.7014,7.0521,313.7589,0.0456,0.0627,0.1423,5.8696,7.5392,311.1797,5.8405,7.5097,310.4742,0.0291,0.0296,0.7055
2021-12-27,11,d1_00z,6.2301,7.6938,436.2101,5.9821,7.3458,435.5025,0.2480,0.3481,0.7076,6.3666,8.1449,438.2534,6.1592,7.8351,437.2525,0.2074,0.3098,1.0009
2021-12-27,11,d1_12z,5.9996,7.3823,435.7508,5.9821,7.3458,435.5025,0.0175,0.0365,0.2483,6.1562,7.8466,438.2826,6.1592,7.8351,437.2525,-0.0029,0.0115,1.0301
2021-12-27,12,d1_00z,6.3800,7.8616,504.7373,6.1972,7.6114,503.4438,0.1828,0.2501,1.2935,6.6273,8.4490,511.5025,6.3893,8.1279,510.5616,0.2380,0.3210,0.9409
2021-12-27,12,d1_12z,6.1985,7.6238,504.3546,6.1972,7.6114,503.4438,0.0013,0.0124,0.9108,6.3863,8.1202,511.8187,6.3893,8.1279,510.5616,-0.0030,-0.0077,1.2571
2021-12-27,13,d1_00z,6.3079,7.7656,511.1250,6.2308,7.6678,509.9823,0.0771,0.0978,1.1427,6.6140,8.4313,522.5412,6.4426,8.2119,522.0069,0.1714,0.2194,0.5343
2021-12-27,13,d1_12z,6.2496,7.7017,511.1532,6.2308,7.6678,509.9823,0.0188,0.0339,1.1708,6.4772,8.2436,522.8414,6.4426,8.2119,522.0069,0.0346,0.0317,0.8345
2021-12-27,14,d1_00z,6.0284,7.4234,455.0851,6.0133,7.4318,454.3855,0.0152,-0.0084,0.6996,6.3804,8.1597,470.4832,6.1666,7.9331,470.0271,0.2137,0.2267,0.4562
2021-12-27,14,d1_12z,6.0851,7.5289,455.1254,6.0133,7.4318,454.3855,0.0719,0.0971,0.7399,6.3491,8.1354,470.6903,6.1666,7.9331,470.0271,0.1825,0.2023,0.6632
2021-12-27,15,d1_00z,5.4815,6.8274,342.7554,5.4876,6.8887,341.6102,-0.0061,-0.0613,1.1452,5.7493,7.4847,360.6887,5.5683,7.3324,359.9896,0.1810,0.1523,0.6991
2021-12-27,15,d1_12z,5.5776,7.0064,342.2361,5.4876,6.8887,341.6102,0.0901,0.1177,0.6259,5.7527,7.5343,359.7350,5.5683,7.3324,359.9896,0.1844,0.2018,-0.2546
2021-12-27,16,d1_00z,4.5203,6.0619,189.6660,4.5529,6.2000,189.1180,-0.0327,-0.1381,0.5480,4.6757,6.6399,207.7511,4.4914,6.5821,207.2992,0.1843,0.0578,0.4519
2021-12-27,16,d1_12z,4.6506,6.2717,189.8112,4.5529,6.2000,189.1180,0.0977,0.0718,0.6932,4.7169,6.7595,208.1006,4.4914,6.5821,207.2992,0.2255,0.1774,0.8014
2021-12-27,17,d1_00z,3.9446,5.6404,39.6497,3.9274,5.9133,39.4797,0.0172,-0.2729,0.1701,3.8412,6.1062,49.1603,3.5817,6.2880,48.6920,0.2595,-0.1818,0.4684
2021-12-27,17,d1_12z,4.0561,5.9118,39.5859,3.9274,5.9133,39.4797,0.1288,-0.0015,0.1062,3.8843,6.3630,49.0263,3.5817,6.2880,48.6920,0.3026,0.0750,0.3344
2021-12-27,18,d1_00z,3.6075,5.2114,0.0675,3.6748,5.5839,0.0689,-0.0672,-0.3725,-0.0014,3.4132,5.5083,0.0810,3.2877,5.9188,0.0829,0.1255,-0.4105,-0.0020
2021-12-27,18,d1_12z,3.7501,5.4923,0.0668,3.6748,5.5839,0.0689,0.0753,-0.0915,-0.0020,3.5178,5.8847,0.0792,3.2877,5.9188,0.0829,0.2301,-0.0341,-0.0037
2021-12-27,19,d1_00z,3.3594,4.8446,-0.0021,3.4837,5.2648,-0.0007,-0.1243,-0.4202,-0.0014,3.1507,5.0379,-0.0035,3.1202,5.4968,-0.0123,0.0305,-0.4588,0.0089
2021-12-27,19,d1_12z,3.5367,5.1709,-0.0013,3.4837,5.2648,-0.0007,0.0530,-0.0939,-0.0006,3.2941,5.4880,-0.0113,3.1202,5.4968,-0.0123,0.1739,-0.0087,0.0011
2021-12-27,20,d1_00z,3.1461,4.5620,0.0042,3.4205,5.2168,0.0004,-0.2744,-0.6547,0.0038,2.9478,4.6788,0.0121,3.0061,5.2640,0.0105,-0.0583,-0.5852,0.0016
2021-12-27,20,d1_12z,3.3592,4.9352,0.0036,3.4205,5.2168,0.0004,-0.0613,-0.2816,0.0032,3.1438,5.1518,0.0095,3.0061,5.2640,0.0105,0.1376,-0.1122,-0.0009
2021-12-27,21,d1_00z,2.9753,4.3091,0.0000,3.3321,5.1185,0.0000,-0.3568,-0.8094,0.0000,2.8720,4.4753,0.0000,2.9714,5.1215,0.0000,-0.0994,-0.6462,0.0000
2021-12-27,21,d1_12z,3.2338,4.7689,0.0000,3.3321,5.1185,0.0000,-0.0982,-0.3496,0.0000,3.0373,4.9022,0.0000,2.9714,5.1215,0.0000,0.0660,-0.2193,0.0000
2021-12-27,22,d1_00z,2.8998,4.1778,0.0000,3.3251,5.1315,0.0000,-0.4252,-0.9537,0.0000,2.7879,4.3214,0.0000,2.9763,5.0564,0.0000,-0.1884,-0.7350,0.0000
2021-12-27,22,d1_12z,3.1959,4.7052,0.0000,3.3251,5.1315,0.0000,-0.1291,-0.4263,0.0000,3.0022,4.7717,0.0000,2.9763,5.0564,0.0000,0.0259,-0.2847,0.0000
2021-12-27,23,d1_00z,2.9411,4.2451,0.0000,3.3774,5.2800,0.0000,-0.4363,-1.0349,0.0000,2.7930,4.2605,0.0000,3.0081,5.1742,0.0000,-0.2151,-0.9137,0.0000
2021-12-27,23,d1_12z,3.2351,4.7968,0.0000,3.3774,5.2800,0.0000,-0.1422,-0.4832,0.0000,3.0290,4.7539,0.0000,3.0081,5.1742,0.0000,0.0209,-0.4202,0.0000
2021-12-28,0,d1_00z,3.2831,5.0699,0.0000,3.4342,5.3974,0.0000,-0.1511,-0.3275,0.0000,3.0306,5.0153,0.0000,3.1261,5.3531,0.0000,-0.0954,-0.3379,0.0000
2021-12-28,0,d1_12z,3.4342,5.3974,0.0000,3.4342,5.3974,0.0000,0.0000,0.0000,0.0000,3.1261,5.3531,0.0000,3.1261,5.3531,0.0000,0.0000,0.0000,0.0000
2021-12-28,1,d1_00z,3.3928,5.2849,0.0000,3.5040,5.5013,0.0000,-0.1112,-0.2165,0.0000,3.1469,5.2050,0.0000,3.1831,5.4543,0.0000,-0.0362,-0.2494,0.0000
2021-12-28,1,d1_12z,3.5040,5.5013,0.0000,3.5040,5.5013,0.0000,0.0000,0.0000,0.0000,3.1831,5.4543,0.0000,3.1831,5.4543,0.0000,0.0000,0.0000,0.0000
2021-12-28,2,d1_00z,3.4326,5.3758,0.0000,3.4993,5.4849,0.0000,-0.0667,-0.1092,0.0000,3.0911,5.2608,0.0000,3.0797,5.3568,0.0000,0.0114,-0.0961,0.0000
2021-12-28,2,d1_12z,3.5106,5.5089,0.0000,3.4993,5.4849,0.0000,0.0113,0.0239,0.0000,3.0944,5.3836,0.0000,3.0797,5.3568,0.0000,0.0146,0.0268,0.0000
2021-12-28,3,d1_00z,3.4749,5.4085,0.0000,3.5350,5.4925,0.0000,-0.0601,-0.0841,0.0000,3.0853,5.2812,0.0000,3.0565,5.3092,0.0000,0.0288,-0.0280,0.0000
2021-12-28,3,d1_12z,3.5483,5.5154,0.0000,3.5350,5.4925,0.0000,0.0133,0.0229,0.0000,3.0775,5.3360,0.0000,3.0565,5.3092,0.0000,0.0210,0.0268,0.0000
2021-12-28,4,d1_00z,3.5184,5.4283,0.0000,3.5514,5.4753,0.0000,-0.0330,-0.0470,0.0000,2.9931,5.1358,0.0000,3.0117,5.2026,0.0000,-0.0186,-0.0668,0.0000
2021-12-28,4,d1_12z,3.5650,5.5000,0.0000,3.5514,5.4753,0.0000,0.0136,0.0247,0.0000,3.0264,5.2236,0.0000,3.0117,5.2026,0.0000,0.0147,0.0209,0.0000
2021-12-28,5,d1_00z,3.5412,5.4103,0.0000,3.5555,5.4344,0.0000,-0.0142,-0.0241,0.0000,2.9356,5.0057,0.0000,2.9642,5.0714,0.0000,-0.0286,-0.0657,0.0000
2021-12-28,5,d1_12z,3.5647,5.4541,0.0000,3.5555,5.4344,0.0000,0.0092,0.0197,0.0000,2.9603,5.0770,0.0000,2.9642,5.0714,0.0000,-0.0038,0.0056,0.0000
2021-12-28,6,d1_00z,3.5383,5.3957,0.0000,3.5483,5.4146,0.0000,-0.0100,-0.0190,0.0000,2.9066,4.9188,0.0000,2.9167,4.9674,0.0000,-0.0102,-0.0485,0.0000
2021-12-28,6,d1_12z,3.5532,5.4290,0.0000,3.5483,5.4146,0.0000,0.0050,0.0143,0.0000,2.9130,4.9644,0.0000,2.9167,4.9674,0.0000,-0.0037,-0.0030,0.0000
2021-12-28,7,d1_00z,3.5524,5.4375,0.0000,3.5636,5.4397,0.0000,-0.0112,-0.0022,0.0000,2.9271,4.8840,0.0000,2.9271,4.9193,0.0000,0.0000,-0.0353,0.0000
2021-12-28,7,d1_12z,3.5656,5.4521,0.0000,3.5636,5.4397,0.0000,0.0020,0.0124,0.0000,2.9120,4.8963,0.0000,2.9271,4.9193,0.0000,-0.0151,-0.0231,0.0000
2021-12-28,8,d1_00z,3.5787,5.5302,20.6140,3.6215,5.5326,20.1855,-0.0427,-0.0023,0.4286,2.9197,4.8777,15.7157,2.9627,4.9145,15.3633,-0.0430,-0.0368,0.3524
2021-12-28,8,d1_12z,3.6057,5.5417,20.2318,3.6215,5.5326,20.1855,-0.0158,0.0092,0.0463,2.9371,4.9313,15.4176,2.9627,4.9145,15.3633,-0.0255,0.0168,0.0542
2021-12-28,9,d1_00z,3.8638,5.3023,155.7477,3.9049,5.2985,150.8846,-0.0410,0.0038,4.8631,3.0985,4.7138,146.4841,3.1378,4.7198,143.6815,-0.0392,-0.0060,2.8025
2021-12-28,9,d1_12z,3.8871,5.2785,151.5313,3.9049,5.2985,150.8846,-0.0178,-0.0201,0.6467,3.0611,4.6742,144.3409,3.1378,4.7198,143.6815,-0.0767,-0.0456,0.6594
2021-12-28,10,d1_00z,4.4208,5.5657,313.5824,4.4480,5.5727,308.6780,-0.0272,-0.0070,4.9044,3.6986,4.7838,307.3021,3.6763,4.7813,305.1646,0.0223,0.0025,2.1375
2021-12-28,10,d1_12z,4.3874,5.4929,308.5431,4.4480,5.5727,308.6780,-0.0606,-0.0798,-0.1350,3.5791,4.6304,305.8246,3.6763,4.7813,305.1646,-0.0972,-0.1510,0.6600
2021-12-28,11,d1_00z,4.8547,6.0575,435.0623,4.8523,6.0202,430.7801,0.0024,0.0373,4.2822,4.0956,5.2358,433.1911,4.1376,5.3059,430.9779,-0.0420,-0.0701,2.2132
2021-12-28,11,d1_12z,4.7721,5.9196,430.3423,4.8523,6.0202,430.7801,-0.0802,-0.1006,-0.4378,3.9813,5.0902,431.7931,4.1376,5.3059,430.9779,-0.1563,-0.2157,0.8152
2021-12-28,12,d1_00z,5.2223,6.5139,502.5256,5.1884,6.4323,498.1205,0.0339,0.0816,4.4051,4.5054,5.7579,505.7642,4.5082,5.7836,502.0932,-0.0029,-0.0257,3.6710
2021-12-28,12,d1_12z,5.1239,6.3620,498.4166,5.1884,6.4323,498.1205,-0.0645,-0.0703,0.2961,4.3549,5.5723,504.7197,4.5082,5.7836,502.0932,-0.1534,-0.2113,2.6265
2021-12-28,13,d1_00z,5.4043,6.7598,508.6486,5.3652,6.6662,503.3469,0.0391,0.0935,5.3017,4.7944,6.1425,517.0394,4.7872,6.1569,509.0935,0.0072,-0.0144,7.9459
2021-12-28,13,d1_12z,5.3279,6.6367,504.8797,5.3652,6.6662,503.3469,-0.0373,-0.0295,1.5328,4.6447,5.9557,514.8039,4.7872,6.1569,509.0935,-0.1425,-0.2012,5.7104
2021-12-28,14,d1_00z,5.3797,6.7832,452.9995,5.3875,6.7537,447.6926,-0.0078,0.0295,5.3069,4.8741,6.3250,466.0381,4.9436,6.4219,458.6711,-0.0695,-0.0969,7.3671
2021-12-28,14,d1_12z,5.3520,6.7221,449.6286,5.3875,6.7537,447.6926,-0.0355,-0.0317,1.9360,4.8497,6.2883,464.1544,4.9436,6.4219,458.6711,-0.0939,-0.1336,5.4833
2021-12-28,15,d1_00z,4.9620,6.4270,341.8707,5.1236,6.6176,333.4431,-0.1616,-0.1907,8.4276,4.4724,6.0584,358.3942,4.5887,6.3058,346.6592,-0.1163,-0.2474,11.7350
2021-12-28,15,d1_12z,4.9881,6.4452,339.2830,5.1236,6.6176,333.4431,-0.1356,-0.1724,5.8399,4.4503,6.0681,356.1442,4.5887,6.3058,346.6592,-0.1384,-0.2378,9.4850
2021-12-28,16,d1_00z,4.1004,5.8833,189.4909,4.3741,6.2477,183.8859,-0.2737,-0.3644,5.6050,3.4917,5.4997,206.9067,3.6636,6.0285,200.8277,-0.1720,-0.5288,6.0790
2021-12-28,16,d1_12z,4.1784,5.9548,187.9553,4.3741,6.2477,183.8859,-0.1957,-0.2929,4.0694,3.4443,5.5263,206.3093,3.6636,6.0285,200.8277,-0.2193,-0.5022,5.4816
2021-12-28,17,d1_00z,3.7217,5.7649,39.9168,4.0029,6.3039,39.2183,-0.2812,-0.5390,0.6985,3.1055,5.4065,49.1968,3.3759,6.0993,48.7338,-0.2704,-0.6928,0.4630
2021-12-28,17,d1_12z,3.7999,5.8678,39.8441,4.0029,6.3039,39.2183,-0.2029,-0.4361,0.6258,3.1009,5.3836,49.4840,3.3759,6.0993,48.7338,-0.2751,-0.7158,0.7502
2021-12-28,18,d1_00z,3.6810,5.6957,0.0802,3.9685,6.3203,0.0860,-0.2875,-0.6246,-0.0058,3.0631,5.3508,0.0944,3.3346,6.1097,0.1037,-0.2715,-0.7589,-0.0092
2021-12-28,18,d1_12z,3.7454,5.8176,0.0836,3.9685,6.3203,0.0860,-0.2231,-0.5027,-0.0024,3.0753,5.3235,0.0947,3.3346,6.1097,0.1037,-0.2593,-0.7862,-0.0090
2021-12-28,19,d1_00z,3.7205,5.6954,0.0037,3.9939,6.3426,0.0009,-0.2733,-0.6472,0.0028,3.0451,5.2810,-0.0034,3.3661,6.1776,-0.0028,-0.3210,-0.8966,-0.0005
2021-12-28,19,d1_12z,3.8044,5.8634,-0.0001,3.9939,6.3426,0.0009,-0.1895,-0.4792,-0.0010,3.0892,5.3512,0.0065,3.3661,6.1776,-0.0028,-0.2770,-0.8264,0.0094
2021-12-28,20,d1_00z,3.8073,5.7788,-0.0052,4.0967,6.4378,-0.0016,-0.2894,-0.6591,-0.0036,3.0505,5.1734,0.0012,3.3612,6.1345,-0.0032,-0.3107,-0.9611,0.0044
2021-12-28,20,d1_12z,3.8904,5.9143,0.0007,4.0967,6.4378,-0.0016,-0.2064,-0.5236,0.0023,3.1345,5.4237,-0.0073,3.3612,6.1345,-0.0032,-0.2266,-0.7109,-0.0042
2021-12-28,21,d1_00z,3.8631,5.8025,0.0000,4.1470,6.3754,0.0000,-0.2840,-0.5729,0.0000,3.1072,5.1668,0.0000,3.3101,5.9959,0.0000,-0.2029,-0.8291,0.0000
2021-12-28,21,d1_12z,3.9094,5.8655,0.0000,4.1470,6.3754,0.0000,-0.2376,-0.5099,0.0000,3.0867,5.2963,0.0000,3.3101,5.9959,0.0000,-0.2234,-0.6996,0.0000
2021-12-28,22,d1_00z,3.8770,5.7912,0.0000,4.1179,6.2434,0.0000,-0.2409,-0.4522,0.0000,3.0922,5.1475,0.0000,3.2236,5.7552,0.0000,-0.1314,-0.6077,0.0000
2021-12-28,22,d1_12z,3.8911,5.7817,0.0000,4.1179,6.2434,0.0000,-0.2268,-0.4617,0.0000,3.0310,5.1074,0.0000,3.2236,5.7552,0.0000,-0.1926,-0.6479,0.0000
2021-12-28,23,d1_00z,3.9097,5.8010,0.0000,4.0654,6.0978,0.0000,-0.1557,-0.2968,0.0000,3.1133,5.1930,0.0000,3.1952,5.5722,0.0000,-0.0820,-0.3792,0.0000
2021-12-28,23,d1_12z,3.9187,5.7939,0.0000,4.0654,6.0978,0.0000,-0.1467,-0.3039,0.0000,3.1248,5.2253,0.0000,3.1952,5.5722,0.0000,-0.0704,-0.3469,0.0000
2021-12-29,0,d1_00z,4.0534,6.0381,0.0000,4.0678,6.0524,0.0000,-0.0145,-0.0143,0.0000,3.2433,5.6749,0.0000,3.2911,5.6563,0.0000,-0.0477,0.0186,0.0000
2021-12-29,0,d1_12z,4.0678,6.0524,0.0000,4.0678,6.0524,0.0000,0.0000,0.0000,0.0000,3.2911,5.6563,0.0000,3.2911,5.6563,0.0000,0.0000,0.0000,0.0000
2021-12-29,1,d1_00z,4.0585,6.0532,0.0000,4.0689,6.0283,0.0000,-0.0104,0.0249,0.0000,3.2236,5.6083,0.0000,3.2625,5.5045,0.0000,-0.0388,0.1038,0.0000
2021-12-29,1,d1_12z,4.0689,6.0283,0.0000,4.0689,6.0283,0.0000,0.0000,0.0000,0.0000,3.2625,5.5045,0.0000,3.2625,5.5045,0.0000,0.0000,0.0000,0.0000
2021-12-29,2,d1_00z,4.0479,6.0313,0.0000,4.0742,6.0280,0.0000,-0.0263,0.0033,0.0000,3.2395,5.5476,0.0000,3.2236,5.3847,0.0000,0.0159,0.1629,0.0000
2021-12-29,2,d1_12z,4.0546,5.9879,0.0000,4.0742,6.0280,0.0000,-0.0196,-0.0401,0.0000,3.1981,5.3213,0.0000,3.2236,5.3847,0.0000,-0.0255,-0.0634,0.0000
2021-12-29,3,d1_00z,4.1124,6.1124,0.0000,4.1421,6.1334,0.0000,-0.0297,-0.0210,0.0000,3.3585,5.6430,0.0000,3.3954,5.6545,0.0000,-0.0369,-0.0115,0.0000
2021-12-29,3,d1_12z,4.1061,6.0641,0.0000,4.1421,6.1334,0.0000,-0.0360,-0.0693,0.0000,3.3592,5.5646,0.0000,3.3954,5.6545,0.0000,-0.0362,-0.0900,0.0000
2021-12-29,4,d1_00z,4.1719,6.2511,0.0000,4.2434,6.3776,0.0000,-0.0714,-0.1265,0.0000,3.4707,5.9459,0.0000,3.5538,6.0510,0.0000,-0.0831,-0.1051,0.0000
2021-12-29,4,d1_12z,4.1955,6.2782,0.0000,4.2434,6.3776,0.0000,-0.0478,-0.0994,0.0000,3.5015,5.9214,0.0000,3.5538,6.0510,0.0000,-0.0523,-0.1296,0.0000
2021-12-29,5,d1_00z,4.2233,6.3954,0.0000,4.3441,6.6372,0.0000,-0.1209,-0.2418,0.0000,3.5951,6.2566,0.0000,3.7624,6.5393,0.0000,-0.1673,-0.2828,0.0000
2021-12-29,5,d1_12z,4.2868,6.5201,0.0000,4.3441,6.6372,0.0000,-0.0573,-0.1171,0.0000,3.6935,6.3871,0.0000,3.7624,6.5393,0.0000,-0.0690,-0.1522,0.0000
2021-12-29,6,d1_00z,4.2527,6.4849,0.0000,4.4026,6.7859,0.0000,-0.1499,-0.3010,0.0000,3.8310,6.8146,0.0000,4.0950,7.1044,0.0000,-0.2639,-0.2898,0.0000
2021-12-29,6,d1_12z,4.3392,6.6788,0.0000,4.4026,6.7859,0.0000,-0.0634,-0.1071,0.0000,4.0032,6.9427,0.0000,4.0950,7.1044,0.0000,-0.0918,-0.1617,0.0000
2021-12-29,7,d1_00z,4.3297,6.6032,0.0000,4.4686,6.8902,0.0000,-0.1389,-0.2870,0.0000,4.1710,7.2702,0.0000,4.2779,7.3967,0.0000,-0.1068,-0.1265,0.0000
2021-12-29,7,d1_12z,4.4023,6.7837,0.0000,4.4686,6.8902,0.0000,-0.0663,-0.1065,0.0000,4.2233,7.2851,0.0000,4.2779,7.3967,0.0000,-0.0545,-0.1116,0.0000
2021-12-29,8,d1_00z,4.4575,6.7266,20.1460,4.5614,6.9817,20.3282,-0.1039,-0.2551,-0.1822,4.3975,7.4669,15.3231,4.3521,7.6196,15.6030,0.0454,-0.1527,-0.2799
2021-12-29,8,d1_12z,4.5395,6.9113,20.3393,4.5614,6.9817,20.3282,-0.0219,-0.0704,0.0110,4.3371,7.4347,15.6014,4.3521,7.6196,15.6030,-0.0150,-0.1849,-0.0016
2021-12-29,9,d1_00z,4.9517,6.6939,152.2325,5.1154,6.9123,155.5057,-0.1637,-0.2183,-3.2732,5.1859,7.4924,144.4058,5.1526,7.4680,146.7883,0.0333,0.0243,-2.3824
2021-12-29,9,d1_12z,5.0954,6.8574,155.5690,5.1154,6.9123,155.5057,-0.0200,-0.0548,0.0634,5.1557,7.3763,146.8563,5.1526,7.4680,146.7883,0.0031,-0.0918,0.0680
2021-12-29,10,d1_00z,5.8870,7.4206,311.6080,6.0344,7.6020,313.4977,-0.1474,-0.1815,-1.8897,6.1338,8.0550,308.1738,6.3136,8.2487,308.5756,-0.1798,-0.1936,-0.4019
2021-12-29,10,d1_12z,6.0149,7.5776,313.6177,6.0344,7.6020,313.4977,-0.0195,-0.0245,0.1200,6.3248,8.2709,308.7240,6.3136,8.2487,308.5756,0.0111,0.0222,0.1484
2021-12-29,11,d1_00z,6.5421,8.1711,434.8837,6.5323,8.1305,434.7345,0.0098,0.0406,0.1492,6.8051,8.7614,434.9598,7.0010,8.9889,435.7203,-0.1959,-0.2275,-0.7605
2021-12-29,11,d1_12z,6.5941,8.2195,435.0194,6.5323,8.1305,434.7345,0.0618,0.0890,0.2848,7.1375,9.1918,435.8374,7.0010,8.9889,435.7203,0.1365,0.2029,0.1172
2021-12-29,12,d1_00z,6.9137,8.5907,501.7666,6.8230,8.4501,501.6264,0.0907,0.1406,0.1402,7.4359,9.4993,508.5036,7.3402,9.3600,509.1334,0.0957,0.1393,-0.6299
2021-12-29,12,d1_12z,6.9026,8.5571,502.1920,6.8230,8.4501,501.6264,0.0796,0.1070,0.5657,7.6063,9.7087,509.3029,7.3402,9.3600,509.1334,0.2661,0.3487,0.1695
2021-12-29,13,d1_00z,7.1414,8.8722,506.8401,6.9532,8.6035,507.6696,0.1882,0.2687,-0.8296,7.7057,9.8670,520.7272,7.3021,9.3181,520.8772,0.4036,0.5489,-0.1500
2021-12-29,13,d1_12z,7.0300,8.7113,508.3702,6.9532,8.6035,507.6696,0.0767,0.1078,0.7006,7.6525,9.8000,521.2688,7.3021,9.3181,520.8772,0.3504,0.4819,0.3916
2021-12-29,14,d1_00z,7.1519,8.9109,450.4640,6.8400,8.4552,452.7710,0.3119,0.4556,-2.3069,7.5533,9.7747,470.1768,7.1871,9.1995,469.6183,0.3663,0.5752,0.5585
2021-12-29,14,d1_12z,6.9878,8.6700,453.1292,6.8400,8.4552,452.7710,0.1478,0.2148,0.3582,7.5181,9.7013,470.5228,7.1871,9.1995,469.6183,0.3311,0.5018,0.9045
2021-12-29,15,d1_00z,6.8073,8.5631,339.3139,6.6140,8.2498,342.1147,0.1933,0.3133,-2.8008,7.1491,9.4315,362.4723,6.9931,9.1197,362.1861,0.1560,0.3118,0.2862
2021-12-29,15,d1_12z,6.6086,8.2816,342.0476,6.6140,8.2498,342.1147,-0.0055,0.0318,-0.0671,7.0802,9.3023,362.7086,6.9931,9.1197,362.1861,0.0871,0.1826,0.5225
2021-12-29,16,d1_00z,6.0589,7.8586,189.2530,5.9196,7.6207,190.9109,0.1393,0.2380,-1.6579,6.5357,8.9607,211.6442,6.2987,8.5265,211.2039,0.2370,0.4342,0.4403
2021-12-29,16,d1_12z,5.8204,7.5263,190.8606,5.9196,7.6207,190.9109,-0.0992,-0.0944,-0.0504,6.2291,8.5095,211.8044,6.2987,8.5265,211.2039,-0.0696,-0.0171,0.6004
2021-12-29,17,d1_00z,5.1513,7.2455,41.0238,5.0907,7.1786,41.5904,0.0606,0.0670,-0.5666,5.3830,8.3144,51.3501,5.2088,7.9562,51.8978,0.1742,0.3581,-0.5477
2021-12-29,17,d1_12z,4.9733,6.9481,41.6107,5.0907,7.1786,41.5904,-0.1174,-0.2304,0.0203,5.1970,7.9905,52.0100,5.2088,7.9562,51.8978,-0.0117,0.0343,0.1122
2021-12-29,18,d1_00z,4.6533,6.5379,0.1026,4.6144,6.5718,0.0972,0.0390,-0.0339,0.0053,4.8331,7.6335,0.1184,4.5944,7.3291,0.1162,0.2387,0.3044,0.0022
2021-12-29,18,d1_12z,4.5492,6.3280,0.1030,4.6144,6.5718,0.0972,-0.0652,-0.2438,0.0058,4.6910,7.3257,0.1180,4.5944,7.3291,0.1162,0.0966,-0.0034,0.0018
2021-12-29,19,d1_00z,4.2741,5.8363,-0.0037,4.2159,5.8493,0.0026,0.0582,-0.0130,-0.0063,4.2843,6.6433,0.0075,4.1458,6.5044,-0.0022,0.1384,0.1389,0.0097
2021-12-29,19,d1_12z,4.1812,5.6396,-0.0017,4.2159,5.8493,0.0026,-0.0347,-0.2097,-0.0042,4.1742,6.4182,0.0071,4.1458,6.5044,-0.0022,0.0284,-0.0862,0.0093
2021-12-29,20,d1_00z,4.0259,5.3109,0.0071,3.8811,5.2235,0.0025,0.1448,0.0874,0.0046,3.7807,5.6831,0.0033,3.7228,5.7581,0.0016,0.0580,-0.0751,0.0017
2021-12-29,20,d1_12z,3.9422,5.1620,-0.0005,3.8811,5.2235,0.0025,0.0611,-0.0615,-0.0029,3.7883,5.6584,-0.0037,3.7228,5.7581,0.0016,0.0656,-0.0997,-0.0053
2021-12-29,21,d1_00z,3.8600,4.9861,0.0000,3.7056,4.8666,0.0000,0.1544,0.1195,0.0000,3.4323,5.0291,0.0000,3.4811,5.2321,0.0000,-0.0488,-0.2030,0.0000
2021-12-29,21,d1_12z,3.7792,4.8894,0.0000,3.7056,4.8666,0.0000,0.0736,0.0229,0.0000,3.5017,5.1295,0.0000,3.4811,5.2321,0.0000,0.0206,-0.1027,0.0000
2021-12-29,22,d1_00z,3.7569,4.8380,0.0000,3.6781,4.8193,0.0000,0.0789,0.0186,0.0000,3.3266,4.7723,0.0000,3.3155,4.9202,0.0000,0.0111,-0.1480,0.0000
2021-12-29,22,d1_12z,3.7383,4.8219,0.0000,3.6781,4.8193,0.0000,0.0603,0.0026,0.0000,3.3812,4.8684,0.0000,3.3155,4.9202,0.0000,0.0656,-0.0518,0.0000
2021-12-29,23,d1_00z,3.7428,4.8959,0.0000,3.6929,4.8859,0.0000,0.0499,0.0100,0.0000,3.3083,4.7748,0.0000,3.2208,4.8580,0.0000,0.0875,-0.0832,0.0000
2021-12-29,23,d1_12z,3.7467,4.9117,0.0000,3.6929,4.8859,0.0000,0.0538,0.0258,0.0000,3.3635,4.9428,0.0000,3.2208,4.8580,0.0000,0.1427,0.0848,0.0000
2021-12-30,0,d1_00z,3.8250,5.2020,0.0000,3.7442,5.0253,0.0000,0.0808,0.1767,0.0000,3.5560,5.6438,0.0000,3.3245,5.1544,0.0000,0.2315,0.4895,0.0000
2021-12-30,0,d1_12z,3.7442,5.0253,0.0000,3.7442,5.0253,0.0000,0.0000,0.0000,0.0000,3.3245,5.1544,0.0000,3.3245,5.1544,0.0000,0.0000,0.0000,0.0000
2021-12-30,1,d1_00z,3.9437,5.4716,0.0000,3.8194,5.2400,0.0000,0.1244,0.2316,0.0000,3.8718,6.2967,0.0000,3.6061,5.8405,0.0000,0.2657,0.4562,0.0000
2021-12-30,1,d1_12z,3.8194,5.2400,0.0000,3.8194,5.2400,0.0000,0.0000,0.0000,0.0000,3.6061,5.8405,0.0000,3.6061,5.8405,0.0000,0.0000,0.0000,0.0000
2021-12-30,2,d1_00z,4.0491,5.7075,0.0000,3.8537,5.3921,0.0000,0.1955,0.3154,0.0000,3.9827,6.5478,0.0000,3.7408,6.2376,0.0000,0.2419,0.3102,0.0000
2021-12-30,2,d1_12z,3.9154,5.4515,0.0000,3.8537,5.3921,0.0000,0.0617,0.0595,0.0000,3.7848,6.2874,0.0000,3.7408,6.2376,0.0000,0.0440,0.0498,0.0000
2021-12-30,3,d1_00z,4.1849,5.9608,0.0000,3.9604,5.5947,0.0000,0.2246,0.3661,0.0000,4.0229,6.6482,0.0000,3.7744,6.4207,0.0000,0.2485,0.2275,0.0000
2021-12-30,3,d1_12z,4.0248,5.6481,0.0000,3.9604,5.5947,0.0000,0.0645,0.0534,0.0000,3.8302,6.4652,0.0000,3.7744,6.4207,0.0000,0.0558,0.0445,0.0000
2021-12-30,4,d1_00z,4.3684,6.2459,0.0000,4.1298,5.8445,0.0000,0.2386,0.4013,0.0000,4.0897,6.7690,0.0000,3.8521,6.5172,0.0000,0.2376,0.2517,0.0000
2021-12-30,4,d1_12z,4.2041,5.9012,0.0000,4.1298,5.8445,0.0000,0.0743,0.0566,0.0000,3.9399,6.5725,0.0000,3.8521,6.5172,0.0000,0.0878,0.0553,0.0000
2021-12-30,5,d1_00z,4.5224,6.4925,0.0000,4.2799,6.0679,0.0000,0.2425,0.4246,0.0000,4.1271,6.8569,0.0000,3.9045,6.5060,0.0000,0.2226,0.3509,0.0000
2021-12-30,5,d1_12z,4.3689,6.1316,0.0000,4.2799,6.0679,0.0000,0.0890,0.0636,0.0000,4.0110,6.5784,0.0000,3.9045,6.5060,0.0000,0.1065,0.0724,0.0000
2021-12-30,6,d1_00z,4.5694,6.5786,0.0000,4.4220,6.2957,0.0000,0.1474,0.2829,0.0000,4.1009,6.7925,0.0000,4.0085,6.6628,0.0000,0.0925,0.1297,0.0000
2021-12-30,6,d1_12z,4.4830,6.3375,0.0000,4.4220,6.2957,0.0000,0.0610,0.0418,0.0000,4.0943,6.6806,0.0000,4.0085,6.6628,0.0000,0.0859,0.0178,0.0000
2021-12-30,7,d1_00z,4.6158,6.6429,0.0000,4.5087,6.4286,0.0000,0.1070,0.2143,0.0000,4.1335,6.7467,0.0000,4.0723,6.6478,0.0000,0.0613,0.0989,0.0000
2021-12-30,7,d1_12z,4.5452,6.4525,0.0000,4.5087,6.4286,0.0000,0.0365,0.0238,0.0000,4.1402,6.6217,0.0000,4.0723,6.6478,0.0000,0.0679,-0.0261,0.0000
2021-12-30,8,d1_00z,4.7374,6.7613,19.5037,4.4642,6.3961,19.4797,0.2732,0.3652,0.0240,4.2852,6.6770,15.0945,4.0325,6.5028,15.0823,0.2526,0.1742,0.0122
2021-12-30,8,d1_12z,4.6283,6.5544,19.5213,4.4642,6.3961,19.4797,0.1641,0.1582,0.0416,4.2592,6.5297,15.0601,4.0325,6.5028,15.0823,0.2267,0.0268,-0.0222
2021-12-30,9,d1_00z,4.9730,6.5516,150.9310,4.6405,6.1493,150.6261,0.3324,0.4023,0.3048,4.5460,6.3846,142.5716,4.2497,6.1582,141.2625,0.2963,0.2264,1.3091
2021-12-30,9,d1_12z,4.8368,6.3694,150.0478,4.6405,6.1493,150.6261,0.1963,0.2201,-0.5784,4.4342,6.2395,139.6869,4.2497,6.1582,141.2625,0.1845,0.0813,-1.5756
2021-12-30,10,d1_00z,5.3556,6.5616,308.8712,5.0105,6.0927,308.1877,0.3451,0.4690,0.6835,5.1508,6.6750,303.2428,4.7853,6.2250,301.6511,0.3656,0.4500,1.5917
2021-12-30,10,d1_12z,5.1731,6.3004,306.8504,5.0105,6.0927,308.1877,0.1626,0.2077,-1.3372,4.8716,6.2815,299.8431,4.7853,6.2250,301.6511,0.0864,0.0564,-1.8080
2021-12-30,11,d1_00z,5.5480,6.7236,428.9234,5.3445,6.4309,428.4716,0.2035,0.2928,0.4518,5.7382,7.3595,426.1375,5.5427,7.0953,425.3078,0.1955,0.2642,0.8296
2021-12-30,11,d1_12z,5.4207,6.5270,427.2285,5.3445,6.4309,428.4716,0.0762,0.0962,-1.2431,5.4651,6.9706,425.1474,5.5427,7.0953,425.3078,-0.0776,-0.1247,-0.1605
2021-12-30,12,d1_00z,5.7799,6.9802,496.5124,5.6742,6.8253,497.2818,0.1057,0.1549,-0.7693,6.2714,8.0369,500.2804,6.2734,8.0136,500.4561,-0.0020,0.0233,-0.1757
2021-12-30,12,d1_12z,5.6917,6.8614,491.2932,5.6742,6.8253,497.2818,0.0175,0.0361,-5.9886,6.0628,7.7219,491.3511,6.2734,8.0136,500.4561,-0.2106,-0.2917,-9.1051
2021-12-30,13,d1_00z,5.9869,7.2738,501.0370,5.8688,7.1027,505.3928,0.1181,0.1711,-4.3558,6.6342,8.5065,509.7984,6.5147,8.3528,513.6509,0.1195,0.1537,-3.8525
2021-12-30,13,d1_12z,5.8668,7.1018,497.9149,5.8688,7.1027,505.3928,-0.0020,-0.0009,-7.4779,6.3449,8.1117,505.6349,6.5147,8.3528,513.6509,-0.1698,-0.2411,-8.0160
2021-12-30,14,d1_00z,6.0862,7.4645,447.8404,5.9132,7.2500,451.8606,0.1730,0.2145,-4.0202,6.7724,8.7826,462.5505,6.3625,8.2586,466.3348,0.4100,0.5240,-3.7843
2021-12-30,14,d1_12z,5.9493,7.2631,446.8194,5.9132,7.2500,451.8606,0.0361,0.0131,-5.0412,6.4200,8.2718,461.3314,6.3625,8.2586,466.3348,0.0576,0.0132,-5.0033
2021-12-30,15,d1_00z,6.0617,7.5479,337.7992,5.7648,7.1828,341.7177,0.2969,0.3650,-3.9185,6.7207,8.8995,356.3060,6.1050,8.0780,359.5762,0.6157,0.8214,-3.2701
2021-12-30,15,d1_12z,5.8320,7.2161,338.9623,5.7648,7.1828,341.7177,0.0672,0.0333,-2.7554,6.2299,8.1569,356.5646,6.1050,8.0780,359.5762,0.1248,0.0788,-3.0116
2021-12-30,16,d1_00z,5.6693,7.4163,186.7778,5.1784,6.8425,191.2065,0.4909,0.5737,-4.4288,6.3116,8.7843,204.4317,5.4024,7.6995,208.7583,0.9091,1.0848,-4.3266
2021-12-30,16,d1_12z,5.2888,6.8434,190.5808,5.1784,6.8425,191.2065,0.1104,0.0009,-0.6258,5.7124,7.8538,208.7555,5.4024,7.6995,208.7583,0.3100,0.1543,-0.0028
2021-12-30,17,d1_00z,5.3490,7.3996,41.6815,4.7740,6.5703,42.6973,0.5750,0.8294,-1.0158,5.5326,8.4711,51.4436,4.8239,7.5488,52.7239,0.7087,0.9224,-1.2803
2021-12-30,17,d1_12z,4.8911,6.6210,42.2321,4.7740,6.5703,42.6973,0.1171,0.0507,-0.4652,5.0286,7.6179,52.2623,4.8239,7.5488,52.7239,0.2048,0.0691,-0.4616
2021-12-30,18,d1_00z,5.1667,7.2329,0.1234,4.5738,6.3036,0.1212,0.5930,0.9293,0.0022,5.1032,7.8824,0.1515,4.5655,7.2743,0.1463,0.5377,0.6081,0.0052
2021-12-30,18,d1_12z,4.6653,6.3652,0.1170,4.5738,6.3036,0.1212,0.0915,0.0616,-0.0041,4.5356,7.0133,0.1397,4.5655,7.2743,0.1463,-0.0299,-0.2609,-0.0067
2021-12-30,19,d1_00z,4.9636,6.9572,0.0029,4.3845,6.0163,-0.0013,0.5791,0.9409,0.0042,4.8068,7.4659,0.0057,4.2425,6.7046,0.0057,0.5643,0.7614,0.0000
2021-12-30,19,d1_12z,4.4581,6.0580,-0.0002,4.3845,6.0163,-0.0013,0.0737,0.0417,0.0012,4.0809,6.2242,-0.0004,4.2425,6.7046,0.0057,-0.1616,-0.4804,-0.0062
2021-12-30,20,d1_00z,4.6797,6.5603,-0.0089,3.9456,5.3277,-0.0003,0.7340,1.2326,-0.0086,4.3922,6.8362,-0.0001,3.6268,5.7802,-0.0147,0.7654,1.0560,0.0146
2021-12-30,20,d1_12z,4.2035,5.6660,-0.0003,3.9456,5.3277,-0.0003,0.2579,0.3383,0.0001,3.7869,5.7481,0.0021,3.6268,5.7802,-0.0147,0.1601,-0.0321,0.0168
2021-12-30,21,d1_00z,4.4488,6.2212,0.0000,3.6843,4.8977,0.0000,0.7645,1.3235,0.0000,3.9654,6.1192,0.0000,3.3786,5.2926,0.0000,0.5868,0.8266,0.0000
2021-12-30,21,d1_12z,3.9803,5.2911,0.0000,3.6843,4.8977,0.0000,0.2960,0.3934,0.0000,3.5983,5.4351,0.0000,3.3786,5.2926,0.0000,0.2197,0.1425,0.0000
2021-12-30,22,d1_00z,4.1977,5.8337,0.0000,3.4823,4.5357,0.0000,0.7154,1.2980,0.0000,3.5469,5.4455,0.0000,3.1085,4.7740,0.0000,0.4384,0.6715,0.0000
2021-12-30,22,d1_12z,3.8364,5.0152,0.0000,3.4823,4.5357,0.0000,0.3541,0.4795,0.0000,3.2599,4.8707,0.0000,3.1085,4.7740,0.0000,0.1514,0.0967,0.0000
2021-12-30,23,d1_00z,3.9329,5.4107,0.0000,3.2727,4.2227,0.0000,0.6602,1.1881,0.0000,3.3280,5.0649,0.0000,2.8673,4.4316,0.0000,0.4607,0.6332,0.0000
2021-12-30,23,d1_12z,3.6604,4.7476,0.0000,3.2727,4.2227,0.0000,0.3876,0.5249,0.0000,2.9261,4.3083,0.0000,2.8673,4.4316,0.0000,0.0588,-0.1233,0.0000
2021-12-31,0,d1_00z,3.3410,4.1839,0.0000,3.1550,4.0280,0.0000,0.1860,0.1560,0.0000,2.7101,3.8898,0.0000,2.7041,4.0992,0.0000,0.0061,-0.2094,0.0000
2021-12-31,0,d1_12z,3.1550,4.0280,0.0000,3.1550,4.0280,0.0000,0.0000,0.0000,0.0000,2.7041,4.0992,0.0000,2.7041,4.0992,0.0000,0.0000,0.0000,0.0000
2021-12-31,1,d1_00z,3.2317,4.0242,0.0000,3.0784,3.8962,0.0000,0.1532,0.1280,0.0000,2.7428,3.8624,0.0000,2.6560,3.8529,0.0000,0.0869,0.0094,0.0000
2021-12-31,1,d1_12z,3.0784,3.8962,0.0000,3.0784,3.8962,0.0000,0.0000,0.0000,0.0000,2.6560,3.8529,0.0000,2.6560,3.8529,0.0000,0.0000,0.0000,0.0000
2021-12-31,2,d1_00z,3.1352,3.9173,0.0000,2.9450,3.7228,0.0000,0.1902,0.1945,0.0000,2.6708,3.7816,0.0000,2.5653,3.6169,0.0000,0.1055,0.1647,0.0000
2021-12-31,2,d1_12z,2.9992,3.8054,0.0000,2.9450,3.7228,0.0000,0.0542,0.0826,0.0000,2.6000,3.6812,0.0000,2.5653,3.6169,0.0000,0.0347,0.0643,0.0000
2021-12-31,3,d1_00z,3.0162,3.8013,0.0000,2.8158,3.5754,0.0000,0.2004,0.2259,0.0000,2.5610,3.6341,0.0000,2.3896,3.3034,0.0000,0.1714,0.3307,0.0000
2021-12-31,3,d1_12z,2.8907,3.6847,0.0000,2.8158,3.5754,0.0000,0.0748,0.1094,0.0000,2.4300,3.3699,0.0000,2.3896,3.3034,0.0000,0.0404,0.0664,0.0000
2021-12-31,4,d1_00z,2.8538,3.6305,0.0000,2.7034,3.4338,0.0000,0.1504,0.1967,0.0000,2.3069,3.2746,0.0000,2.1048,2.8793,0.0000,0.2020,0.3952,0.0000
2021-12-31,4,d1_12z,2.7977,3.5744,0.0000,2.7034,3.4338,0.0000,0.0943,0.1407,0.0000,2.1573,2.9760,0.0000,2.1048,2.8793,0.0000,0.0525,0.0967,0.0000
2021-12-31,5,d1_00z,2.6702,3.4351,0.0000,2.5494,3.2505,0.0000,0.1207,0.1846,0.0000,2.1761,3.0476,0.0000,1.9875,2.7047,0.0000,0.1886,0.3429,0.0000
2021-12-31,5,d1_12z,2.6422,3.3982,0.0000,2.5494,3.2505,0.0000,0.0928,0.1477,0.0000,2.0712,2.8462,0.0000,1.9875,2.7047,0.0000,0.0837,0.1414,0.0000
2021-12-31,6,d1_00z,2.5039,3.2762,0.0000,2.3535,3.0277,0.0000,0.1504,0.2485,0.0000,2.2245,3.0398,0.0000,1.8776,2.5842,0.0000,0.3469,0.4557,0.0000
2021-12-31,6,d1_12z,2.4368,3.1571,0.0000,2.3535,3.0277,0.0000,0.0833,0.1295,0.0000,1.9514,2.7180,0.0000,1.8776,2.5842,0.0000,0.0739,0.1338,0.0000
2021-12-31,7,d1_00z,2.3655,3.1935,0.0000,2.1829,2.8156,0.0000,0.1827,0.3779,0.0000,2.1969,3.0133,0.0000,1.7681,2.4195,0.0000,0.4288,0.5938,0.0000
2021-12-31,7,d1_12z,2.2511,2.9255,0.0000,2.1829,2.8156,0.0000,0.0683,0.1100,0.0000,1.8157,2.5226,0.0000,1.7681,2.4195,0.0000,0.0476,0.1031,0.0000
2021-12-31,8,d1_00z,2.2924,3.2156,19.4927,2.1604,2.8078,19.5042,0.1320,0.4078,-0.0115,2.1596,2.9969,14.7241,1.8074,2.5216,14.8589,0.3522,0.4753,-0.1348
2021-12-31,8,d1_12z,2.1576,2.8324,19.5478,2.1604,2.8078,19.5042,-0.0028,0.0247,0.0436,1.8330,2.4741,14.8826,1.8074,2.5216,14.8589,0.0256,-0.0476,0.0238
2021-12-31,9,d1_00z,2.1705,2.9489,148.5373,2.0988,2.7339,148.5237,0.0717,0.2150,0.0136,2.2508,2.9726,138.9240,1.9874,2.5871,138.0097,0.2635,0.3854,0.9142
2021-12-31,9,d1_12z,2.0604,2.6956,148.6622,2.0988,2.7339,148.5237,-0.0384,-0.0383,0.1385,1.9291,2.4897,138.1228,1.9874,2.5871,138.0097,-0.0582,-0.0974,0.1130
2021-12-31,10,d1_00z,2.3954,2.8504,295.4068,2.3439,2.6968,298.2561,0.0515,0.1536,-2.8493,2.5383,3.0146,284.4092,2.3662,2.7404,286.5494,0.1721,0.2741,-2.1402
2021-12-31,10,d1_12z,2.2770,2.6395,294.2574,2.3439,2.6968,298.2561,-0.0669,-0.0573,-3.9987,2.2383,2.5907,280.2162,2.3662,2.7404,286.5494,-0.1279,-0.1497,-6.3333
2021-12-31,11,d1_00z,2.5982,3.0561,399.8733,2.5167,2.8715,402.5768,0.0815,0.1846,-2.7036,2.7679,3.2386,374.8803,2.6121,3.0148,389.0862,0.1558,0.2238,-14.2060
2021-12-31,11,d1_12z,2.4200,2.7800,396.4374,2.5167,2.8715,402.5768,-0.0967,-0.0915,-6.1394,2.5060,2.8843,379.0225,2.6121,3.0148,389.0862,-0.1061,-0.1305,-10.0637
2021-12-31,12,d1_00z,2.6694,3.1505,451.6863,2.6384,3.0475,448.7138,0.0310,0.1030,2.9725,2.8909,3.3871,438.3930,2.8113,3.2590,432.2093,0.0796,0.1280,6.1836
2021-12-31,12,d1_12z,2.5185,2.9140,441.1814,2.6384,3.0475,448.7138,-0.1199,-0.1336,-7.5324,2.7269,3.1648,423.7508,2.8113,3.2590,432.2093,-0.0844,-0.0943,-8.4585
2021-12-31,13,d1_00z,2.7141,3.2168,438.5695,2.6884,3.1564,436.7668,0.0257,0.0604,1.8027,3.0085,3.5447,423.7245,2.8792,3.4006,420.0048,0.1293,0.1442,3.7197
2021-12-31,13,d1_12z,2.6307,3.0826,428.5438,2.6884,3.1564,436.7668,-0.0577,-0.0738,-8.2231,2.8409,3.3347,404.7087,2.8792,3.4006,420.0048,-0.0383,-0.0659,-15.2961
2021-12-31,14,d1_00z,2.6941,3.2351,368.8193,2.6443,3.1600,366.8020,0.0498,0.0751,2.0173,3.0120,3.6323,350.4347,2.7890,3.3585,356.4001,0.2230,0.2738,-5.9653
2021-12-31,14,d1_12z,2.6180,3.1200,365.2725,2.6443,3.1600,366.8020,-0.0262,-0.0400,-1.5296,2.7861,3.3250,355.1868,2.7890,3.3585,356.4001,-0.0029,-0.0334,-1.2133
2021-12-31,15,d1_00z,2.5910,3.2443,259.3904,2.5779,3.2297,263.6933,0.0132,0.0146,-4.3029,2.6797,3.3485,248.9181,2.5876,3.2646,258.7847,0.0921,0.0839,-9.8666
2021-12-31,15,d1_12z,2.5114,3.1469,262.7361,2.5779,3.2297,263.6933,-0.0665,-0.0828,-0.9571,2.5957,3.2561,258.9204,2.5876,3.2646,258.7847,0.0081,-0.0085,0.1357
2021-12-31,16,d1_00z,2.3692,3.2901,136.5037,2.3433,3.2723,137.7321,0.0259,0.0178,-1.2284,2.3378,3.2828,136.3799,2.2846,3.3378,140.2555,0.0532,-0.0550,-3.8756
2021-12-31,16,d1_12z,2.2920,3.1971,138.1635,2.3433,3.2723,137.7321,-0.0513,-0.0752,0.4313,2.3641,3.3567,137.3161,2.2846,3.3378,140.2555,0.0795,0.0189,-2.9394
2021-12-31,17,d1_00z,2.3917,3.6243,29.8566,2.3760,3.5506,30.8209,0.0157,0.0737,-0.9643,2.3319,3.5089,33.9250,2.3670,3.6073,35.7016,-0.0351,-0.0984,-1.7767
2021-12-31,17,d1_12z,2.3534,3.5256,29.7937,2.3760,3.5506,30.8209,-0.0225,-0.0250,-1.0271,2.3613,3.5791,33.9711,2.3670,3.6073,35.7016,-0.0057,-0.0282,-1.7305
2021-12-31,18,d1_00z,2.6026,4.0937,0.0855,2.5475,3.9480,0.0854,0.0551,0.1457,0.0001,2.5541,4.0353,0.1079,2.5189,3.9735,0.1065,0.0352,0.0618,0.0014
2021-12-31,18,d1_12z,2.5233,3.9062,0.0844,2.5475,3.9480,0.0854,-0.0243,-0.0418,-0.0009,2.5300,3.9557,0.1141,2.5189,3.9735,0.1065,0.0111,-0.0177,0.0076
2021-12-31,19,d1_00z,2.7925,4.4739,0.0021,2.6959,4.2830,-0.0015,0.0965,0.1910,0.0037,2.7431,4.4595,0.0037,2.6978,4.3560,0.0030,0.0453,0.1035,0.0007
2021-12-31,19,d1_12z,2.6843,4.2506,-0.0010,2.6959,4.2830,-0.0015,-0.0116,-0.0324,0.0006,2.7577,4.4420,-0.0090,2.6978,4.3560,0.0030,0.0598,0.0859,-0.0120
2021-12-31,20,d1_00z,2.9190,4.7288,-0.0045,2.9366,4.7025,-0.0032,-0.0176,0.0264,-0.0013,2.8030,4.6512,-0.0090,2.9353,4.8982,-0.0071,-0.1324,-0.2470,-0.0019
2021-12-31,20,d1_12z,2.8379,4.5501,-0.0019,2.9366,4.7025,-0.0032,-0.0988,-0.1524,0.0013,2.8919,4.7703,-0.0018,2.9353,4.8982,-0.0071,-0.0434,-0.1280,0.0053
2021-12-31,21,d1_00z,3.0239,4.8963,0.0000,3.1173,5.0054,0.0000,-0.0934,-0.1091,0.0000,2.7711,4.6008,0.0000,3.0010,5.0335,0.0000,-0.2300,-0.4327,0.0000
2021-12-31,21,d1_12z,2.9728,4.7816,0.0000,3.1173,5.0054,0.0000,-0.1445,-0.2238,0.0000,2.9717,4.9331,0.0000,3.0010,5.0335,0.0000,-0.0293,-0.1005,0.0000
2021-12-31,22,d1_00z,3.1252,5.0606,0.0000,3.2502,5.2415,0.0000,-0.1250,-0.1809,0.0000,2.8220,4.7118,0.0000,2.9920,5.1086,0.0000,-0.1700,-0.3968,0.0000
2021-12-31,22,d1_12z,3.0839,4.9575,0.0000,3.2502,5.2415,0.0000,-0.1663,-0.2840,0.0000,2.9150,4.8532,0.0000,2.9920,5.1086,0.0000,-0.0769,-0.2553,0.0000
2021-12-31,23,d1_00z,3.2039,5.2076,0.0000,3.3484,5.4479,0.0000,-0.1445,-0.2403,0.0000,2.9056,4.9382,0.0000,3.0438,5.2928,0.0000,-0.1382,-0.3546,0.0000
2021-12-31,23,d1_12z,3.1810,5.1376,0.0000,3.3484,5.4479,0.0000,-0.1674,-0.3103,0.0000,2.9554,4.9446,0.0000,3.0438,5.2928,0.0000,-0.0884,-0.3482,0.0000
2022-01-01,0,d1_00z,3.3093,5.3685,0.0000,3.4437,5.6265,0.0000,-0.1344,-0.2580,0.0000,2.9702,5.0918,0.0000,3.0631,5.3574,0.0000,-0.0929,-0.2655,0.0000
2022-01-01,0,d1_12z,3.4437,5.6265,0.0000,3.4437,5.6265,0.0000,0.0000,0.0000,0.0000,3.0631,5.3574,0.0000,3.0631,5.3574,0.0000,0.0000,0.0000,0.0000
2022-01-01,1,d1_00z,3.4676,5.6341,0.0000,3.6114,5.9033,0.0000,-0.1438,-0.2692,0.0000,3.0509,5.2746,0.0000,3.1560,5.5545,0.0000,-0.1051,-0.2799,0.0000
2022-01-01,1,d1_12z,3.6114,5.9033,0.0000,3.6114,5.9033,0.0000,0.0000,0.0000,0.0000,3.1560,5.5545,0.0000,3.1560,5.5545,0.0000,0.0000,0.0000,0.0000
2022-01-01,2,d1_00z,3.6049,5.8976,0.0000,3.7206,6.0900,0.0000,-0.1157,-0.1924,0.0000,3.1675,5.5352,0.0000,3.2401,5.7993,0.0000,-0.0726,-0.2642,0.0000
2022-01-01,2,d1_12z,3.7589,6.1686,0.0000,3.7206,6.0900,0.0000,0.0383,0.0787,0.0000,3.2598,5.8400,0.0000,3.2401,5.7993,0.0000,0.0197,0.0406,0.0000
2022-01-01,3,d1_00z,3.7268,6.0486,0.0000,3.8495,6.2601,0.0000,-0.1227,-0.2114,0.0000,3.2580,5.7567,0.0000,3.4073,6.1422,0.0000,-0.1493,-0.3855,0.0000
2022-01-01,3,d1_12z,3.9076,6.3681,0.0000,3.8495,6.2601,0.0000,0.0581,0.1081,0.0000,3.4530,6.2117,0.0000,3.4073,6.1422,0.0000,0.0457,0.0695,0.0000
2022-01-01,4,d1_00z,3.8680,6.3034,0.0000,4.0072,6.5229,0.0000,-0.1392,-0.2196,0.0000,3.3872,6.0724,0.0000,3.5979,6.5573,0.0000,-0.2108,-0.4849,0.0000
2022-01-01,4,d1_12z,4.0801,6.6611,0.0000,4.0072,6.5229,0.0000,0.0729,0.1382,0.0000,3.6269,6.6334,0.0000,3.5979,6.5573,0.0000,0.0290,0.0762,0.0000
2022-01-01,5,d1_00z,3.9941,6.5055,0.0000,4.1187,6.7128,0.0000,-0.1246,-0.2073,0.0000,3.4812,6.2590,0.0000,3.6032,6.5941,0.0000,-0.1220,-0.3351,0.0000
2022-01-01,5,d1_12z,4.1885,6.8515,0.0000,4.1187,6.7128,0.0000,0.0699,0.1386,0.0000,3.6586,6.6772,0.0000,3.6032,6.5941,0.0000,0.0554,0.0831,0.0000
2022-01-01,6,d1_00z,4.0923,6.6527,0.0000,4.1917,6.8296,0.0000,-0.0995,-0.1769,0.0000,3.5592,6.3884,0.0000,3.7590,6.8387,0.0000,-0.1998,-0.4504,0.0000
2022-01-01,6,d1_12z,4.2704,6.9695,0.0000,4.1917,6.8296,0.0000,0.0787,0.1399,0.0000,3.7864,6.8861,0.0000,3.7590,6.8387,0.0000,0.0274,0.0474,0.0000
2022-01-01,7,d1_00z,4.2260,6.8616,0.0000,4.2902,6.9953,0.0000,-0.0642,-0.1338,0.0000,3.6554,6.5634,0.0000,3.7711,6.9361,0.0000,-0.1158,-0.3727,0.0000
2022-01-01,7,d1_12z,4.3654,7.1396,0.0000,4.2902,6.9953,0.0000,0.0752,0.1443,0.0000,3.8206,7.0152,0.0000,3.7711,6.9361,0.0000,0.0495,0.0791,0.0000
2022-01-01,8,d1_00z,4.3349,7.0620,16.4783,4.5454,7.3915,17.1667,-0.2105,-0.3294,-0.6885,3.7458,6.7768,12.9148,4.0706,7.4469,12.9278,-0.3248,-0.6701,-0.0129
2022-01-01,8,d1_12z,4.4625,7.2878,17.3519,4.5454,7.3915,17.1667,-0.0829,-0.1036,0.1852,3.9191,7.1496,13.1537,4.0706,7.4469,12.9278,-0.1515,-0.2972,0.2260
2022-01-01,9,d1_00z,4.6825,6.8355,127.5396,4.9813,7.2045,127.3492,-0.2988,-0.3690,0.1904,4.0046,6.6649,123.6332,4.5334,7.3371,119.9848,-0.5288,-0.6723,3.6485
2022-01-01,9,d1_12z,4.8346,7.0337,128.5060,4.9813,7.2045,127.3492,-0.1467,-0.1709,1.1568,4.2498,7.0152,121.4852,4.5334,7.3371,119.9848,-0.2836,-0.3220,1.5004
2022-01-01,10,d1_00z,5.5706,7.2733,281.0900,5.8560,7.6685,274.9077,-0.2853,-0.3952,6.1823,5.1003,7.0049,287.1121,5.6305,7.7913,276.6861,-0.5302,-0.7865,10.4259
2022-01-01,10,d1_12z,5.6805,7.4383,277.4552,5.8560,7.6685,274.9077,-0.1755,-0.2302,2.5475,5.2680,7.2720,277.3949,5.6305,7.7913,276.6861,-0.3625,-0.5193,0.7087
2022-01-01,11,d1_00z,6.0622,7.8029,410.2617,6.3357,8.1614,401.8290,-0.2735,-0.3586,8.4327,5.8819,7.8457,423.4247,6.3894,8.5901,416.9933,-0.5076,-0.7444,6.4315
2022-01-01,11,d1_12z,6.1489,7.9286,404.1212,6.3357,8.1614,401.8290,-0.1867,-0.2329,2.2922,6.0284,8.0613,415.8780,6.3894,8.5901,416.9933,-0.3611,-0.5288,-1.1152
2022-01-01,12,d1_00z,6.2689,8.0244,484.0256,6.4760,8.2809,476.3092,-0.2070,-0.2564,7.7164,6.2754,8.2940,500.9856,6.5606,8.7115,498.6642,-0.2851,-0.4175,2.3214
2022-01-01,12,d1_12z,6.3443,8.1265,480.0260,6.4760,8.2809,476.3092,-0.1317,-0.1544,3.7168,6.3412,8.4026,499.1865,6.5606,8.7115,498.6642,-0.2194,-0.3089,0.5224
2022-01-01,13,d1_00z,6.1768,7.8934,499.6275,6.3217,8.0655,491.6006,-0.1448,-0.1721,8.0269,6.3159,8.3227,515.0608,6.3981,8.4885,511.8001,-0.0822,-0.1658,3.2607
2022-01-01,13,d1_12z,6.2150,7.9428,496.6817,6.3217,8.0655,491.6006,-0.1067,-0.1226,5.0811,6.2729,8.2967,514.7282,6.3981,8.4885,511.8001,-0.1252,-0.1919,2.9281
2022-01-01,14,d1_00z,5.8522,7.4979,450.7467,5.8721,7.4996,443.8542,-0.0200,-0.0016,6.8925,6.0907,8.0455,467.1507,6.0629,8.0179,465.6295,0.0278,0.0276,1.5212
2022-01-01,14,d1_12z,5.8529,7.4996,449.7568,5.8721,7.4996,443.8542,-0.0192,-0.0000,5.9026,5.9918,7.9499,467.0181,6.0629,8.0179,465.6295,-0.0711,-0.0680,1.3886
2022-01-01,15,d1_00z,5.3590,6.9729,343.7747,5.3968,6.9978,337.5346,-0.0377,-0.0248,6.2401,5.5068,7.4220,362.4339,5.5090,7.4329,361.5694,-0.0022,-0.0109,0.8645
2022-01-01,15,d1_12z,5.3377,6.9582,344.0891,5.3968,6.9978,337.5346,-0.0590,-0.0396,6.5544,5.3042,7.2570,362.2543,5.5090,7.4329,361.5694,-0.2047,-0.1760,0.6849
2022-01-01,16,d1_00z,4.6069,6.4126,195.5426,4.5804,6.3513,193.3301,0.0265,0.0613,2.2126,4.5354,6.7860,214.2471,4.4009,6.6465,213.9371,0.1345,0.1395,0.3100
2022-01-01,16,d1_12z,4.5643,6.3823,195.6536,4.5804,6.3513,193.3301,-0.0161,0.0311,2.3235,4.3201,6.6730,214.1718,4.4009,6.6465,213.9371,-0.0808,0.0265,0.2347
2022-01-01,17,d1_00z,4.1238,6.3715,45.1878,4.0358,6.1787,45.0834,0.0881,0.1928,0.1044,3.8602,6.8499,55.7619,3.7433,6.6298,55.6931,0.1169,0.2201,0.0688
2022-01-01,17,d1_12z,4.0660,6.2926,45.1975,4.0358,6.1787,45.0834,0.0302,0.1139,0.1141,3.7744,6.7525,55.7399,3.7433,6.6298,55.6931,0.0311,0.1227,0.0468
2022-01-01,18,d1_00z,4.1147,6.4472,0.1712,3.9757,6.1605,0.1741,0.1390,0.2867,-0.0030,3.5979,6.6122,0.2173,3.5833,6.5306,0.2223,0.0145,0.0816,-0.0050
2022-01-01,18,d1_12z,4.0121,6.3018,0.1725,3.9757,6.1605,0.1741,0.0364,0.1413,-0.0016,3.6240,6.5788,0.2222,3.5833,6.5306,0.2223,0.0407,0.0482,-0.0001
2022-01-01,19,d1_00z,4.2161,6.6183,0.0010,4.0665,6.3304,0.0007,0.1496,0.2879,0.0002,3.9013,6.9267,0.0061,3.8245,6.9263,0.0053,0.0768,0.0004,0.0008
2022-01-01,19,d1_12z,4.1319,6.4874,0.0001,4.0665,6.3304,0.0007,0.0654,0.1570,-0.0006,3.8519,6.9645,-0.0007,3.8245,6.9263,0.0053,0.0274,0.0382,-0.0060
2022-01-01,20,d1_00z,4.3764,6.9497,-0.0027,4.1258,6.4680,0.0004,0.2506,0.4817,-0.0031,4.1777,7.3510,0.0029,4.0140,7.3063,-0.0019,0.1637,0.0447,0.0048
2022-01-01,20,d1_12z,4.3205,6.8496,-0.0019,4.1258,6.4680,0.0004,0.1947,0.3816,-0.0023,4.0385,7.2882,-0.0111,4.0140,7.3063,-0.0019,0.0245,-0.0182,-0.0092
2022-01-01,21,d1_00z,4.6542,7.3716,0.0000,4.4103,6.8849,0.0000,0.2439,0.4867,0.0000,4.6187,7.8048,0.0000,4.5244,7.8031,0.0000,0.0943,0.0016,0.0000
2022-01-01,21,d1_12z,4.6129,7.2774,0.0000,4.4103,6.8849,0.0000,0.2026,0.3925,0.0000,4.4018,7.5787,0.0000,4.5244,7.8031,0.0000,-0.1226,-0.2244,0.0000
2022-01-01,22,d1_00z,5.0844,7.8865,0.0000,4.8945,7.4723,0.0000,0.1899,0.4142,0.0000,5.2214,8.4060,0.0000,4.9427,8.1903,0.0000,0.2786,0.2157,0.0000
2022-01-01,22,d1_12z,5.0511,7.8073,0.0000,4.8945,7.4723,0.0000,0.1566,0.3350,0.0000,5.0228,8.1592,0.0000,4.9427,8.1903,0.0000,0.0801,-0.0311,0.0000
2022-01-01,23,d1_00z,5.5153,8.4126,0.0000,5.3350,8.0451,0.0000,0.1803,0.3675,0.0000,5.5588,8.8718,0.0000,5.2376,8.4539,0.0000,0.3212,0.4180,0.0000
2022-01-01,23,d1_12z,5.4703,8.3187,0.0000,5.3350,8.0451,0.0000,0.1353,0.2737,0.0000,5.3805,8.6741,0.0000,5.2376,8.4539,0.0000,0.1428,0.2202,0.0000
2022-01-02,0,d1_00z,5.9479,8.9160,0.0000,5.7150,8.5581,0.0000,0.2329,0.3579,0.0000,5.7317,9.0492,0.0000,5.5394,8.7518,0.0000,0.1923,0.2974,0.0000
2022-01-02,0,d1_12z,5.7150,8.5581,0.0000,5.7150,8.5581,0.0000,0.0000,0.0000,0.0000,5.5394,8.7518,0.0000,5.5394,8.7518,0.0000,0.0000,0.0000,0.0000
2022-01-02,1,d1_00z,5.9719,8.8907,0.0000,5.9064,8.7850,0.0000,0.0654,0.1057,0.0000,5.9658,9.2111,0.0000,5.8426,9.0652,0.0000,0.1232,0.1459,0.0000
2022-01-02,1,d1_12z,5.9064,8.7850,0.0000,5.9064,8.7850,0.0000,0.0000,0.0000,0.0000,5.8426,9.0652,0.0000,5.8426,9.0652,0.0000,0.0000,0.0000,0.0000
2022-01-02,2,d1_00z,5.9175,8.7559,0.0000,5.9879,8.8581,0.0000,-0.0704,-0.1023,0.0000,5.9958,9.0744,0.0000,6.1742,9.2838,0.0000,-0.1784,-0.2094,0.0000
2022-01-02,2,d1_12z,6.0010,8.8800,0.0000,5.9879,8.8581,0.0000,0.0131,0.0219,0.0000,6.2209,9.3207,0.0000,6.1742,9.2838,0.0000,0.0467,0.0369,0.0000
2022-01-02,3,d1_00z,5.7681,8.4737,0.0000,5.9293,8.7177,0.0000,-0.1612,-0.2440,0.0000,5.7162,8.6710,0.0000,6.0823,9.0912,0.0000,-0.3661,-0.4202,0.0000
2022-01-02,3,d1_12z,5.9226,8.7046,0.0000,5.9293,8.7177,0.0000,-0.0067,-0.0131,0.0000,6.0792,9.0786,0.0000,6.0823,9.0912,0.0000,-0.0031,-0.0126,0.0000
2022-01-02,4,d1_00z,5.5529,8.1393,0.0000,5.7351,8.4078,0.0000,-0.1822,-0.2685,0.0000,5.3838,8.1614,0.0000,5.7276,8.6197,0.0000,-0.3438,-0.4583,0.0000
2022-01-02,4,d1_12z,5.7036,8.3650,0.0000,5.7351,8.4078,0.0000,-0.0315,-0.0428,0.0000,5.6803,8.5809,0.0000,5.7276,8.6197,0.0000,-0.0473,-0.0388,0.0000
2022-01-02,5,d1_00z,5.3281,7.7912,0.0000,5.5241,8.1107,0.0000,-0.1960,-0.3195,0.0000,5.0121,7.5999,0.0000,5.3732,8.1543,0.0000,-0.3612,-0.5544,0.0000
2022-01-02,5,d1_12z,5.4711,8.0428,0.0000,5.5241,8.1107,0.0000,-0.0530,-0.0679,0.0000,5.3034,8.0710,0.0000,5.3732,8.1543,0.0000,-0.0699,-0.0834,0.0000
2022-01-02,6,d1_00z,5.0457,7.3806,0.0000,5.2669,7.7310,0.0000,-0.2212,-0.3504,0.0000,4.6111,7.0150,0.0000,4.9709,7.5766,0.0000,-0.3598,-0.5616,0.0000
2022-01-02,6,d1_12z,5.1950,7.6475,0.0000,5.2669,7.7310,0.0000,-0.0719,-0.0835,0.0000,4.8656,7.4557,0.0000,4.9709,7.5766,0.0000,-0.1053,-0.1209,0.0000
2022-01-02,7,d1_00z,4.6955,6.8502,0.0000,4.9493,7.2343,0.0000,-0.2538,-0.3840,0.0000,4.2144,6.4409,0.0000,4.5020,6.9148,0.0000,-0.2876,-0.4738,0.0000
2022-01-02,7,d1_12z,4.8533,7.1169,0.0000,4.9493,7.2343,0.0000,-0.0960,-0.1174,0.0000,4.3835,6.7583,0.0000,4.5020,6.9148,0.0000,-0.1185,-0.1565,0.0000
2022-01-02,8,d1_00z,4.3248,6.2019,19.7712,4.5456,6.5778,19.6509,-0.2208,-0.3758,0.1203,3.8377,5.7869,14.9027,3.9498,6.0961,14.8225,-0.1121,-0.3092,0.0802
2022-01-02,8,d1_12z,4.4831,6.4676,19.6864,4.5456,6.5778,19.6509,-0.0625,-0.1102,0.0355,3.9419,5.9694,14.8358,3.9498,6.0961,14.8225,-0.0078,-0.1267,0.0134
2022-01-02,9,d1_00z,4.4693,5.5662,155.2113,4.6899,5.8676,154.5476,-0.2206,-0.3014,0.6637,4.0512,5.2958,145.1540,4.1825,5.4931,144.6005,-0.1314,-0.1973,0.5534
2022-01-02,9,d1_12z,4.6093,5.7480,154.6588,4.6899,5.8676,154.5476,-0.0805,-0.1196,0.1112,4.1601,5.4156,144.6341,4.1825,5.4931,144.6005,-0.0224,-0.0775,0.0336
2022-01-02,10,d1_00z,4.2986,5.0981,315.1833,4.4958,5.3457,314.2377,-0.1971,-0.2476,0.9456,4.0240,4.9288,307.9444,4.1507,5.1009,307.1785,-0.1268,-0.1721,0.7659
2022-01-02,10,d1_12z,4.3888,5.2025,314.3740,4.4958,5.3457,314.2377,-0.1070,-0.1432,0.1363,4.1140,5.0307,307.2113,4.1507,5.1009,307.1785,-0.0368,-0.0702,0.0328
2022-01-02,11,d1_00z,3.8513,4.4131,439.2556,4.0211,4.6160,438.2619,-0.1698,-0.2029,0.9937,3.6100,4.2469,436.4102,3.7181,4.4013,435.6365,-0.1081,-0.1544,0.7738
2022-01-02,11,d1_12z,3.9222,4.4903,438.3566,4.0211,4.6160,438.2619,-0.0989,-0.1257,0.0947,3.7087,4.3794,435.5671,3.7181,4.4013,435.6365,-0.0093,-0.0219,-0.0694
2022-01-02,12,d1_00z,3.3781,3.7633,509.0304,3.5591,3.9459,508.4205,-0.1810,-0.1826,0.6099,3.1734,3.6199,511.2282,3.3420,3.8393,510.9517,-0.1686,-0.2194,0.2765
2022-01-02,12,d1_12z,3.4753,3.8600,507.3389,3.5591,3.9459,508.4205,-0.0838,-0.0859,-1.0816,3.3261,3.8232,509.3074,3.3420,3.8393,510.9517,-0.0160,-0.0160,-1.6444
2022-01-02,13,d1_00z,3.0994,3.4096,514.7913,3.2444,3.5385,514.6557,-0.1449,-0.1289,0.1356,2.9768,3.3326,520.5285,3.0826,3.4968,519.3210,-0.1058,-0.1642,1.2075
2022-01-02,13,d1_12z,3.2169,3.5320,512.0742,3.2444,3.5385,514.6557,-0.0274,-0.0065,-2.5815,3.0954,3.5197,515.6467,3.0826,3.4968,519.3210,0.0128,0.0229,-3.6743
2022-01-02,14,d1_00z,2.9554,3.2861,455.2585,3.0216,3.2554,456.4344,-0.0663,0.0307,-1.1759,2.8345,3.1792,462.4741,2.8996,3.2619,463.6572,-0.0650,-0.0827,-1.1830
2022-01-02,14,d1_12z,3.0795,3.4104,453.7902,3.0216,3.2554,456.4344,0.0579,0.1550,-2.6442,3.0109,3.4302,459.7759,2.8996,3.2619,463.6572,0.1114,0.1683,-3.8813
2022-01-02,15,d1_00z,2.8961,3.3343,336.7420,2.8468,3.1535,343.1818,0.0493,0.1808,-6.4398,2.8166,3.2807,343.5519,2.7901,3.2186,353.3835,0.0265,0.0621,-9.8317
2022-01-02,15,d1_12z,3.0394,3.4769,339.3223,2.8468,3.1535,343.1818,0.1926,0.3234,-3.8595,3.0397,3.5849,347.8130,2.7901,3.2186,353.3835,0.2495,0.3663,-5.5705
2022-01-02,16,d1_00z,2.7472,3.4494,184.5708,2.6895,3.2177,191.6710,0.0578,0.2317,-7.1002,2.6673,3.4164,191.4875,2.5217,3.1818,205.5874,0.1455,0.2346,-14.0999
2022-01-02,16,d1_12z,2.9035,3.6145,186.8608,2.6895,3.2177,191.6710,0.2140,0.3969,-4.8102,2.8675,3.6612,199.4588,2.5217,3.1818,205.5874,0.3457,0.4795,-6.1287
2022-01-02,17,d1_00z,2.6535,3.7130,41.5436,2.5134,3.4103,43.5996,0.1400,0.3027,-2.0560,2.5113,3.5743,48.6387,2.2586,3.3035,52.6070,0.2527,0.2708,-3.9683
2022-01-02,17,d1_12z,2.7395,3.8496,42.1542,2.5134,3.4103,43.5996,0.2261,0.4393,-1.4454,2.6254,3.8529,49.7569,2.2586,3.3035,52.6070,0.3667,0.5494,-2.8501
2022-01-02,18,d1_00z,2.6841,3.9951,0.1898,2.5034,3.6243,0.2034,0.1807,0.3708,-0.0136,2.5310,3.7636,0.2425,2.3101,3.4620,0.2754,0.2209,0.3016,-0.0329
2022-01-02,18,d1_12z,2.7306,4.1158,0.2009,2.5034,3.6243,0.2034,0.2273,0.4915,-0.0025,2.6173,4.0612,0.2700,2.3101,3.4620,0.2754,0.3072,0.5992,-0.0054
2022-01-02,19,d1_00z,2.7273,4.1926,-0.0045,2.4782,3.7373,0.0014,0.2491,0.4553,-0.0060,2.5269,3.8420,-0.0036,2.3845,3.6583,0.0060,0.1424,0.1837,-0.0096
2022-01-02,19,d1_12z,2.7331,4.2533,0.0044,2.4782,3.7373,0.0014,0.2549,0.5160,0.0030,2.5711,4.0419,0.0044,2.3845,3.6583,0.0060,0.1866,0.3836,-0.0017
2022-01-02,20,d1_00z,2.7838,4.3503,0.0033,2.5041,3.8952,-0.0024,0.2798,0.4551,0.0058,2.6132,4.0022,0.0051,2.4399,3.7303,-0.0084,0.1734,0.2719,0.0135
2022-01-02,20,d1_12z,2.7138,4.3005,-0.0062,2.5041,3.8952,-0.0024,0.2098,0.4053,-0.0037,2.5532,4.0223,-0.0197,2.4399,3.7303,-0.0084,0.1133,0.2920,-0.0113
2022-01-02,21,d1_00z,2.8270,4.4852,0.0000,2.5499,4.0152,0.0000,0.2771,0.4701,0.0000,2.6541,4.2484,0.0000,2.5435,3.9307,0.0000,0.1107,0.3177,0.0000
2022-01-02,21,d1_12z,2.7221,4.3562,0.0000,2.5499,4.0152,0.0000,0.1722,0.3411,0.0000,2.6396,4.2067,0.0000,2.5435,3.9307,0.0000,0.0962,0.2760,0.0000
2022-01-02,22,d1_00z,2.8258,4.5191,0.0000,2.5704,4.1199,0.0000,0.2554,0.3992,0.0000,2.6199,4.3830,0.0000,2.5829,4.1726,0.0000,0.0370,0.2104,0.0000
2022-01-02,22,d1_12z,2.7101,4.3874,0.0000,2.5704,4.1199,0.0000,0.1397,0.2675,0.0000,2.5611,4.2219,0.0000,2.5829,4.1726,0.0000,-0.0218,0.0493,0.0000
2022-01-02,23,d1_00z,2.8470,4.5847,0.0000,2.6420,4.2977,0.0000,0.2051,0.2871,0.0000,2.7004,4.6102,0.0000,2.6316,4.3140,0.0000,0.0688,0.2962,0.0000
2022-01-02,23,d1_12z,2.7379,4.4878,0.0000,2.6420,4.2977,0.0000,0.0959,0.1901,0.0000,2.6057,4.3749,0.0000,2.6316,4.3140,0.0000,-0.0259,0.0610,0.0000
2022-01-03,0,d1_00z,2.7674,4.5769,0.0000,2.7792,4.5565,0.0000,-0.0118,0.0204,0.0000,2.7151,4.5523,0.0000,2.7459,4.5794,0.0000,-0.0308,-0.0270,0.0000
2022-01-03,0,d1_12z,2.7792,4.5565,0.0000,2.7792,4.5565,0.0000,0.0000,0.0000,0.0000,2.7459,4.5794,0.0000,2.7459,4.5794,0.0000,0.0000,0.0000,0.0000
2022-01-03,1,d1_00z,2.8554,4.7562,0.0000,2.9199,4.7907,0.0000,-0.0644,-0.0346,0.0000,2.7663,4.7238,0.0000,2.8411,4.7551,0.0000,-0.0748,-0.0312,0.0000
2022-01-03,1,d1_12z,2.9199,4.7907,0.0000,2.9199,4.7907,0.0000,0.0000,0.0000,0.0000,2.8411,4.7551,0.0000,2.8411,4.7551,0.0000,0.0000,0.0000,0.0000
2022-01-03,2,d1_00z,2.9229,4.8055,0.0000,2.9354,4.7670,0.0000,-0.0125,0.0385,0.0000,2.7963,4.7610,0.0000,2.7974,4.6436,0.0000,-0.0011,0.1174,0.0000
2022-01-03,2,d1_12z,2.9747,4.8420,0.0000,2.9354,4.7670,0.0000,0.0393,0.0750,0.0000,2.8294,4.7234,0.0000,2.7974,4.6436,0.0000,0.0320,0.0798,0.0000
2022-01-03,3,d1_00z,2.9678,4.7816,0.0000,2.9347,4.6916,0.0000,0.0331,0.0900,0.0000,2.7425,4.6538,0.0000,2.7147,4.5182,0.0000,0.0278,0.1356,0.0000
2022-01-03,3,d1_12z,2.9818,4.7823,0.0000,2.9347,4.6916,0.0000,0.0472,0.0907,0.0000,2.7366,4.5956,0.0000,2.7147,4.5182,0.0000,0.0219,0.0774,0.0000
2022-01-03,4,d1_00z,2.9858,4.7231,0.0000,2.9119,4.5837,0.0000,0.0739,0.1394,0.0000,2.7159,4.5289,0.0000,2.6551,4.3737,0.0000,0.0608,0.1552,0.0000
2022-01-03,4,d1_12z,2.9706,4.6952,0.0000,2.9119,4.5837,0.0000,0.0587,0.1115,0.0000,2.6854,4.4767,0.0000,2.6551,4.3737,0.0000,0.0303,0.1030,0.0000
2022-01-03,5,d1_00z,3.0044,4.6708,0.0000,2.8803,4.4287,0.0000,0.1241,0.2422,0.0000,2.7483,4.5376,0.0000,2.6523,4.2856,0.0000,0.0961,0.2520,0.0000
2022-01-03,5,d1_12z,2.9601,4.5719,0.0000,2.8803,4.4287,0.0000,0.0798,0.1432,0.0000,2.6956,4.3935,0.0000,2.6523,4.2856,0.0000,0.0434,0.1079,0.0000
2022-01-03,6,d1_00z,3.0204,4.5988,0.0000,2.8875,4.3364,0.0000,0.1329,0.2623,0.0000,2.7636,4.5723,0.0000,2.7331,4.3219,0.0000,0.0305,0.2504,0.0000
2022-01-03,6,d1_12z,2.9702,4.4834,0.0000,2.8875,4.3364,0.0000,0.0827,0.1470,0.0000,2.7868,4.4497,0.0000,2.7331,4.3219,0.0000,0.0537,0.1278,0.0000
2022-01-03,7,d1_00z,3.0290,4.5012,0.0000,2.9112,4.2662,0.0000,0.1178,0.2350,0.0000,2.8233,4.6006,0.0000,2.7853,4.3720,0.0000,0.0381,0.2286,0.0000
2022-01-03,7,d1_12z,2.9884,4.3976,0.0000,2.9112,4.2662,0.0000,0.0772,0.1314,0.0000,2.8488,4.5041,0.0000,2.7853,4.3720,0.0000,0.0635,0.1321,0.0000
2022-01-03,8,d1_00z,3.0089,4.3920,18.2770,2.9509,4.3215,18.3835,0.0580,0.0705,-0.1065,2.8404,4.6837,13.8043,2.7868,4.4541,13.8400,0.0536,0.2295,-0.0357
2022-01-03,8,d1_12z,2.9668,4.2961,18.2691,2.9509,4.3215,18.3835,0.0159,-0.0254,-0.1144,2.7881,4.4536,13.8040,2.7868,4.4541,13.8400,0.0013,-0.0005,-0.0359
2022-01-03,9,d1_00z,3.0502,3.9934,146.2046,2.9495,3.8952,146.9623,0.1007,0.0982,-0.7577,2.9100,4.3548,136.6798,2.7586,4.0963,137.3226,0.1514,0.2585,-0.6428
2022-01-03,9,d1_12z,2.9775,3.8665,146.4833,2.9495,3.8952,146.9623,0.0280,-0.0287,-0.4790,2.7742,4.0909,137.2621,2.7586,4.0963,137.3226,0.0155,-0.0053,-0.0605
2022-01-03,10,d1_00z,3.3262,3.8948,301.2630,3.2288,3.7948,302.1868,0.0975,0.1000,-0.9238,3.3932,4.2837,294.9694,3.1483,3.9562,295.2625,0.2449,0.3274,-0.2931
2022-01-03,10,d1_12z,3.2568,3.8033,301.9451,3.2288,3.7948,302.1868,0.0280,0.0085,-0.2417,3.1500,3.9323,295.3514,3.1483,3.9562,295.2625,0.0017,-0.0239,0.0890
2022-01-03,11,d1_00z,3.5352,4.0455,422.7347,3.4705,3.9865,423.4497,0.0647,0.0590,-0.7150,3.8127,4.6487,421.2744,3.4868,4.2137,421.2981,0.3259,0.4350,-0.0237
2022-01-03,11,d1_12z,3.4752,3.9648,423.3839,3.4705,3.9865,423.4497,0.0047,-0.0218,-0.0659,3.4357,4.1603,421.5412,3.4868,4.2137,421.2981,-0.0512,-0.0534,0.2432
2022-01-03,12,d1_00z,3.7906,4.3414,492.5228,3.6434,4.1599,492.6544,0.1472,0.1815,-0.1317,4.1418,5.0045,496.3882,3.7634,4.5049,495.9155,0.3784,0.4996,0.4727
2022-01-03,12,d1_12z,3.6083,4.0871,492.8696,3.6434,4.1599,492.6544,-0.0352,-0.0728,0.2151,3.7305,4.4585,496.4649,3.7634,4.5049,495.9155,-0.0329,-0.0463,0.5494
2022-01-03,13,d1_00z,3.9712,4.5582,502.6050,3.7174,4.2383,502.3728,0.2538,0.3198,0.2322,4.3489,5.2538,511.7626,3.9282,4.6873,511.0362,0.4207,0.5664,0.7264
2022-01-03,13,d1_12z,3.6795,4.1625,502.6151,3.7174,4.2383,502.3728,-0.0379,-0.0758,0.2423,3.8840,4.6310,511.5370,3.9282,4.6873,511.0362,-0.0442,-0.0563,0.5009
2022-01-03,14,d1_00z,4.1365,4.8061,451.7732,3.7990,4.3927,451.3372,0.3375,0.4134,0.4359,4.5440,5.5349,465.5383,4.0593,4.8756,464.8560,0.4847,0.6593,0.6823
2022-01-03,14,d1_12z,3.6780,4.2004,451.4937,3.7990,4.3927,451.3372,-0.1209,-0.1923,0.1564,3.9413,4.7290,465.1586,4.0593,4.8756,464.8560,-0.1180,-0.1466,0.3026
2022-01-03,15,d1_00z,4.2277,5.0626,345.6841,3.7124,4.3989,345.1550,0.5153,0.6637,0.5291,4.5483,5.6918,362.6694,3.9640,4.8900,362.1264,0.5843,0.8018,0.5430
2022-01-03,15,d1_12z,3.6343,4.2274,345.1470,3.7124,4.3989,345.1550,-0.0781,-0.1715,-0.0080,3.9298,4.8088,362.1821,3.9640,4.8900,362.1264,-0.0342,-0.0812,0.0557
2022-01-03,16,d1_00z,4.0921,5.2425,198.4470,3.4744,4.4458,197.9191,0.6177,0.7967,0.5279,4.2071,5.8168,216.2698,3.6513,4.9663,215.8155,0.5559,0.8505,0.4543
2022-01-03,16,d1_12z,3.4483,4.2910,197.9187,3.4744,4.4458,197.9191,-0.0262,-0.1548,-0.0004,3.6412,4.9139,215.7639,3.6513,4.9663,215.8155,-0.0100,-0.0524,-0.0515
2022-01-03,17,d1_00z,3.9622,5.6709,47.4761,3.3368,4.7050,47.3897,0.6254,0.9660,0.0863,3.7295,6.0176,58.1715,3.4290,5.2900,58.1047,0.3005,0.7276,0.0668
2022-01-03,17,d1_12z,3.3971,4.6158,47.2899,3.3368,4.7050,47.3897,0.0603,-0.0891,-0.0998,3.3728,5.1722,57.9866,3.4290,5.2900,58.1047,-0.0562,-0.1178,-0.1181
2022-01-03,18,d1_00z,4.0751,5.9845,0.2399,3.4507,5.0292,0.2403,0.6244,0.9553,-0.0003,3.5301,5.8399,0.3230,3.3952,5.4874,0.3131,0.1349,0.3525,0.0099
2022-01-03,18,d1_12z,3.5151,4.9636,0.2426,3.4507,5.0292,0.2403,0.0644,-0.0656,0.0023,3.4119,5.4597,0.3251,3.3952,5.4874,0.3131,0.0166,-0.0277,0.0119
2022-01-03,19,d1_00z,4.0958,6.0879,-0.0002,3.5354,5.2200,0.0003,0.5604,0.8679,-0.0005,3.4524,5.6594,-0.0070,3.3239,5.4043,0.0073,0.1285,0.2551,-0.0142
2022-01-03,19,d1_12z,3.6148,5.2084,0.0026,3.5354,5.2200,0.0003,0.0794,-0.0116,0.0023,3.3236,5.3499,0.0056,3.3239,5.4043,0.0073,-0.0003,-0.0544,-0.0017
2022-01-03,20,d1_00z,4.0378,5.9952,0.0007,3.6048,5.2716,-0.0019,0.4330,0.7237,0.0026,3.3037,5.4098,0.0034,3.2126,5.1045,-0.0112,0.0911,0.3053,0.0147
2022-01-03,20,d1_12z,3.6626,5.2841,-0.0045,3.6048,5.2716,-0.0019,0.0578,0.0125,-0.0027,3.2265,5.0606,-0.0118,3.2126,5.1045,-0.0112,0.0138,-0.0438,-0.0006
2022-01-03,21,d1_00z,3.9547,5.7946,0.0000,3.6338,5.2260,0.0000,0.3209,0.5686,0.0000,3.2629,5.2969,0.0000,3.0765,4.8591,0.0000,0.1864,0.4378,0.0000
2022-01-03,21,d1_12z,3.6637,5.2054,0.0000,3.6338,5.2260,0.0000,0.0298,-0.0206,0.0000,3.0653,4.7644,0.0000,3.0765,4.8591,0.0000,-0.0112,-0.0947,0.0000
2022-01-03,22,d1_00z,3.8754,5.6033,0.0000,3.6174,5.1125,0.0000,0.2580,0.4908,0.0000,3.3580,5.3841,0.0000,3.1004,4.8483,0.0000,0.2576,0.5358,0.0000
2022-01-03,22,d1_12z,3.6266,5.0612,0.0000,3.6174,5.1125,0.0000,0.0092,-0.0513,0.0000,3.0076,4.6387,0.0000,3.1004,4.8483,0.0000,-0.0928,-0.2096,0.0000
2022-01-03,23,d1_00z,3.8218,5.4798,0.0000,3.5991,5.0445,0.0000,0.2227,0.4352,0.0000,3.4003,5.4442,0.0000,3.0101,4.6719,0.0000,0.3902,0.7723,0.0000
2022-01-03,23,d1_12z,3.6026,4.9755,0.0000,3.5991,5.0445,0.0000,0.0035,-0.0691,0.0000,2.9946,4.6423,0.0000,3.0101,4.6719,0.0000,-0.0155,-0.0297,0.0000
2022-01-04,0,d1_00z,3.4844,4.7991,0.0000,3.6581,5.1344,0.0000,-0.1736,-0.3353,0.0000,2.8805,4.3805,0.0000,3.1212,4.8187,0.0000,-0.2407,-0.4382,0.0000
2022-01-04,0,d1_12z,3.6581,5.1344,0.0000,3.6581,5.1344,0.0000,0.0000,0.0000,0.0000,3.1212,4.8187,0.0000,3.1212,4.8187,0.0000,0.0000,0.0000,0.0000
2022-01-04,1,d1_00z,3.5747,4.9808,0.0000,3.7718,5.3535,0.0000,-0.1972,-0.3726,0.0000,3.0491,4.7093,0.0000,3.2797,5.1266,0.0000,-0.2306,-0.4173,0.0000
2022-01-04,1,d1_12z,3.7718,5.3535,0.0000,3.7718,5.3535,0.0000,0.0000,0.0000,0.0000,3.2797,5.1266,0.0000,3.2797,5.1266,0.0000,0.0000,0.0000,0.0000
2022-01-04,2,d1_00z,3.6793,5.1855,0.0000,3.8985,5.5981,0.0000,-0.2192,-0.4126,0.0000,3.2286,5.0533,0.0000,3.4867,5.5439,0.0000,-0.2581,-0.4906,0.0000
2022-01-04,2,d1_12z,3.9033,5.6033,0.0000,3.8985,5.5981,0.0000,0.0048,0.0052,0.0000,3.4683,5.5163,0.0000,3.4867,5.5439,0.0000,-0.0184,-0.0276,0.0000
2022-01-04,3,d1_00z,3.6895,5.2535,0.0000,3.9373,5.7116,0.0000,-0.2477,-0.4581,0.0000,3.2525,5.1413,0.0000,3.5640,5.6931,0.0000,-0.3115,-0.5518,0.0000
2022-01-04,3,d1_12z,3.9493,5.7229,0.0000,3.9373,5.7116,0.0000,0.0121,0.0113,0.0000,3.5536,5.6697,0.0000,3.5640,5.6931,0.0000,-0.0104,-0.0234,0.0000
2022-01-04,4,d1_00z,3.6270,5.1758,0.0000,3.9159,5.6761,0.0000,-0.2889,-0.5003,0.0000,3.1160,4.9111,0.0000,3.4934,5.5489,0.0000,-0.3774,-0.6377,0.0000
2022-01-04,4,d1_12z,3.9333,5.6979,0.0000,3.9159,5.6761,0.0000,0.0174,0.0217,0.0000,3.4928,5.5476,0.0000,3.4934,5.5489,0.0000,-0.0005,-0.0013,0.0000
2022-01-04,5,d1_00z,3.5750,5.1262,0.0000,3.9270,5.7169,0.0000,-0.3520,-0.5907,0.0000,3.0779,4.8531,0.0000,3.4494,5.5239,0.0000,-0.3715,-0.6708,0.0000
2022-01-04,5,d1_12z,3.9401,5.7253,0.0000,3.9270,5.7169,0.0000,0.0131,0.0084,0.0000,3.4334,5.4898,0.0000,3.4494,5.5239,0.0000,-0.0160,-0.0341,0.0000
2022-01-04,6,d1_00z,3.5350,5.1232,0.0000,3.9199,5.7666,0.0000,-0.3850,-0.6434,0.0000,3.0201,4.7620,0.0000,3.4050,5.5048,0.0000,-0.3849,-0.7428,0.0000
2022-01-04,6,d1_12z,3.9269,5.7640,0.0000,3.9199,5.7666,0.0000,0.0069,-0.0026,0.0000,3.3795,5.4667,0.0000,3.4050,5.5048,0.0000,-0.0255,-0.0381,0.0000
2022-01-04,7,d1_00z,3.4704,5.0724,0.0000,3.8463,5.6884,0.0000,-0.3759,-0.6160,0.0000,2.9148,4.6414,0.0000,3.3440,5.3814,0.0000,-0.4292,-0.7400,0.0000
2022-01-04,7,d1_12z,3.8591,5.7055,0.0000,3.8463,5.6884,0.0000,0.0127,0.0170,0.0000,3.3406,5.3868,0.0000,3.3440,5.3814,0.0000,-0.0033,0.0054,0.0000
2022-01-04,8,d1_00z,3.3634,4.9585,18.1758,3.7810,5.6072,18.3465,-0.4177,-0.6487,-0.1707,2.8160,4.4840,13.2968,3.2733,5.3127,13.5127,-0.4572,-0.8287,-0.2159
2022-01-04,8,d1_12z,3.7872,5.6117,18.3590,3.7810,5.6072,18.3465,0.0062,0.0046,0.0125,3.2483,5.2559,13.5552,3.2733,5.3127,13.5127,-0.0250,-0.0568,0.0424
2022-01-04,9,d1_00z,3.5153,4.5309,131.6062,4.0881,5.2798,136.4836,-0.5728,-0.7489,-4.8774,3.0021,4.1604,114.2478,3.7057,5.1271,122.4980,-0.7037,-0.9666,-8.2502
2022-01-04,9,d1_12z,4.0849,5.2665,137.4466,4.0881,5.2798,136.4836,-0.0032,-0.0133,0.9630,3.6863,5.0980,124.4858,3.7057,5.1271,122.4980,-0.0194,-0.0291,1.9878
2022-01-04,10,d1_00z,3.8223,4.5777,260.5215,4.4556,5.3966,269.3961,-0.6332,-0.8189,-8.8746,3.4924,4.2608,232.4429,4.0926,5.0601,242.9394,-0.6002,-0.7993,-10.4965
2022-01-04,10,d1_12z,4.4065,5.3332,272.2247,4.4556,5.3966,269.3961,-0.0491,-0.0634,2.8286,4.0772,5.0441,248.2800,4.0926,5.0601,242.9394,-0.0154,-0.0161,5.3406
2022-01-04,11,d1_00z,3.7971,4.4506,359.1547,4.4731,5.3121,366.4979,-0.6760,-0.8615,-7.3432,3.5166,4.1737,326.6348,4.1240,4.9657,335.6210,-0.6074,-0.7920,-8.9862
2022-01-04,11,d1_12z,4.3854,5.1912,369.9511,4.4731,5.3121,366.4979,-0.0878,-0.1209,3.4532,4.1099,4.9418,340.4802,4.1240,4.9657,335.6210,-0.0141,-0.0239,4.8592
2022-01-04,12,d1_00z,3.6614,4.2163,410.9048,4.4411,5.2069,411.2024,-0.7796,-0.9906,-0.2976,3.4128,3.9849,377.8285,4.2373,5.0317,381.3391,-0.8245,-1.0468,-3.5107
2022-01-04,12,d1_12z,4.3026,5.0209,414.4611,4.4411,5.2069,411.2024,-0.1385,-0.1859,3.2586,4.1131,4.8686,389.1917,4.2373,5.0317,381.3391,-0.1242,-0.1631,7.8526
2022-01-04,13,d1_00z,3.6001,4.1066,404.3799,4.4563,5.2165,405.5085,-0.8562,-1.1098,-1.1286,3.3543,3.8653,370.7474,4.2096,4.9753,385.2719,-0.8553,-1.1100,-14.5245
2022-01-04,13,d1_12z,4.2240,4.9106,400.2520,4.4563,5.2165,405.5085,-0.2323,-0.3059,-5.2565,3.9987,4.6994,379.1374,4.2096,4.9753,385.2719,-0.2109,-0.2758,-6.1345
2022-01-04,14,d1_00z,3.6769,4.2247,344.3704,4.4617,5.2769,347.5964,-0.7848,-1.0522,-3.2259,3.3875,3.9128,321.2283,4.2094,5.0106,328.0894,-0.8219,-1.0979,-6.8611
2022-01-04,14,d1_12z,4.2186,4.9386,334.6211,4.4617,5.2769,347.5964,-0.2431,-0.3383,-12.9753,4.0370,4.7595,311.2172,4.2094,5.0106,328.0894,-0.1724,-0.2511,-16.8722
2022-01-04,15,d1_00z,3.8934,4.6046,242.3464,4.5669,5.5382,247.5109,-0.6734,-0.9335,-5.1645,3.5559,4.2280,225.9268,4.3556,5.3493,235.5142,-0.7997,-1.1213,-9.5874
2022-01-04,15,d1_12z,4.2843,5.1566,233.2563,4.5669,5.5382,247.5109,-0.2826,-0.3816,-14.2546,4.1555,5.0563,215.0231,4.3556,5.3493,235.5142,-0.2001,-0.2930,-20.4910
2022-01-04,16,d1_00z,3.8820,4.9581,126.9845,4.3715,5.6469,130.8080,-0.4894,-0.6889,-3.8234,3.4771,4.6310,123.3655,3.9913,5.4543,127.4943,-0.5142,-0.8233,-4.1287
2022-01-04,16,d1_12z,4.1621,5.3763,119.6040,4.3715,5.6469,130.8080,-0.2094,-0.2706,-11.2040,3.8936,5.2210,111.8522,3.9913,5.4543,127.4943,-0.0978,-0.2333,-15.6421
2022-01-04,17,d1_00z,3.8298,5.3486,31.3347,4.1929,5.9130,31.1272,-0.3631,-0.5644,0.2074,3.3915,5.0673,35.7009,3.6809,5.7535,34.7474,-0.2894,-0.6862,0.9536
2022-01-04,17,d1_12z,4.0535,5.6925,28.0050,4.1929,5.9130,31.1272,-0.1394,-0.2204,-3.1222,3.6324,5.5154,29.7500,3.6809,5.7535,34.7474,-0.0485,-0.2382,-4.9974
2022-01-04,18,d1_00z,3.8421,5.5987,0.1495,4.1126,6.0629,0.1341,-0.2705,-0.4642,0.0154,3.2517,5.2130,0.2095,3.5995,5.9439,0.1810,-0.3477,-0.7309,0.0285
2022-01-04,18,d1_12z,4.0197,5.8416,0.1192,4.1126,6.0629,0.1341,-0.0929,-0.2212,-0.0149,3.4605,5.5956,0.1675,3.5995,5.9439,0.1810,-0.1389,-0.3483,-0.0134
2022-01-04,19,d1_00z,3.8166,5.5867,0.0010,4.0242,5.9571,-0.0014,-0.2075,-0.3704,0.0023,3.2112,5.2649,0.0097,3.4559,5.8335,0.0072,-0.2447,-0.5686,0.0025
2022-01-04,19,d1_12z,3.9724,5.7747,-0.0023,4.0242,5.9571,-0.0014,-0.0517,-0.1824,-0.0010,3.3555,5.4826,-0.0057,3.4559,5.8335,0.0072,-0.1003,-0.3509,-0.0129
2022-01-04,20,d1_00z,3.6932,5.4038,0.0008,3.8572,5.7006,0.0032,-0.1640,-0.2968,-0.0024,3.0982,5.1458,-0.0061,3.3260,5.6284,-0.0055,-0.2278,-0.4826,-0.0006
2022-01-04,20,d1_12z,3.8077,5.5164,0.0068,3.8572,5.7006,0.0032,-0.0495,-0.1842,0.0036,3.1454,5.2258,0.0049,3.3260,5.6284,-0.0055,-0.1806,-0.4026,0.0104
2022-01-04,21,d1_00z,3.5300,5.1439,0.0000,3.6787,5.3629,0.0000,-0.1486,-0.2190,0.0000,2.9918,4.9518,0.0000,3.2107,5.3330,0.0000,-0.2189,-0.3812,0.0000
2022-01-04,21,d1_12z,3.5912,5.1925,0.0000,3.6787,5.3629,0.0000,-0.0874,-0.1704,0.0000,3.1192,5.1243,0.0000,3.2107,5.3330,0.0000,-0.0914,-0.2087,0.0000
2022-01-04,22,d1_00z,3.3392,4.8312,0.0000,3.4528,5.0117,0.0000,-0.1136,-0.1806,0.0000,2.8623,4.7125,0.0000,3.0040,5.0486,0.0000,-0.1417,-0.3361,0.0000
2022-01-04,22,d1_12z,3.3842,4.8459,0.0000,3.4528,5.0117,0.0000,-0.0686,-0.1658,0.0000,2.8731,4.7518,0.0000,3.0040,5.0486,0.0000,-0.1309,-0.2968,0.0000
2022-01-04,23,d1_00z,3.1682,4.5230,0.0000,3.2858,4.6823,0.0000,-0.1176,-0.1593,0.0000,2.7045,4.3923,0.0000,2.9249,4.7893,0.0000,-0.2203,-0.3970,0.0000
2022-01-04,23,d1_12z,3.1479,4.4509,0.0000,3.2858,4.6823,0.0000,-0.1379,-0.2314,0.0000,2.6295,4.3534,0.0000,2.9249,4.7893,0.0000,-0.2954,-0.4360,0.0000
2022-01-05,0,d1_00z,3.0991,4.3691,0.0000,3.2294,4.5303,0.0000,-0.1302,-0.1612,0.0000,2.7326,4.3587,0.0000,2.7990,4.4781,0.0000,-0.0664,-0.1194,0.0000
2022-01-05,0,d1_12z,3.2294,4.5303,0.0000,3.2294,4.5303,0.0000,0.0000,0.0000,0.0000,2.7990,4.4781,0.0000,2.7990,4.4781,0.0000,0.0000,0.0000,0.0000
2022-01-05,1,d1_00z,2.9914,4.1412,0.0000,3.1560,4.3782,0.0000,-0.1646,-0.2371,0.0000,2.5610,3.9677,0.0000,2.6828,4.2722,0.0000,-0.1219,-0.3045,0.0000
2022-01-05,1,d1_12z,3.1560,4.3782,0.0000,3.1560,4.3782,0.0000,0.0000,0.0000,0.0000,2.6828,4.2722,0.0000,2.6828,4.2722,0.0000,0.0000,0.0000,0.0000
2022-01-05,2,d1_00z,2.9537,4.0535,0.0000,3.2460,4.4700,0.0000,-0.2923,-0.4165,0.0000,2.5453,3.8933,0.0000,2.7183,4.2877,0.0000,-0.1730,-0.3944,0.0000
2022-01-05,2,d1_12z,3.1812,4.3930,0.0000,3.2460,4.4700,0.0000,-0.0648,-0.0770,0.0000,2.6708,4.2315,0.0000,2.7183,4.2877,0.0000,-0.0476,-0.0562,0.0000
2022-01-05,3,d1_00z,2.9355,4.0154,0.0000,3.2247,4.4348,0.0000,-0.2892,-0.4194,0.0000,2.4044,3.6850,0.0000,2.5840,4.0721,0.0000,-0.1796,-0.3871,0.0000
2022-01-05,3,d1_12z,3.1524,4.3419,0.0000,3.2247,4.4348,0.0000,-0.0723,-0.0929,0.0000,2.5389,4.0085,0.0000,2.5840,4.0721,0.0000,-0.0452,-0.0636,0.0000
2022-01-05,4,d1_00z,2.9003,3.9444,0.0000,3.1596,4.3197,0.0000,-0.2593,-0.3753,0.0000,2.3562,3.5887,0.0000,2.4767,3.9029,0.0000,-0.1204,-0.3142,0.0000
2022-01-05,4,d1_12z,3.0738,4.2039,0.0000,3.1596,4.3197,0.0000,-0.0858,-0.1159,0.0000,2.4240,3.8392,0.0000,2.4767,3.9029,0.0000,-0.0527,-0.0638,0.0000
2022-01-05,5,d1_00z,2.9053,3.9374,0.0000,3.1589,4.2898,0.0000,-0.2536,-0.3524,0.0000,2.2688,3.3763,0.0000,2.3828,3.7034,0.0000,-0.1140,-0.3271,0.0000
2022-01-05,5,d1_12z,3.0552,4.1406,0.0000,3.1589,4.2898,0.0000,-0.1036,-0.1493,0.0000,2.3168,3.5857,0.0000,2.3828,3.7034,0.0000,-0.0660,-0.1176,0.0000
2022-01-05,6,d1_00z,2.9327,3.9861,0.0000,3.1914,4.3447,0.0000,-0.2587,-0.3586,0.0000,2.2395,3.3513,0.0000,2.3699,3.6816,0.0000,-0.1305,-0.3304,0.0000
2022-01-05,6,d1_12z,3.0943,4.1964,0.0000,3.1914,4.3447,0.0000,-0.0971,-0.1483,0.0000,2.3307,3.5943,0.0000,2.3699,3.6816,0.0000,-0.0392,-0.0873,0.0000
2022-01-05,7,d1_00z,2.9278,3.9888,0.0000,3.1229,4.2543,0.0000,-0.1951,-0.2656,0.0000,2.2585,3.3520,0.0000,2.3175,3.5397,0.0000,-0.0590,-0.1877,0.0000
2022-01-05,7,d1_12z,3.0395,4.1157,0.0000,3.1229,4.2543,0.0000,-0.0834,-0.1386,0.0000,2.2735,3.4352,0.0000,2.3175,3.5397,0.0000,-0.0440,-0.1045,0.0000
2022-01-05,8,d1_00z,2.8441,3.8792,9.0315,3.1055,4.2114,8.5362,-0.2614,-0.3321,0.4953,2.1744,3.2965,5.4713,2.3411,3.5891,5.0801,-0.1668,-0.2926,0.3913
2022-01-05,8,d1_12z,2.9386,3.9779,8.6920,3.1055,4.2114,8.5362,-0.1668,-0.2335,0.1558,2.2515,3.4122,5.0842,2.3411,3.5891,5.0801,-0.0897,-0.1769,0.0041
2022-01-05,9,d1_00z,2.8225,3.6726,59.1709,3.0588,3.9662,52.5446,-0.2363,-0.2936,6.6263,2.2278,3.0642,49.0236,2.3479,3.2358,41.6290,-0.1201,-0.1716,7.3947
2022-01-05,9,d1_12z,2.9151,3.7669,55.6122,3.0588,3.9662,52.5446,-0.1437,-0.1993,3.0677,2.2919,3.1042,43.0512,2.3479,3.2358,41.6290,-0.0560,-0.1316,1.4222
2022-01-05,10,d1_00z,2.8337,3.5240,126.3373,3.0507,3.7835,108.6267,-0.2170,-0.2595,17.7106,2.3590,2.9512,111.1842,2.4920,3.1211,95.6007,-0.1330,-0.1699,15.5835
2022-01-05,10,d1_12z,2.9020,3.6037,115.7269,3.0507,3.7835,108.6267,-0.1487,-0.1799,7.1002,2.4084,2.9982,100.6051,2.4920,3.1211,95.6007,-0.0836,-0.1229,5.0044
2022-01-05,11,d1_00z,2.6528,3.1870,196.1237,2.8702,3.4683,161.7808,-0.2174,-0.2813,34.3429,2.2832,2.7359,169.5699,2.4391,2.9171,146.6712,-0.1560,-0.1812,22.8987
2022-01-05,11,d1_12z,2.7289,3.3085,172.5228,2.8702,3.4683,161.7808,-0.1414,-0.1597,10.7420,2.3973,2.8985,155.7966,2.4391,2.9171,146.6712,-0.0419,-0.0187,9.1254
2022-01-05,12,d1_00z,2.4360,2.8468,241.7863,2.6182,3.0907,198.9289,-0.1822,-0.2440,42.8574,2.0404,2.3692,214.9852,2.1485,2.5122,191.1452,-0.1081,-0.1430,23.8400
2022-01-05,12,d1_12z,2.5143,2.9838,210.9658,2.6182,3.0907,198.9289,-0.1039,-0.1070,12.0369,2.1754,2.5503,198.2099,2.1485,2.5122,191.1452,0.0269,0.0381,7.0647
2022-01-05,13,d1_00z,2.3039,2.6372,251.7489,2.4807,2.8625,221.4988,-0.1768,-0.2253,30.2501,1.8267,2.0838,232.4138,2.0505,2.3835,221.0799,-0.2239,-0.2997,11.3339
2022-01-05,13,d1_12z,2.3794,2.7660,221.1860,2.4807,2.8625,221.4988,-0.1012,-0.0965,-0.3128,2.0312,2.3634,212.1918,2.0505,2.3835,221.0799,-0.0193,-0.0201,-8.8881
2022-01-05,14,d1_00z,2.1731,2.4452,235.0631,2.3531,2.6714,216.2188,-0.1800,-0.2262,18.8443,1.6448,1.8466,224.1312,1.9079,2.2088,216.7982,-0.2631,-0.3622,7.3330
2022-01-05,14,d1_12z,2.2576,2.5832,206.6488,2.3531,2.6714,216.2188,-0.0955,-0.0882,-9.5701,1.8511,2.1517,203.0256,1.9079,2.2088,216.7982,-0.0568,-0.0571,-13.7726
2022-01-05,15,d1_00z,2.0803,2.3626,184.5459,2.2796,2.5785,175.4707,-0.1993,-0.2159,9.0752,1.5512,1.7806,182.3545,1.8420,2.1857,177.7058,-0.2908,-0.4052,4.6487
2022-01-05,15,d1_12z,2.1471,2.4461,162.5779,2.2796,2.5785,175.4707,-0.1325,-0.1324,-12.8928,1.7360,2.0497,164.3065,1.8420,2.1857,177.7058,-0.1060,-0.1361,-13.3992
2022-01-05,16,d1_00z,1.9607,2.3043,110.4287,2.1468,2.4986,108.3990,-0.1862,-0.1943,2.0297,1.4333,1.7680,110.6359,1.6490,2.0811,116.7257,-0.2157,-0.3131,-6.0897
2022-01-05,16,d1_12z,2.0262,2.3663,98.6853,2.1468,2.4986,108.3990,-0.1207,-0.1323,-9.7138,1.6560,2.0427,104.1092,1.6490,2.0811,116.7257,0.0070,-0.0385,-12.6164
2022-01-05,17,d1_00z,1.8756,2.2550,28.8509,2.0281,2.4375,29.2640,-0.1525,-0.1825,-0.4131,1.5809,1.8688,31.7990,1.5093,1.9304,32.8040,0.0716,-0.0617,-1.0050
2022-01-05,17,d1_12z,1.9722,2.3759,27.2096,2.0281,2.4375,29.2640,-0.0559,-0.0616,-2.0544,1.6425,2.0605,31.1980,1.5093,1.9304,32.8040,0.1332,0.1301,-1.6060
2022-01-05,18,d1_00z,1.7947,2.1741,0.1000,1.9385,2.3703,0.1095,-0.1438,-0.1962,-0.0095,1.6708,1.9665,0.1493,1.5586,2.0003,0.1507,0.1123,-0.0338,-0.0013
2022-01-05,18,d1_12z,1.9029,2.3387,0.1003,1.9385,2.3703,0.1095,-0.0356,-0.0316,-0.0093,1.5837,1.9824,0.1449,1.5586,2.0003,0.1507,0.0252,-0.0179,-0.0057
2022-01-05,19,d1_00z,1.7930,2.1887,0.0003,1.9228,2.3521,-0.0030,-0.1298,-0.1633,0.0032,1.7646,2.1359,-0.0019,1.5063,1.9282,-0.0002,0.2583,0.2077,-0.0017
2022-01-05,19,d1_12z,1.8547,2.2924,-0.0062,1.9228,2.3521,-0.0030,-0.0681,-0.0597,-0.0033,1.5543,1.9513,-0.0040,1.5063,1.9282,-0.0002,0.0480,0.0231,-0.0039
2022-01-05,20,d1_00z,1.7935,2.2057,-0.0014,2.0022,2.4828,-0.0008,-0.2087,-0.2772,-0.0006,1.8259,2.2427,0.0032,1.5496,2.0223,0.0013,0.2763,0.2204,0.0018
2022-01-05,20,d1_12z,1.8631,2.3170,0.0050,2.0022,2.4828,-0.0008,-0.1390,-0.1659,0.0058,1.6141,2.0834,0.0041,1.5496,2.0223,0.0013,0.0645,0.0611,0.0027
2022-01-05,21,d1_00z,1.8408,2.2532,0.0000,2.0144,2.4995,0.0000,-0.1736,-0.2463,0.0000,1.8364,2.2899,0.0000,1.5062,2.0119,0.0000,0.3302,0.2781,0.0000
2022-01-05,21,d1_12z,1.8559,2.2998,0.0000,2.0144,2.4995,0.0000,-0.1585,-0.1997,0.0000,1.5897,2.0817,0.0000,1.5062,2.0119,0.0000,0.0835,0.0698,0.0000
2022-01-05,22,d1_00z,1.9424,2.3899,0.0000,2.0888,2.5756,0.0000,-0.1464,-0.1858,0.0000,1.8887,2.4222,0.0000,1.5215,2.0375,0.0000,0.3673,0.3847,0.0000
2022-01-05,22,d1_12z,1.9364,2.3963,0.0000,2.0888,2.5756,0.0000,-0.1525,-0.1793,0.0000,1.6029,2.1413,0.0000,1.5215,2.0375,0.0000,0.0814,0.1038,0.0000
2022-01-05,23,d1_00z,2.0538,2.5563,0.0000,2.2331,2.7492,0.0000,-0.1793,-0.1928,0.0000,1.8284,2.4309,0.0000,1.6663,2.2521,0.0000,0.1621,0.1788,0.0000
2022-01-05,23,d1_12z,2.0533,2.5491,0.0000,2.2331,2.7492,0.0000,-0.1798,-0.2000,0.0000,1.7452,2.3537,0.0000,1.6663,2.2521,0.0000,0.0789,0.1016,0.0000
2022-01-06,0,d1_00z,2.2288,2.7673,0.0000,2.4167,3.0091,0.0000,-0.1879,-0.2419,0.0000,1.7604,2.3916,0.0000,1.8700,2.6118,0.0000,-0.1095,-0.2202,0.0000
2022-01-06,0,d1_12z,2.4167,3.0091,0.0000,2.4167,3.0091,0.0000,0.0000,0.0000,0.0000,1.8700,2.6118,0.0000,1.8700,2.6118,0.0000,0.0000,0.0000,0.0000
2022-01-06,1,d1_00z,2.4075,3.0544,0.0000,2.6402,3.3733,0.0000,-0.2327,-0.3188,0.0000,1.9755,2.7301,0.0000,2.1314,3.0368,0.0000,-0.1560,-0.3067,0.0000
2022-01-06,1,d1_12z,2.6402,3.3733,0.0000,2.6402,3.3733,0.0000,0.0000,0.0000,0.0000,2.1314,3.0368,0.0000,2.1314,3.0368,0.0000,0.0000,0.0000,0.0000
2022-01-06,2,d1_00z,2.5514,3.3140,0.0000,2.8103,3.7053,0.0000,-0.2589,-0.3912,0.0000,2.1103,2.9741,0.0000,2.3090,3.3832,0.0000,-0.1986,-0.4091,0.0000
2022-01-06,2,d1_12z,2.7913,3.6823,0.0000,2.8103,3.7053,0.0000,-0.0190,-0.0230,0.0000,2.2729,3.3258,0.0000,2.3090,3.3832,0.0000,-0.0360,-0.0574,0.0000
2022-01-06,3,d1_00z,2.6764,3.5309,0.0000,2.9203,3.9158,0.0000,-0.2439,-0.3849,0.0000,2.2732,3.2432,0.0000,2.4600,3.6307,0.0000,-0.1868,-0.3875,0.0000
2022-01-06,3,d1_12z,2.8909,3.8805,0.0000,2.9203,3.9158,0.0000,-0.0294,-0.0353,0.0000,2.4225,3.5856,0.0000,2.4600,3.6307,0.0000,-0.0375,-0.0451,0.0000
2022-01-06,4,d1_00z,2.7855,3.7008,0.0000,2.9950,4.0383,0.0000,-0.2095,-0.3375,0.0000,2.4211,3.5312,0.0000,2.5844,3.8857,0.0000,-0.1634,-0.3545,0.0000
2022-01-06,4,d1_12z,2.9537,3.9820,0.0000,2.9950,4.0383,0.0000,-0.0413,-0.0563,0.0000,2.5383,3.8148,0.0000,2.5844,3.8857,0.0000,-0.0461,-0.0709,0.0000
2022-01-06,5,d1_00z,2.8224,3.7456,0.0000,3.0016,4.0488,0.0000,-0.1792,-0.3032,0.0000,2.4368,3.6303,0.0000,2.6119,3.9668,0.0000,-0.1751,-0.3365,0.0000
2022-01-06,5,d1_12z,2.9486,3.9656,0.0000,3.0016,4.0488,0.0000,-0.0530,-0.0832,0.0000,2.5420,3.8571,0.0000,2.6119,3.9668,0.0000,-0.0699,-0.1097,0.0000
2022-01-06,6,d1_00z,2.7745,3.6705,0.0000,2.9476,3.9576,0.0000,-0.1731,-0.2872,0.0000,2.4268,3.6406,0.0000,2.5930,3.9608,0.0000,-0.1662,-0.3202,0.0000
2022-01-06,6,d1_12z,2.8958,3.8754,0.0000,2.9476,3.9576,0.0000,-0.0518,-0.0823,0.0000,2.5133,3.8451,0.0000,2.5930,3.9608,0.0000,-0.0797,-0.1156,0.0000
2022-01-06,7,d1_00z,2.8115,3.6715,0.0000,2.9727,3.9268,0.0000,-0.1612,-0.2553,0.0000,2.3998,3.5882,0.0000,2.5511,3.8711,0.0000,-0.1512,-0.2830,0.0000
2022-01-06,7,d1_12z,2.9153,3.8350,0.0000,2.9727,3.9268,0.0000,-0.0574,-0.0918,0.0000,2.4650,3.7359,0.0000,2.5511,3.8711,0.0000,-0.0861,-0.1352,0.0000
2022-01-06,8,d1_00z,2.7720,3.5994,16.4428,2.9782,3.9332,17.4024,-0.2062,-0.3338,-0.9597,2.3580,3.5017,10.2167,2.5602,3.8490,11.9346,-0.2023,-0.3473,-1.7179
2022-01-06,8,d1_12z,2.8966,3.7750,17.2760,2.9782,3.9332,17.4024,-0.0815,-0.1582,-0.1264,2.4600,3.6703,11.7357,2.5602,3.8490,11.9346,-0.1002,-0.1787,-0.1989
2022-01-06,9,d1_00z,2.8540,3.4061,124.2799,3.0368,3.6676,136.4789,-0.1828,-0.2615,-12.1990,2.4596,3.2925,95.3737,2.7302,3.6992,119.3647,-0.2705,-0.4067,-23.9910
2022-01-06,9,d1_12z,2.9583,3.5557,134.8765,3.0368,3.6676,136.4789,-0.0785,-0.1120,-1.6024,2.5962,3.5104,116.2838,2.7302,3.6992,119.3647,-0.1339,-0.1888,-3.0809
2022-01-06,10,d1_00z,3.0729,3.4627,258.5970,3.2723,3.7203,287.6815,-0.1994,-0.2576,-29.0844,2.9941,3.6168,215.8265,3.2855,4.0004,269.5262,-0.2914,-0.3836,-53.6997
2022-01-06,10,d1_12z,3.2220,3.6411,284.8731,3.2723,3.7203,287.6815,-0.0503,-0.0792,-2.8084,3.2095,3.8875,262.0179,3.2855,4.0004,269.5262,-0.0760,-0.1129,-7.5083
2022-01-06,11,d1_00z,3.1481,3.4579,372.5967,3.3450,3.6944,408.5331,-0.1969,-0.2365,-35.9364,3.2317,3.7525,340.6931,3.3954,3.9887,392.2038,-0.1637,-0.2362,-51.5107
2022-01-06,11,d1_12z,3.3395,3.6762,404.1219,3.3450,3.6944,408.5331,-0.0055,-0.0182,-4.4112,3.4167,4.0116,384.6921,3.3954,3.9887,392.2038,0.0213,0.0229,-7.5117
2022-01-06,12,d1_00z,3.0917,3.3526,439.2517,3.2147,3.4851,476.0998,-0.1230,-0.1325,-36.8481,3.3212,3.8088,415.3711,3.3274,3.8095,466.6656,-0.0062,-0.0007,-51.2945
2022-01-06,12,d1_12z,3.2959,3.5886,471.2416,3.2147,3.4851,476.0998,0.0812,0.1035,-4.8582,3.4885,4.0421,461.2110,3.3274,3.8095,466.6656,0.1610,0.2327,-5.4547
2022-01-06,13,d1_00z,3.1068,3.3612,441.8155,3.1196,3.3514,474.5766,-0.0128,0.0099,-32.7611,3.4216,3.8839,414.8128,3.3276,3.7426,471.4345,0.0940,0.1413,-56.6217
2022-01-06,13,d1_12z,3.2920,3.5674,467.0489,3.1196,3.3514,474.5766,0.1724,0.2160,-7.5277,3.6136,4.1302,455.3126,3.3276,3.7426,471.4345,0.2860,0.3876,-16.1218
2022-01-06,14,d1_00z,3.1261,3.3990,391.2920,3.0122,3.2256,411.9790,0.1140,0.1734,-20.6869,3.4060,3.8682,368.3453,3.3578,3.7477,407.7052,0.0482,0.1205,-39.3599
2022-01-06,14,d1_12z,3.2711,3.5557,405.8137,3.0122,3.2256,411.9790,0.2589,0.3301,-6.1653,3.6303,4.1332,392.0210,3.3578,3.7477,407.7052,0.2725,0.3855,-15.6841
2022-01-06,15,d1_00z,3.1025,3.4403,295.0069,2.9611,3.2301,302.6384,0.1415,0.2101,-7.6314,3.4164,3.9725,281.2725,3.3161,3.8031,294.4588,0.1004,0.1693,-13.1863
2022-01-06,15,d1_12z,3.2267,3.5777,303.2685,2.9611,3.2301,302.6384,0.2657,0.3475,0.6302,3.5281,4.1129,294.8647,3.3161,3.8031,294.4588,0.2121,0.3097,0.4059
2022-01-06,16,d1_00z,2.9890,3.5202,166.9732,2.8686,3.3377,169.6469,0.1204,0.1825,-2.6738,3.0834,3.8975,164.8399,3.0670,3.8497,168.8435,0.0164,0.0477,-4.0036
2022-01-06,16,d1_12z,3.0826,3.6324,169.6026,2.8686,3.3377,169.6469,0.2141,0.2947,-0.0443,3.1726,3.9856,167.8327,3.0670,3.8497,168.8435,0.1056,0.1359,-1.0108
2022-01-06,17,d1_00z,2.9605,3.7297,39.0862,2.8440,3.5889,39.8773,0.1165,0.1408,-0.7911,2.8075,4.0106,44.0795,2.8456,4.1562,44.9302,-0.0381,-0.1456,-0.8508
2022-01-06,17,d1_12z,3.0158,3.8157,39.7040,2.8440,3.5889,39.8773,0.1718,0.2268,-0.1733,2.8946,4.1949,44.4498,2.8456,4.1562,44.9302,0.0490,0.0387,-0.4804
2022-01-06,18,d1_00z,2.9249,3.7476,0.1798,2.8409,3.6450,0.1788,0.0840,0.1025,0.0010,2.7760,4.1315,0.2592,2.7110,4.0641,0.2521,0.0649,0.0674,0.0071
2022-01-06,18,d1_12z,3.0044,3.8644,0.1812,2.8409,3.6450,0.1788,0.1634,0.2194,0.0024,2.9040,4.3733,0.2518,2.7110,4.0641,0.2521,0.1930,0.3092,-0.0003
2022-01-06,19,d1_00z,2.8301,3.6288,0.0039,2.7742,3.5685,-0.0014,0.0559,0.0603,0.0053,2.6688,4.0026,0.0090,2.6187,3.9468,0.0025,0.0501,0.0559,0.0066
2022-01-06,19,d1_12z,2.9103,3.7696,0.0011,2.7742,3.5685,-0.0014,0.1361,0.2010,0.0024,2.8428,4.3316,0.0075,2.6187,3.9468,0.0025,0.2240,0.3848,0.0050
2022-01-06,20,d1_00z,2.6873,3.4068,-0.0023,2.6739,3.4102,-0.0031,0.0134,-0.0033,0.0008,2.5873,3.8028,-0.0040,2.5579,3.7927,-0.0085,0.0294,0.0101,0.0044
2022-01-06,20,d1_12z,2.8081,3.5942,-0.0008,2.6739,3.4102,-0.0031,0.1342,0.1841,0.0023,2.7419,4.1233,-0.0042,2.5579,3.7927,-0.0085,0.1840,0.3305,0.0043
2022-01-06,21,d1_00z,2.5164,3.1280,0.0000,2.5251,3.1733,0.0000,-0.0087,-0.0453,0.0000,2.4174,3.4783,0.0000,2.4091,3.5065,0.0000,0.0084,-0.0283,0.0000
2022-01-06,21,d1_12z,2.6491,3.3408,0.0000,2.5251,3.1733,0.0000,0.1240,0.1675,0.0000,2.5531,3.7453,0.0000,2.4091,3.5065,0.0000,0.1440,0.2388,0.0000
2022-01-06,22,d1_00z,2.3274,2.8303,0.0000,2.3667,2.9195,0.0000,-0.0393,-0.0892,0.0000,2.1671,3.0475,0.0000,2.2603,3.2746,0.0000,-0.0932,-0.2272,0.0000
2022-01-06,22,d1_12z,2.4992,3.1028,0.0000,2.3667,2.9195,0.0000,0.1325,0.1833,0.0000,2.3734,3.4049,0.0000,2.2603,3.2746,0.0000,0.1131,0.1303,0.0000
2022-01-06,23,d1_00z,2.1218,2.5261,0.0000,2.2151,2.6723,0.0000,-0.0933,-0.1462,0.0000,1.9781,2.7226,0.0000,2.1494,3.0712,0.0000,-0.1713,-0.3485,0.0000
2022-01-06,23,d1_12z,2.3196,2.8334,0.0000,2.2151,2.6723,0.0000,0.1045,0.1610,0.0000,2.1824,3.0785,0.0000,2.1494,3.0712,0.0000,0.0330,0.0073,0.0000
2022-01-07,0,d1_00z,2.0160,2.3718,0.0000,2.1083,2.5100,0.0000,-0.0924,-0.1382,0.0000,1.9755,2.7420,0.0000,2.1239,3.0075,0.0000,-0.1483,-0.2655,0.0000
2022-01-07,0,d1_12z,2.1083,2.5100,0.0000,2.1083,2.5100,0.0000,0.0000,0.0000,0.0000,2.1239,3.0075,0.0000,2.1239,3.0075,0.0000,0.0000,0.0000,0.0000
2022-01-07,1,d1_00z,1.9263,2.2534,0.0000,2.0484,2.4273,0.0000,-0.1220,-0.1740,0.0000,1.8844,2.6248,0.0000,2.0921,2.9824,0.0000,-0.2077,-0.3576,0.0000
2022-01-07,1,d1_12z,2.0484,2.4273,0.0000,2.0484,2.4273,0.0000,0.0000,0.0000,0.0000,2.0921,2.9824,0.0000,2.0921,2.9824,0.0000,0.0000,0.0000,0.0000
2022-01-07,2,d1_00z,1.8533,2.1561,0.0000,1.9602,2.3133,0.0000,-0.1069,-0.1573,0.0000,1.8499,2.5401,0.0000,1.9872,2.7928,0.0000,-0.1373,-0.2527,0.0000
2022-01-07,2,d1_12z,1.9916,2.3564,0.0000,1.9602,2.3133,0.0000,0.0314,0.0430,0.0000,2.0298,2.8592,0.0000,1.9872,2.7928,0.0000,0.0426,0.0663,0.0000
2022-01-07,3,d1_00z,1.7953,2.0726,0.0000,1.9090,2.2366,0.0000,-0.1136,-0.1640,0.0000,1.7697,2.3722,0.0000,1.8441,2.5216,0.0000,-0.0744,-0.1494,0.0000
2022-01-07,3,d1_12z,1.9498,2.2919,0.0000,1.9090,2.2366,0.0000,0.0408,0.0553,0.0000,1.9004,2.6131,0.0000,1.8441,2.5216,0.0000,0.0563,0.0916,0.0000
2022-01-07,4,d1_00z,1.8004,2.0655,0.0000,1.8950,2.2104,0.0000,-0.0946,-0.1449,0.0000,1.7942,2.3218,0.0000,1.8713,2.4869,0.0000,-0.0770,-0.1651,0.0000
2022-01-07,4,d1_12z,1.9462,2.2764,0.0000,1.8950,2.2104,0.0000,0.0512,0.0659,0.0000,1.9419,2.5929,0.0000,1.8713,2.4869,0.0000,0.0706,0.1060,0.0000
2022-01-07,5,d1_00z,1.8511,2.1040,0.0000,1.9207,2.2179,0.0000,-0.0696,-0.1139,0.0000,1.8548,2.3844,0.0000,1.9107,2.4701,0.0000,-0.0559,-0.0856,0.0000
2022-01-07,5,d1_12z,1.9756,2.2898,0.0000,1.9207,2.2179,0.0000,0.0549,0.0719,0.0000,1.9806,2.5912,0.0000,1.9107,2.4701,0.0000,0.0699,0.1211,0.0000
2022-01-07,6,d1_00z,1.8797,2.1239,0.0000,1.9323,2.2230,0.0000,-0.0526,-0.0991,0.0000,1.8228,2.3205,0.0000,1.9323,2.4677,0.0000,-0.1095,-0.1472,0.0000
2022-01-07,6,d1_12z,1.9853,2.2888,0.0000,1.9323,2.2230,0.0000,0.0530,0.0658,0.0000,1.9807,2.5623,0.0000,1.9323,2.4677,0.0000,0.0484,0.0946,0.0000
2022-01-07,7,d1_00z,1.8547,2.1094,0.0000,1.9378,2.2410,0.0000,-0.0830,-0.1316,0.0000,1.7613,2.2194,0.0000,1.8830,2.3767,0.0000,-0.1218,-0.1572,0.0000
2022-01-07,7,d1_12z,1.9879,2.3035,0.0000,1.9378,2.2410,0.0000,0.0502,0.0625,0.0000,1.9312,2.4657,0.0000,1.8830,2.3767,0.0000,0.0482,0.0891,0.0000
2022-01-07,8,d1_00z,1.8657,2.1693,17.5968,1.9133,2.2609,17.3617,-0.0477,-0.0917,0.2351,1.7987,2.2488,12.3724,1.8878,2.4006,11.9451,-0.0891,-0.1519,0.4272
2022-01-07,8,d1_12z,1.9878,2.3421,17.3770,1.9133,2.2609,17.3617,0.0745,0.0811,0.0153,1.9690,2.5280,11.9395,1.8878,2.4006,11.9451,0.0812,0.1274,-0.0057
2022-01-07,9,d1_00z,1.9005,2.2066,133.7486,1.9139,2.2296,129.7016,-0.0134,-0.0230,4.0470,1.7997,2.1889,117.7044,1.9016,2.4068,112.3147,-0.1019,-0.2179,5.3897
2022-01-07,9,d1_12z,1.9884,2.3143,130.9894,1.9139,2.2296,129.7016,0.0744,0.0847,1.2879,1.9901,2.5301,112.7903,1.9016,2.4068,112.3147,0.0885,0.1234,0.4756
2022-01-07,10,d1_00z,2.1365,2.3455,273.2352,2.1480,2.3559,267.7260,-0.0115,-0.0103,5.5092,2.1183,2.3764,251.7454,2.1569,2.4511,243.6660,-0.0385,-0.0747,8.0793
2022-01-07,10,d1_12z,2.2133,2.4305,269.3104,2.1480,2.3559,267.7260,0.0652,0.0746,1.5844,2.3000,2.6361,244.4859,2.1569,2.4511,243.6660,0.1431,0.1850,0.8198
2022-01-07,11,d1_00z,2.4251,2.6711,388.3380,2.4437,2.6868,383.1833,-0.0187,-0.0157,5.1546,2.4042,2.6715,363.6747,2.4417,2.7229,359.2189,-0.0376,-0.0513,4.4558
2022-01-07,11,d1_12z,2.5038,2.7496,385.4405,2.4437,2.6868,383.1833,0.0601,0.0628,2.2571,2.5558,2.8837,360.4394,2.4417,2.7229,359.2189,0.1141,0.1608,1.2204
2022-01-07,12,d1_00z,2.7656,3.1103,463.1154,2.7450,3.0706,458.3961,0.0206,0.0398,4.7193,2.7114,3.0753,441.2666,2.7042,3.0597,441.2257,0.0072,0.0156,0.0409
2022-01-07,12,d1_12z,2.8065,3.1430,461.3779,2.7450,3.0706,458.3961,0.0615,0.0725,2.9818,2.8435,3.2431,442.9192,2.7042,3.0597,441.2257,0.1392,0.1835,1.6935
2022-01-07,13,d1_00z,2.9665,3.4105,480.6356,2.9049,3.3014,472.5255,0.0616,0.1091,8.1101,2.9203,3.4045,471.7480,2.8550,3.2885,459.5336,0.0653,0.1160,12.2145
2022-01-07,13,d1_12z,2.9746,3.3889,478.6507,2.9049,3.3014,472.5255,0.0697,0.0875,6.1253,2.9902,3.4657,464.3550,2.8550,3.2885,459.5336,0.1351,0.1772,4.8214
2022-01-07,14,d1_00z,3.0004,3.5045,429.6619,2.9258,3.3791,405.5526,0.0746,0.1254,24.1093,3.0023,3.5594,430.0633,2.9008,3.3999,397.8621,0.1015,0.1595,32.2012
2022-01-07,14,d1_12z,2.9874,3.4594,414.1259,2.9258,3.3791,405.5526,0.0616,0.0803,8.5733,2.9858,3.5138,404.7308,2.9008,3.3999,397.8621,0.0850,0.1139,6.8686
2022-01-07,15,d1_00z,2.9206,3.4874,326.8770,2.8652,3.3974,294.7569,0.0554,0.0899,32.1202,2.9811,3.6198,330.3919,2.8985,3.5019,288.3245,0.0826,0.1178,42.0674
2022-01-07,15,d1_12z,2.9369,3.4819,304.4841,2.8652,3.3974,294.7569,0.0717,0.0845,9.7272,2.9653,3.5814,295.5276,2.8985,3.5019,288.3245,0.0668,0.0795,7.2030
2022-01-07,16,d1_00z,2.5919,3.2890,190.8556,2.6503,3.3012,162.9656,-0.0584,-0.0122,27.8900,2.5413,3.4157,196.3741,2.6999,3.5031,159.8203,-0.1586,-0.0873,36.5538
2022-01-07,16,d1_12z,2.7045,3.3678,169.4481,2.6503,3.3012,162.9656,0.0542,0.0666,6.4825,2.7020,3.5014,163.5036,2.6999,3.5031,159.8203,0.0021,-0.0016,3.6834
2022-01-07,17,d1_00z,2.2262,3.0607,49.0123,2.3177,3.1193,39.6506,-0.0915,-0.0586,9.3617,2.0393,3.0319,57.1624,2.1584,3.2205,43.5032,-0.1191,-0.1887,13.6591
2022-01-07,17,d1_12z,2.3888,3.1854,40.9210,2.3177,3.1193,39.6506,0.0711,0.0661,1.2704,2.1847,3.1989,44.4731,2.1584,3.2205,43.5032,0.0263,-0.0216,0.9699
2022-01-07,18,d1_00z,2.1798,3.0088,0.4262,2.2113,3.0755,0.2786,-0.0315,-0.0667,0.1477,1.9154,2.8393,0.5939,2.1098,3.1669,0.3850,-0.1943,-0.3275,0.2089
2022-01-07,18,d1_12z,2.3214,3.1838,0.2767,2.2113,3.0755,0.2786,0.1101,0.1084,-0.0019,2.1401,3.1599,0.3791,2.1098,3.1669,0.3850,0.0304,-0.0070,-0.0059
2022-01-07,19,d1_00z,2.2858,3.1673,0.0012,2.2758,3.1464,-0.0001,0.0100,0.0209,0.0013,2.0613,2.9903,-0.0039,2.2620,3.3550,-0.0078,-0.2008,-0.3648,0.0039
2022-01-07,19,d1_12z,2.4141,3.3230,-0.0002,2.2758,3.1464,-0.0001,0.1383,0.1766,-0.0001,2.2919,3.3697,-0.0028,2.2620,3.3550,-0.0078,0.0299,0.0146,0.0050
2022-01-07,20,d1_00z,2.4921,3.4980,0.0030,2.4591,3.4683,-0.0027,0.0330,0.0297,0.0056,2.3161,3.3901,-0.0029,2.4645,3.7184,0.0029,-0.1484,-0.3283,-0.0058
2022-01-07,20,d1_12z,2.5906,3.5990,-0.0011,2.4591,3.4683,-0.0027,0.1315,0.1308,0.0015,2.4761,3.7110,-0.0030,2.4645,3.7184,0.0029,0.0116,-0.0074,-0.0059
2022-01-07,21,d1_00z,2.7358,3.9133,0.0000,2.6521,3.7915,0.0000,0.0838,0.1218,0.0000,2.5818,3.8158,0.0000,2.5510,3.8838,0.0000,0.0308,-0.0681,0.0000
2022-01-07,21,d1_12z,2.7864,3.9483,0.0000,2.6521,3.7915,0.0000,0.1344,0.1568,0.0000,2.6119,3.9577,0.0000,2.5510,3.8838,0.0000,0.0609,0.0738,0.0000
2022-01-07,22,d1_00z,2.9509,4.3341,0.0000,2.8797,4.1858,0.0000,0.0712,0.1483,0.0000,2.8049,4.2569,0.0000,2.7455,4.1973,0.0000,0.0595,0.0596,0.0000
2022-01-07,22,d1_12z,2.9791,4.3137,0.0000,2.8797,4.1858,0.0000,0.0994,0.1279,0.0000,2.7981,4.2881,0.0000,2.7455,4.1973,0.0000,0.0527,0.0909,0.0000
2022-01-07,23,d1_00z,3.1315,4.7263,0.0000,3.1131,4.6250,0.0000,0.0184,0.1013,0.0000,2.9386,4.6136,0.0000,2.9070,4.5675,0.0000,0.0316,0.0461,0.0000
2022-01-07,23,d1_12z,3.1737,4.7232,0.0000,3.1131,4.6250,0.0000,0.0606,0.0981,0.0000,2.9667,4.7064,0.0000,2.9070,4.5675,0.0000,0.0598,0.1389,0.0000
2022-01-08,0,d1_00z,3.2592,4.9531,0.0000,3.3164,5.0221,0.0000,-0.0572,-0.0690,0.0000,3.0296,4.9124,0.0000,3.0607,4.9916,0.0000,-0.0311,-0.0792,0.0000
2022-01-08,0,d1_12z,3.3164,5.0221,0.0000,3.3164,5.0221,0.0000,0.0000,0.0000,0.0000,3.0607,4.9916,0.0000,3.0607,4.9916,0.0000,0.0000,0.0000,0.0000
2022-01-08,1,d1_00z,3.3747,5.2288,0.0000,3.4544,5.3195,0.0000,-0.0797,-0.0907,0.0000,3.0648,5.1602,0.0000,3.1178,5.2690,0.0000,-0.0530,-0.1088,0.0000
2022-01-08,1,d1_12z,3.4544,5.3195,0.0000,3.4544,5.3195,0.0000,0.0000,0.0000,0.0000,3.1178,5.2690,0.0000,3.1178,5.2690,0.0000,0.0000,0.0000,0.0000
2022-01-08,2,d1_00z,3.4252,5.3524,0.0000,3.5032,5.4245,0.0000,-0.0780,-0.0722,0.0000,3.0543,5.2576,0.0000,3.1149,5.3499,0.0000,-0.0606,-0.0923,0.0000
2022-01-08,2,d1_12z,3.5149,5.4483,0.0000,3.5032,5.4245,0.0000,0.0116,0.0237,0.0000,3.1331,5.3877,0.0000,3.1149,5.3499,0.0000,0.0181,0.0378,0.0000
2022-01-08,3,d1_00z,3.5009,5.4475,0.0000,3.6028,5.5685,0.0000,-0.1018,-0.1210,0.0000,3.1106,5.3405,0.0000,3.1618,5.4773,0.0000,-0.0513,-0.1367,0.0000
2022-01-08,3,d1_12z,3.6014,5.5706,0.0000,3.6028,5.5685,0.0000,-0.0013,0.0021,0.0000,3.1750,5.4988,0.0000,3.1618,5.4773,0.0000,0.0131,0.0215,0.0000
2022-01-08,4,d1_00z,3.5425,5.4471,0.0000,3.6787,5.6461,0.0000,-0.1361,-0.1990,0.0000,3.1434,5.4330,0.0000,3.2330,5.6178,0.0000,-0.0896,-0.1847,0.0000
2022-01-08,4,d1_12z,3.6655,5.6259,0.0000,3.6787,5.6461,0.0000,-0.0132,-0.0202,0.0000,3.2290,5.6151,0.0000,3.2330,5.6178,0.0000,-0.0040,-0.0026,0.0000
2022-01-08,5,d1_00z,3.4817,5.2698,0.0000,3.6430,5.5294,0.0000,-0.1613,-0.2596,0.0000,3.0960,5.3136,0.0000,3.2564,5.6245,0.0000,-0.1604,-0.3109,0.0000
2022-01-08,5,d1_12z,3.6316,5.5018,0.0000,3.6430,5.5294,0.0000,-0.0114,-0.0276,0.0000,3.2403,5.6011,0.0000,3.2564,5.6245,0.0000,-0.0161,-0.0233,0.0000
2022-01-08,6,d1_00z,3.4052,5.0610,0.0000,3.5717,5.3306,0.0000,-0.1665,-0.2695,0.0000,3.0889,5.1745,0.0000,3.2387,5.4870,0.0000,-0.1498,-0.3125,0.0000
2022-01-08,6,d1_12z,3.5548,5.2970,0.0000,3.5717,5.3306,0.0000,-0.0168,-0.0335,0.0000,3.2131,5.4347,0.0000,3.2387,5.4870,0.0000,-0.0256,-0.0524,0.0000
2022-01-08,7,d1_00z,3.4379,5.0292,0.0000,3.5637,5.2309,0.0000,-0.1257,-0.2017,0.0000,3.1419,5.2048,0.0000,3.2479,5.4210,0.0000,-0.1059,-0.2163,0.0000
2022-01-08,7,d1_12z,3.5443,5.1982,0.0000,3.5637,5.2309,0.0000,-0.0193,-0.0327,0.0000,3.2281,5.3744,0.0000,3.2479,5.4210,0.0000,-0.0197,-0.0466,0.0000
2022-01-08,8,d1_00z,3.4839,5.0784,18.0568,3.5456,5.1688,18.0443,-0.0617,-0.0904,0.0125,3.1639,5.2295,13.6212,3.2466,5.4167,13.7148,-0.0828,-0.1873,-0.0936
2022-01-08,8,d1_12z,3.5500,5.1635,18.0818,3.5456,5.1688,18.0443,0.0043,-0.0053,0.0375,3.2191,5.3389,13.7285,3.2466,5.4167,13.7148,-0.0275,-0.0779,0.0137
2022-01-08,9,d1_00z,3.5131,4.8477,141.3958,3.6040,4.8199,142.8630,-0.0909,0.0279,-1.4672,3.2319,4.9963,130.8761,3.4052,5.0443,133.8878,-0.1733,-0.0480,-3.0117
2022-01-08,9,d1_12z,3.6097,4.8094,144.3677,3.6040,4.8199,142.8630,0.0056,-0.0104,1.5046,3.3421,4.9655,135.6770,3.4052,5.0443,133.8878,-0.0631,-0.0788,1.7892
2022-01-08,10,d1_00z,3.9658,4.8128,287.5333,4.0110,4.8443,290.1907,-0.0451,-0.0314,-2.6574,3.9080,4.9501,276.1877,4.1051,5.1668,282.8806,-0.1970,-0.2168,-6.6929
2022-01-08,10,d1_12z,3.9984,4.8145,294.6260,4.0110,4.8443,290.1907,-0.0126,-0.0297,4.4354,4.0112,5.0359,289.9517,4.1051,5.1668,282.8806,-0.0939,-0.1309,7.0711
2022-01-08,11,d1_00z,4.2427,5.0765,398.0189,4.2661,5.0690,403.1651,-0.0234,0.0075,-5.1462,4.3549,5.3980,384.6325,4.4843,5.5156,393.8679,-0.1294,-0.1176,-9.2354
2022-01-08,11,d1_12z,4.2274,5.0143,410.1175,4.2661,5.0690,403.1651,-0.0387,-0.0547,6.9523,4.3698,5.3804,405.0753,4.4843,5.5156,393.8679,-0.1145,-0.1352,11.2074
2022-01-08,12,d1_00z,4.4374,5.2900,460.7479,4.3932,5.1890,462.1502,0.0443,0.1010,-1.4023,4.6187,5.6695,441.5059,4.6242,5.6380,447.9450,-0.0055,0.0315,-6.4391
2022-01-08,12,d1_12z,4.3498,5.1292,473.4864,4.3932,5.1890,462.1502,-0.0434,-0.0597,11.3362,4.5186,5.4964,466.5504,4.6242,5.6380,447.9450,-0.1056,-0.1416,18.6055
2022-01-08,13,d1_00z,4.4258,5.2886,463.8179,4.3484,5.1486,458.3068,0.0774,0.1399,5.5111,4.7240,5.8095,451.4340,4.6716,5.7136,450.5482,0.0524,0.0960,0.8858
2022-01-08,13,d1_12z,4.2919,5.0719,470.0581,4.3484,5.1486,458.3068,-0.0565,-0.0767,11.7513,4.5533,5.5376,470.6088,4.6716,5.7136,450.5482,-0.1183,-0.1760,20.0606
2022-01-08,14,d1_00z,4.2415,5.1010,405.0111,4.2686,5.1094,396.3358,-0.0271,-0.0084,8.6754,4.6692,5.8060,396.9606,4.8036,5.9648,391.1372,-0.1344,-0.1588,5.8234
2022-01-08,14,d1_12z,4.1162,4.8996,407.3469,4.2686,5.1094,396.3358,-0.1525,-0.2098,11.0112,4.5075,5.5409,407.9395,4.8036,5.9648,391.1372,-0.2961,-0.4239,16.8023
2022-01-08,15,d1_00z,3.9107,4.7569,300.4946,4.0245,4.8956,287.7970,-0.1138,-0.1387,12.6976,4.4078,5.6150,296.8424,4.6217,5.8826,281.4019,-0.2140,-0.2676,15.4405
2022-01-08,15,d1_12z,3.8154,4.6062,300.8081,4.0245,4.8956,287.7970,-0.2091,-0.2894,13.0111,4.3575,5.4995,299.8023,4.6217,5.8826,281.4019,-0.2642,-0.3831,18.4005
2022-01-08,16,d1_00z,3.3346,4.2697,167.3735,3.5646,4.5553,160.0462,-0.2300,-0.2856,7.3273,3.8835,5.3205,168.5402,4.0552,5.5014,157.3225,-0.1717,-0.1809,11.2177
2022-01-08,16,d1_12z,3.3119,4.2065,167.1907,3.5646,4.5553,160.0462,-0.2526,-0.3488,7.1445,3.8616,5.2504,165.2163,4.0552,5.5014,157.3225,-0.1936,-0.2510,7.8938
2022-01-08,17,d1_00z,2.9092,3.9760,43.4630,3.2367,4.4630,41.6538,-0.3275,-0.4870,1.8091,3.2553,5.1022,50.4396,3.5297,5.4118,47.9500,-0.2744,-0.3097,2.4896
2022-01-08,17,d1_12z,2.9697,4.0182,42.9197,3.2367,4.4630,41.6538,-0.2670,-0.4448,1.2659,3.2240,4.9556,49.0338,3.5297,5.4118,47.9500,-0.3057,-0.4562,1.0838
2022-01-08,18,d1_00z,2.8428,3.8456,0.4461,3.2015,4.4129,0.4359,-0.3588,-0.5673,0.0103,3.0898,4.8443,0.6438,3.3594,5.2729,0.6302,-0.2696,-0.4285,0.0136
2022-01-08,18,d1_12z,2.9003,3.9023,0.4352,3.2015,4.4129,0.4359,-0.3013,-0.5106,-0.0007,3.0961,4.7563,0.6146,3.3594,5.2729,0.6302,-0.2632,-0.5165,-0.0156
2022-01-08,19,d1_00z,2.8743,3.8100,0.0019,3.2084,4.3518,-0.0010,-0.3340,-0.5418,0.0029,2.9937,4.5787,0.0045,3.3199,5.2596,-0.0070,-0.3262,-0.6809,0.0115
2022-01-08,19,d1_12z,2.9439,3.8814,-0.0019,3.2084,4.3518,-0.0010,-0.2645,-0.4704,-0.0009,3.0828,4.7456,-0.0020,3.3199,5.2596,-0.0070,-0.2372,-0.5140,0.0050
2022-01-08,20,d1_00z,2.9262,3.8211,-0.0014,3.2562,4.3818,-0.0003,-0.3300,-0.5607,-0.0011,3.0148,4.6651,0.0024,3.2525,5.2650,0.0051,-0.2377,-0.5999,-0.0027
2022-01-08,20,d1_12z,3.0001,3.9095,0.0025,3.2562,4.3818,-0.0003,-0.2561,-0.4723,0.0028,3.0453,4.7208,0.0096,3.2525,5.2650,0.0051,-0.2072,-0.5442,0.0045
2022-01-08,21,d1_00z,2.9654,3.8384,0.0000,3.2431,4.3212,0.0000,-0.2776,-0.4828,0.0000,3.0521,4.8172,0.0000,3.3073,5.4081,0.0000,-0.2552,-0.5908,0.0000
2022-01-08,21,d1_12z,2.9972,3.8924,0.0000,3.2431,4.3212,0.0000,-0.2459,-0.4288,0.0000,3.0444,4.7808,0.0000,3.3073,5.4081,0.0000,-0.2629,-0.6273,0.0000
2022-01-08,22,d1_00z,3.0454,3.9093,0.0000,3.2733,4.3124,0.0000,-0.2280,-0.4031,0.0000,3.1619,4.9398,0.0000,3.4231,5.4985,0.0000,-0.2612,-0.5587,0.0000
2022-01-08,22,d1_12z,3.0405,3.9189,0.0000,3.2733,4.3124,0.0000,-0.2329,-0.3935,0.0000,3.1372,4.9259,0.0000,3.4231,5.4985,0.0000,-0.2859,-0.5726,0.0000
2022-01-08,23,d1_00z,3.1056,3.9870,0.0000,3.3101,4.3332,0.0000,-0.2044,-0.3462,0.0000,3.2268,5.1057,0.0000,3.3019,5.2692,0.0000,-0.0751,-0.1635,0.0000
2022-01-08,23,d1_12z,3.0952,3.9830,0.0000,3.3101,4.3332,0.0000,-0.2149,-0.3502,0.0000,3.1676,5.0229,0.0000,3.3019,5.2692,0.0000,-0.1343,-0.2463,0.0000
2022-01-09,0,d1_00z,3.2583,4.2472,0.0000,3.3082,4.3267,0.0000,-0.0499,-0.0796,0.0000,3.2341,5.0706,0.0000,3.2400,5.1432,0.0000,-0.0059,-0.0726,0.0000
2022-01-09,0,d1_12z,3.3082,4.3267,0.0000,3.3082,4.3267,0.0000,0.0000,0.0000,0.0000,3.2400,5.1432,0.0000,3.2400,5.1432,0.0000,0.0000,0.0000,0.0000
2022-01-09,1,d1_00z,3.2316,4.2090,0.0000,3.2996,4.3108,0.0000,-0.0680,-0.1018,0.0000,3.2755,5.0728,0.0000,3.2894,5.1482,0.0000,-0.0139,-0.0754,0.0000
2022-01-09,1,d1_12z,3.2996,4.3108,0.0000,3.2996,4.3108,0.0000,0.0000,0.0000,0.0000,3.2894,5.1482,0.0000,3.2894,5.1482,0.0000,0.0000,0.0000,0.0000
2022-01-09,2,d1_00z,3.2250,4.2057,0.0000,3.2816,4.2955,0.0000,-0.0566,-0.0898,0.0000,3.3036,5.0969,0.0000,3.3432,5.1882,0.0000,-0.0396,-0.0913,0.0000
2022-01-09,2,d1_12z,3.2922,4.2937,0.0000,3.2816,4.2955,0.0000,0.0106,-0.0018,0.0000,3.3619,5.2007,0.0000,3.3432,5.1882,0.0000,0.0187,0.0125,0.0000
2022-01-09,3,d1_00z,3.2069,4.1835,0.0000,3.2491,4.2614,0.0000,-0.0422,-0.0779,0.0000,3.3044,5.0779,0.0000,3.2935,5.1131,0.0000,0.0109,-0.0353,0.0000
2022-01-09,3,d1_12z,3.2524,4.2405,0.0000,3.2491,4.2614,0.0000,0.0033,-0.0210,0.0000,3.3228,5.1303,0.0000,3.2935,5.1131,0.0000,0.0293,0.0171,0.0000
2022-01-09,4,d1_00z,3.1767,4.1505,0.0000,3.2452,4.2694,0.0000,-0.0685,-0.1189,0.0000,3.2569,4.9736,0.0000,3.2207,4.9829,0.0000,0.0362,-0.0093,0.0000
2022-01-09,4,d1_12z,3.2400,4.2311,0.0000,3.2452,4.2694,0.0000,-0.0052,-0.0383,0.0000,3.2675,5.0088,0.0000,3.2207,4.9829,0.0000,0.0469,0.0258,0.0000
2022-01-09,5,d1_00z,3.1184,4.0653,0.0000,3.2274,4.2756,0.0000,-0.1090,-0.2103,0.0000,3.1372,4.7467,0.0000,3.1721,4.8842,0.0000,-0.0349,-0.1375,0.0000
2022-01-09,5,d1_12z,3.2079,4.2102,0.0000,3.2274,4.2756,0.0000,-0.0195,-0.0655,0.0000,3.2078,4.8961,0.0000,3.1721,4.8842,0.0000,0.0358,0.0119,0.0000
2022-01-09,6,d1_00z,3.0801,4.0326,0.0000,3.1912,4.2619,0.0000,-0.1111,-0.2293,0.0000,3.0820,4.6825,0.0000,3.1313,4.8416,0.0000,-0.0493,-0.1591,0.0000
2022-01-09,6,d1_12z,3.1788,4.2095,0.0000,3.1912,4.2619,0.0000,-0.0123,-0.0524,0.0000,3.1646,4.8654,0.0000,3.1313,4.8416,0.0000,0.0333,0.0238,0.0000
2022-01-09,7,d1_00z,3.0364,4.0122,0.0000,3.1007,4.1600,0.0000,-0.0643,-0.1478,0.0000,2.9873,4.6206,0.0000,3.0165,4.7150,0.0000,-0.0292,-0.0944,0.0000
2022-01-09,7,d1_12z,3.1101,4.1412,0.0000,3.1007,4.1600,0.0000,0.0094,-0.0188,0.0000,3.0602,4.7737,0.0000,3.0165,4.7150,0.0000,0.0437,0.0588,0.0000
2022-01-09,8,d1_00z,2.8401,3.7778,17.1691,2.8947,3.9059,17.4534,-0.0546,-0.1281,-0.2843,2.7364,4.2578,13.3147,2.7596,4.3496,13.4067,-0.0233,-0.0918,-0.0920
2022-01-09,8,d1_12z,2.9342,3.9228,17.4904,2.8947,3.9059,17.4534,0.0396,0.0169,0.0370,2.8337,4.4380,13.3931,2.7596,4.3496,13.4067,0.0740,0.0884,-0.0136
2022-01-09,9,d1_00z,2.7543,3.3499,132.1851,2.8996,3.4745,134.1633,-0.1453,-0.1245,-1.9782,2.9206,3.8206,128.0653,2.9917,3.8861,127.1799,-0.0710,-0.0656,0.8854
2022-01-09,9,d1_12z,2.9076,3.5039,134.5218,2.8996,3.4745,134.1633,0.0080,0.0294,0.3585,3.0184,3.9772,127.9757,2.9917,3.8861,127.1799,0.0267,0.0911,0.7958
2022-01-09,10,d1_00z,2.7809,3.0987,277.6241,2.9708,3.3158,279.4819,-0.1898,-0.2171,-1.8578,3.1113,3.6466,277.3535,3.2073,3.7737,273.1378,-0.0960,-0.1271,4.2157
2022-01-09,10,d1_12z,2.9755,3.3150,279.9877,2.9708,3.3158,279.4819,0.0047,-0.0008,0.5058,3.2311,3.8176,275.5510,3.2073,3.7737,273.1378,0.0238,0.0438,2.4132
2022-01-09,11,d1_00z,2.6592,2.8675,392.5310,2.9063,3.1443,398.4918,-0.2471,-0.2768,-5.9608,2.9888,3.3664,401.9809,3.1961,3.6313,396.5378,-0.2074,-0.2649,5.4431
2022-01-09,11,d1_12z,2.8557,3.0772,399.4427,2.9063,3.1443,398.4918,-0.0506,-0.0671,0.9509,3.1280,3.5391,400.7042,3.1961,3.6313,396.5378,-0.0681,-0.0921,4.1664
2022-01-09,12,d1_00z,2.5310,2.6713,461.1620,2.8607,3.0301,468.1803,-0.3297,-0.3588,-7.0183,2.8929,3.2025,488.0555,3.1494,3.4981,476.2158,-0.2565,-0.2956,11.8397
2022-01-09,12,d1_12z,2.7442,2.8912,470.8531,2.8607,3.0301,468.1803,-0.1165,-0.1389,2.6728,3.0804,3.4021,482.5338,3.1494,3.4981,476.2158,-0.0691,-0.0960,6.3180
2022-01-09,13,d1_00z,2.4189,2.5141,471.7830,2.7170,2.8442,480.3995,-0.2981,-0.3302,-8.6165,2.7394,2.9790,501.9640,3.0287,3.3303,491.7724,-0.2893,-0.3513,10.1916
2022-01-09,13,d1_12z,2.5983,2.7026,484.9100,2.7170,2.8442,480.3995,-0.1187,-0.1416,4.5105,2.9531,3.2273,502.4657,3.0287,3.3303,491.7724,-0.0756,-0.1031,10.6933
2022-01-09,14,d1_00z,2.3129,2.3918,431.9068,2.4865,2.5687,435.3778,-0.1736,-0.1769,-3.4709,2.6544,2.8714,453.8628,2.7895,3.0107,453.2977,-0.1351,-0.1393,0.5651
2022-01-09,14,d1_12z,2.4642,2.5412,437.0339,2.4865,2.5687,435.3778,-0.0223,-0.0275,1.6561,2.8328,3.0503,458.9893,2.7895,3.0107,453.2977,0.0433,0.0396,5.6915
2022-01-09,15,d1_00z,2.2021,2.3047,342.0137,2.3949,2.5092,338.0429,-0.1928,-0.2045,3.9708,2.7248,2.9987,354.0024,2.7477,3.0015,363.3082,-0.0229,-0.0028,-9.3058
2022-01-09,15,d1_12z,2.4114,2.5191,338.9256,2.3949,2.5092,338.0429,0.0165,0.0099,0.8827,2.8681,3.1505,365.9373,2.7477,3.0015,363.3082,0.1204,0.1490,2.6291
2022-01-09,16,d1_00z,2.0849,2.3571,200.8883,2.3155,2.6021,201.2849,-0.2305,-0.2449,-0.3967,2.4943,2.9853,213.7526,2.6368,3.0995,223.1969,-0.1426,-0.1141,-9.4443
2022-01-09,16,d1_12z,2.3168,2.6087,199.9762,2.3155,2.6021,201.2849,0.0014,0.0067,-1.3088,2.6750,3.1908,223.1129,2.6368,3.0995,223.1969,0.0381,0.0913,-0.0841
2022-01-09,17,d1_00z,2.1069,2.5873,53.8501,2.3085,2.9073,53.6157,-0.2016,-0.3200,0.2344,2.4519,3.2440,64.9365,2.5772,3.4697,64.0997,-0.1253,-0.2257,0.8369
2022-01-09,17,d1_12z,2.3251,2.9099,53.8003,2.3085,2.9073,53.6157,0.0166,0.0026,0.1846,2.6289,3.5660,65.0395,2.5772,3.4697,64.0997,0.0517,0.0963,0.9399
2022-01-09,18,d1_00z,2.1573,2.7920,0.6271,2.3372,3.0782,0.6034,-0.1799,-0.2862,0.0238,2.4329,3.4247,0.8934,2.4975,3.5832,0.8690,-0.0646,-0.1585,0.0244
2022-01-09,18,d1_12z,2.3719,3.1217,0.6216,2.3372,3.0782,0.6034,0.0347,0.0435,0.0183,2.5543,3.6657,0.8849,2.4975,3.5832,0.8690,0.0568,0.0825,0.0159
2022-01-09,19,d1_00z,2.1679,2.8816,0.0019,2.2964,3.0904,0.0015,-0.1285,-0.2087,0.0004,2.2984,3.2753,0.0175,2.3538,3.4568,-0.0013,-0.0554,-0.1815,0.0188
2022-01-09,19,d1_12z,2.3613,3.2012,0.0016,2.2964,3.0904,0.0015,0.0649,0.1109,0.0001,2.3940,3.5167,0.0004,2.3538,3.4568,-0.0013,0.0402,0.0599,0.0017
2022-01-09,20,d1_00z,2.0879,2.8417,0.0002,2.1314,2.9328,0.0036,-0.0434,-0.0911,-0.0034,2.1346,3.0418,-0.0066,2.0548,3.0301,0.0107,0.0798,0.0117,-0.0173
2022-01-09,20,d1_12z,2.2481,3.1393,-0.0024,2.1314,2.9328,0.0036,0.1167,0.2065,-0.0060,2.1832,3.2553,-0.0005,2.0548,3.0301,0.0107,0.1284,0.2253,-0.0112
2022-01-09,21,d1_00z,2.0513,2.8278,0.0000,1.9951,2.7337,0.0000,0.0562,0.0941,0.0000,1.9768,2.7952,0.0000,1.8604,2.6197,0.0000,0.1164,0.1755,0.0000
2022-01-09,21,d1_12z,2.1235,2.9938,0.0000,1.9951,2.7337,0.0000,0.1284,0.2601,0.0000,2.0227,2.9388,0.0000,1.8604,2.6197,0.0000,0.1623,0.3191,0.0000
2022-01-09,22,d1_00z,2.0531,2.8689,0.0000,1.9079,2.6283,0.0000,0.1453,0.2406,0.0000,1.9795,2.7950,0.0000,1.8005,2.4512,0.0000,0.1790,0.3438,0.0000
2022-01-09,22,d1_12z,2.0637,2.9292,0.0000,1.9079,2.6283,0.0000,0.1559,0.3009,0.0000,1.9583,2.7618,0.0000,1.8005,2.4512,0.0000,0.1578,0.3105,0.0000
2022-01-09,23,d1_00z,2.0432,2.8557,0.0000,1.8388,2.5485,0.0000,0.2043,0.3072,0.0000,2.0023,2.7613,0.0000,1.7797,2.3804,0.0000,0.2225,0.3809,0.0000
2022-01-09,23,d1_12z,1.9617,2.8179,0.0000,1.8388,2.5485,0.0000,0.1229,0.2694,0.0000,1.8968,2.6320,0.0000,1.7797,2.3804,0.0000,0.1170,0.2516,0.0000
2022-01-10,0,d1_00z,1.9857,2.8114,0.0000,1.8361,2.5099,0.0000,0.1496,0.3015,0.0000,1.9935,2.7482,0.0000,1.8111,2.3906,0.0000,0.1823,0.3576,0.0000
2022-01-10,0,d1_12z,1.8361,2.5099,0.0000,1.8361,2.5099,0.0000,0.0000,0.0000,0.0000,1.8111,2.3906,0.0000,1.8111,2.3906,0.0000,0.0000,0.0000,0.0000
2022-01-10,1,d1_00z,1.9339,2.7093,0.0000,1.7764,2.3996,0.0000,0.1575,0.3097,0.0000,1.9825,2.7512,0.0000,1.7683,2.3535,0.0000,0.2142,0.3976,0.0000
2022-01-10,1,d1_12z,1.7764,2.3996,0.0000,1.7764,2.3996,0.0000,0.0000,0.0000,0.0000,1.7683,2.3535,0.0000,1.7683,2.3535,0.0000,0.0000,0.0000,0.0000
2022-01-10,2,d1_00z,1.8433,2.5130,0.0000,1.6436,2.1333,0.0000,0.1997,0.3797,0.0000,1.8840,2.6098,0.0000,1.6321,2.1333,0.0000,0.2519,0.4766,0.0000
2022-01-10,2,d1_12z,1.6651,2.1892,0.0000,1.6436,2.1333,0.0000,0.0215,0.0559,0.0000,1.6399,2.1733,0.0000,1.6321,2.1333,0.0000,0.0078,0.0401,0.0000
2022-01-10,3,d1_00z,1.6376,2.1465,0.0000,1.4396,1.8035,0.0000,0.1980,0.3429,0.0000,1.7037,2.2952,0.0000,1.4231,1.8389,0.0000,0.2806,0.4563,0.0000
2022-01-10,3,d1_12z,1.4621,1.8502,0.0000,1.4396,1.8035,0.0000,0.0225,0.0466,0.0000,1.4234,1.8519,0.0000,1.4231,1.8389,0.0000,0.0003,0.0131,0.0000
2022-01-10,4,d1_00z,1.6019,1.9842,0.0000,1.4580,1.7608,0.0000,0.1438,0.2234,0.0000,1.7279,2.2275,0.0000,1.4918,1.8824,0.0000,0.2362,0.3451,0.0000
2022-01-10,4,d1_12z,1.4821,1.7977,0.0000,1.4580,1.7608,0.0000,0.0240,0.0369,0.0000,1.5118,1.9040,0.0000,1.4918,1.8824,0.0000,0.0200,0.0216,0.0000
2022-01-10,5,d1_00z,1.6676,2.0243,0.0000,1.5726,1.8734,0.0000,0.0951,0.1510,0.0000,1.7153,2.1784,0.0000,1.4930,1.8849,0.0000,0.2223,0.2935,0.0000
2022-01-10,5,d1_12z,1.5922,1.9004,0.0000,1.5726,1.8734,0.0000,0.0196,0.0270,0.0000,1.4924,1.8650,0.0000,1.4930,1.8849,0.0000,-0.0006,-0.0198,0.0000
2022-01-10,6,d1_00z,1.7369,2.0839,0.0000,1.6516,1.9890,0.0000,0.0853,0.0949,0.0000,1.8159,2.3048,0.0000,1.5904,2.0844,0.0000,0.2255,0.2204,0.0000
2022-01-10,6,d1_12z,1.6510,1.9876,0.0000,1.6516,1.9890,0.0000,-0.0006,-0.0014,0.0000,1.5885,2.0461,0.0000,1.5904,2.0844,0.0000,-0.0019,-0.0383,0.0000
2022-01-10,7,d1_00z,1.7795,2.1767,0.0000,1.6435,2.0525,0.0000,0.1360,0.1242,0.0000,1.8569,2.4327,0.0000,1.6846,2.2935,0.0000,0.1722,0.1392,0.0000
2022-01-10,7,d1_12z,1.6476,2.0616,0.0000,1.6435,2.0525,0.0000,0.0041,0.0091,0.0000,1.6958,2.2970,0.0000,1.6846,2.2935,0.0000,0.0112,0.0035,0.0000
2022-01-10,8,d1_00z,1.8254,2.2915,10.9506,1.8261,2.3569,11.3500,-0.0006,-0.0653,-0.3994,1.9098,2.6188,7.0311,1.8524,2.5497,7.9210,0.0574,0.0691,-0.8900
2022-01-10,8,d1_12z,1.7901,2.3015,11.1426,1.8261,2.3569,11.3500,-0.0359,-0.0553,-0.2074,1.8551,2.5542,7.6705,1.8524,2.5497,7.9210,0.0027,0.0045,-0.2505
2022-01-10,9,d1_00z,1.9850,2.4337,61.4246,2.1203,2.5962,66.0488,-0.1353,-0.1625,-4.6241,2.0158,2.6746,47.8689,2.0226,2.6416,54.5091,-0.0067,0.0331,-6.6402
2022-01-10,9,d1_12z,2.0305,2.4880,64.9407,2.1203,2.5962,66.0488,-0.0898,-0.1082,-1.1081,1.9866,2.6039,53.1361,2.0226,2.6416,54.5091,-0.0360,-0.0376,-1.3730
2022-01-10,10,d1_00z,2.3281,2.6910,112.6046,2.6682,3.1178,121.5422,-0.3401,-0.4268,-8.9376,2.5230,2.9674,94.4747,2.7307,3.2433,109.0544,-0.2077,-0.2759,-14.5797
2022-01-10,10,d1_12z,2.5074,2.9184,119.7572,2.6682,3.1178,121.5422,-0.1608,-0.1995,-1.7851,2.6239,3.0914,106.8406,2.7307,3.2433,109.0544,-0.1068,-0.1519,-2.2137
2022-01-10,11,d1_00z,2.8795,3.3375,150.1187,3.4171,4.0055,170.0800,-0.5376,-0.6679,-19.9613,3.0258,3.5740,140.9016,3.6008,4.2986,165.7744,-0.5750,-0.7247,-24.8728
2022-01-10,11,d1_12z,3.1545,3.6609,164.5429,3.4171,4.0055,170.0800,-0.2626,-0.3446,-5.5371,3.2194,3.8418,159.3222,3.6008,4.2986,165.7744,-0.3814,-0.4568,-6.4522
2022-01-10,12,d1_00z,3.5280,4.1560,167.2240,4.1892,4.9876,196.5816,-0.6611,-0.8317,-29.3576,3.6841,4.4404,157.6787,4.5918,5.5822,187.1012,-0.9077,-1.1419,-29.4225
2022-01-10,12,d1_12z,3.8117,4.4808,189.0626,4.1892,4.9876,196.5816,-0.3774,-0.5068,-7.5191,4.0740,4.9383,181.2272,4.5918,5.5822,187.1012,-0.5178,-0.6440,-5.8740
2022-01-10,13,d1_00z,4.1053,4.9625,155.3606,4.9252,5.9650,202.0866,-0.8199,-1.0025,-46.7260,4.3873,5.4757,134.2993,5.3196,6.5449,198.1247,-0.9323,-1.0692,-63.8254
2022-01-10,13,d1_12z,4.4262,5.2932,192.4819,4.9252,5.9650,202.0866,-0.4990,-0.6718,-9.6047,4.6723,5.7119,182.0038,5.3196,6.5449,198.1247,-0.6473,-0.8330,-16.1209
2022-01-10,14,d1_00z,4.6079,5.7199,125.3930,5.4372,6.7175,187.3450,-0.8292,-0.9976,-61.9520,5.0475,6.4099,103.1297,5.6567,7.0836,191.8170,-0.6092,-0.6737,-88.6873
2022-01-10,14,d1_12z,4.9259,6.0026,175.1686,5.4372,6.7175,187.3450,-0.5113,-0.7149,-12.1764,5.1238,6.3616,170.5915,5.6567,7.0836,191.8170,-0.5329,-0.7220,-21.2255
2022-01-10,15,d1_00z,5.0197,6.3958,93.3661,5.8631,7.3655,153.3979,-0.8433,-0.9697,-60.0318,5.5719,7.2419,74.1046,6.1095,7.8654,168.8740,-0.5377,-0.6235,-94.7694
2022-01-10,15,d1_12z,5.2693,6.5198,143.0104,5.8631,7.3655,153.3979,-0.5938,-0.8457,-10.3875,5.5746,7.0774,147.4192,6.1095,7.8654,168.8740,-0.5349,-0.7880,-21.4549
2022-01-10,16,d1_00z,5.3508,6.9236,60.8178,6.0673,7.7415,102.1678,-0.7164,-0.8179,-41.3500,6.0734,8.0527,56.3807,6.1213,8.0495,131.4682,-0.0479,0.0032,-75.0875
2022-01-10,16,d1_12z,5.4492,6.8675,94.5926,6.0673,7.7415,102.1678,-0.6180,-0.8739,-7.5753,5.7404,7.4775,115.4162,6.1213,8.0495,131.4682,-0.3810,-0.5720,-16.0520
2022-01-10,17,d1_00z,5.5720,7.3089,21.1582,5.9409,7.7875,36.0623,-0.3689,-0.4786,-14.9041,5.8343,7.9723,24.5705,5.9276,8.0622,48.5586,-0.0934,-0.0899,-23.9881
2022-01-10,17,d1_12z,5.3682,6.9946,32.8911,5.9409,7.7875,36.0623,-0.5727,-0.7929,-3.1712,5.4628,7.4513,42.8336,5.9276,8.0622,48.5586,-0.4649,-0.6109,-5.7251
2022-01-10,18,d1_00z,5.8327,7.7084,0.3684,5.9217,8.1180,0.5948,-0.0890,-0.4096,-0.2265,5.6423,7.9204,0.5150,5.9685,8.4410,0.8541,-0.3262,-0.5205,-0.3391
2022-01-10,18,d1_12z,5.4129,7.3370,0.5759,5.9217,8.1180,0.5948,-0.5088,-0.7811,-0.0189,5.4272,7.6562,0.8212,5.9685,8.4410,0.8541,-0.5413,-0.7847,-0.0329
2022-01-10,19,d1_00z,6.1170,8.1051,0.0052,6.0350,8.3702,0.0009,0.0820,-0.2651,0.0043,5.7768,8.1661,0.0077,6.1632,8.6789,-0.0002,-0.3864,-0.5128,0.0079
2022-01-10,19,d1_12z,5.6393,7.7227,0.0014,6.0350,8.3702,0.0009,-0.3956,-0.6475,0.0006,5.5296,7.7930,-0.0004,6.1632,8.6789,-0.0002,-0.6336,-0.8858,-0.0001
2022-01-10,20,d1_00z,6.1847,8.2880,-0.0025,6.0726,8.4194,-0.0014,0.1120,-0.1314,-0.0011,5.8915,8.3382,-0.0078,6.1399,8.7165,-0.0004,-0.2483,-0.3783,-0.0074
2022-01-10,20,d1_12z,5.6564,7.7919,0.0009,6.0726,8.4194,-0.0014,-0.4162,-0.6275,0.0023,5.3983,7.6539,0.0107,6.1399,8.7165,-0.0004,-0.7415,-1.0626,0.0111
2022-01-10,21,d1_00z,5.9886,8.1301,0.0000,5.7788,7.9595,0.0000,0.2097,0.1706,0.0000,5.6417,8.0410,0.0000,5.5580,8.0107,0.0000,0.0837,0.0303,0.0000
2022-01-10,21,d1_12z,5.3558,7.3869,0.0000,5.7788,7.9595,0.0000,-0.4230,-0.5726,0.0000,4.9271,7.0726,0.0000,5.5580,8.0107,0.0000,-0.6309,-0.9381,0.0000
2022-01-10,22,d1_00z,5.5914,7.6639,0.0000,5.3927,7.3540,0.0000,0.1987,0.3099,0.0000,5.0648,7.2952,0.0000,5.1071,7.3572,0.0000,-0.0423,-0.0620,0.0000
2022-01-10,22,d1_12z,4.9241,6.7548,0.0000,5.3927,7.3540,0.0000,-0.4686,-0.5993,0.0000,4.4294,6.3528,0.0000,5.1071,7.3572,0.0000,-0.6777,-1.0044,0.0000
2022-01-10,23,d1_00z,5.1146,7.0313,0.0000,5.0839,6.8069,0.0000,0.0307,0.2243,0.0000,4.4058,6.4111,0.0000,4.7216,6.7888,0.0000,-0.3157,-0.3777,0.0000
2022-01-10,23,d1_12z,4.5689,6.1619,0.0000,5.0839,6.8069,0.0000,-0.5150,-0.6451,0.0000,4.0139,5.7416,0.0000,4.7216,6.7888,0.0000,-0.7077,-1.0472,0.0000
2022-01-11,0,d1_00z,4.4427,5.9214,0.0000,4.7995,6.3074,0.0000,-0.3568,-0.3860,0.0000,4.0184,5.8507,0.0000,4.4538,6.3452,0.0000,-0.4354,-0.4945,0.0000
2022-01-11,0,d1_12z,4.7995,6.3074,0.0000,4.7995,6.3074,0.0000,0.0000,0.0000,0.0000,4.4538,6.3452,0.0000,4.4538,6.3452,0.0000,0.0000,0.0000,0.0000
2022-01-11,1,d1_00z,4.2470,5.5510,0.0000,4.5482,5.8694,0.0000,-0.3012,-0.3184,0.0000,3.9852,5.7055,0.0000,4.3933,6.1705,0.0000,-0.4080,-0.4651,0.0000
2022-01-11,1,d1_12z,4.5482,5.8694,0.0000,4.5482,5.8694,0.0000,0.0000,0.0000,0.0000,4.3933,6.1705,0.0000,4.3933,6.1705,0.0000,0.0000,0.0000,0.0000
2022-01-11,2,d1_00z,4.1424,5.3407,0.0000,4.4048,5.5992,0.0000,-0.2624,-0.2585,0.0000,4.0564,5.7371,0.0000,4.3822,6.1144,0.0000,-0.3258,-0.3772,0.0000
2022-01-11,2,d1_12z,4.3696,5.5585,0.0000,4.4048,5.5992,0.0000,-0.0352,-0.0407,0.0000,4.3304,6.0313,0.0000,4.3822,6.1144,0.0000,-0.0517,-0.0831,0.0000
2022-01-11,3,d1_00z,4.0830,5.2204,0.0000,4.2735,5.3826,0.0000,-0.1906,-0.1622,0.0000,4.1036,5.7781,0.0000,4.2986,6.0047,0.0000,-0.1950,-0.2265,0.0000
2022-01-11,3,d1_12z,4.2280,5.3300,0.0000,4.2735,5.3826,0.0000,-0.0455,-0.0525,0.0000,4.2396,5.9063,0.0000,4.2986,6.0047,0.0000,-0.0590,-0.0983,0.0000
2022-01-11,4,d1_00z,4.0569,5.1553,0.0000,4.2053,5.2737,0.0000,-0.1484,-0.1183,0.0000,4.0392,5.6590,0.0000,4.2582,5.9246,0.0000,-0.2191,-0.2656,0.0000
2022-01-11,4,d1_12z,4.1425,5.1951,0.0000,4.2053,5.2737,0.0000,-0.0628,-0.0786,0.0000,4.1590,5.7817,0.0000,4.2582,5.9246,0.0000,-0.0992,-0.1429,0.0000
2022-01-11,5,d1_00z,4.0592,5.1384,0.0000,4.2063,5.2681,0.0000,-0.1471,-0.1297,0.0000,4.0389,5.6277,0.0000,4.2874,5.9215,0.0000,-0.2486,-0.2938,0.0000
2022-01-11,5,d1_12z,4.1267,5.1607,0.0000,4.2063,5.2681,0.0000,-0.0796,-0.1074,0.0000,4.1502,5.7211,0.0000,4.2874,5.9215,0.0000,-0.1372,-0.2004,0.0000
2022-01-11,6,d1_00z,4.0110,5.0730,0.0000,4.1399,5.1828,0.0000,-0.1289,-0.1098,0.0000,3.9688,5.5208,0.0000,4.2136,5.7970,0.0000,-0.2447,-0.2761,0.0000
2022-01-11,6,d1_12z,4.0557,5.0640,0.0000,4.1399,5.1828,0.0000,-0.0842,-0.1188,0.0000,4.0761,5.5970,0.0000,4.2136,5.7970,0.0000,-0.1374,-0.2000,0.0000
2022-01-11,7,d1_00z,3.9118,4.9328,0.0000,4.0221,5.0177,0.0000,-0.1103,-0.0849,0.0000,3.8545,5.3758,0.0000,4.0678,5.5707,0.0000,-0.2133,-0.1949,0.0000
2022-01-11,7,d1_12z,3.9465,4.9102,0.0000,4.0221,5.0177,0.0000,-0.0755,-0.1075,0.0000,3.9389,5.3937,0.0000,4.0678,5.5707,0.0000,-0.1289,-0.1769,0.0000
2022-01-11,8,d1_00z,3.7730,4.7354,19.0102,3.7968,4.6990,18.8660,-0.0238,0.0364,0.1442,3.7262,5.1478,14.7384,3.8717,5.2252,14.7265,-0.1455,-0.0773,0.0119
2022-01-11,8,d1_12z,3.8068,4.7218,18.9132,3.7968,4.6990,18.8660,0.0100,0.0228,0.0473,3.8098,5.1713,14.7126,3.8717,5.2252,14.7265,-0.0619,-0.0539,-0.0139
2022-01-11,9,d1_00z,3.8734,4.5356,152.6026,3.8961,4.5311,152.1720,-0.0227,0.0045,0.4306,4.0230,5.0923,145.1931,4.1584,5.2397,145.1508,-0.1354,-0.1473,0.0424
2022-01-11,9,d1_12z,3.9055,4.5534,152.3764,3.8961,4.5311,152.1720,0.0094,0.0222,0.2044,4.0789,5.1678,145.3797,4.1584,5.2397,145.1508,-0.0796,-0.0719,0.2290
2022-01-11,10,d1_00z,3.9419,4.4802,315.8390,3.9542,4.4895,315.6061,-0.0124,-0.0093,0.2330,4.2139,5.1366,310.7907,4.2657,5.2040,310.8981,-0.0519,-0.0674,-0.1074
2022-01-11,10,d1_12z,3.9775,4.5311,315.9559,3.9542,4.4895,315.6061,0.0232,0.0416,0.3498,4.3231,5.3040,311.3708,4.2657,5.2040,310.8981,0.0573,0.1000,0.4727
2022-01-11,11,d1_00z,3.9321,4.4123,444.5635,4.0181,4.5270,444.9268,-0.0860,-0.1147,-0.3633,4.2273,5.0642,443.2184,4.3003,5.1663,443.6462,-0.0730,-0.1020,-0.4278
2022-01-11,11,d1_12z,4.0237,4.5431,445.2007,4.0181,4.5270,444.9268,0.0056,0.0161,0.2739,4.4216,5.3420,444.2503,4.3003,5.1663,443.6462,0.1212,0.1757,0.6041
2022-01-11,12,d1_00z,3.9457,4.4320,520.0085,4.1345,4.6870,520.5105,-0.1889,-0.2550,-0.5019,4.1936,4.9977,523.1087,4.3530,5.2236,523.5605,-0.1594,-0.2259,-0.4518
2022-01-11,12,d1_12z,4.1042,4.6464,520.8878,4.1345,4.6870,520.5105,-0.0303,-0.0406,0.3773,4.4249,5.3211,524.3160,4.3530,5.2236,523.5605,0.0720,0.0975,0.7555
2022-01-11,13,d1_00z,3.9417,4.4651,532.9488,4.2060,4.8256,533.2625,-0.2643,-0.3605,-0.3137,4.1500,4.9609,541.1927,4.4006,5.3161,541.7767,-0.2507,-0.3552,-0.5839
2022-01-11,13,d1_12z,4.1520,4.7438,534.0157,4.2060,4.8256,533.2625,-0.0539,-0.0818,0.7532,4.3930,5.3023,542.3160,4.4006,5.3161,541.7767,-0.0076,-0.0139,0.5393
2022-01-11,14,d1_00z,3.8489,4.3977,482.4854,4.1658,4.8295,481.2528,-0.3169,-0.4318,1.2326,4.0213,4.8307,495.8284,4.3296,5.2358,496.4332,-0.3083,-0.4051,-0.6048
2022-01-11,14,d1_12z,4.0364,4.6478,482.8571,4.1658,4.8295,481.2528,-0.1294,-0.1817,1.6043,4.2345,5.1403,496.8887,4.3296,5.2358,496.4332,-0.0951,-0.0956,0.4555
2022-01-11,15,d1_00z,3.6105,4.1780,374.6854,3.9253,4.5906,373.5961,-0.3148,-0.4127,1.0892,3.7316,4.5306,392.2143,4.0319,4.9164,392.8649,-0.3003,-0.3858,-0.6506
2022-01-11,15,d1_12z,3.7554,4.3710,374.5330,3.9253,4.5906,373.5961,-0.1699,-0.2196,0.9369,3.9039,4.7815,393.1483,4.0319,4.9164,392.8649,-0.1280,-0.1349,0.2834
2022-01-11,16,d1_00z,3.1892,3.7871,224.1639,3.5516,4.2317,224.0160,-0.3624,-0.4446,0.1479,3.1507,3.8992,243.0990,3.4398,4.2734,243.8090,-0.2891,-0.3743,-0.7099
2022-01-11,16,d1_12z,3.3236,3.9595,224.2853,3.5516,4.2317,224.0160,-0.2280,-0.2722,0.2692,3.2713,4.0742,243.8188,3.4398,4.2734,243.8090,-0.1685,-0.1993,0.0098
2022-01-11,17,d1_00z,2.8917,3.6141,63.8902,3.0105,3.8372,64.1090,-0.1188,-0.2231,-0.2188,2.8664,3.7677,77.0211,2.7825,3.7629,77.4312,0.0839,0.0048,-0.4101
2022-01-11,17,d1_12z,2.9195,3.6570,64.0737,3.0105,3.8372,64.1090,-0.0911,-0.1802,-0.0354,2.8523,3.7619,77.3669,2.7825,3.7629,77.4312,0.0699,-0.0011,-0.0643
2022-01-11,18,d1_00z,2.9636,3.8109,0.8809,2.9666,3.7764,0.8860,-0.0030,0.0344,-0.0051,2.7362,3.7080,1.2788,2.6312,3.5841,1.2797,0.1050,0.1238,-0.0009
2022-01-11,18,d1_12z,2.9336,3.7162,0.8838,2.9666,3.7764,0.8860,-0.0331,-0.0602,-0.0022,2.7506,3.6707,1.2775,2.6312,3.5841,1.2797,0.1195,0.0866,-0.0021
2022-01-11,19,d1_00z,2.9699,4.0004,0.0018,2.9485,3.7740,0.0023,0.0213,0.2263,-0.0005,2.6436,3.6285,0.0035,2.5279,3.4256,0.0064,0.1157,0.2029,-0.0030
2022-01-11,19,d1_12z,2.9478,3.8395,-0.0022,2.9485,3.7740,0.0023,-0.0007,0.0655,-0.0045,2.6426,3.5889,-0.0052,2.5279,3.4256,0.0064,0.1147,0.1632,-0.0116
2022-01-11,20,d1_00z,2.9262,4.1339,-0.0004,2.8769,3.7884,-0.0003,0.0493,0.3456,-0.0001,2.6255,3.6660,-0.0051,2.5119,3.4200,-0.0075,0.1135,0.2460,0.0024
2022-01-11,20,d1_12z,2.9219,3.9506,0.0016,2.8769,3.7884,-0.0003,0.0450,0.1623,0.0019,2.6384,3.6172,0.0052,2.5119,3.4200,-0.0075,0.1265,0.1972,0.0127
2022-01-11,21,d1_00z,2.8651,4.2338,0.0000,2.8158,3.8028,0.0000,0.0493,0.4311,0.0000,2.6288,3.7375,0.0000,2.5177,3.4732,0.0000,0.1111,0.2642,0.0000
2022-01-11,21,d1_12z,2.8706,4.0401,0.0000,2.8158,3.8028,0.0000,0.0548,0.2374,0.0000,2.6447,3.6749,0.0000,2.5177,3.4732,0.0000,0.1270,0.2017,0.0000
2022-01-11,22,d1_00z,2.8019,4.3002,0.0000,2.7558,3.8190,0.0000,0.0461,0.4812,0.0000,2.6107,3.8532,0.0000,2.5040,3.4951,0.0000,0.1067,0.3581,0.0000
2022-01-11,22,d1_12z,2.8242,4.1332,0.0000,2.7558,3.8190,0.0000,0.0684,0.3142,0.0000,2.6290,3.7209,0.0000,2.5040,3.4951,0.0000,0.1250,0.2258,0.0000
2022-01-11,23,d1_00z,2.7657,4.3650,0.0000,2.7265,3.8746,0.0000,0.0392,0.4904,0.0000,2.6980,4.0769,0.0000,2.5081,3.5410,0.0000,0.1899,0.5359,0.0000
2022-01-11,23,d1_12z,2.7766,4.1997,0.0000,2.7265,3.8746,0.0000,0.0501,0.3251,0.0000,2.6725,3.8368,0.0000,2.5081,3.5410,0.0000,0.1644,0.2958,0.0000
2022-01-12,0,d1_00z,2.8044,4.1834,0.0000,2.7206,3.9329,0.0000,0.0838,0.2505,0.0000,2.8341,4.1157,0.0000,2.5558,3.6455,0.0000,0.2783,0.4702,0.0000
2022-01-12,0,d1_12z,2.7206,3.9329,0.0000,2.7206,3.9329,0.0000,0.0000,0.0000,0.0000,2.5558,3.6455,0.0000,2.5558,3.6455,0.0000,0.0000,0.0000,0.0000
2022-01-12,1,d1_00z,2.7456,4.1409,0.0000,2.6762,3.8936,0.0000,0.0694,0.2473,0.0000,2.8543,4.2096,0.0000,2.5657,3.7010,0.0000,0.2886,0.5086,0.0000
2022-01-12,1,d1_12z,2.6762,3.8936,0.0000,2.6762,3.8936,0.0000,0.0000,0.0000,0.0000,2.5657,3.7010,0.0000,2.5657,3.7010,0.0000,0.0000,0.0000,0.0000
2022-01-12,2,d1_00z,2.6872,4.0529,0.0000,2.5736,3.7317,0.0000,0.1135,0.3212,0.0000,2.8068,4.1690,0.0000,2.4993,3.5676,0.0000,0.3075,0.6014,0.0000
2022-01-12,2,d1_12z,2.6006,3.7684,0.0000,2.5736,3.7317,0.0000,0.0270,0.0367,0.0000,2.5267,3.6109,0.0000,2.4993,3.5676,0.0000,0.0274,0.0433,0.0000
2022-01-12,3,d1_00z,2.5979,3.9163,0.0000,2.4597,3.5514,0.0000,0.1382,0.3649,0.0000,2.7252,4.0461,0.0000,2.4391,3.4707,0.0000,0.2861,0.5754,0.0000
2022-01-12,3,d1_12z,2.5028,3.6045,0.0000,2.4597,3.5514,0.0000,0.0431,0.0532,0.0000,2.4846,3.5376,0.0000,2.4391,3.4707,0.0000,0.0455,0.0669,0.0000
2022-01-12,4,d1_00z,2.5112,3.7958,0.0000,2.3226,3.3295,0.0000,0.1887,0.4663,0.0000,2.6043,3.9043,0.0000,2.2729,3.2210,0.0000,0.3314,0.6833,0.0000
2022-01-12,4,d1_12z,2.3898,3.4153,0.0000,2.3226,3.3295,0.0000,0.0673,0.0858,0.0000,2.3432,3.3233,0.0000,2.2729,3.2210,0.0000,0.0703,0.1022,0.0000
2022-01-12,5,d1_00z,2.4374,3.6632,0.0000,2.2182,3.1504,0.0000,0.2192,0.5128,0.0000,2.5158,3.7174,0.0000,2.1691,3.0034,0.0000,0.3467,0.7140,0.0000
2022-01-12,5,d1_12z,2.3019,3.2682,0.0000,2.2182,3.1504,0.0000,0.0837,0.1179,0.0000,2.2506,3.1352,0.0000,2.1691,3.0034,0.0000,0.0815,0.1318,0.0000
2022-01-12,6,d1_00z,2.4475,3.6625,0.0000,2.2123,3.1176,0.0000,0.2352,0.5449,0.0000,2.5157,3.6568,0.0000,2.1573,2.9163,0.0000,0.3584,0.7405,0.0000
2022-01-12,6,d1_12z,2.2914,3.2337,0.0000,2.2123,3.1176,0.0000,0.0792,0.1160,0.0000,2.2392,3.0535,0.0000,2.1573,2.9163,0.0000,0.0819,0.1373,0.0000
2022-01-12,7,d1_00z,2.4522,3.7218,0.0000,2.1733,3.1045,0.0000,0.2789,0.6173,0.0000,2.4914,3.6553,0.0000,2.1208,2.8669,0.0000,0.3706,0.7884,0.0000
2022-01-12,7,d1_12z,2.2448,3.2125,0.0000,2.1733,3.1045,0.0000,0.0715,0.1080,0.0000,2.2014,3.0033,0.0000,2.1208,2.8669,0.0000,0.0807,0.1363,0.0000
2022-01-12,8,d1_00z,2.3513,3.6531,19.0709,2.0983,3.1261,18.9913,0.2529,0.5270,0.0796,2.3234,3.4852,14.1566,2.0506,2.8964,14.2659,0.2728,0.5888,-0.1093
2022-01-12,8,d1_12z,2.1362,3.1273,19.0967,2.0983,3.1261,18.9913,0.0378,0.0011,0.1053,2.0593,2.8807,14.3452,2.0506,2.8964,14.2659,0.0087,-0.0157,0.0793
2022-01-12,9,d1_00z,2.5646,3.3632,139.9201,2.2908,2.8808,142.3480,0.2738,0.4823,-2.4279,2.3925,3.0773,128.5204,2.0844,2.5859,132.1944,0.3081,0.4914,-3.6740
2022-01-12,9,d1_12z,2.2772,2.8451,143.5179,2.2908,2.8808,142.3480,-0.0136,-0.0357,1.1699,2.0600,2.5083,133.5121,2.0844,2.5859,132.1944,-0.0245,-0.0776,1.3177
2022-01-12,10,d1_00z,3.0003,3.7089,286.0237,2.5921,3.0992,288.1803,0.4082,0.6097,-2.1566,2.6564,3.2225,284.5435,2.1629,2.5774,281.4303,0.4935,0.6452,3.1132
2022-01-12,10,d1_12z,2.6060,3.1022,288.1799,2.5921,3.0992,288.1803,0.0139,0.0030,-0.0004,2.1962,2.5496,279.9861,2.1629,2.5774,281.4303,0.0333,-0.0278,-1.4442
2022-01-12,11,d1_00z,3.3513,4.1128,396.6988,2.8715,3.4141,394.9609,0.4798,0.6987,1.7379,2.7562,3.3507,396.9172,2.1621,2.6019,387.5501,0.5942,0.7488,9.3672
2022-01-12,11,d1_12z,2.9414,3.4804,395.4297,2.8715,3.4141,394.9609,0.0699,0.0663,0.4688,2.2811,2.6660,388.6277,2.1621,2.6019,387.5501,0.1190,0.0641,1.0777
2022-01-12,12,d1_00z,3.6282,4.4707,439.5811,3.1579,3.7687,432.1802,0.4703,0.7021,7.4009,2.7822,3.4622,450.6707,2.4708,2.9876,428.8596,0.3114,0.4746,21.8111
2022-01-12,12,d1_12z,3.3017,3.9317,437.6435,3.1579,3.7687,432.1802,0.1438,0.1631,5.4633,2.6159,3.1203,441.4443,2.4708,2.9876,428.8596,0.1451,0.1327,12.5847
2022-01-12,13,d1_00z,3.7695,4.7110,412.7245,3.4511,4.1991,386.8867,0.3184,0.5119,25.8378,2.9871,3.7420,406.4362,2.9344,3.5626,370.4795,0.0526,0.1794,35.9567
2022-01-12,13,d1_12z,3.6513,4.4292,408.9343,3.4511,4.1991,386.8867,0.2002,0.2301,22.0476,3.1175,3.7768,413.0702,2.9344,3.5626,370.4795,0.1831,0.2142,42.5907
2022-01-12,14,d1_00z,3.9944,5.0451,348.3801,3.8356,4.7414,300.5303,0.1587,0.3036,47.8498,3.5102,4.3449,337.1189,3.6359,4.4187,270.3739,-0.1257,-0.0739,66.7450
2022-01-12,14,d1_12z,4.0434,4.9603,336.7394,3.8356,4.7414,300.5303,0.2077,0.2189,36.2091,3.8291,4.6504,315.1194,3.6359,4.4187,270.3739,0.1931,0.2316,44.7455
2022-01-12,15,d1_00z,4.3324,5.5542,253.7344,4.1376,5.2489,220.6287,0.1948,0.3053,33.1057,4.1407,5.1656,254.3066,4.1705,5.2941,213.7933,-0.0298,-0.1285,40.5133
2022-01-12,15,d1_12z,4.4038,5.4943,242.9058,4.1376,5.2489,220.6287,0.2662,0.2454,22.2771,4.2646,5.3102,241.3984,4.1705,5.2941,213.7933,0.0941,0.0161,27.6051
2022-01-12,16,d1_00z,4.4619,5.9265,149.7120,4.4175,5.8311,130.7593,0.0443,0.0954,18.9528,3.9708,5.2911,175.5860,4.5397,5.9473,144.1716,-0.5690,-0.6562,31.4144
2022-01-12,16,d1_12z,4.6508,6.0122,144.5634,4.4175,5.8311,130.7593,0.2332,0.1811,13.8041,4.5260,5.8564,163.0354,4.5397,5.9473,144.1716,-0.0137,-0.0908,18.8638
2022-01-12,17,d1_00z,4.5586,6.4702,48.2911,4.6143,6.4788,43.4240,-0.0557,-0.0086,4.8671,4.3738,6.1235,63.5312,4.6444,6.4926,53.3813,-0.2706,-0.3691,10.1499
2022-01-12,17,d1_12z,4.7001,6.5664,47.2605,4.6143,6.4788,43.4240,0.0857,0.0876,3.8365,4.6584,6.5728,57.6163,4.6444,6.4926,53.3813,0.0140,0.0801,4.2350
2022-01-12,18,d1_00z,4.8961,7.2325,0.9808,5.0266,7.3353,0.9279,-0.1305,-0.1028,0.0530,4.9085,7.1739,1.4631,4.6784,6.8141,1.3409,0.2301,0.3598,0.1222
2022-01-12,18,d1_12z,5.0368,7.3193,0.9617,5.0266,7.3353,0.9279,0.0102,-0.0160,0.0339,4.8346,7.1006,1.3653,4.6784,6.8141,1.3409,0.1562,0.2865,0.0244
2022-01-12,19,d1_00z,5.4943,7.9714,0.0038,5.6415,8.1257,-0.0018,-0.1472,-0.1543,0.0056,5.4152,7.8079,-0.0004,5.4234,7.8959,-0.0128,-0.0082,-0.0880,0.0125
2022-01-12,19,d1_12z,5.5176,7.9648,0.0024,5.6415,8.1257,-0.0018,-0.1238,-0.1609,0.0042,5.2645,7.9077,0.0103,5.4234,7.8959,-0.0128,-0.1589,0.0118,0.0231
2022-01-12,20,d1_00z,6.0213,8.5932,-0.0014,5.9006,8.3692,0.0012,0.1207,0.2240,-0.0026,5.5955,8.1917,-0.0031,5.6460,8.2299,0.0006,-0.0505,-0.0382,-0.0037
2022-01-12,20,d1_12z,5.9353,8.4806,-0.0008,5.9006,8.3692,0.0012,0.0347,0.1114,-0.0020,5.6076,8.3828,-0.0088,5.6460,8.2299,0.0006,-0.0384,0.1529,-0.0094
2022-01-12,21,d1_00z,6.4974,9.1438,0.0000,6.3077,8.8829,0.0000,0.1897,0.2609,0.0000,5.8103,8.5232,0.0000,5.6108,8.2821,0.0000,0.1995,0.2411,0.0000
2022-01-12,21,d1_12z,6.2521,8.8575,0.0000,6.3077,8.8829,0.0000,-0.0556,-0.0255,0.0000,5.7399,8.5336,0.0000,5.6108,8.2821,0.0000,0.1291,0.2515,0.0000
2022-01-12,22,d1_00z,6.6449,9.3534,0.0000,6.5984,9.2755,0.0000,0.0466,0.0780,0.0000,6.1392,8.9344,0.0000,5.8796,8.8592,0.0000,0.2597,0.0752,0.0000
2022-01-12,22,d1_12z,6.3669,9.0233,0.0000,6.5984,9.2755,0.0000,-0.2315,-0.2522,0.0000,5.8569,8.8201,0.0000,5.8796,8.8592,0.0000,-0.0226,-0.0391,0.0000
2022-01-12,23,d1_00z,6.7065,9.4307,0.0000,6.7990,9.5316,0.0000,-0.0925,-0.1009,0.0000,6.2187,9.1198,0.0000,6.3259,9.4682,0.0000,-0.1072,-0.3483,0.0000
2022-01-12,23,d1_12z,6.4357,9.0960,0.0000,6.7990,9.5316,0.0000,-0.3633,-0.4356,0.0000,5.8847,8.9090,0.0000,6.3259,9.4682,0.0000,-0.4412,-0.5592,0.0000
2022-01-13,0,d1_00z,6.7121,9.4545,0.0000,6.9341,9.7181,0.0000,-0.2220,-0.2636,0.0000,6.2210,9.3235,0.0000,6.5903,9.8295,0.0000,-0.3693,-0.5061,0.0000
2022-01-13,0,d1_12z,6.9341,9.7181,0.0000,6.9341,9.7181,0.0000,0.0000,0.0000,0.0000,6.5903,9.8295,0.0000,6.5903,9.8295,0.0000,0.0000,0.0000,0.0000
2022-01-13,1,d1_00z,6.6288,9.3589,0.0000,6.8449,9.5989,0.0000,-0.2162,-0.2400,0.0000,6.3042,9.4177,0.0000,6.6367,9.8657,0.0000,-0.3324,-0.4480,0.0000
2022-01-13,1,d1_12z,6.8449,9.5989,0.0000,6.8449,9.5989,0.0000,0.0000,0.0000,0.0000,6.6367,9.8657,0.0000,6.6367,9.8657,0.0000,0.0000,0.0000,0.0000
2022-01-13,2,d1_00z,6.4544,9.1383,0.0000,6.6951,9.3934,0.0000,-0.2406,-0.2551,0.0000,6.1962,9.2981,0.0000,6.4057,9.5083,0.0000,-0.2094,-0.2102,0.0000
2022-01-13,2,d1_12z,6.6346,9.3093,0.0000,6.6951,9.3934,0.0000,-0.0604,-0.0841,0.0000,6.3167,9.4115,0.0000,6.4057,9.5083,0.0000,-0.0890,-0.0968,0.0000
2022-01-13,3,d1_00z,6.3932,9.0222,0.0000,6.5319,9.1116,0.0000,-0.1387,-0.0894,0.0000,5.8905,8.9577,0.0000,6.0160,8.9979,0.0000,-0.1254,-0.0402,0.0000
2022-01-13,3,d1_12z,6.4162,8.9616,0.0000,6.5319,9.1116,0.0000,-0.1157,-0.1500,0.0000,5.9098,8.8703,0.0000,6.0160,8.9979,0.0000,-0.1062,-0.1276,0.0000
2022-01-13,4,d1_00z,6.3381,8.8736,0.0000,6.3978,8.8665,0.0000,-0.0596,0.0071,0.0000,5.9766,9.0461,0.0000,6.0980,9.1041,0.0000,-0.1214,-0.0579,0.0000
2022-01-13,4,d1_12z,6.2351,8.6525,0.0000,6.3978,8.8665,0.0000,-0.1626,-0.2140,0.0000,5.9402,8.9236,0.0000,6.0980,9.1041,0.0000,-0.1577,-0.1804,0.0000
2022-01-13,5,d1_00z,6.2240,8.6843,0.0000,6.2926,8.7082,0.0000,-0.0685,-0.0239,0.0000,6.3377,9.3892,0.0000,6.3173,9.3663,0.0000,0.0204,0.0229,0.0000
2022-01-13,5,d1_12z,6.0769,8.4271,0.0000,6.2926,8.7082,0.0000,-0.2157,-0.2811,0.0000,6.1761,9.2309,0.0000,6.3173,9.3663,0.0000,-0.1411,-0.1354,0.0000
2022-01-13,6,d1_00z,5.8437,8.0718,0.0000,6.0103,8.2766,0.0000,-0.1667,-0.2048,0.0000,6.1313,9.0654,0.0000,6.2004,9.1659,0.0000,-0.0691,-0.1005,0.0000
2022-01-13,6,d1_12z,5.7904,7.9746,0.0000,6.0103,8.2766,0.0000,-0.2200,-0.3020,0.0000,5.9898,8.9355,0.0000,6.2004,9.1659,0.0000,-0.2105,-0.2304,0.0000
2022-01-13,7,d1_00z,5.3731,7.3221,0.0000,5.6746,7.7357,0.0000,-0.3015,-0.4135,0.0000,5.5460,8.3409,0.0000,5.6773,8.4827,0.0000,-0.1314,-0.1418,0.0000
2022-01-13,7,d1_12z,5.4573,7.4047,0.0000,5.6746,7.7357,0.0000,-0.2173,-0.3310,0.0000,5.3284,8.0685,0.0000,5.6773,8.4827,0.0000,-0.3489,-0.4143,0.0000
2022-01-13,8,d1_00z,5.1092,6.8062,20.3268,5.0406,6.9983,20.0648,0.0686,-0.1921,0.2620,5.1483,7.6973,15.8378,5.0113,7.8113,15.8122,0.1370,-0.1140,0.0256
2022-01-13,8,d1_12z,5.1519,6.8348,20.1965,5.0406,6.9983,20.0648,0.1113,-0.1635,0.1317,5.2027,7.7404,15.8070,5.0113,7.8113,15.8122,0.1914,-0.0710,-0.0052
2022-01-13,9,d1_00z,5.3076,6.5022,158.6461,5.1166,6.3961,157.8106,0.1911,0.1061,0.8355,5.5739,7.4095,152.6976,5.3021,7.3279,153.6131,0.2718,0.0816,-0.9154
2022-01-13,9,d1_12z,5.3036,6.4829,158.5554,5.1166,6.3961,157.8106,0.1870,0.0868,0.7448,5.5874,7.4329,152.3393,5.3021,7.3279,153.6131,0.2853,0.1050,-1.2738
2022-01-13,10,d1_00z,5.4503,6.5237,324.8641,5.2045,6.2350,324.7581,0.2458,0.2887,0.1060,5.9687,7.6146,323.1169,5.7184,7.3582,325.1051,0.2503,0.2564,-1.9882
2022-01-13,10,d1_12z,5.3826,6.4281,324.4733,5.2045,6.2350,324.7581,0.1782,0.1931,-0.2848,5.9906,7.6320,322.4146,5.7184,7.3582,325.1051,0.2722,0.2738,-2.6904
2022-01-13,11,d1_00z,5.3946,6.3834,456.0586,5.1367,6.0837,456.2539,0.2579,0.2997,-0.1954,6.0078,7.5743,459.0194,5.7867,7.3196,461.5271,0.2211,0.2547,-2.5077
2022-01-13,11,d1_12z,5.3309,6.3109,454.8368,5.1367,6.0837,456.2539,0.1942,0.2272,-1.4171,6.0307,7.5821,457.8771,5.7867,7.3196,461.5271,0.2440,0.2625,-3.6501
2022-01-13,12,d1_00z,5.2758,6.1893,533.3365,5.0177,5.9031,533.1688,0.2582,0.2862,0.1677,5.9019,7.3800,540.9348,5.6604,7.0889,543.3677,0.2415,0.2911,-2.4329
2022-01-13,12,d1_12z,5.2433,6.1755,532.0194,5.0177,5.9031,533.1688,0.2257,0.2725,-1.1494,5.9309,7.3930,539.7963,5.6604,7.0889,543.3677,0.2706,0.3041,-3.5714
2022-01-13,13,d1_00z,5.1219,5.9979,548.2404,4.9637,5.8184,547.5400,0.1582,0.1795,0.7004,5.6517,7.0204,560.2667,5.5407,6.9012,562.0563,0.1110,0.1193,-1.7896
2022-01-13,13,d1_12z,5.2167,6.1279,547.1406,4.9637,5.8184,547.5400,0.2529,0.3095,-0.3993,5.8403,7.2602,559.2122,5.5407,6.9012,562.0563,0.2996,0.3590,-2.8442
2022-01-13,14,d1_00z,4.8595,5.6913,498.9269,4.8455,5.6677,498.1917,0.0139,0.0235,0.7352,5.2903,6.5521,515.0718,5.2243,6.5091,516.3592,0.0660,0.0431,-1.2874
2022-01-13,14,d1_12z,5.0633,5.9502,498.2213,4.8455,5.6677,498.1917,0.2177,0.2825,0.0296,5.5139,6.8415,514.2962,5.2243,6.5091,516.3592,0.2896,0.3324,-2.0630
2022-01-13,15,d1_00z,4.5387,5.3301,391.3596,4.6133,5.4250,390.3464,-0.0746,-0.0949,1.0133,4.8127,5.9792,410.1953,4.6817,5.8834,410.7398,0.1309,0.0958,-0.5445
2022-01-13,15,d1_12z,4.7522,5.6151,390.6089,4.6133,5.4250,390.3464,0.1390,0.1901,0.2626,5.0179,6.2529,409.0855,4.6817,5.8834,410.7398,0.3361,0.3695,-1.6542
2022-01-13,16,d1_00z,4.1335,4.9504,238.6393,4.1614,5.0320,237.6480,-0.0279,-0.0816,0.9913,4.1789,5.3579,258.0306,3.9352,5.2227,258.0888,0.2436,0.1352,-0.0582
2022-01-13,16,d1_12z,4.2980,5.1916,237.6719,4.1614,5.0320,237.6480,0.1366,0.1597,0.0239,4.2780,5.5435,256.8789,3.9352,5.2227,258.0888,0.3427,0.3208,-1.2098
2022-01-13,17,d1_00z,3.5331,4.5858,71.4737,3.5979,4.8132,71.2631,-0.0648,-0.2274,0.2107,3.1519,4.6564,86.0319,3.0442,4.8066,85.9469,0.1076,-0.1501,0.0850
2022-01-13,17,d1_12z,3.6983,4.8287,71.2459,3.5979,4.8132,71.2631,0.1004,0.0155,-0.0172,3.3474,4.9267,85.8852,3.0442,4.8066,85.9469,0.3032,0.1201,-0.0617
2022-01-13,18,d1_00z,3.4023,4.4482,1.2199,3.4779,4.7368,1.2209,-0.0756,-0.2886,-0.0010,2.7789,4.2613,1.7858,2.7821,4.6061,1.7717,-0.0033,-0.3448,0.0141
2022-01-13,18,d1_12z,3.5312,4.6532,1.2229,3.4779,4.7368,1.2209,0.0533,-0.0836,0.0020,2.9806,4.5223,1.7779,2.7821,4.6061,1.7717,0.1984,-0.0838,0.0062
2022-01-13,19,d1_00z,3.2897,4.3831,0.0015,3.4553,4.7652,-0.0013,-0.1656,-0.3821,0.0028,2.6385,4.0999,0.0070,2.8873,4.7138,0.0055,-0.2489,-0.6139,0.0014
2022-01-13,19,d1_12z,3.4339,4.6147,-0.0006,3.4553,4.7652,-0.0013,-0.0214,-0.1505,0.0007,2.8976,4.4064,-0.0064,2.8873,4.7138,0.0055,0.0103,-0.3073,-0.0120
2022-01-13,20,d1_00z,3.2506,4.4567,0.0033,3.3788,4.7880,0.0053,-0.1282,-0.3314,-0.0020,2.6220,4.0961,-0.0080,2.9183,4.7972,0.0013,-0.2964,-0.7011,-0.0093
2022-01-13,20,d1_12z,3.3703,4.6555,-0.0016,3.3788,4.7880,0.0053,-0.0085,-0.1325,-0.0070,2.9037,4.4968,-0.0001,2.9183,4.7972,0.0013,-0.0147,-0.3005,-0.0014
2022-01-13,21,d1_00z,3.2465,4.5946,0.0000,3.3144,4.8141,0.0000,-0.0679,-0.2195,0.0000,2.8344,4.3443,0.0000,2.9674,4.9024,0.0000,-0.1330,-0.5580,0.0000
2022-01-13,21,d1_12z,3.3361,4.7354,0.0000,3.3144,4.8141,0.0000,0.0217,-0.0787,0.0000,2.9438,4.6182,0.0000,2.9674,4.9024,0.0000,-0.0236,-0.2842,0.0000
2022-01-13,22,d1_00z,3.2550,4.7432,0.0000,3.3015,4.8637,0.0000,-0.0465,-0.1205,0.0000,3.0384,4.6877,0.0000,2.9769,4.9074,0.0000,0.0615,-0.2197,0.0000
2022-01-13,22,d1_12z,3.3382,4.8737,0.0000,3.3015,4.8637,0.0000,0.0366,0.0099,0.0000,3.0640,4.8464,0.0000,2.9769,4.9074,0.0000,0.0871,-0.0610,0.0000
2022-01-13,23,d1_00z,3.2509,4.7996,0.0000,3.2800,4.8628,0.0000,-0.0291,-0.0632,0.0000,3.0542,4.7500,0.0000,2.8409,4.6440,0.0000,0.2133,0.1060,0.0000
2022-01-13,23,d1_12z,3.3687,4.9756,0.0000,3.2800,4.8628,0.0000,0.0887,0.1128,0.0000,3.0511,4.8335,0.0000,2.8409,4.6440,0.0000,0.2101,0.1896,0.0000
2022-01-14,0,d1_00z,3.3842,5.0800,0.0000,3.2310,4.8327,0.0000,0.1531,0.2473,0.0000,3.1236,5.0695,0.0000,2.9528,4.6987,0.0000,0.1708,0.3708,0.0000
2022-01-14,0,d1_12z,3.2310,4.8327,0.0000,3.2310,4.8327,0.0000,0.0000,0.0000,0.0000,2.9528,4.6987,0.0000,2.9528,4.6987,0.0000,0.0000,0.0000,0.0000
2022-01-14,1,d1_00z,3.2987,5.0027,0.0000,3.1433,4.7463,0.0000,0.1553,0.2563,0.0000,3.0982,5.1567,0.0000,2.9071,4.7341,0.0000,0.1911,0.4227,0.0000
2022-01-14,1,d1_12z,3.1433,4.7463,0.0000,3.1433,4.7463,0.0000,0.0000,0.0000,0.0000,2.9071,4.7341,0.0000,2.9071,4.7341,0.0000,0.0000,0.0000,0.0000
2022-01-14,2,d1_00z,3.2516,4.9524,0.0000,3.0520,4.6485,0.0000,0.1996,0.3039,0.0000,3.1118,5.2311,0.0000,2.8966,4.7717,0.0000,0.2152,0.4593,0.0000
2022-01-14,2,d1_12z,3.0893,4.6939,0.0000,3.0520,4.6485,0.0000,0.0373,0.0454,0.0000,2.9158,4.8098,0.0000,2.8966,4.7717,0.0000,0.0191,0.0380,0.0000
2022-01-14,3,d1_00z,3.2177,4.9070,0.0000,3.0200,4.6157,0.0000,0.1977,0.2913,0.0000,3.1290,5.2471,0.0000,2.9671,4.8802,0.0000,0.1619,0.3669,0.0000
2022-01-14,3,d1_12z,3.0603,4.6665,0.0000,3.0200,4.6157,0.0000,0.0403,0.0508,0.0000,2.9826,4.9074,0.0000,2.9671,4.8802,0.0000,0.0155,0.0271,0.0000
2022-01-14,4,d1_00z,3.1509,4.7978,0.0000,3.0032,4.5918,0.0000,0.1477,0.2060,0.0000,3.0587,5.0765,0.0000,2.9879,4.8584,0.0000,0.0708,0.2181,0.0000
2022-01-14,4,d1_12z,3.0378,4.6393,0.0000,3.0032,4.5918,0.0000,0.0346,0.0475,0.0000,2.9862,4.8674,0.0000,2.9879,4.8584,0.0000,-0.0017,0.0090,0.0000
2022-01-14,5,d1_00z,3.0710,4.6714,0.0000,2.9706,4.5522,0.0000,0.1004,0.1192,0.0000,3.0783,4.8929,0.0000,3.0491,4.7911,0.0000,0.0292,0.1018,0.0000
2022-01-14,5,d1_12z,3.0023,4.5975,0.0000,2.9706,4.5522,0.0000,0.0318,0.0453,0.0000,3.0487,4.7993,0.0000,3.0491,4.7911,0.0000,-0.0004,0.0083,0.0000
2022-01-14,6,d1_00z,2.9741,4.5581,0.0000,2.8770,4.4521,0.0000,0.0971,0.1060,0.0000,3.0549,4.7668,0.0000,2.9774,4.6221,0.0000,0.0776,0.1447,0.0000
2022-01-14,6,d1_12z,2.9099,4.5000,0.0000,2.8770,4.4521,0.0000,0.0329,0.0479,0.0000,2.9854,4.6463,0.0000,2.9774,4.6221,0.0000,0.0080,0.0242,0.0000
2022-01-14,7,d1_00z,2.9426,4.5589,0.0000,2.8415,4.4584,0.0000,0.1011,0.1004,0.0000,2.9719,4.5552,0.0000,2.9161,4.4764,0.0000,0.0558,0.0787,0.0000
2022-01-14,7,d1_12z,2.8767,4.5016,0.0000,2.8415,4.4584,0.0000,0.0351,0.0431,0.0000,2.9350,4.4937,0.0000,2.9161,4.4764,0.0000,0.0189,0.0173,0.0000
2022-01-14,8,d1_00z,2.9512,4.6279,20.7052,2.9474,4.6006,20.5821,0.0038,0.0273,0.1231,2.9941,4.5885,15.5292,3.0098,4.6280,15.3978,-0.0157,-0.0396,0.1314
2022-01-14,8,d1_12z,2.9014,4.5933,20.6247,2.9474,4.6006,20.5821,-0.0460,-0.0073,0.0426,2.9861,4.6252,15.4471,3.0098,4.6280,15.3978,-0.0237,-0.0028,0.0493
2022-01-14,9,d1_00z,3.2841,4.5467,147.7985,3.3786,4.6072,144.9032,-0.0946,-0.0605,2.8954,3.1710,4.4728,131.5097,3.2193,4.4672,123.9328,-0.0483,0.0056,7.5770
2022-01-14,9,d1_12z,3.2549,4.5074,145.6756,3.3786,4.6072,144.9032,-0.1238,-0.0998,0.7724,3.1504,4.4729,124.7219,3.2193,4.4672,123.9328,-0.0688,0.0057,0.7891
2022-01-14,10,d1_00z,3.8332,4.8961,286.6129,4.0528,5.1686,283.9359,-0.2196,-0.2725,2.6770,3.7163,4.7039,260.8116,3.9264,4.9910,252.8423,-0.2101,-0.2871,7.9693
2022-01-14,10,d1_12z,3.8503,4.9030,281.9570,4.0528,5.1686,283.9359,-0.2025,-0.2656,-1.9789,3.7977,4.8339,252.2173,3.9264,4.9910,252.8423,-0.1287,-0.1571,-0.6251
2022-01-14,11,d1_00z,4.2894,5.4230,393.7802,4.5988,5.8246,389.3520,-0.3095,-0.4017,4.4282,4.0597,5.1008,362.0467,4.4510,5.6309,349.1344,-0.3913,-0.5300,12.9123
2022-01-14,11,d1_12z,4.2900,5.4201,381.0572,4.5988,5.8246,389.3520,-0.3088,-0.4045,-8.2947,4.1494,5.2375,338.5419,4.4510,5.6309,349.1344,-0.3016,-0.3934,-10.5925
2022-01-14,12,d1_00z,4.6888,5.9212,443.5484,4.9808,6.2937,435.9779,-0.2920,-0.3724,7.5705,4.4899,5.6784,417.5577,4.7044,5.9270,397.7917,-0.2145,-0.2486,19.7660
2022-01-14,12,d1_12z,4.6581,5.8818,419.6718,4.9808,6.2937,435.9779,-0.3227,-0.4118,-16.3061,4.3816,5.5298,381.1020,4.7044,5.9270,397.7917,-0.3228,-0.3972,-16.6897
2022-01-14,13,d1_00z,4.9217,6.2206,425.1998,5.2290,6.6272,421.0979,-0.3073,-0.4066,4.1019,4.7239,6.0068,390.4611,4.9592,6.2866,388.5442,-0.2353,-0.2798,1.9169
2022-01-14,13,d1_12z,4.9119,6.2263,395.0823,5.2290,6.6272,421.0979,-0.3171,-0.4009,-26.0156,4.6521,5.9165,361.5686,4.9592,6.2866,388.5442,-0.3071,-0.3701,-26.9756
2022-01-14,14,d1_00z,5.0085,6.3893,351.4265,5.3671,6.8627,353.9782,-0.3586,-0.4734,-2.5516,4.9146,6.3061,320.9995,5.2910,6.7848,329.3470,-0.3764,-0.4786,-8.3474
2022-01-14,14,d1_12z,5.0673,6.4872,324.0104,5.3671,6.8627,353.9782,-0.2998,-0.3755,-29.9678,5.0098,6.4566,297.6465,5.2910,6.7848,329.3470,-0.2813,-0.3282,-31.7005
2022-01-14,15,d1_00z,4.7620,6.2694,246.3620,5.2606,6.8881,260.5082,-0.4986,-0.6187,-14.1462,4.7304,6.3722,231.5337,5.2160,6.9146,254.1836,-0.4856,-0.5424,-22.6499
2022-01-14,15,d1_12z,4.8956,6.4401,235.0349,5.2606,6.8881,260.5082,-0.3651,-0.4480,-25.4732,4.7983,6.4620,218.2185,5.2160,6.9146,254.1836,-0.4177,-0.4527,-35.9651
2022-01-14,16,d1_00z,4.4431,6.1936,139.0333,4.8612,6.6849,156.4859,-0.4181,-0.4913,-17.4526,4.3069,6.3795,135.2717,4.7787,6.8260,166.6486,-0.4718,-0.4465,-31.3769
2022-01-14,16,d1_12z,4.6281,6.3844,138.6666,4.8612,6.6849,156.4859,-0.2331,-0.3006,-17.8193,4.3511,6.4345,141.0538,4.7787,6.8260,166.6486,-0.4275,-0.3915,-25.5948
2022-01-14,17,d1_00z,4.3156,6.4781,43.9270,4.5773,6.8797,51.0123,-0.2617,-0.4016,-7.0853,3.9486,6.5268,48.4479,4.1044,6.9079,61.2696,-0.1558,-0.3811,-12.8217
2022-01-14,17,d1_12z,4.4703,6.6141,45.7825,4.5773,6.8797,51.0123,-0.1071,-0.2656,-5.2298,4.0002,6.5734,53.6632,4.1044,6.9079,61.2696,-0.1042,-0.3345,-7.6064
2022-01-14,18,d1_00z,4.3497,6.7723,1.0999,4.5247,7.1813,1.2011,-0.1750,-0.4089,-0.1012,3.8612,6.5849,1.6149,4.0022,7.2007,1.7777,-0.1410,-0.6158,-0.1629
2022-01-14,18,d1_12z,4.4711,6.9138,1.1660,4.5247,7.1813,1.2011,-0.0536,-0.2675,-0.0352,3.9739,6.8202,1.6992,4.0022,7.2007,1.7777,-0.0282,-0.3805,-0.0785
2022-01-14,19,d1_00z,4.4989,7.0680,0.0025,4.6906,7.4904,-0.0017,-0.1917,-0.4224,0.0042,3.9063,6.7178,0.0048,4.1325,7.5412,0.0010,-0.2262,-0.8234,0.0038
2022-01-14,19,d1_12z,4.6190,7.2142,-0.0010,4.6906,7.4904,-0.0017,-0.0716,-0.2762,0.0007,4.0728,7.0337,0.0069,4.1325,7.5412,0.0010,-0.0597,-0.5075,0.0059
2022-01-14,20,d1_00z,4.6267,7.2632,-0.0031,4.7454,7.5491,0.0012,-0.1187,-0.2859,-0.0043,4.0162,6.9476,-0.0064,4.0918,7.5162,-0.0014,-0.0756,-0.5686,-0.0051
2022-01-14,20,d1_12z,4.7122,7.3914,-0.0020,4.7454,7.5491,0.0012,-0.0332,-0.1577,-0.0031,4.1262,7.1521,0.0022,4.0918,7.5162,-0.0014,0.0344,-0.3642,0.0036
2022-01-14,21,d1_00z,4.6758,7.3409,0.0000,4.7797,7.5640,0.0000,-0.1039,-0.2231,0.0000,4.1129,7.2505,0.0000,4.0915,7.4769,0.0000,0.0214,-0.2263,0.0000
2022-01-14,21,d1_12z,4.7247,7.4187,0.0000,4.7797,7.5640,0.0000,-0.0550,-0.1453,0.0000,4.1672,7.2438,0.0000,4.0915,7.4769,0.0000,0.0757,-0.2331,0.0000
2022-01-14,22,d1_00z,4.6800,7.3279,0.0000,4.7905,7.4958,0.0000,-0.1106,-0.1680,0.0000,4.0320,7.1462,0.0000,4.0611,7.3238,0.0000,-0.0291,-0.1775,0.0000
2022-01-14,22,d1_12z,4.7280,7.3917,0.0000,4.7905,7.4958,0.0000,-0.0625,-0.1042,0.0000,4.1875,7.3335,0.0000,4.0611,7.3238,0.0000,0.1263,0.0097,0.0000
2022-01-14,23,d1_00z,4.6580,7.2445,0.0000,4.7415,7.3674,0.0000,-0.0836,-0.1229,0.0000,4.0074,7.0076,0.0000,3.9080,7.0577,0.0000,0.0993,-0.0501,0.0000
2022-01-14,23,d1_12z,4.6999,7.3370,0.0000,4.7415,7.3674,0.0000,-0.0416,-0.0304,0.0000,4.0178,7.1698,0.0000,3.9080,7.0577,0.0000,0.1098,0.1121,0.0000
2022-01-15,0,d1_00z,4.6678,7.2750,0.0000,4.6233,7.1918,0.0000,0.0445,0.0832,0.0000,3.7747,6.8600,0.0000,3.6796,6.6889,0.0000,0.0951,0.1711,0.0000
2022-01-15,0,d1_12z,4.6233,7.1918,0.0000,4.6233,7.1918,0.0000,0.0000,0.0000,0.0000,3.6796,6.6889,0.0000,3.6796,6.6889,0.0000,0.0000,0.0000,0.0000
2022-01-15,1,d1_00z,4.4889,7.0095,0.0000,4.4848,6.9839,0.0000,0.0041,0.0256,0.0000,3.5760,6.3551,0.0000,3.5163,6.2813,0.0000,0.0597,0.0738,0.0000
2022-01-15,1,d1_12z,4.4848,6.9839,0.0000,4.4848,6.9839,0.0000,0.0000,0.0000,0.0000,3.5163,6.2813,0.0000,3.5163,6.2813,0.0000,0.0000,0.0000,0.0000
2022-01-15,2,d1_00z,4.3269,6.7382,0.0000,4.2788,6.6804,0.0000,0.0482,0.0579,0.0000,3.4139,6.0258,0.0000,3.3499,5.9612,0.0000,0.0641,0.0646,0.0000
2022-01-15,2,d1_12z,4.3538,6.7841,0.0000,4.2788,6.6804,0.0000,0.0750,0.1038,0.0000,3.4164,6.0734,0.0000,3.3499,5.9612,0.0000,0.0665,0.1121,0.0000
2022-01-15,3,d1_00z,4.1519,6.5049,0.0000,4.1568,6.5313,0.0000,-0.0048,-0.0263,0.0000,3.3076,5.7943,0.0000,3.2655,5.7803,0.0000,0.0421,0.0140,0.0000
2022-01-15,3,d1_12z,4.2459,6.6554,0.0000,4.1568,6.5313,0.0000,0.0891,0.1241,0.0000,3.3442,5.9159,0.0000,3.2655,5.7803,0.0000,0.0786,0.1356,0.0000
2022-01-15,4,d1_00z,4.0647,6.3704,0.0000,4.1169,6.4761,0.0000,-0.0522,-0.1057,0.0000,3.2524,5.6463,0.0000,3.2034,5.6408,0.0000,0.0490,0.0056,0.0000
2022-01-15,4,d1_12z,4.2207,6.6244,0.0000,4.1169,6.4761,0.0000,0.1038,0.1483,0.0000,3.2920,5.8002,0.0000,3.2034,5.6408,0.0000,0.0886,0.1594,0.0000
2022-01-15,5,d1_00z,3.9522,6.2103,0.0000,4.0280,6.3542,0.0000,-0.0758,-0.1439,0.0000,3.2194,5.5818,0.0000,3.2020,5.5972,0.0000,0.0173,-0.0153,0.0000
2022-01-15,5,d1_12z,4.1287,6.5191,0.0000,4.0280,6.3542,0.0000,0.1008,0.1649,0.0000,3.2943,5.7701,0.0000,3.2020,5.5972,0.0000,0.0923,0.1730,0.0000
2022-01-15,6,d1_00z,3.8580,5.9878,0.0000,3.9413,6.1707,0.0000,-0.0833,-0.1830,0.0000,3.1375,5.4680,0.0000,3.1905,5.6828,0.0000,-0.0529,-0.2147,0.0000
2022-01-15,6,d1_12z,4.0215,6.3104,0.0000,3.9413,6.1707,0.0000,0.0802,0.1397,0.0000,3.2695,5.7953,0.0000,3.1905,5.6828,0.0000,0.0790,0.1126,0.0000
2022-01-15,7,d1_00z,3.7815,5.7301,0.0000,3.8529,5.9123,0.0000,-0.0715,-0.1822,0.0000,3.0612,5.2868,0.0000,3.1145,5.5379,0.0000,-0.0533,-0.2511,0.0000
2022-01-15,7,d1_12z,3.9177,6.0098,0.0000,3.8529,5.9123,0.0000,0.0648,0.0974,0.0000,3.1817,5.6202,0.0000,3.1145,5.5379,0.0000,0.0673,0.0823,0.0000
2022-01-15,8,d1_00z,3.6266,5.4219,20.0914,3.7070,5.5580,20.1051,-0.0805,-0.1361,-0.0137,2.9287,5.0308,15.2034,3.0019,5.1954,15.1679,-0.0732,-0.1646,0.0354
2022-01-15,8,d1_12z,3.7752,5.6907,20.1091,3.7070,5.5580,20.1051,0.0682,0.1327,0.0039,3.0169,5.2767,15.1800,3.0019,5.1954,15.1679,0.0150,0.0813,0.0121
2022-01-15,9,d1_00z,3.6878,4.7669,154.7478,3.8928,4.9511,154.6767,-0.2050,-0.1842,0.0711,3.1133,4.4694,144.4322,3.2611,4.6076,144.4983,-0.1478,-0.1382,-0.0661
2022-01-15,9,d1_12z,3.9361,5.0687,155.2213,3.8928,4.9511,154.6767,0.0432,0.1176,0.5446,3.2381,4.6453,145.2644,3.2611,4.6076,144.4983,-0.0230,0.0377,0.7661
2022-01-15,10,d1_00z,3.8347,4.5813,315.9969,4.0608,4.8426,315.2969,-0.2261,-0.2613,0.7000,3.4582,4.3458,308.2603,3.6670,4.5978,308.3762,-0.2088,-0.2521,-0.1159
2022-01-15,10,d1_12z,4.1354,4.9864,316.4211,4.0608,4.8426,315.2969,0.0746,0.1438,1.1242,3.6060,4.5585,309.9206,3.6670,4.5978,308.3762,-0.0610,-0.0393,1.5444
2022-01-15,11,d1_00z,3.9182,4.5793,444.4604,4.1566,4.8468,443.5641,-0.2383,-0.2675,0.8963,3.6644,4.4648,442.3887,3.9902,4.8599,441.8522,-0.3258,-0.3951,0.5365
2022-01-15,11,d1_12z,4.2895,5.0714,445.2878,4.1566,4.8468,443.5641,0.1329,0.2245,1.7237,4.0201,4.9572,443.8064,3.9902,4.8599,441.8522,0.0299,0.0973,1.9542
2022-01-15,12,d1_00z,4.1136,4.8109,519.1194,4.4124,5.1608,519.3307,-0.2988,-0.3500,-0.2113,4.1074,4.9830,522.5140,4.5234,5.4668,523.4272,-0.4161,-0.4838,-0.9132
2022-01-15,12,d1_12z,4.5494,5.3835,520.8117,4.4124,5.1608,519.3307,0.1370,0.2227,1.4810,4.6013,5.6203,525.0876,4.5234,5.4668,523.4272,0.0778,0.1536,1.6604
2022-01-15,13,d1_00z,4.3106,5.0981,533.9890,4.6847,5.5599,534.3908,-0.3741,-0.4618,-0.4018,4.4655,5.4250,543.1213,4.8352,5.8831,543.9821,-0.3697,-0.4581,-0.8608
2022-01-15,13,d1_12z,4.7955,5.7285,535.4694,4.6847,5.5599,534.3908,0.1108,0.1686,1.0786,4.9041,6.0203,545.2214,4.8352,5.8831,543.9821,0.0689,0.1372,1.2393
2022-01-15,14,d1_00z,4.5271,5.4399,482.9819,4.8708,5.8646,486.6355,-0.3438,-0.4248,-3.6536,4.7477,5.8440,495.7021,5.2532,6.4599,501.4800,-0.5055,-0.6158,-5.7780
2022-01-15,14,d1_12z,5.0260,6.0930,486.4067,4.8708,5.8646,486.6355,0.1552,0.2283,-0.2288,5.3100,6.5830,501.5727,5.2532,6.4599,501.4800,0.0568,0.1232,0.0927
2022-01-15,15,d1_00z,4.6709,5.7513,375.6739,5.1154,6.3052,381.2139,-0.4445,-0.5539,-5.5400,4.9284,6.2353,387.7543,5.5573,6.9906,399.5473,-0.6290,-0.7553,-11.7930
2022-01-15,15,d1_12z,5.2222,6.4977,375.6171,5.1154,6.3052,381.2139,0.1068,0.1925,-5.5968,5.4891,6.9964,388.6140,5.5573,6.9906,399.5473,-0.0683,0.0058,-10.9333
2022-01-15,16,d1_00z,4.5376,5.9337,221.3833,5.0255,6.5374,231.7866,-0.4879,-0.6037,-10.4033,4.7213,6.4208,234.6236,5.4744,7.3374,250.5771,-0.7530,-0.9166,-15.9535
2022-01-15,16,d1_12z,5.0169,6.6106,220.6951,5.0255,6.5374,231.7866,-0.0086,0.0732,-11.0915,5.2902,7.1997,234.9954,5.4744,7.3374,250.5771,-0.1842,-0.1378,-15.5817
2022-01-15,17,d1_00z,4.3217,6.2267,64.2063,4.7561,6.8111,70.8356,-0.4344,-0.5844,-6.6293,4.3218,6.7203,73.6366,5.1501,7.6908,84.7259,-0.8283,-0.9705,-11.0893
2022-01-15,17,d1_12z,4.7915,6.9189,64.3798,4.7561,6.8111,70.8356,0.0354,0.1079,-6.4557,4.9992,7.6042,75.2927,5.1501,7.6908,84.7259,-0.1509,-0.0865,-9.4332
2022-01-15,18,d1_00z,4.4250,6.7499,1.4222,4.8226,7.2984,1.5223,-0.3976,-0.5485,-0.1001,4.2271,7.1585,2.0937,5.0381,8.0507,2.2515,-0.8111,-0.8922,-0.1578
2022-01-15,18,d1_12z,4.8826,7.3973,1.4525,4.8226,7.2984,1.5223,0.0601,0.0989,-0.0698,4.8885,7.9381,2.1472,5.0381,8.0507,2.2515,-0.1497,-0.1126,-0.1043
2022-01-15,19,d1_00z,4.7658,7.2177,0.0018,5.1091,7.7092,0.0011,-0.3433,-0.4915,0.0007,4.4693,7.3951,0.0078,5.0270,8.0977,0.0052,-0.5578,-0.7027,0.0025
2022-01-15,19,d1_12z,5.1753,7.7242,-0.0006,5.1091,7.7092,0.0011,0.0662,0.0150,-0.0017,5.0122,8.0546,0.0051,5.0270,8.0977,0.0052,-0.0149,-0.0432,-0.0001
2022-01-15,20,d1_00z,5.1093,7.5732,-0.0005,5.1751,7.7799,-0.0029,-0.0658,-0.2067,0.0025,4.7386,7.6367,-0.0087,5.1703,8.1334,-0.0055,-0.4318,-0.4967,-0.0032
2022-01-15,20,d1_12z,5.3679,7.8802,-0.0022,5.1751,7.7799,-0.0029,0.1928,0.1003,0.0007,5.4028,8.2757,-0.0142,5.1703,8.1334,-0.0055,0.2325,0.1423,-0.0087
2022-01-15,21,d1_00z,5.3428,7.7690,0.0000,5.2045,7.7366,0.0000,0.1383,0.0324,0.0000,5.1974,7.9641,0.0000,5.2308,8.0711,0.0000,-0.0334,-0.1070,0.0000
2022-01-15,21,d1_12z,5.3734,7.8544,0.0000,5.2045,7.7366,0.0000,0.1690,0.1178,0.0000,5.3667,8.1041,0.0000,5.2308,8.0711,0.0000,0.1359,0.0330,0.0000
2022-01-15,22,d1_00z,5.4110,7.7760,0.0000,5.1710,7.6491,0.0000,0.2400,0.1270,0.0000,5.3076,7.9492,0.0000,5.1265,7.8389,0.0000,0.1811,0.1103,0.0000
2022-01-15,22,d1_12z,5.3336,7.7714,0.0000,5.1710,7.6491,0.0000,0.1626,0.1223,0.0000,5.0878,7.7488,0.0000,5.1265,7.8389,0.0000,-0.0388,-0.0901,0.0000
2022-01-15,23,d1_00z,5.3451,7.6747,0.0000,4.9988,7.3986,0.0000,0.3463,0.2762,0.0000,5.1434,7.6728,0.0000,4.8621,7.5140,0.0000,0.2813,0.1587,0.0000
2022-01-15,23,d1_12z,5.1410,7.5008,0.0000,4.9988,7.3986,0.0000,0.1422,0.1022,0.0000,4.9308,7.5541,0.0000,4.8621,7.5140,0.0000,0.0687,0.0401,0.0000
2022-01-16,0,d1_00z,4.8444,7.0972,0.0000,4.8299,7.1207,0.0000,0.0145,-0.0235,0.0000,4.6664,7.2030,0.0000,4.7113,7.2969,0.0000,-0.0449,-0.0938,0.0000
2022-01-16,0,d1_12z,4.8299,7.1207,0.0000,4.8299,7.1207,0.0000,0.0000,0.0000,0.0000,4.7113,7.2969,0.0000,4.7113,7.2969,0.0000,0.0000,0.0000,0.0000
2022-01-16,1,d1_00z,4.6141,6.7213,0.0000,4.6235,6.7630,0.0000,-0.0094,-0.0417,0.0000,4.3762,6.7306,0.0000,4.3772,6.7732,0.0000,-0.0010,-0.0427,0.0000
2022-01-16,1,d1_12z,4.6235,6.7630,0.0000,4.6235,6.7630,0.0000,0.0000,0.0000,0.0000,4.3772,6.7732,0.0000,4.3772,6.7732,0.0000,0.0000,0.0000,0.0000
2022-01-16,2,d1_00z,4.4108,6.3960,0.0000,4.4674,6.4838,0.0000,-0.0566,-0.0879,0.0000,4.0812,6.2431,0.0000,4.1704,6.3616,0.0000,-0.0892,-0.1186,0.0000
2022-01-16,2,d1_12z,4.4614,6.4798,0.0000,4.4674,6.4838,0.0000,-0.0060,-0.0041,0.0000,4.1555,6.3418,0.0000,4.1704,6.3616,0.0000,-0.0150,-0.0198,0.0000
2022-01-16,3,d1_00z,4.2250,6.0658,0.0000,4.3119,6.2268,0.0000,-0.0868,-0.1610,0.0000,3.9125,5.8721,0.0000,3.9490,5.9766,0.0000,-0.0364,-0.1046,0.0000
2022-01-16,3,d1_12z,4.2972,6.2092,0.0000,4.3119,6.2268,0.0000,-0.0147,-0.0176,0.0000,3.9201,5.9314,0.0000,3.9490,5.9766,0.0000,-0.0289,-0.0453,0.0000
2022-01-16,4,d1_00z,4.0386,5.7070,0.0000,4.1609,5.9474,0.0000,-0.1223,-0.2404,0.0000,3.7756,5.5814,0.0000,3.8397,5.7616,0.0000,-0.0640,-0.1802,0.0000
2022-01-16,4,d1_12z,4.1358,5.9148,0.0000,4.1609,5.9474,0.0000,-0.0251,-0.0326,0.0000,3.7994,5.6936,0.0000,3.8397,5.7616,0.0000,-0.0402,-0.0680,0.0000
2022-01-16,5,d1_00z,3.8657,5.3821,0.0000,3.9802,5.6116,0.0000,-0.1145,-0.2296,0.0000,3.5966,5.2926,0.0000,3.7368,5.6299,0.0000,-0.1401,-0.3374,0.0000
2022-01-16,5,d1_12z,3.9551,5.5838,0.0000,3.9802,5.6116,0.0000,-0.0251,-0.0278,0.0000,3.7039,5.5673,0.0000,3.7368,5.6299,0.0000,-0.0329,-0.0627,0.0000
2022-01-16,6,d1_00z,3.6509,4.9993,0.0000,3.7842,5.2788,0.0000,-0.1334,-0.2795,0.0000,3.3760,4.9350,0.0000,3.4699,5.2312,0.0000,-0.0939,-0.2962,0.0000
2022-01-16,6,d1_12z,3.7602,5.2508,0.0000,3.7842,5.2788,0.0000,-0.0240,-0.0280,0.0000,3.4450,5.1974,0.0000,3.4699,5.2312,0.0000,-0.0249,-0.0338,0.0000
2022-01-16,7,d1_00z,3.4343,4.6351,0.0000,3.5157,4.8322,0.0000,-0.0814,-0.1971,0.0000,3.0029,4.3988,0.0000,3.0731,4.6281,0.0000,-0.0702,-0.2293,0.0000
2022-01-16,7,d1_12z,3.4929,4.8061,0.0000,3.5157,4.8322,0.0000,-0.0228,-0.0261,0.0000,3.0593,4.6093,0.0000,3.0731,4.6281,0.0000,-0.0137,-0.0188,0.0000
2022-01-16,8,d1_00z,3.2020,4.2570,21.0953,3.2316,4.3888,20.8920,-0.0296,-0.1319,0.2033,2.7923,3.9443,15.7593,2.8533,4.1127,15.6838,-0.0610,-0.1684,0.0755
2022-01-16,8,d1_12z,3.2070,4.3274,20.9814,3.2316,4.3888,20.8920,-0.0246,-0.0614,0.0894,2.8358,4.0641,15.7220,2.8533,4.1127,15.6838,-0.0175,-0.0487,0.0382
2022-01-16,9,d1_00z,3.2648,3.8352,152.9490,3.3361,3.9135,153.4819,-0.0712,-0.0783,-0.5329,3.1544,3.9280,137.3838,3.1145,3.8546,140.6868,0.0399,0.0734,-3.3030
2022-01-16,9,d1_12z,3.3374,3.9272,153.9921,3.3361,3.9135,153.4819,0.0014,0.0138,0.5103,3.1697,3.9373,141.1658,3.1145,3.8546,140.6868,0.0552,0.0827,0.4790
2022-01-16,10,d1_00z,3.1920,3.5585,302.8974,3.1371,3.4750,307.8425,0.0548,0.0836,-4.9451,3.0659,3.5838,286.0604,2.9620,3.4208,292.7914,0.1039,0.1630,-6.7311
2022-01-16,10,d1_12z,3.1772,3.5405,305.4712,3.1371,3.4750,307.8425,0.0401,0.0655,-2.3713,3.0250,3.5339,290.5987,2.9620,3.4208,292.7914,0.0630,0.1131,-2.1928
2022-01-16,11,d1_00z,3.0290,3.2852,422.7613,2.9007,3.1077,438.3753,0.1282,0.1775,-15.6140,2.9578,3.3765,405.4028,2.9779,3.3584,433.4229,-0.0201,0.0181,-28.0201
2022-01-16,11,d1_12z,2.9898,3.2178,432.6191,2.9007,3.1077,438.3753,0.0891,0.1101,-5.7562,2.9483,3.3590,423.1861,2.9779,3.3584,433.4229,-0.0296,0.0006,-10.2368
2022-01-16,12,d1_00z,2.9252,3.1339,497.6943,2.8102,2.9616,517.6564,0.1150,0.1723,-19.9621,3.1330,3.5683,495.9248,3.0519,3.4169,517.7303,0.0811,0.1514,-21.8055
2022-01-16,12,d1_12z,2.8652,3.0500,508.5878,2.8102,2.9616,517.6564,0.0551,0.0884,-9.0687,2.9987,3.3980,506.4561,3.0519,3.4169,517.7303,-0.0531,-0.0189,-11.2742
2022-01-16,13,d1_00z,2.8613,3.0473,519.5189,2.7428,2.8883,532.3148,0.1185,0.1590,-12.7959,3.1635,3.5615,525.6439,3.1925,3.5881,534.5044,-0.0290,-0.0266,-8.8605
2022-01-16,13,d1_12z,2.7871,2.9636,527.0400,2.7428,2.8883,532.3148,0.0443,0.0753,-5.2748,3.0572,3.4528,528.2255,3.1925,3.5881,534.5044,-0.1353,-0.1353,-6.2789
2022-01-16,14,d1_00z,2.7827,2.9868,471.5660,2.6231,2.7702,481.3580,0.1595,0.2166,-9.7919,3.2019,3.5300,472.5751,2.8971,3.2394,491.0916,0.3049,0.2906,-18.5165
2022-01-16,14,d1_12z,2.7357,2.9438,480.0243,2.6231,2.7702,481.3580,0.1126,0.1736,-1.3337,3.0938,3.4431,488.2621,2.8971,3.2394,491.0916,0.1967,0.2037,-2.8295
2022-01-16,15,d1_00z,2.6868,2.9671,369.7526,2.5622,2.8015,375.1141,0.1247,0.1656,-5.3615,3.2058,3.5736,380.9197,2.8839,3.2127,389.8942,0.3219,0.3609,-8.9745
2022-01-16,15,d1_12z,2.7173,3.0014,373.7628,2.5622,2.8015,375.1141,0.1551,0.1999,-1.3513,3.2007,3.5658,386.3539,2.8839,3.2127,389.8942,0.3169,0.3531,-3.5403
2022-01-16,16,d1_00z,2.5752,2.9887,226.7382,2.4461,2.8193,231.0066,0.1292,0.1694,-4.2685,3.0160,3.5103,241.7968,2.7694,3.2023,247.8354,0.2467,0.3080,-6.0385
2022-01-16,16,d1_12z,2.6726,3.1183,231.6412,2.4461,2.8193,231.0066,0.2266,0.2990,0.6346,3.1871,3.7200,248.3150,2.7694,3.2023,247.8354,0.4177,0.5177,0.4797
2022-01-16,17,d1_00z,2.3593,3.0998,71.3843,2.2638,2.9668,73.4356,0.0955,0.1329,-2.0513,2.6747,3.6196,84.3497,2.4817,3.2795,87.4732,0.1930,0.3402,-3.1234
2022-01-16,17,d1_12z,2.3918,3.1838,72.2790,2.2638,2.9668,73.4356,0.1280,0.2169,-1.1566,2.7132,3.6706,85.3330,2.4817,3.2795,87.4732,0.2315,0.3911,-2.1401
2022-01-16,18,d1_00z,2.3364,3.2028,1.7403,2.2741,3.1639,1.7265,0.0623,0.0389,0.0138,2.4603,3.4769,2.5569,2.3750,3.3193,2.5355,0.0853,0.1575,0.0214
2022-01-16,18,d1_12z,2.3137,3.2236,1.7327,2.2741,3.1639,1.7265,0.0396,0.0597,0.0062,2.4758,3.5064,2.5571,2.3750,3.3193,2.5355,0.1008,0.1871,0.0215
2022-01-16,19,d1_00z,2.3402,3.2952,0.0023,2.2698,3.2563,0.0003,0.0704,0.0389,0.0020,2.3195,3.2777,0.0033,2.2035,3.1127,-0.0068,0.1160,0.1650,0.0102
2022-01-16,19,d1_12z,2.3726,3.3695,0.0019,2.2698,3.2563,0.0003,0.1028,0.1132,0.0016,2.3731,3.3894,0.0053,2.2035,3.1127,-0.0068,0.1696,0.2767,0.0121
2022-01-16,20,d1_00z,2.3145,3.2983,0.0029,2.2275,3.2498,-0.0008,0.0870,0.0485,0.0037,2.2883,3.2256,-0.0028,2.0528,2.9375,0.0065,0.2355,0.2881,-0.0093
2022-01-16,20,d1_12z,2.3409,3.3862,-0.0015,2.2275,3.2498,-0.0008,0.1134,0.1364,-0.0007,2.3202,3.3283,0.0048,2.0528,2.9375,0.0065,0.2675,0.3908,-0.0018
2022-01-16,21,d1_00z,2.3310,3.3368,0.0000,2.1492,3.1358,0.0000,0.1817,0.2010,0.0000,2.2412,3.1525,0.0000,2.0018,2.8826,0.0000,0.2394,0.2698,0.0000
2022-01-16,21,d1_12z,2.3041,3.3650,0.0000,2.1492,3.1358,0.0000,0.1548,0.2292,0.0000,2.2106,3.1711,0.0000,2.0018,2.8826,0.0000,0.2088,0.2885,0.0000
2022-01-16,22,d1_00z,2.2985,3.3699,0.0000,2.1326,3.0579,0.0000,0.1659,0.3120,0.0000,2.2322,3.1450,0.0000,1.8022,2.5802,0.0000,0.4300,0.5648,0.0000
2022-01-16,22,d1_12z,2.2662,3.3063,0.0000,2.1326,3.0579,0.0000,0.1336,0.2484,0.0000,2.1534,3.0266,0.0000,1.8022,2.5802,0.0000,0.3512,0.4464,0.0000
2022-01-16,23,d1_00z,2.1826,3.2908,0.0000,2.1206,3.0168,0.0000,0.0620,0.2740,0.0000,2.1375,3.0868,0.0000,1.7680,2.5352,0.0000,0.3695,0.5516,0.0000
2022-01-16,23,d1_12z,2.1006,3.1190,0.0000,2.1206,3.0168,0.0000,-0.0199,0.1022,0.0000,1.9606,2.8083,0.0000,1.7680,2.5352,0.0000,0.1926,0.2731,0.0000
2022-01-17,0,d1_00z,2.0200,2.8567,0.0000,2.1208,2.9777,0.0000,-0.1008,-0.1210,0.0000,1.7440,2.3392,0.0000,1.7592,2.4621,0.0000,-0.0152,-0.1229,0.0000
2022-01-17,0,d1_12z,2.1208,2.9777,0.0000,2.1208,2.9777,0.0000,0.0000,0.0000,0.0000,1.7592,2.4621,0.0000,1.7592,2.4621,0.0000,0.0000,0.0000,0.0000
2022-01-17,1,d1_00z,2.0206,2.7839,0.0000,2.1601,2.9662,0.0000,-0.1394,-0.1823,0.0000,1.6753,2.2484,0.0000,1.7491,2.4412,0.0000,-0.0738,-0.1928,0.0000
2022-01-17,1,d1_12z,2.1601,2.9662,0.0000,2.1601,2.9662,0.0000,0.0000,0.0000,0.0000,1.7491,2.4412,0.0000,1.7491,2.4412,0.0000,0.0000,0.0000,0.0000
2022-01-17,2,d1_00z,2.0367,2.7307,0.0000,2.1580,2.8806,0.0000,-0.1213,-0.1498,0.0000,1.5242,2.0772,0.0000,1.7942,2.3990,0.0000,-0.2699,-0.3218,0.0000
2022-01-17,2,d1_12z,2.2390,2.9846,0.0000,2.1580,2.8806,0.0000,0.0809,0.1040,0.0000,1.8483,2.4817,0.0000,1.7942,2.3990,0.0000,0.0541,0.0827,0.0000
2022-01-17,3,d1_00z,2.1189,2.7813,0.0000,2.2592,2.9302,0.0000,-0.1403,-0.1489,0.0000,1.5754,2.1488,0.0000,1.9324,2.5756,0.0000,-0.3570,-0.4268,0.0000
2022-01-17,3,d1_12z,2.3841,3.0883,0.0000,2.2592,2.9302,0.0000,0.1248,0.1581,0.0000,2.0118,2.7146,0.0000,1.9324,2.5756,0.0000,0.0794,0.1389,0.0000
2022-01-17,4,d1_00z,2.2619,2.9065,0.0000,2.5247,3.2216,0.0000,-0.2628,-0.3151,0.0000,1.7916,2.4220,0.0000,2.1357,2.8845,0.0000,-0.3441,-0.4625,0.0000
2022-01-17,4,d1_12z,2.6800,3.4306,0.0000,2.5247,3.2216,0.0000,0.1553,0.2090,0.0000,2.2460,3.0822,0.0000,2.1357,2.8845,0.0000,0.1103,0.1977,0.0000
2022-01-17,5,d1_00z,2.4982,3.1701,0.0000,2.8053,3.5957,0.0000,-0.3070,-0.4256,0.0000,2.0170,2.7413,0.0000,2.4275,3.3629,0.0000,-0.4105,-0.6216,0.0000
2022-01-17,5,d1_12z,2.9614,3.8123,0.0000,2.8053,3.5957,0.0000,0.1561,0.2166,0.0000,2.5332,3.5576,0.0000,2.4275,3.3629,0.0000,0.1057,0.1947,0.0000
2022-01-17,6,d1_00z,2.7628,3.4896,0.0000,3.1317,4.0661,0.0000,-0.3690,-0.5765,0.0000,2.3590,3.1972,0.0000,2.6898,3.7961,0.0000,-0.3308,-0.5989,0.0000
2022-01-17,6,d1_12z,3.2625,4.2376,0.0000,3.1317,4.0661,0.0000,0.1308,0.1715,0.0000,2.7575,3.9464,0.0000,2.6898,3.7961,0.0000,0.0678,0.1503,0.0000
2022-01-17,7,d1_00z,3.0645,3.9263,0.0000,3.4441,4.5741,0.0000,-0.3796,-0.6478,0.0000,2.6161,3.6403,0.0000,2.9519,4.3366,0.0000,-0.3358,-0.6962,0.0000
2022-01-17,7,d1_12z,3.5460,4.6979,0.0000,3.4441,4.5741,0.0000,0.1019,0.1238,0.0000,2.9813,4.4490,0.0000,2.9519,4.3366,0.0000,0.0294,0.1124,0.0000
2022-01-17,8,d1_00z,3.3859,4.4508,20.7933,3.6654,4.9638,20.5976,-0.2795,-0.5130,0.1957,2.8637,4.2087,15.8789,3.1300,4.7589,15.9855,-0.2663,-0.5502,-0.1066
2022-01-17,8,d1_12z,3.8372,5.1931,20.6613,3.6654,4.9638,20.5976,0.1718,0.2293,0.0637,3.1958,4.9414,16.0058,3.1300,4.7589,15.9855,0.0658,0.1826,0.0203
2022-01-17,9,d1_00z,3.8005,4.6252,157.6649,4.1870,5.1531,156.5375,-0.3865,-0.5279,1.1274,3.3693,4.4523,148.6642,3.7958,5.0311,149.2123,-0.4265,-0.5787,-0.5481
2022-01-17,9,d1_12z,4.3408,5.3416,158.0886,4.1870,5.1531,156.5375,0.1538,0.1884,1.5511,3.9191,5.2238,149.7632,3.7958,5.0311,149.2123,0.1233,0.1928,0.5509
2022-01-17,10,d1_00z,4.2943,5.0258,322.8005,4.7268,5.6220,322.2260,-0.4326,-0.5962,0.5745,4.3691,5.4190,316.6597,4.9452,6.1561,317.3074,-0.5761,-0.7370,-0.6477
2022-01-17,10,d1_12z,4.7933,5.6987,324.9998,4.7268,5.6220,322.2260,0.0665,0.0768,2.7738,4.9936,6.2490,318.5308,4.9452,6.1561,317.3074,0.0484,0.0929,1.2234
2022-01-17,11,d1_00z,4.5690,5.2870,455.2055,4.9942,5.8564,454.9634,-0.4252,-0.5693,0.2421,5.0609,6.2169,452.9657,5.3979,6.6577,453.2824,-0.3370,-0.4408,-0.3168
2022-01-17,11,d1_12z,5.0055,5.8701,457.3187,4.9942,5.8564,454.9634,0.0114,0.0138,2.3553,5.4670,6.7736,455.1212,5.3979,6.6577,453.2824,0.0691,0.1160,1.8388
2022-01-17,12,d1_00z,4.7577,5.4730,534.1440,5.1779,6.0199,533.9127,-0.4202,-0.5468,0.2313,5.5905,6.8667,537.0664,5.6308,6.9184,537.3416,-0.0403,-0.0517,-0.2752
2022-01-17,12,d1_12z,5.1524,5.9926,536.1231,5.1779,6.0199,533.9127,-0.0256,-0.0272,2.2104,5.6334,6.9559,539.4569,5.6308,6.9184,537.3416,0.0026,0.0375,2.1153
2022-01-17,13,d1_00z,4.8816,5.6176,551.2165,5.2295,6.0802,550.7933,-0.3479,-0.4626,0.4232,5.7019,7.0113,559.5719,5.6113,6.8479,559.8603,0.0906,0.1633,-0.2884
2022-01-17,13,d1_12z,5.1956,6.0334,552.8593,5.2295,6.0802,550.7933,-0.0339,-0.0468,2.0660,5.5558,6.7901,561.7535,5.6113,6.8479,559.8603,-0.0556,-0.0579,1.8932
2022-01-17,14,d1_00z,4.9193,5.6940,504.5716,5.0663,5.8888,504.1904,-0.1470,-0.1948,0.3811,5.4636,6.6844,518.0724,5.2974,6.4184,518.2350,0.1662,0.2660,-0.1627
2022-01-17,14,d1_12z,5.1293,5.9733,505.8737,5.0663,5.8888,504.1904,0.0629,0.0845,1.6833,5.3132,6.4525,519.9162,5.2974,6.4184,518.2350,0.0158,0.0341,1.6812
2022-01-17,15,d1_00z,4.8805,5.7171,399.4611,4.9772,5.8303,399.1152,-0.0968,-0.1132,0.3460,5.1997,6.3690,416.8164,5.0833,6.1881,416.8569,0.1164,0.1809,-0.0406
2022-01-17,15,d1_12z,4.9758,5.8321,400.5941,4.9772,5.8303,399.1152,-0.0014,0.0018,1.4790,5.0417,6.1451,418.1195,5.0833,6.1881,416.8569,-0.0416,-0.0430,1.2626
2022-01-17,16,d1_00z,4.6723,5.6206,248.5400,4.7490,5.7070,248.4132,-0.0767,-0.0864,0.1268,4.5947,5.7970,267.4839,4.6724,5.8851,267.3738,-0.0777,-0.0880,0.1101
2022-01-17,16,d1_12z,4.6553,5.5792,249.3089,4.7490,5.7070,248.4132,-0.0936,-0.1278,0.8957,4.5248,5.6952,268.1901,4.6724,5.8851,267.3738,-0.1477,-0.1899,0.8163
2022-01-17,17,d1_00z,4.1946,5.5802,80.6174,4.3027,5.7395,80.5115,-0.1081,-0.1593,0.1060,3.8122,5.3910,95.9321,4.0105,5.6285,95.7902,-0.1983,-0.2374,0.1418
2022-01-17,17,d1_12z,4.1619,5.5028,80.8489,4.3027,5.7395,80.5115,-0.1408,-0.2367,0.3374,3.8065,5.3035,96.1491,4.0105,5.6285,95.7902,-0.2040,-0.3250,0.3588
2022-01-17,18,d1_00z,4.0476,5.5661,2.0406,4.1660,5.7798,2.0310,-0.1184,-0.2137,0.0096,3.5089,5.2124,3.0035,3.7245,5.4679,2.9870,-0.2156,-0.2555,0.0165
2022-01-17,18,d1_12z,3.9975,5.4671,2.0426,4.1660,5.7798,2.0310,-0.1685,-0.3126,0.0116,3.5200,5.1463,2.9982,3.7245,5.4679,2.9870,-0.2045,-0.3216,0.0112
2022-01-17,19,d1_00z,3.9057,5.4113,-0.0008,3.9815,5.5832,0.0019,-0.0758,-0.1719,-0.0027,3.4333,5.1366,-0.0012,3.6502,5.4371,0.0105,-0.2169,-0.3005,-0.0117
2022-01-17,19,d1_12z,3.7911,5.2370,0.0001,3.9815,5.5832,0.0019,-0.1904,-0.3462,-0.0017,3.4800,5.1033,0.0049,3.6502,5.4371,0.0105,-0.1701,-0.3338,-0.0056
2022-01-17,20,d1_00z,3.7112,5.1391,-0.0019,3.5281,4.8745,0.0064,0.1831,0.2645,-0.0083,3.3266,4.9542,-0.0011,3.2748,4.8179,0.0117,0.0518,0.1364,-0.0127
2022-01-17,20,d1_12z,3.5564,4.9028,0.0004,3.5281,4.8745,0.0064,0.0283,0.0283,-0.0060,3.3993,4.9781,-0.0009,3.2748,4.8179,0.0117,0.1245,0.1602,-0.0126
2022-01-17,21,d1_00z,3.4654,4.8149,0.0000,3.2012,4.3927,0.0000,0.2641,0.4222,0.0000,3.2124,4.8051,0.0000,3.0125,4.4363,0.0000,0.1998,0.3689,0.0000
2022-01-17,21,d1_12z,3.3225,4.6059,0.0000,3.2012,4.3927,0.0000,0.1213,0.2132,0.0000,3.3015,4.8870,0.0000,3.0125,4.4363,0.0000,0.2890,0.4507,0.0000
2022-01-17,22,d1_00z,3.2673,4.5785,0.0000,2.9319,4.0476,0.0000,0.3354,0.5309,0.0000,3.1296,4.7337,0.0000,2.7951,4.1404,0.0000,0.3346,0.5933,0.0000
2022-01-17,22,d1_12z,3.1138,4.3916,0.0000,2.9319,4.0476,0.0000,0.1819,0.3440,0.0000,3.1216,4.6984,0.0000,2.7951,4.1404,0.0000,0.3265,0.5581,0.0000
2022-01-17,23,d1_00z,3.1046,4.4280,0.0000,2.7603,3.8498,0.0000,0.3443,0.5782,0.0000,3.0871,4.7395,0.0000,2.6526,3.9395,0.0000,0.4345,0.8000,0.0000
2022-01-17,23,d1_12z,2.9368,4.2325,0.0000,2.7603,3.8498,0.0000,0.1765,0.3827,0.0000,2.9275,4.4981,0.0000,2.6526,3.9395,0.0000,0.2750,0.5586,0.0000
2022-01-18,0,d1_00z,2.8320,4.1227,0.0000,2.6990,3.8250,0.0000,0.1329,0.2977,0.0000,2.8019,4.3128,0.0000,2.5711,3.8004,0.0000,0.2308,0.5124,0.0000
2022-01-18,0,d1_12z,2.6990,3.8250,0.0000,2.6990,3.8250,0.0000,0.0000,0.0000,0.0000,2.5711,3.8004,0.0000,2.5711,3.8004,0.0000,0.0000,0.0000,0.0000
2022-01-18,1,d1_00z,2.8336,4.2290,0.0000,2.6993,3.9305,0.0000,0.1343,0.2986,0.0000,2.8448,4.4023,0.0000,2.6449,3.8972,0.0000,0.1999,0.5050,0.0000
2022-01-18,1,d1_12z,2.6993,3.9305,0.0000,2.6993,3.9305,0.0000,0.0000,0.0000,0.0000,2.6449,3.8972,0.0000,2.6449,3.8972,0.0000,0.0000,0.0000,0.0000
2022-01-18,2,d1_00z,2.9079,4.4353,0.0000,2.7248,4.0658,0.0000,0.1832,0.3695,0.0000,2.9349,4.6273,0.0000,2.7748,4.1498,0.0000,0.1600,0.4775,0.0000
2022-01-18,2,d1_12z,2.7353,4.0961,0.0000,2.7248,4.0658,0.0000,0.0105,0.0303,0.0000,2.7750,4.1668,0.0000,2.7748,4.1498,0.0000,0.0002,0.0170,0.0000
2022-01-18,3,d1_00z,2.9756,4.6297,0.0000,2.7722,4.1975,0.0000,0.2034,0.4321,0.0000,3.0162,4.8749,0.0000,2.8200,4.3424,0.0000,0.1962,0.5325,0.0000
2022-01-18,3,d1_12z,2.7868,4.2455,0.0000,2.7722,4.1975,0.0000,0.0146,0.0479,0.0000,2.8388,4.3909,0.0000,2.8200,4.3424,0.0000,0.0188,0.0485,0.0000
2022-01-18,4,d1_00z,2.9932,4.7356,0.0000,2.7920,4.2725,0.0000,0.2011,0.4630,0.0000,2.9444,4.8392,0.0000,2.7828,4.3138,0.0000,0.1616,0.5255,0.0000
2022-01-18,4,d1_12z,2.8161,4.3388,0.0000,2.7920,4.2725,0.0000,0.0241,0.0663,0.0000,2.8105,4.4104,0.0000,2.7828,4.3138,0.0000,0.0277,0.0967,0.0000
2022-01-18,5,d1_00z,2.9939,4.8068,0.0000,2.7447,4.2531,0.0000,0.2492,0.5537,0.0000,2.9399,4.8836,0.0000,2.7453,4.2848,0.0000,0.1947,0.5988,0.0000
2022-01-18,5,d1_12z,2.7887,4.3448,0.0000,2.7447,4.2531,0.0000,0.0441,0.0918,0.0000,2.7876,4.4053,0.0000,2.7453,4.2848,0.0000,0.0423,0.1205,0.0000
2022-01-18,6,d1_00z,3.1194,5.0333,0.0000,2.8316,4.4323,0.0000,0.2878,0.6010,0.0000,3.0312,5.0873,0.0000,2.8287,4.5377,0.0000,0.2024,0.5495,0.0000
2022-01-18,6,d1_12z,2.8935,4.5408,0.0000,2.8316,4.4323,0.0000,0.0619,0.1085,0.0000,2.8738,4.6352,0.0000,2.8287,4.5377,0.0000,0.0451,0.0974,0.0000
2022-01-18,7,d1_00z,3.2751,5.2971,0.0000,2.9768,4.7228,0.0000,0.2983,0.5743,0.0000,3.1379,5.2703,0.0000,2.9692,4.8255,0.0000,0.1686,0.4448,0.0000
2022-01-18,7,d1_12z,3.0477,4.8474,0.0000,2.9768,4.7228,0.0000,0.0710,0.1246,0.0000,3.0019,4.8992,0.0000,2.9692,4.8255,0.0000,0.0327,0.0737,0.0000
2022-01-18,8,d1_00z,3.3444,5.4212,22.1792,3.1958,5.1613,22.3403,0.1486,0.2598,-0.1611,3.0900,5.2370,16.7220,3.0437,5.1070,16.9971,0.0464,0.1300,-0.2751
2022-01-18,8,d1_12z,3.1978,5.1876,22.3104,3.1958,5.1613,22.3403,0.0020,0.0263,-0.0299,2.9821,5.0261,16.9453,3.0437,5.1070,16.9971,-0.0615,-0.0809,-0.0518
2022-01-18,9,d1_00z,3.7439,5.0138,162.6930,3.6979,4.9455,163.5568,0.0460,0.0683,-0.8638,3.3487,4.5922,151.2815,3.4164,4.7131,153.0731,-0.0677,-0.1209,-1.7916
2022-01-18,9,d1_12z,3.6711,4.9267,163.7229,3.6979,4.9455,163.5568,-0.0268,-0.0188,0.1661,3.2928,4.5653,153.0809,3.4164,4.7131,153.0731,-0.1236,-0.1478,0.0078
2022-01-18,10,d1_00z,4.2361,5.3545,327.1603,4.2737,5.4026,328.4464,-0.0376,-0.0480,-1.2861,3.8088,4.8793,318.2924,3.9386,5.0494,321.0391,-0.1298,-0.1701,-2.7467
2022-01-18,10,d1_12z,4.2407,5.3766,328.7200,4.2737,5.4026,328.4464,-0.0329,-0.0260,0.2736,3.8115,4.8979,320.9044,3.9386,5.0494,321.0391,-0.1271,-0.1515,-0.1347
2022-01-18,11,d1_00z,4.3920,5.4605,456.5766,4.5369,5.6309,458.0061,-0.1449,-0.1705,-1.4294,3.9149,4.9320,452.2314,4.1470,5.2400,455.4287,-0.2321,-0.3079,-3.1973
2022-01-18,11,d1_12z,4.5367,5.6561,458.5001,4.5369,5.6309,458.0061,-0.0003,0.0252,0.4940,4.1056,5.1960,455.3824,4.1470,5.2400,455.4287,-0.0414,-0.0439,-0.0463
2022-01-18,12,d1_00z,4.3664,5.3870,532.4517,4.5325,5.5771,532.8965,-0.1661,-0.1900,-0.4447,3.9952,5.0161,533.6394,4.2571,5.3533,537.0134,-0.2618,-0.3373,-3.3740
2022-01-18,12,d1_12z,4.5732,5.6623,533.9650,4.5325,5.5771,532.8965,0.0407,0.0852,1.0686,4.2596,5.3760,536.6564,4.2571,5.3533,537.0134,0.0025,0.0226,-0.3570
2022-01-18,13,d1_00z,4.2129,5.1869,545.8870,4.4450,5.4580,545.9218,-0.2321,-0.2711,-0.0348,3.9129,4.9214,553.6935,4.2016,5.2689,557.1385,-0.2887,-0.3475,-3.4450
2022-01-18,13,d1_12z,4.4915,5.5467,547.5841,4.4450,5.4580,545.9218,0.0465,0.0887,1.6623,4.1985,5.3062,556.8134,4.2016,5.2689,557.1385,-0.0031,0.0373,-0.3251
2022-01-18,14,d1_00z,3.9358,4.8537,491.4082,4.3674,5.3974,495.8982,-0.4316,-0.5437,-4.4900,3.6735,4.6322,508.0033,4.1519,5.2364,513.4680,-0.4784,-0.6041,-5.4647
2022-01-18,14,d1_12z,4.2449,5.2564,497.6773,4.3674,5.3974,495.8982,-0.1225,-0.1410,1.7791,4.0252,5.0917,513.0443,4.1519,5.2364,513.4680,-0.1266,-0.1447,-0.4237
2022-01-18,15,d1_00z,3.5755,4.4393,377.2673,4.1222,5.1546,390.5154,-0.5467,-0.7153,-13.2481,3.3824,4.3248,402.5006,4.1120,5.2632,411.2786,-0.7296,-0.9385,-8.7780
2022-01-18,15,d1_12z,3.9311,4.9201,390.1637,4.1222,5.1546,390.5154,-0.1911,-0.2345,-0.3517,3.9158,5.0209,410.6623,4.1120,5.2632,411.2786,-0.1962,-0.2423,-0.6163
2022-01-18,16,d1_00z,3.0776,3.9831,227.8007,3.6102,4.7352,240.1292,-0.5326,-0.7521,-12.3285,2.9555,3.9243,251.6341,3.5600,4.8923,262.5505,-0.6044,-0.9680,-10.9164
2022-01-18,16,d1_12z,3.3784,4.4271,240.2895,3.6102,4.7352,240.1292,-0.2317,-0.3081,0.1604,3.2727,4.5079,262.3174,3.5600,4.8923,262.5505,-0.2872,-0.3844,-0.2331
2022-01-18,17,d1_00z,2.5849,3.6620,75.1158,2.8470,4.2707,78.1380,-0.2621,-0.6087,-3.0222,2.7706,4.0100,90.6010,2.5879,4.2778,93.3720,0.1827,-0.2678,-2.7710
2022-01-18,17,d1_12z,2.6959,3.9550,77.5919,2.8470,4.2707,78.1380,-0.1510,-0.3156,-0.5461,2.5693,3.9813,92.5866,2.5879,4.2778,93.3720,-0.0186,-0.2965,-0.7855
2022-01-18,18,d1_00z,2.6360,3.6438,2.2193,2.6837,4.0073,2.2294,-0.0478,-0.3635,-0.0101,2.9392,4.3743,3.2535,2.4511,3.9812,3.2739,0.4882,0.3930,-0.0204
2022-01-18,18,d1_12z,2.6605,3.8071,2.2330,2.6837,4.0073,2.2294,-0.0232,-0.2002,0.0036,2.5835,3.9129,3.2757,2.4511,3.9812,3.2739,0.1324,-0.0683,0.0018
2022-01-18,19,d1_00z,2.7087,3.7192,-0.0013,2.6789,3.8495,0.0012,0.0297,-0.1303,-0.0025,3.0096,4.6168,0.0036,2.4559,3.8354,0.0024,0.5538,0.7814,0.0012
2022-01-18,19,d1_12z,2.7746,3.8655,-0.0011,2.6789,3.8495,0.0012,0.0956,0.0160,-0.0023,2.6154,3.9457,0.0015,2.4559,3.8354,0.0024,0.1595,0.1102,-0.0009
2022-01-18,20,d1_00z,2.7041,3.7309,-0.0005,2.7896,3.9688,-0.0013,-0.0856,-0.2378,0.0008,2.9558,4.6103,-0.0018,2.4742,3.9368,-0.0044,0.4817,0.6736,0.0026
2022-01-18,20,d1_12z,2.7707,3.8247,0.0014,2.7896,3.9688,-0.0013,-0.0189,-0.1440,0.0027,2.6688,4.0137,-0.0021,2.4742,3.9368,-0.0044,0.1946,0.0769,0.0023
2022-01-18,21,d1_00z,2.6745,3.7137,0.0000,2.7376,3.7814,0.0000,-0.0631,-0.0678,0.0000,2.8606,4.5192,0.0000,2.3465,3.6789,0.0000,0.5141,0.8404,0.0000
2022-01-18,21,d1_12z,2.7136,3.6868,0.0000,2.7376,3.7814,0.0000,-0.0240,-0.0946,0.0000,2.7232,4.0970,0.0000,2.3465,3.6789,0.0000,0.3767,0.4181,0.0000
2022-01-18,22,d1_00z,2.7120,3.7609,0.0000,2.6628,3.5703,0.0000,0.0492,0.1906,0.0000,2.8520,4.4463,0.0000,2.2620,3.4477,0.0000,0.5899,0.9986,0.0000
2022-01-18,22,d1_12z,2.6680,3.5598,0.0000,2.6628,3.5703,0.0000,0.0052,-0.0106,0.0000,2.7225,4.0887,0.0000,2.2620,3.4477,0.0000,0.4605,0.6411,0.0000
2022-01-18,23,d1_00z,2.8498,3.9625,0.0000,2.6382,3.4182,0.0000,0.2116,0.5443,0.0000,2.9956,4.6723,0.0000,2.4706,3.7662,0.0000,0.5250,0.9060,0.0000
2022-01-18,23,d1_12z,2.6907,3.5330,0.0000,2.6382,3.4182,0.0000,0.0525,0.1148,0.0000,2.7656,4.2392,0.0000,2.4706,3.7662,0.0000,0.2950,0.4730,0.0000
2022-01-19,0,d1_00z,2.5832,3.3017,0.0000,2.5873,3.2728,0.0000,-0.0040,0.0288,0.0000,2.5465,3.8815,0.0000,2.6437,4.1713,0.0000,-0.0972,-0.2898,0.0000
2022-01-19,0,d1_12z,2.5873,3.2728,0.0000,2.5873,3.2728,0.0000,0.0000,0.0000,0.0000,2.6437,4.1713,0.0000,2.6437,4.1713,0.0000,0.0000,0.0000,0.0000
2022-01-19,1,d1_00z,2.6374,3.3293,0.0000,2.6436,3.2605,0.0000,-0.0062,0.0688,0.0000,2.5392,3.9325,0.0000,2.8348,4.2966,0.0000,-0.2956,-0.3641,0.0000
2022-01-19,1,d1_12z,2.6436,3.2605,0.0000,2.6436,3.2605,0.0000,0.0000,0.0000,0.0000,2.8348,4.2966,0.0000,2.8348,4.2966,0.0000,0.0000,0.0000,0.0000
2022-01-19,2,d1_00z,2.8293,3.5813,0.0000,2.8119,3.4771,0.0000,0.0175,0.1042,0.0000,2.8117,4.1949,0.0000,3.1756,4.5814,0.0000,-0.3639,-0.3865,0.0000
2022-01-19,2,d1_12z,2.7740,3.4277,0.0000,2.8119,3.4771,0.0000,-0.0379,-0.0494,0.0000,3.1289,4.5342,0.0000,3.1756,4.5814,0.0000,-0.0468,-0.0473,0.0000
2022-01-19,3,d1_00z,3.1816,4.1355,0.0000,3.0841,3.9127,0.0000,0.0975,0.2228,0.0000,3.3414,4.7454,0.0000,3.4472,4.9553,0.0000,-0.1059,-0.2098,0.0000
2022-01-19,3,d1_12z,3.0183,3.8294,0.0000,3.0841,3.9127,0.0000,-0.0658,-0.0834,0.0000,3.3735,4.8716,0.0000,3.4472,4.9553,0.0000,-0.0737,-0.0837,0.0000
2022-01-19,4,d1_00z,3.6060,4.8371,0.0000,3.4822,4.5533,0.0000,0.1238,0.2838,0.0000,3.9956,5.6661,0.0000,3.8606,5.3704,0.0000,0.1350,0.2958,0.0000
2022-01-19,4,d1_12z,3.3944,4.4436,0.0000,3.4822,4.5533,0.0000,-0.0879,-0.1097,0.0000,3.7359,5.2597,0.0000,3.8606,5.3704,0.0000,-0.1247,-0.1106,0.0000
2022-01-19,5,d1_00z,4.0558,5.5585,0.0000,3.9646,5.3125,0.0000,0.0912,0.2460,0.0000,4.5091,6.4625,0.0000,4.4898,6.2360,0.0000,0.0192,0.2265,0.0000
2022-01-19,5,d1_12z,3.8499,5.1642,0.0000,3.9646,5.3125,0.0000,-0.1146,-0.1483,0.0000,4.3591,6.0347,0.0000,4.4898,6.2360,0.0000,-0.1307,-0.2014,0.0000
2022-01-19,6,d1_00z,4.5457,6.3081,0.0000,4.4130,6.0474,0.0000,0.1327,0.2607,0.0000,5.2329,7.4477,0.0000,4.9332,7.0536,0.0000,0.2997,0.3940,0.0000
2022-01-19,6,d1_12z,4.2706,5.8641,0.0000,4.4130,6.0474,0.0000,-0.1424,-0.1833,0.0000,4.7855,6.8534,0.0000,4.9332,7.0536,0.0000,-0.1476,-0.2003,0.0000
2022-01-19,7,d1_00z,4.9798,6.9297,0.0000,4.7991,6.6206,0.0000,0.1806,0.3091,0.0000,5.8348,8.0997,0.0000,5.2821,7.3673,0.0000,0.5527,0.7324,0.0000
2022-01-19,7,d1_12z,4.6594,6.4428,0.0000,4.7991,6.6206,0.0000,-0.1398,-0.1777,0.0000,5.1654,7.2213,0.0000,5.2821,7.3673,0.0000,-0.1167,-0.1460,0.0000
2022-01-19,8,d1_00z,5.4380,7.4504,17.8812,5.1260,7.0245,17.2467,0.3120,0.4259,0.6345,6.1899,8.5497,14.9579,5.8355,8.0590,14.3508,0.3544,0.4907,0.6071
2022-01-19,8,d1_12z,5.0449,6.9291,17.3860,5.1260,7.0245,17.2467,-0.0811,-0.0954,0.1393,5.6662,7.8678,14.6550,5.8355,8.0590,14.3508,-0.1693,-0.1912,0.3042
2022-01-19,9,d1_00z,6.2848,7.9603,133.0770,5.9540,7.4816,128.6646,0.3309,0.4787,4.4124,6.8590,8.9427,131.9404,6.5430,8.4908,125.7491,0.3160,0.4519,6.1913
2022-01-19,9,d1_12z,5.8266,7.3187,130.3569,5.9540,7.4816,128.6646,-0.1273,-0.1629,1.6923,6.4313,8.3177,127.6583,6.5430,8.4908,125.7491,-0.1117,-0.1731,1.9092
2022-01-19,10,d1_00z,6.9661,8.6137,277.6763,6.6262,8.1536,265.6796,0.3399,0.4601,11.9967,7.5410,9.5893,274.6215,7.1749,9.0910,258.3681,0.3661,0.4983,16.2534
2022-01-19,10,d1_12z,6.4692,7.9433,271.6084,6.6262,8.1536,265.6796,-0.1570,-0.2104,5.9287,7.0704,8.9689,268.6276,7.1749,9.0910,258.3681,-0.1045,-0.1221,10.2595
2022-01-19,11,d1_00z,7.3276,8.9551,393.9477,7.0312,8.5607,380.1460,0.2964,0.3944,13.8017,7.7162,9.6942,388.5951,7.4964,9.3908,366.3425,0.2198,0.3033,22.2526
2022-01-19,11,d1_12z,6.8506,8.3203,390.8291,7.0312,8.5607,380.1460,-0.1806,-0.2403,10.6831,7.3258,9.1642,377.8995,7.4964,9.3908,366.3425,-0.1706,-0.2266,11.5571
2022-01-19,12,d1_00z,7.4900,9.0870,467.9520,7.2237,8.7399,444.9971,0.2663,0.3471,22.9550,7.9736,9.9432,469.3801,7.7281,9.6123,437.4951,0.2455,0.3309,31.8850
2022-01-19,12,d1_12z,7.0442,8.4958,461.7674,7.2237,8.7399,444.9971,-0.1795,-0.2442,16.7704,7.5327,9.3344,453.3141,7.7281,9.6123,437.4951,-0.1954,-0.2779,15.8190
2022-01-19,13,d1_00z,7.6389,9.2466,490.7235,7.3377,8.8536,464.7073,0.3012,0.3930,26.0162,8.1198,10.0871,501.3436,7.8525,9.7420,465.4698,0.2673,0.3451,35.8739
2022-01-19,13,d1_12z,7.1998,8.6666,476.8369,7.3377,8.8536,464.7073,-0.1379,-0.1870,12.1296,7.7681,9.6041,480.9169,7.8525,9.7420,465.4698,-0.0844,-0.1379,15.4472
2022-01-19,14,d1_00z,7.7777,9.4519,462.2757,7.4425,9.0096,436.9088,0.3352,0.4423,25.3669,8.2045,10.2739,479.4836,7.8938,9.8538,441.8708,0.3107,0.4201,37.6127
2022-01-19,14,d1_12z,7.3672,8.9028,442.1291,7.4425,9.0096,436.9088,-0.0754,-0.1067,5.2203,7.9382,9.8971,453.1253,7.8938,9.8538,441.8708,0.0444,0.0432,11.2545
2022-01-19,15,d1_00z,7.9263,9.7245,379.4605,7.5977,9.2741,360.7282,0.3286,0.4504,18.7323,8.2149,10.4114,401.9195,7.9588,10.0401,380.8196,0.2561,0.3712,21.0999
2022-01-19,15,d1_12z,7.5426,9.2015,363.4881,7.5977,9.2741,360.7282,-0.0551,-0.0726,2.7599,7.9233,9.9982,381.8667,7.9588,10.0401,380.8196,-0.0356,-0.0419,1.0471
2022-01-19,16,d1_00z,7.8515,9.8120,240.2799,7.6093,9.4574,234.4771,0.2422,0.3546,5.8028,7.9074,10.1872,258.4824,7.7246,9.9466,254.5874,0.1828,0.2406,3.8949
2022-01-19,16,d1_12z,7.5404,9.3684,234.9932,7.6093,9.4574,234.4771,-0.0689,-0.0890,0.5161,7.7090,9.9189,255.5882,7.7246,9.9466,254.5874,-0.0156,-0.0277,1.0008
2022-01-19,17,d1_00z,7.4772,9.7300,80.3543,7.2342,9.3865,79.2417,0.2430,0.3436,1.1126,7.4196,9.9432,94.0265,7.2562,9.7326,93.7557,0.1634,0.2106,0.2708
2022-01-19,17,d1_12z,7.1885,9.3355,79.4835,7.2342,9.3865,79.2417,-0.0457,-0.0509,0.2418,7.2270,9.6811,94.4719,7.2562,9.7326,93.7557,-0.0292,-0.0515,0.7162
2022-01-19,18,d1_00z,7.4331,9.9404,2.4806,7.1417,9.5555,2.4661,0.2914,0.3849,0.0145,7.2510,9.9527,3.5910,6.9630,9.5932,3.5940,0.2881,0.3595,-0.0030
2022-01-19,18,d1_12z,7.1203,9.5603,2.4856,7.1417,9.5555,2.4661,-0.0214,0.0048,0.0195,7.0005,9.6009,3.6302,6.9630,9.5932,3.5940,0.0375,0.0077,0.0363
2022-01-19,19,d1_00z,7.3697,9.8790,0.0020,7.0441,9.4675,-0.0016,0.3256,0.4115,0.0036,7.0400,9.7007,0.0028,6.7434,9.3357,0.0037,0.2967,0.3650,-0.0009
2022-01-19,19,d1_12z,7.0719,9.5169,-0.0014,7.0441,9.4675,-0.0016,0.0278,0.0494,0.0002,6.8062,9.3675,0.0046,6.7434,9.3357,0.0037,0.0628,0.0318,0.0009
2022-01-19,20,d1_00z,7.1578,9.5928,0.0007,6.8307,9.1523,0.0018,0.3271,0.4405,-0.0011,6.7184,9.3150,0.0027,6.4863,9.0001,0.0024,0.2320,0.3149,0.0003
2022-01-19,20,d1_12z,6.9249,9.3025,-0.0002,6.8307,9.1523,0.0018,0.0941,0.1502,-0.0020,6.5709,9.0800,-0.0069,6.4863,9.0001,0.0024,0.0845,0.0799,-0.0093
2022-01-19,21,d1_00z,6.8354,9.1524,0.0000,6.5334,8.7405,0.0000,0.3020,0.4119,0.0000,6.3257,8.8106,0.0000,6.1364,8.5627,0.0000,0.1893,0.2479,0.0000
2022-01-19,21,d1_12z,6.6699,8.9444,0.0000,6.5334,8.7405,0.0000,0.1365,0.2039,0.0000,6.2360,8.6733,0.0000,6.1364,8.5627,0.0000,0.0996,0.1106,0.0000
2022-01-19,22,d1_00z,6.5000,8.7062,0.0000,6.2227,8.3190,0.0000,0.2773,0.3872,0.0000,5.9816,8.3439,0.0000,5.7571,8.0624,0.0000,0.2244,0.2815,0.0000
2022-01-19,22,d1_12z,6.3934,8.5770,0.0000,6.2227,8.3190,0.0000,0.1706,0.2580,0.0000,5.9267,8.3168,0.0000,5.7571,8.0624,0.0000,0.1696,0.2544,0.0000
2022-01-19,23,d1_00z,6.1802,8.2930,0.0000,5.8936,7.8853,0.0000,0.2866,0.4078,0.0000,5.6808,8.0055,0.0000,5.3662,7.5705,0.0000,0.3146,0.4350,0.0000
2022-01-19,23,d1_12z,6.1148,8.2249,0.0000,5.8936,7.8853,0.0000,0.2212,0.3396,0.0000,5.5903,7.9273,0.0000,5.3662,7.5705,0.0000,0.2241,0.3568,0.0000
