unique_id,latitude,longitude,capacity_mw,install_date,iso_3166_2,area_m2
927,38.081283,116.811245,4.013934675698517,2017-12-01,CN-13,46493.22140096397
933,37.425843,115.210405,1.5619876559828436,2016-08-21,CN-13,18031.07434446412
949,37.427238,115.214596,20.277792873280074,2016-08-21,CN-13,262881.8765274433
961,37.214932,115.130075,0.7096402156185361,2017-12-19,CN-13,7569.748527129405
1245,37.370294,115.942515,2.279242758939981,"2017-06-14,2017-08-03",CN-13,26358.876667394394
1260,37.213376,115.107993,0.7092518399852754,2017-10-20,CN-13,7567.18326027358
1307,38.083507,114.938549,1.1345570041367203,<2016-06,CN-13,13095.507866015383
1312,37.272985,115.108445,5.8656942456391725,<2016-06,CN-13,67684.70160800128
1325,38.081031,114.936418,17.704568691965,<2016-06,CN-13,229526.63508161646
1356,36.38961,114.938643,1.1122071361333643,2017-10-20,CN-13,12821.8262356751
1384,38.086993,116.813154,8.982190318855743,2017-12-01,CN-13,116850.84953868788
1389,37.516131,116.240297,0.7644712852508222,2016-06-02,CN-13,8178.090330419025
1394,36.991667,115.324481,1.160132186554353,2016-06-12,CN-13,13390.27126481306
1400,37.26283,115.072008,1.3064491871679895,2017-11-14,CN-13,15072.907661926329
1401,36.992705,115.324672,1.412876150700928,2016-06-12,CN-13,16306.165133445797
1405,37.515137,116.242334,0.7324520190266942,2016-06-02,CN-13,7832.985409256726
1415,37.315622,115.16415,0.36239788398146694,2017-10-20,CN-13,3867.0705485620592
1443,37.429491,115.209771,1.8018585892995629,2016-08-21,CN-13,20800.06590156338
1450,38.367871,114.953791,1.8272912265630454,<2016-06,CN-13,21123.17981689753
1454,37.637013,114.999624,1.4117529937844435,2017-02-27,CN-13,16281.072525026593
1460,36.877177,115.300235,13.71820319117185,<2016-06,CN-13,177690.00719044494
1461,38.186582,117.452745,32.478994433258435,"2017-05-15,2017-05-25",CN-13,423039.0578580186
1463,38.370095,114.957269,11.46881011794976,<2016-06,CN-13,148890.1085282876
1465,36.87332,115.292102,27.606595820807378,<2016-06,CN-13,357547.80735079397
1467,37.342301,115.006203,2.5431467849607055,<2016-06,CN-13,29319.156831928714
1469,37.342367,114.999586,19.578434015969886,<2016-06,CN-13,253459.97354273873
1473,36.607023,115.178112,27.951459216331447,2016-06-12,CN-13,361942.86859569594
1496,38.065367,116.793903,4.274591110493257,<2016-06,CN-13,49512.39294001968
1497,37.637311,115.00311,0.1748348672586756,2017-02-27,CN-13,1863.762706254832
1502,38.073481,116.791145,3.2928511723275387,<2016-06,CN-13,38127.55106584241
1503,38.070295,116.798003,27.622064174486574,<2016-06,CN-13,359231.2310204106
1510,38.075947,116.788214,7.1639516319416225,<2016-06,CN-13,82969.15763974514
1516,37.345791,115.000555,0.09900269378062465,<2016-06,CN-13,1055.2213423980158
1523,37.346049,114.998125,4.450029630260039,<2016-06,CN-13,51297.75738476978
1535,37.63556,115.001476,3.60169771700968,2017-02-27,CN-13,41529.17693877071
1537,37.842461,115.976981,5.523057925446266,2017-06-27,CN-13,63851.65515826681
1626,37.897676,116.072136,0.9132927816878594,2017-10-05,CN-13,9765.878040215901
1633,36.415852,115.190937,2.9810330512643772,2017-02-27,CN-13,34389.63813570041
1647,38.047863,114.944165,6.917230352608521,<2016-06,CN-13,79827.48528751012
1651,38.401606,117.459879,9.044337695327247,2017-11-21,CN-13,117935.72311397622
1663,37.93591,115.958383,22.833364610671314,2017-07-14,CN-13,296460.8113446553
1665,37.930113,115.958833,7.294867772774906,2017-07-14,CN-13,84337.13594399743
1682,37.246212,115.235727,25.190554269009432,2016-07-02,CN-13,326589.17753049167
1691,36.531523,115.15283,0.1854659251029145,<2016-06,CN-13,1977.8499585723532
1697,36.532477,115.14739,59.17376478764738,<2016-06,CN-13,766545.3698306937
1699,37.934495,115.961408,0.18597796791764926,2017-07-14,CN-13,1987.8308579741206
1708,38.241576,114.909958,2.9282842901803434,2017-10-30,CN-13,33828.504525300676
1709,36.532678,115.153849,0.053098324502102764,<2016-06,CN-13,493.2461523273225
1728,37.982486,115.82512,1.6039848118343714,2017-09-07,CN-13,18544.620045273197
1730,38.086368,116.119679,2.0415063942465808,2018-01-13,CN-13,23628.583968355317
1754,38.128754,115.905017,2.2057126949574615,2017-10-12,CN-13,25504.134658221556
1757,37.168495,115.72183,27.55566702768944,2016-10-10,CN-13,357394.80235903367
1778,37.538676,115.755691,25.71758866890785,<2016-06,CN-13,333856.3791839781
1780,38.096482,115.98203,2.1143157121174583,2017-10-12,CN-13,24445.921645383227
1801,37.928026,115.952282,4.130514469262742,2017-07-07,CN-13,47748.83444156042
1805,37.913468,114.781059,10.102093968199656,2016-08-11,CN-13,130953.5647831113
1812,37.894968,116.272458,43.779795526382664,2017-12-01,CN-13,568773.8615038139
1816,37.269117,115.145691,0.07437109301337534,2016-08-21,CN-13,691.3539624252753
1819,38.087165,114.940261,15.004603613284132,<2016-06,CN-13,194498.6128574826
1820,38.012066,116.781568,1.5066519190254655,2017-10-12,CN-13,17447.56916999143
1823,38.241802,114.911605,0.8647968803121183,2017-10-30,CN-13,9234.694839240925
1824,37.412294,116.200292,3.80600711372256,2016-07-02,CN-13,44015.99971311738
1834,37.272758,115.145602,0.6846899455267139,2016-08-21,CN-13,7306.9572431287415
1836,38.060172,116.766151,2.5166699043528684,2017-08-08,CN-13,29153.287796740762
1837,37.271491,115.148089,0.08080898656894278,2016-08-21,CN-13,751.2006453093526
1855,37.221887,115.242915,21.50499123253726,<2016-06,CN-13,278871.12337777857
1858,37.361262,115.993878,4.96735584712818,2016-11-26,CN-13,57454.835571318916
1865,36.873725,115.008184,5.065567511776292,<2016-06,CN-13,58399.648231657105
1868,37.275248,115.134693,26.561715465642774,2016-08-21,CN-13,344270.50684192637
1877,36.85695,114.772281,3.088439333404577,2017-02-27,CN-13,35589.23602388334
1879,36.185169,114.806397,1.6174223355491864,2017-10-20,CN-13,18653.1412110297
1886,37.270952,115.146161,1.5050283807742668,2016-08-21,CN-13,17372.83918375926
1899,37.27011,115.147571,0.05649987846561843,2016-08-21,CN-13,525.2230842798928
1907,36.825174,115.238587,27.062050858893937,<2016-06,CN-13,350487.40188631177
1908,36.306508,115.161575,7.878653135518538,2017-09-15,CN-13,90884.83826622299
1924,36.342744,114.965076,1.84909917632647,2017-02-27,CN-13,21320.32979839032
1926,37.91835,116.041075,2.4540815992985276,2017-10-05,CN-13,28382.617888065815
1930,38.295074,116.954589,5.920764259051438,2018-04-20,CN-13,68626.34125028615
3426,34.794895,119.108418,1.2018847827881212,<2016-06,CN-32,13933.237263809164
3430,34.852477,116.868372,16.46299491194667,2016-06-29,CN-32,213850.02850786873
3433,34.799141,119.106201,0.09400577164647461,<2016-06,CN-32,1007.4344288459738
3434,34.721315,116.865884,5.0693497993282355,2018-07-19,CN-32,58591.347801149626
3454,35.030742,118.971724,1.1859019105484416,<2016-06,CN-32,13785.354896771616
3455,34.472345,116.724226,29.97126513636997,<2016-06,CN-32,388814.22935756185
3459,34.4437,118.71625,8.438074828604167,<2016-06,CN-32,97746.2378949652
3466,34.441037,118.714517,2.6186674432634085,<2016-06,CN-32,30343.817015073837
3476,34.388553,118.140444,5.066547196032412,2018-06-01,CN-32,58662.848192582016
3502,34.796652,119.096261,1.6759704612557564,2017-07-11,CN-32,19427.28557605338
3506,35.029473,118.962184,3.8936719987402952,<2016-06,CN-32,45272.08796451253
3512,34.359407,118.446145,5.981570657656983,2017-01-02,CN-32,69319.9133776115
3518,34.795816,119.106004,8.571572400450533,<2016-06,CN-32,111584.07536079908
3519,34.564426,116.81448,13.980617199228027,2018-06-14,CN-32,181375.0158733418
3525,35.030541,118.974918,1.1717992770110068,<2016-06,CN-32,13621.420758068065
3527,35.032246,118.962545,1.51867727115801,<2016-06,CN-32,17657.80246302588
3543,35.029352,118.976502,5.405104121347825,<2016-06,CN-32,62808.78443567125
3549,34.724917,116.867323,1.2151836642339164,2018-07-19,CN-32,14045.784168816284
3552,34.3206,119.208691,34.46384149092747,"2016-10-14,2016-06-16",CN-32,448012.1152900303
3554,34.608416,119.358886,24.152023892993007,<2016-06,CN-32,314566.3863691171
3565,34.293549,119.130578,9.413881401899527,<2016-06,CN-32,122434.25047146578
3568,34.386879,119.31192,1.8885053142445791,2017-07-11,CN-32,21852.791711482438
3569,34.486044,117.626824,13.706915769349372,<2016-06,CN-32,178239.39729914133
3571,35.02882,118.97842,0.6489973751543604,<2016-06,CN-32,6972.295258552919
3575,34.80687,119.14792,8.31030990291551,2018-02-01,CN-32,96347.94512443127
3576,34.292067,119.117163,10.261405981298665,<2016-06,CN-32,133418.01831727615
3578,34.387095,118.13839,1.2927926646892334,2018-06-01,CN-32,14968.556868973239
3582,34.794191,119.10327,0.6807486818737642,<2016-06,CN-32,7295.399500471673
3589,34.576934,119.513691,17.48956515457824,<2016-06,CN-32,228196.75730967676
3599,35.027247,118.981607,5.846466896756171,<2016-06,CN-32,67937.5402923928
3603,34.438834,118.713209,8.748708772922871,<2016-06,CN-32,113849.14640967459
3605,34.722157,116.84499,18.48055611027534,2017-01-15,CN-32,239866.35697835925
3608,34.469438,116.74095,6.5805457106725775,<2016-06,CN-32,76023.78377625639
3621,34.723852,116.86476,6.306362758166048,2018-07-19,CN-32,72888.69546403924
3623,34.439567,118.716324,0.1600968205431363,<2016-06,CN-32,1715.0985301420471
3632,34.356365,118.445032,1.8531640015739572,<2016-06,CN-32,21472.113110549155
3636,34.855412,116.874174,2.0746631722877646,2016-06-29,CN-32,23996.732446944807
3640,34.856967,116.878683,5.481012467387518,2016-06-29,CN-32,63387.94797228092
3642,34.799898,119.114031,6.64735378500155,2017-10-24,CN-32,77061.59424703708
3652,34.722445,116.852832,2.326797525375151,2017-01-15,CN-32,26893.035294225607
3655,34.719972,119.182207,12.112666125137373,2018-06-11,CN-32,157822.35276285198
3657,34.790867,119.169269,44.878509205353055,<2016-06,CN-32,584762.7809951806
3658,34.856647,116.876588,0.9784926631697061,2016-06-29,CN-32,11316.274573960874
3659,34.469108,116.724084,0.4037043862906509,<2016-06,CN-32,4311.427540810031
3662,34.486505,117.944566,11.87196628564041,2018-04-27,CN-32,154465.98815245353
3666,34.794523,119.114379,7.234201629155358,2017-10-24,CN-32,83864.81729091461
3677,34.812383,118.923529,7.514964136511973,<2016-06,CN-32,87177.73900887654
3682,34.719163,116.424879,14.663595719098414,<2016-06,CN-32,190254.10051470707
3686,34.890978,116.840155,8.411149444753912,<2016-06,CN-32,97289.1379500098
3688,34.694214,119.264656,11.397518928176122,2016-11-03,CN-32,148534.52681282378
3694,34.716089,116.649154,5.5133594375439205,2017-07-24,CN-32,63718.037712081794
3706,34.809673,118.923689,1.130237752644727,<2016-06,CN-32,13111.38283938292
3711,34.690686,119.258436,11.854118544693854,2016-11-03,CN-32,154472.1679740225
3717,34.31977,119.212468,4.783501186048883,"2016-10-14,2016-06-16",CN-32,55370.18866907864
3721,34.337252,118.258641,1.3384285538844363,2017-10-19,CN-32,15508.187497021014
3728,34.443778,118.717594,0.3751958309978894,<2016-06,CN-32,4018.537236225789
3729,34.497445,118.742213,1.5224182500756553,2017-10-19,CN-32,17643.59104154892
3732,35.028064,118.979249,0.5462271595921757,<2016-06,CN-32,5868.216391493934
3741,34.724607,116.870368,9.639772486621894,2018-07-19,CN-32,125131.54561267552
3746,34.44288,118.717671,0.13190991828017978,<2016-06,CN-32,1412.8219842596952
3747,34.680466,119.20721,3.8933904128011707,<2016-06,CN-32,45145.83524730785
3749,35.029551,118.980851,0.056559486881813635,<2016-06,CN-32,529.287901496772
3754,34.815216,118.921839,3.660169236512204,<2016-06,CN-32,42459.98685192414
3757,34.811315,118.928521,1.918491614773114,<2016-06,CN-32,22255.56346580739
3767,34.41159,119.465452,1.9624525165844768,2017-07-11,CN-32,22732.517175163288
3768,34.27488,117.10124,1.168799317486484,2017-12-31,CN-32,13512.034306242382
3770,34.503896,118.73961,1.7204902698291213,<2016-06,CN-32,19939.084880466107
3774,34.796526,119.097256,0.5668575079681353,2017-07-11,CN-32,6074.858594050447
3776,35.031256,118.965642,4.276515629688721,<2016-06,CN-32,49723.446615821085
3794,34.447197,119.860677,13.660042584647908,<2016-06,CN-32,178460.05350626764
3813,34.370528,120.067751,196.12132424985035,<2016-06,CN-32,2598340.0400367775
3821,34.582028,119.50805,9.61348635464338,2017-01-02,CN-32,125437.39596455933
4131,34.47984,116.213649,13.819483312267778,2016-11-26,CN-34,179223.39325961104
4152,34.442725,116.185057,7.937009091772091,2018-07-19,CN-34,91656.61426690669
4199,34.494426,116.21854,6.858210000367537,2016-11-26,CN-34,79187.71817961216
4213,34.332143,116.863769,8.40364066066878,2018-04-20,CN-34,109035.37484130554
4272,34.479019,116.394097,0.4450264889714528,2017-07-24,CN-34,4753.931088222121
4329,34.430228,116.748501,25.038336911604652,2016-06-29,CN-34,324881.8386109223
4348,34.333991,116.379068,2.7017623568364293,2017-07-24,CN-34,31193.976035853866
4367,34.318093,116.878338,6.293294843937247,2017-09-17,CN-34,72697.96829563068
4383,34.464275,116.19798,12.348168696826487,2017-10-27,CN-34,160150.70737949063
4397,34.322745,116.383955,1.265630141178768,2017-07-24,CN-34,14613.134514309784
4417,34.325756,116.381877,7.5707658033932965,2017-07-24,CN-34,87396.30692104425
4428,34.3306,116.382784,0.09945572088613504,2017-07-24,CN-34,924.5985780608349
4455,34.331446,116.381413,5.223807201492447,2017-07-24,CN-34,60303.20701155072
4457,34.329004,116.382264,0.19731206034216786,2017-07-24,CN-34,2105.830476412931
4490,34.331835,116.37924,0.40415373023531653,2017-07-24,CN-34,4313.366556558198
4504,34.319844,116.872457,6.797822523072856,2017-09-17,CN-34,78521.88086826768
4649,37.420045,118.766648,1.4922497128563634,2017-05-22,CN-37,17332.02466010469
4688,34.811078,117.349084,5.16034992773975,<2016-06,CN-37,59774.42122796339
4692,37.978952,117.976502,74.26395371696044,2016-10-17,CN-37,968607.9212753085
4695,37.582281,118.596739,11.267640080030214,2017-04-15,CN-37,146626.97034836552
4697,35.915595,118.139178,6.751867272655162,2018-07-14,CN-37,78766.00797180578
4698,36.750979,118.484138,7.468641112777274,2017-09-12,CN-37,86475.41007267423
4699,37.060971,119.496468,177.5326028660649,2016-06-16,CN-37,2354017.839401812
4703,37.669888,117.284958,20.883733320286034,2018-05-30,CN-37,271574.7564213903
4705,36.150825,115.166811,78.28462105314202,2016-12-06,CN-41,1027347.5480408812
4706,35.614017,115.342047,0.7009264670029094,2017-10-30,CN-41,7482.412348954378
4708,35.914147,117.62343,82.36161757507291,2017-09-14,CN-37,1087815.1806868257
4709,36.777571,117.613547,12.773640327234997,<2016-06,CN-37,166877.66301706337
4714,36.177363,117.73018,4.149991422733499,2017-05-12,CN-37,48270.064735056294
4716,35.218287,115.849288,8.604443359842424,2017-11-06,CN-37,111648.47860500263
4723,37.027554,117.984379,5.090522847582302,2017-06-14,CN-37,58822.93036323689
4724,36.78514,120.51583,1.9754156930075095,2018-03-10,CN-37,22992.4411633034
4731,36.150759,115.16949,4.646068453141054,2016-12-06,CN-41,53603.92108619176
4733,35.924069,117.625876,6.4775276160151645,2017-10-29,CN-37,75240.20956259112
4738,35.907599,117.663988,2.6797775242161324,2017-10-24,CN-37,31115.53412680497
4739,36.460761,118.356129,17.318351543711138,<2016-06,CN-37,227507.6194554538
4742,34.917087,117.033435,6.7011178794098045,2017-09-22,CN-37,77559.94700233881
4745,36.601777,115.5265,37.25355541095444,<2016-06,CN-37,483213.18926560297
4752,36.93998,120.631562,4.939768529558887,2017-04-22,CN-37,57550.815295331624
4756,37.4318,118.845933,0.1758963393066202,2018-07-16,CN-37,1891.6047703846134
4757,35.993085,117.664202,8.158459459724353,2016-06-16,CN-37,106485.68860379359
4767,35.277628,115.425639,14.101220402571581,2017-09-17,CN-37,182942.22311628654
4783,36.541697,117.968713,4.247879326603152,2016-07-29,CN-37,49515.56972282895
4789,36.807465,118.211026,3.0204893953602436,2017-07-11,CN-37,34942.37470793319
4791,34.965198,115.924597,3.0145028911916296,2017-05-25,CN-37,34818.060155246574
4792,35.408329,118.500372,6.770482075172063,2017-02-11,CN-37,78679.14044331598
4796,37.91826,117.769794,12.178555985533658,2016-12-06,CN-37,158478.63218311084
4799,37.067433,119.202502,8.100251301717162,2017-10-29,CN-37,94362.49764362001
4804,37.175285,121.603999,13.413757435860184,2017-10-21,CN-37,176247.0553153458
4806,35.276959,117.795006,1.7946525812435787,2017-08-05,CN-37,20908.997103254405
4809,35.237324,117.846402,0.6512226536212653,2016-10-14,CN-37,7028.412605124132
4815,35.49453,117.571848,39.45102780352204,<2016-06,CN-37,515559.4163224391
4818,35.170995,117.405409,8.350368035280548,2016-08-28,CN-37,96891.72965866864
4822,35.395036,119.338181,3.9389428788954977,2017-01-02,CN-37,45865.46480041012
4824,37.331567,116.471807,82.47383053196117,<2016-06,CN-37,1084967.073551857
4825,37.25885,119.933579,2.2572170984830606,2016-09-14,CN-37,26377.361425891228
4826,34.933783,117.008866,27.008518220175567,2018-03-16,CN-37,351112.3531287063
4829,36.617627,116.053352,58.758664025118456,2016-08-28,CN-37,762903.0652938519
4830,37.479299,116.612638,1.3580480093634204,2017-11-21,CN-37,15717.63584520213
4835,36.490884,115.678691,7.038598983673099,<2016-06,CN-37,81297.40639833646
4842,35.998629,119.371215,8.937519528555965,2017-08-10,CN-37,116544.99562219901
4848,37.400032,121.820396,6.147393964509599,<2016-06,CN-37,72005.66241116909
4851,36.996456,119.2002,5.2188934258675275,2017-10-24,CN-37,60571.9741202626
4855,36.77847,117.618958,5.048443125832637,<2016-06,CN-37,58852.93790957956
4857,35.664601,118.273785,8.398462404518659,2016-08-28,CN-37,109786.66581176709
4861,37.37021,118.047008,4.455912322412275,2017-04-22,CN-37,51559.8798206234
4863,36.499857,115.685564,15.780502539497192,<2016-06,CN-37,204726.69148471815
4871,37.169513,119.126047,19.080110947113393,<2016-06,CN-37,250665.09493694568
4872,35.276092,117.798605,1.4227644539121513,2017-09-14,CN-37,16576.232166812282
4874,37.083109,119.150489,4.694628161645249,2017-01-12,CN-37,54685.243997780446
4882,36.993141,119.196092,4.646198625835897,2018-03-23,CN-37,53920.789197661994
4886,37.350917,117.92217,6.760391514355509,<2016-06,CN-37,78226.92774614732
4895,37.176632,116.513602,0.21824102938252904,2016-09-07,CN-37,2334.005479792397
4900,37.059075,118.538254,9.481538836029689,2017-06-01,CN-37,123157.12741679215
4902,34.940799,118.232757,7.156661189297664,2017-10-24,CN-37,83050.88785624177
4906,36.86502,116.186536,4.014402794488149,<2016-06,CN-37,46426.8358319729
4907,37.217333,118.934267,26.43186185017674,2017-06-21,CN-37,345886.32712392526
4914,37.378284,117.017889,37.88448511672317,2016-08-28,CN-37,492256.7251834281
4922,36.076645,117.528016,3.213410011339576,2016-08-28,CN-37,37363.565425349065
4923,35.187763,116.770515,0.1539151431649612,<2016-06,CN-37,1648.6618690280168
4924,36.102851,117.581315,10.763759915599335,2017-03-06,CN-37,141002.46541115415
4925,36.12827,117.638852,0.4258197736035377,"<2016-06,2016-09-17",CN-37,4585.716345745046
4934,35.963782,115.472111,10.60569521064363,<2016-06,CN-37,137553.46206074537
4935,34.752822,116.085175,6.348146414959367,<2016-06,CN-37,73321.02863164754
4937,35.190362,116.767141,8.419642419525688,<2016-06,CN-37,97501.63974344588
4938,36.097992,117.582483,2.3670012698600695,2017-03-06,CN-37,27586.07235599213
4941,36.129914,117.632403,6.779464132737227,"<2016-06,2016-09-17",CN-37,79061.68871167698
4946,36.760503,118.48106,14.469848705322654,2017-01-15,CN-37,188149.4744597811
4948,36.047416,119.05081,2.2089489807729135,2017-06-01,CN-37,25669.992446412267
4954,36.570472,115.438162,39.32845053035079,"2016-06-12,2016-08-21",CN-37,510103.41992585163
4959,34.973398,117.657204,0.6442522367149248,<2016-06,CN-37,6919.168980614987
4963,35.468622,118.692699,3.0881209084594383,2017-04-02,CN-37,35880.9729276933
4970,35.538837,118.308406,2.733119045170135,2016-09-17,CN-37,31797.13101928099
4971,36.130058,117.625747,8.51853111749231,"<2016-06,2016-09-17",CN-37,99242.85386353017
4975,36.126197,117.632265,1.0726942304978513,"<2016-06,2016-09-17",CN-37,12509.693343593386
4976,35.193705,116.760274,7.355261261158041,<2016-06,CN-37,85157.15086957299
4989,35.183324,116.772279,0.33951095404384435,<2016-06,CN-37,3636.671171786519
4993,36.131001,117.636671,4.195964530970306,"<2016-06,2016-09-17",CN-37,48876.1135850925
4994,36.17617,118.976727,2.9529163244823042,2017-06-01,CN-37,34459.03027731366
4995,36.13899,119.035512,4.070813213205712,2017-10-24,CN-37,47383.61562057591
5002,36.109414,117.582363,4.697798335132035,2017-03-06,CN-37,54787.29347840744
5009,35.185434,116.772272,0.7127163640982845,<2016-06,CN-37,7634.260468196904
5011,36.13281,117.634193,1.9133239801911623,"<2016-06,2016-09-17",CN-37,22287.090248420005
5013,36.107274,117.580113,4.262463863878654,2017-03-06,CN-37,49719.58067278261
5020,36.250861,119.036651,2.303425438710691,2017-10-24,CN-37,26857.314340213878
5027,36.105565,117.578947,0.3379816088287498,2017-03-06,CN-37,3644.8219825303745
5028,36.577715,115.436354,58.074899472565825,"2016-06-12,2016-08-21",CN-37,753073.9934383942
5031,36.145103,119.032942,1.9875802585772866,2017-10-24,CN-37,23166.48125037905
5032,36.127477,117.642186,4.8348715383793675,"<2016-06,2016-09-17",CN-37,56368.012235945
5034,36.099927,117.582859,0.2676876106657513,2017-03-06,CN-37,2884.2716226750254
5035,34.974933,117.652505,24.37925292473163,<2016-06,CN-37,318056.4243485393
5039,37.017404,116.052656,29.174458546844303,<2016-06,CN-37,378547.95334670064
5042,35.469136,119.049498,60.34347144785689,2017-11-23,CN-37,790083.3471599761
5043,36.106007,117.574647,0.8716633086394117,2017-03-06,CN-37,10146.451906752076
5044,34.977362,117.649368,0.24484776160692015,<2016-06,CN-37,2633.070334551148
5045,36.365014,120.290769,1.8616173106772564,2016-12-10,CN-37,21674.028431340077
5048,35.194907,116.770604,3.4623971672288913,<2016-06,CN-37,40061.35089280296
5054,35.193466,116.772313,0.1569402517808962,<2016-06,CN-37,1678.802305201582
5055,37.687803,118.313026,0.48507630913752475,2016-12-16,CN-37,5193.317076350403
5062,36.241457,119.024199,1.753678137005518,<2016-06,CN-37,20476.21224127098
5068,36.288822,118.784702,5.381986130120612,2016-10-04,CN-37,62744.4845694525
5069,36.23528,119.054192,0.1387319751188295,<2016-06,CN-37,1494.6653111628605
5070,36.696223,119.210144,1.2924396981856159,2017-10-24,CN-37,14978.64097944632
5071,36.058615,119.210158,3.3253709018327715,2017-05-22,CN-37,38625.92013541004
5072,36.230705,119.05708,5.109895571021156,<2016-06,CN-37,59472.151332269204
5073,36.422022,116.714042,1.9202898902372683,2016-06-29,CN-37,22258.709953905236
5074,35.690594,117.496188,0.7826616862717125,<2016-06,CN-37,8397.216469358753
5075,36.167737,119.004619,1.3456433144739546,2017-06-21,CN-37,15755.167270386197
5076,37.172331,115.934899,0.13222732221820402,"2016-09-07,2016-11-16",CN-37,1413.0467793643045
5077,36.088816,117.986985,0.04164445492941569,2016-10-04,CN-37,391.66793198114374
5078,35.213074,117.313852,10.601803597312562,<2016-06,CN-37,138064.09758317954
5079,36.947203,116.439035,4.005578052979586,"2016-07-29,2017-03-26",CN-37,46339.72240549636
5080,35.756066,117.300292,0.6857333270428713,<2016-06,CN-37,7343.848627353216
5081,37.174003,115.944741,0.46156153694098434,"2016-09-07,2016-11-16",CN-37,4931.837231030358
5082,37.169919,115.937882,1.5917124593309235,"2016-09-07,2016-11-16",CN-37,18398.54361265611
5083,37.173699,115.936532,3.614188873480578,"2016-09-07,2016-11-16",CN-37,41776.27135058073
5084,36.086459,117.98519,4.475869130238578,2016-10-04,CN-37,52271.869194023006
5085,34.718247,117.081215,0.11348325183966171,<2016-06,CN-37,1212.5326454032354
5086,34.71643,117.082201,0.19932140255235392,<2016-06,CN-37,2129.9099699590265
5087,37.173884,115.941817,0.4080245040908,"2016-09-07,2016-11-16",CN-37,4359.7879792678705
5088,37.173909,115.938489,0.17446211865409084,"2016-09-07,2016-11-16",CN-37,1864.3887719243007
5089,37.353712,116.375872,0.3191419012378296,<2016-06,CN-37,3413.3055651980826
5090,35.688252,117.499127,7.747725630696566,<2016-06,CN-37,89921.01834089981
5091,34.719038,117.082118,0.052008919604685774,<2016-06,CN-37,484.0532905011081
5092,36.1518,117.600787,0.563684987507107,<2016-06,CN-37,6064.732871180727
5093,36.698963,119.208068,4.713321063919077,2017-10-24,CN-37,54624.71025643672
5094,36.150505,117.599301,9.541523204050655,<2016-06,CN-37,124701.69885360953
5095,34.716739,117.081339,0.19143897730322146,<2016-06,CN-37,2045.4649106348434
5096,35.216772,117.316698,0.4733357666289914,<2016-06,CN-37,5084.240486507331
5097,36.426484,116.71694,3.24802175015758,2016-06-29,CN-37,37662.54468005196
5098,37.174284,115.939441,0.10637057266770868,"2016-09-07,2016-11-16",CN-37,990.1717015821944
5099,35.451529,118.449929,1.2794577791967343,2017-08-05,CN-37,14871.8835521949
5100,37.170237,115.935372,1.7452495292166041,"2016-09-07,2016-11-16",CN-37,20173.27274786596
5101,36.151716,117.599595,0.23962689115931893,<2016-06,CN-37,2578.3819757181636
5102,34.711539,117.076861,0.08959503453176333,<2016-06,CN-37,833.9594410195549
5103,36.552183,118.939677,2.374856995644311,2017-08-10,CN-37,27577.534587832233
5104,37.17295,115.938597,0.3693190239443133,"2016-09-07,2016-11-16",CN-37,3946.726354189407
5105,36.153352,116.882593,3.9047020459887434,2016-09-17,CN-37,45397.80244398061
5106,34.721576,117.080365,1.4671271875439624,<2016-06,CN-37,16955.59082425835
5107,36.182612,117.988499,14.135282157752679,2017-12-18,CN-37,185030.6575172245
5108,35.689314,117.492852,6.749040794394197,<2016-06,CN-37,78322.5506196261
5109,37.395778,116.834266,8.117186016127215,2016-11-16,CN-37,93944.79165462706
5110,37.351562,116.377499,0.19514527529677753,<2016-06,CN-37,2087.12942928864
5111,36.210934,116.715589,2.7834611531894176,2017-08-08,CN-37,32247.063650159864
5112,35.21946,117.312033,0.8727307734612906,<2016-06,CN-37,9375.053752253194
5113,35.22109,117.314195,0.17916272973124897,<2016-06,CN-37,1924.6029505402455
5114,36.24222,119.02092,1.1176297913747355,<2016-06,CN-37,13042.381636218144
5115,37.169357,115.939506,0.2364273035813229,"2016-09-07,2016-11-16",CN-37,2526.5794865607672
5116,36.155492,116.885935,0.06488642846245156,2016-09-17,CN-37,606.5720094470299
5117,36.951796,116.43904,3.6162016986743946,"2016-07-29,2017-03-26",CN-37,41817.91790704534
5118,37.351853,116.380238,0.1147523368058693,<2016-06,CN-37,1227.3060614095573
5119,36.42388,116.71501,2.4386500249029264,2016-06-29,CN-37,28267.192291832096
5120,35.215434,117.3056,0.18184634996933347,<2016-06,CN-37,1948.6747111412242
5121,36.154915,117.605818,1.0053112626696754,<2016-06,CN-37,11699.283104766715
5122,36.15316,117.605706,0.47915618354354766,<2016-06,CN-37,5155.280557705859
5123,36.091261,117.981387,0.13301545085874356,2016-10-04,CN-37,1437.7784331135288
5124,34.716229,117.077867,23.635560002726827,<2016-06,CN-37,306765.8534038032
5125,36.102801,119.007842,0.7103894925916404,2017-06-21,CN-37,7633.547502202473
5126,36.091534,117.979998,0.8320267401434922,2016-10-04,CN-37,8993.467262855447
5127,35.21357,117.305342,0.3723725881061802,<2016-06,CN-37,3990.3635442069153
5128,37.329915,116.51125,6.328345230482913,<2016-06,CN-37,73231.70139268885
5129,36.240198,118.808121,0.6512384255069533,<2016-06,CN-37,7027.715391371345
5130,36.152924,117.593094,0.21486425195719322,<2016-06,CN-37,2311.93632647956
5131,36.239517,118.806549,0.07306815392119884,<2016-06,CN-37,686.8405998569153
5132,35.221087,117.307701,1.6921559421090984,<2016-06,CN-37,19613.318215194337
5133,36.24111,118.810319,1.1738268309102144,<2016-06,CN-37,13678.494794193046
5134,37.141449,119.864601,3.728221876489789,2017-12-28,CN-37,43486.666034677255
5135,35.221989,117.315209,0.26299851967248905,<2016-06,CN-37,2825.1842763763448
5136,35.692215,117.492538,0.8278004936729824,<2016-06,CN-37,8875.734815120408
5137,36.954328,116.438868,0.6944817950957776,"2016-07-29,2017-03-26",CN-37,7424.84054782384
5138,36.152826,117.594634,0.9077803900176268,<2016-06,CN-37,9767.704218036506
5139,36.82493,116.848423,2.764735938845422,2016-09-07,CN-37,31951.056176006543
5140,35.314614,115.777812,3.6004276945880416,2016-11-26,CN-37,41592.90124307404
5141,36.152905,117.603513,1.5455169485048574,<2016-06,CN-37,17985.912418564716
5142,36.153555,117.59405,0.22380252268020348,<2016-06,CN-37,2408.111993637786
5143,36.66869,116.886689,4.507408956536821,2017-09-07,CN-37,52089.78480397403
5144,34.949569,115.827592,21.1497529982487,2016-08-28,CN-37,274306.66885737365
5145,36.089348,117.982307,0.7163411768403135,2016-10-04,CN-37,7743.009463659354
5146,36.204273,119.070516,1.9978749260393818,2017-10-24,CN-37,23270.168600312063
5147,35.690337,117.499615,0.610220386186605,<2016-06,CN-37,6547.08511570821
5148,36.15144,117.592976,1.2571607034928467,<2016-06,CN-37,14631.403750048188
5149,36.944736,119.784619,1.8805523322791835,2017-12-18,CN-37,21825.6455989603
5150,37.353266,116.379166,5.717350548402802,<2016-06,CN-37,66140.83236417633
5151,36.343894,117.882787,4.384872370312129,2017-08-08,CN-37,51364.248721531774
5152,36.241582,118.81371,8.928049519631294,<2016-06,CN-37,116812.39232724979
5153,35.21443,117.313323,0.3650044963870396,<2016-06,CN-37,3913.0893754985555
5154,37.141637,119.868717,1.731329565431472,2017-12-28,CN-37,20193.630896824874
5155,36.948301,116.434321,15.227714473038022,"2016-07-29,2017-03-26",CN-37,197842.19008231154
5156,37.44642,121.996499,1.783792066362944,2017-11-20,CN-37,20966.125595150475
5157,36.088326,117.986895,0.6903652981431366,2016-10-04,CN-37,7453.943721248561
5158,35.21736,117.306626,6.831753737907352,<2016-06,CN-37,79184.99512663785
5159,36.290898,118.788615,0.8749043897874328,2016-10-04,CN-37,9429.965050735089
5160,35.689957,117.502187,0.3541590365002225,<2016-06,CN-37,3800.159429248782
5161,36.95545,116.438587,0.28840243995690495,"2016-07-29,2017-03-26",CN-37,3083.3668289145594
5162,35.335707,116.803222,3.2131946925221433,2016-06-29,CN-37,37185.97307043934
5163,34.808707,116.106179,3.7536166288115473,2017-07-04,CN-37,43365.81420539755
5164,35.754763,117.298016,16.401756203248755,<2016-06,CN-37,213515.42337725556
5165,36.092453,117.979008,0.32663546316221026,2016-10-04,CN-37,3538.0808862596255
5166,36.103023,119.009128,0.22943504666592537,2017-06-21,CN-37,2466.315897507201
5167,36.287353,118.786324,0.15760721275336068,2016-10-04,CN-37,1698.7347707434133
5168,36.429225,116.711275,8.518839273650745,2016-06-29,CN-37,98713.79127690381
5169,37.173938,115.94396,0.09780455664267021,"2016-09-07,2016-11-16",CN-37,910.3153985010318
5170,36.234168,119.051302,0.11111569529533305,<2016-06,CN-37,1197.134079158188
5171,34.808963,116.108781,1.7941119730805435,2017-07-04,CN-37,20722.461107633004
5172,35.242127,117.293327,26.58096448748368,"<2016-06,2016-08-28",CN-37,345967.3979865296
5173,35.244375,117.29125,0.8771012279211334,"<2016-06,2016-08-28",CN-37,10165.253233053181
5174,35.213763,117.308473,6.3478663824516435,<2016-06,CN-37,73609.32305608333
5175,36.945872,119.787675,5.405244729231122,2017-12-18,CN-37,62733.14164720225
5176,36.088421,117.979793,0.10227317136638635,2016-10-04,CN-37,1105.4818002524446
5177,36.091761,117.976298,1.4262024737362005,2016-09-17,CN-37,16709.71729181625
5178,35.216805,117.314915,0.9332012074198465,<2016-06,CN-37,10821.32247509036
5179,36.179903,117.990377,2.814104726890312,2017-12-18,CN-37,32800.729966372965
5180,36.946879,116.44338,0.8756883110541607,"2016-07-29,2017-03-26",CN-37,10127.817881895484
5181,36.233665,119.054065,6.68480329168811,<2016-06,CN-37,77900.36855903377
5182,35.217058,117.311653,6.886087274865591,<2016-06,CN-37,80010.96224342215
5183,35.16987,117.573407,2.0333624344997703,2018-06-24,CN-37,23833.82361412345
5184,37.351953,116.375282,2.139076878750176,<2016-06,CN-37,24745.784617146637
5185,36.149337,116.897495,0.47308771403924715,2016-08-28,CN-37,5080.308837728189
5186,36.245252,119.023846,1.5256422168907389,<2016-06,CN-37,17803.755936515845
5187,35.175592,117.571088,4.479013297118881,2018-06-24,CN-37,52368.43607889082
5188,35.428488,116.684234,1.1858836112768414,2017-05-05,CN-37,13720.000153595347
5189,37.735638,117.152058,6.481527722858147,2017-02-24,CN-37,75107.61164978107
5190,37.8941,117.986203,36.47070160273921,2016-11-16,CN-37,474859.14704304666
5191,36.052556,118.536388,4.257260429194448,2017-03-03,CN-37,49842.476378746585
5192,36.476841,115.668228,10.990001567375028,<2016-06,CN-37,142548.20248518162
5193,35.705737,117.434957,7.283825837806027,2016-08-28,CN-37,84487.45569825398
5194,36.344679,117.8853,1.0869220076793777,2017-07-11,CN-37,12724.674500550998
5195,36.348465,117.884065,12.20682951186529,2016-06-09,CN-37,160489.68899572667
5196,37.395153,116.825224,10.284077201481951,<2016-06,CN-37,133668.32139772683
5197,35.167665,117.570097,0.7189786640730166,2018-06-24,CN-37,7791.32702887185
5198,34.604626,115.494195,2.936836895673386,<2016-06,CN-37,33908.487206565325
5199,36.05545,118.538712,4.308891810428831,2017-03-03,CN-37,50446.95805008839
5200,35.702498,117.435373,0.13083445099542057,2016-08-28,CN-37,1403.044032481059
5201,35.17473,117.568722,0.38834221983919687,2018-06-24,CN-37,4208.332437494905
5202,35.71041,117.441328,3.8781253280238723,2016-08-28,CN-37,44982.15963961787
5203,35.704297,117.439244,9.69362417571041,2016-08-28,CN-37,126274.25466799262
5204,36.2361,119.037041,1.308670696345721,<2016-06,CN-37,15263.424680726139
5205,35.80597,118.915153,7.819929257294414,2017-01-02,CN-37,90966.20740776008
5206,35.068729,115.685816,12.91226112365107,2016-06-09,CN-37,167489.32166690813
5207,36.093282,117.970928,6.240241782519181,2016-09-17,CN-37,73199.69503473616
5208,36.445268,118.040901,3.939400709258023,<2016-06,CN-37,46056.26689411442
5209,36.151621,116.895952,3.1161963431319544,2016-08-28,CN-37,36236.826720009965
5210,35.175579,117.565913,6.314841549321653,2018-06-24,CN-37,73838.28396321741
5211,36.052035,118.538973,0.3299892760242874,2017-03-03,CN-37,3571.788427521313
5212,34.802243,117.746701,0.9857124910957795,2017-06-01,CN-37,11444.231080684558
5213,35.169373,117.568923,1.532365992813451,2018-06-24,CN-37,17961.451517609945
5214,36.094444,117.972904,0.9148211736992541,2016-09-17,CN-37,9921.116930832297
5215,34.849283,115.406593,0.9375551821099705,2017-08-06,CN-37,10822.210082347334
5216,36.383255,118.676926,0.6212577367602783,<2016-06,CN-37,6706.035091965568
5217,36.227388,119.020298,0.16102237112655235,<2016-06,CN-37,1740.4664489735285
5218,35.070578,115.686432,0.13770003903005043,2016-06-09,CN-37,1470.4133452888982
5219,36.053255,118.540857,3.1617746000680893,2017-03-03,CN-37,37016.92166589718
5220,35.771614,116.336804,0.06280488467911872,2018-06-14,CN-37,584.9146811857001
5221,37.329151,122.045911,11.87881305885265,<2016-06,CN-37,156273.12140350539
5222,35.67658,118.458858,2.523063048494645,2017-07-11,CN-37,29388.9538359848
5223,35.934046,117.56976,17.605800949336846,2017-07-04,CN-37,229551.29483705966
5224,35.889166,118.960252,0.21609308293954044,2016-10-14,CN-37,2324.795136102731
5225,35.361204,116.633454,0.10631176356455445,2016-08-28,CN-37,1137.6502469883617
5226,35.925446,118.113257,0.18021424383936882,2017-09-14,CN-37,1954.5690313894581
5227,35.237086,116.249544,13.831320811759618,<2016-06,CN-37,179605.77281265534
5228,37.805124,117.91223,2.1252307740531786,2017-02-24,CN-37,24612.201999042027
5229,35.807416,118.910815,5.942449708108773,2017-01-02,CN-37,69126.2151960992
5230,35.464781,116.007508,1.0801810264404554,2017-05-05,CN-37,12478.873402198593
5231,37.328623,122.038951,0.1010731803094428,<2016-06,CN-37,953.1643763452529
5232,35.897935,118.121813,3.6675258738953302,2017-09-14,CN-37,42987.73698485018
5233,36.230359,119.021226,9.418590846110032,<2016-06,CN-37,123664.43582961871
5234,36.240049,119.01941,2.5206510722939415,<2016-06,CN-37,29431.50470622285
5235,36.160525,118.981323,1.1444589326894405,2017-06-21,CN-37,13347.842303774923
5236,37.812423,117.913771,0.05604659719356458,2017-02-24,CN-37,522.8539997172494
5237,35.836859,118.141678,0.3020760109084869,<2016-06,CN-37,3266.4991535415797
5238,35.334566,115.073951,24.155357498935384,2017-02-27,CN-37,313230.75012861274
5239,37.332797,122.044446,0.6543732605446869,<2016-06,CN-37,7086.916772190638
5240,35.878021,118.967509,2.3000407920501504,2016-10-14,CN-37,26782.21346400931
5241,34.612493,115.682372,29.490487784011783,2017-03-06,CN-37,382348.43479996343
5242,37.814278,117.911163,0.04933404279617138,2017-02-24,CN-37,460.2331433095809
5243,36.944482,116.689436,11.439273660474788,2017-08-03,CN-37,148647.06890924863
5244,34.606486,115.654681,11.253345234432858,2016-08-28,CN-37,145909.18005107087
5245,36.259518,118.774168,5.1945299103075975,<2016-06,CN-37,60560.83216855285
5246,35.930786,118.110478,0.3365353000885614,2017-09-14,CN-37,3649.997145113366
5247,36.234395,119.040396,1.3436892276620933,<2016-06,CN-37,15671.85647083928
5248,35.249042,117.61395,0.4438592872267289,<2016-06,CN-37,4786.622300413134
5249,35.982366,116.451968,1.222438812991708,2017-12-31,CN-37,14148.340812050123
5250,35.564535,118.314595,2.433463761202686,2017-12-08,CN-37,28379.648062444754
5251,37.32688,122.039678,41.39556263858248,<2016-06,CN-37,544584.1898290165
5252,35.875957,118.965232,1.2603587346511822,2016-10-14,CN-37,14676.994434747197
5253,35.805453,117.863041,2.516122131567022,<2016-06,CN-37,29247.856602652817
5254,35.775097,116.329023,1.2079560606408328,2018-06-14,CN-37,13974.647577451551
5255,36.256272,118.772343,0.3570194199688006,<2016-06,CN-37,3846.2244318871526
5256,36.190087,119.049888,8.637821188024182,2017-06-21,CN-37,112980.61641714617
5257,36.198566,119.094734,6.253380537047018,2017-10-24,CN-37,72691.63290293852
5258,36.032664,118.651593,3.5451457322918167,2017-02-01,CN-37,41306.28092839321
5259,36.232469,119.024872,1.5849026322056707,<2016-06,CN-37,18529.57759669485
5260,36.222849,119.029982,12.757735665516961,<2016-06,CN-37,167225.53053942198
5261,37.398592,116.823202,0.0437193138646899,<2016-06,CN-37,407.4841576640822
5262,37.143964,121.194706,0.40843118233261244,2016-06-16,CN-37,4406.189248148943
5263,37.14062,121.19351,3.273739713553913,2016-06-16,CN-37,38224.819438212326
5264,37.892614,117.975126,1.4050241552583531,2016-11-16,CN-37,16286.711717234017
5265,35.803865,117.863336,1.11487861310404,<2016-06,CN-37,12959.549696072785
5266,34.999272,116.383396,16.354955441514306,<2016-06,CN-37,212289.69465728002
5267,36.09442,117.975332,1.4038015807344826,2016-09-17,CN-37,16447.263260193133
5268,35.171592,117.568541,1.5799391441457977,2018-06-24,CN-37,18519.074732431498
5269,37.764803,120.701668,3.9964735660634947,2017-04-22,CN-37,47233.771972726834
5270,34.912608,117.040947,6.573563271483116,2017-12-06,CN-37,76079.63925905881
5271,35.77967,116.333456,8.275255508926206,2018-06-14,CN-37,95717.34956394488
5272,36.20199,116.613016,1.3310719737673318,2017-06-14,CN-37,15409.937555731982
5273,37.735587,117.157472,3.677117749176073,2017-02-24,CN-37,42610.25235171673
5274,35.804152,117.870319,20.999691623046395,<2016-06,CN-37,274305.57922636677
5275,36.580166,118.906477,2.507883265680602,2017-06-21,CN-37,29131.580926499744
5276,35.835466,118.142051,0.11417264466289302,<2016-06,CN-37,1234.6059722760513
5277,35.36126,116.635442,0.5549317521581818,2016-08-28,CN-37,5938.366778395993
5278,36.493258,118.885014,2.1288367999489,2017-06-21,CN-37,24735.44849800891
5279,35.89823,118.392271,2.494162739645998,2017-09-22,CN-37,29125.673128392827
5280,36.378921,117.672655,0.23369254534942305,<2016-06,CN-37,2520.670835996076
5281,35.691702,118.247031,6.224036891075217,2017-06-14,CN-37,72605.28745376389
5282,36.170334,119.034843,4.260559799357858,2017-10-24,CN-37,49651.649642273725
5283,36.146291,118.250486,13.103189208075555,2016-12-16,CN-37,171735.45823648694
5284,36.171744,118.975524,1.196481825754248,2017-06-21,CN-37,13950.652778507794
5285,34.956373,115.289579,1.3753372838966864,2017-08-06,CN-37,15877.554637956548
5286,35.990419,116.657483,1.3278833407899355,2016-06-09,CN-37,15438.624650896065
5287,37.333675,122.036406,0.44201862643682,<2016-06,CN-37,4789.821073249941
5288,37.141446,121.196774,3.281463636686155,2016-06-16,CN-37,38315.00546181775
5289,35.899607,118.119227,1.5678187557219183,2017-09-14,CN-37,18376.688434730964
5290,35.80739,117.873254,0.22853538720258512,<2016-06,CN-37,2457.5124677706963
5291,36.091944,117.972879,0.4067335859026119,2016-09-17,CN-37,4410.972965480483
5292,35.777076,116.32976,1.0066711775411006,2018-06-14,CN-37,11646.015439544957
5293,36.47629,115.663345,26.1664581370688,<2016-06,CN-37,339460.2058364887
5294,35.930577,115.389754,3.7937224720733713,2016-11-26,CN-37,43806.258510505955
5295,36.936398,118.855085,6.833796321581681,<2016-06,CN-37,79094.10189620181
5296,36.224442,119.013332,1.2711218364264183,<2016-06,CN-37,14856.982132394329
5297,36.145238,118.252632,0.29738926682253175,2016-12-16,CN-37,3208.697678217951
5298,35.896175,118.124403,0.13757963700236708,2017-09-14,CN-37,1490.8778471090332
5299,35.501907,119.170763,0.3083484700058357,2017-11-08,CN-37,3317.591426208286
5300,36.384536,118.937013,5.018572957982129,2017-10-24,CN-37,58285.955685998495
5301,36.209656,116.615932,0.9244902264076315,2016-08-28,CN-37,10704.84996013593
5302,35.358862,116.637433,0.2742822506949682,2016-08-28,CN-37,2935.1151724444826
5303,35.771368,116.349842,26.290465479687438,2018-04-20,CN-37,341562.73515749665
5304,35.303546,115.917628,25.815146649606294,2017-05-05,CN-37,334948.84195289295
5305,35.634422,115.49578,3.754926596912066,2017-08-06,CN-37,43377.40416028864
5306,35.344428,116.196909,47.48637395780336,2017-07-24,CN-37,616301.9033749646
5307,36.878531,118.043885,1.064944034975701,<2016-06,CN-37,12316.062832524925
5308,35.26792,115.993659,52.03558019326067,2017-09-17,CN-37,675024.6111297008
5309,37.138488,121.191265,1.8437612634043692,2016-06-16,CN-37,21528.113884256607
5310,36.236054,119.030818,3.5950209592862867,<2016-06,CN-37,41921.71336289635
5311,36.285934,116.7999,1.4007683343721165,<2016-06,CN-37,16238.469356931315
5312,36.820111,116.849727,22.02302198269521,2016-06-29,CN-37,285827.7759781728
5313,36.172848,119.034988,6.1271309492592,2017-10-24,CN-37,71404.26928189145
5314,35.31084,116.327158,0.16146017256995407,2016-06-09,CN-37,1728.7117529329032
5315,35.903462,118.168095,2.429897609543684,2017-06-14,CN-37,28398.402119671315
5316,35.930862,118.111715,0.16744494900919482,2017-09-14,CN-37,1816.0757153451068
5317,37.814685,117.913661,8.20152657802939,2017-02-24,CN-37,106696.86425399546
5318,35.740776,119.049459,9.31190851429997,2016-10-04,CN-37,121846.34352973278
5319,34.973034,117.89724,1.245552330113951,2016-12-06,CN-37,14470.925432944861
5320,36.211263,116.617972,3.4176732273776667,2016-08-28,CN-37,39570.668307587825
5321,36.941909,116.68805,2.308402987432791,2017-08-03,CN-37,26709.980504775845
5322,34.91288,117.95216,5.614110319390774,2017-05-25,CN-37,65159.90022274528
5323,35.362347,116.632428,0.09480434146559748,2016-08-28,CN-37,1014.045177714375
5324,35.033256,115.908257,13.85548673210469,<2016-06,CN-37,179770.7243327719
5325,36.268189,119.058522,3.635020964801383,2017-06-21,CN-37,42275.348833048985
5326,36.374735,117.666845,3.2352055827585997,<2016-06,CN-37,37752.38396748374
5327,36.472449,115.663238,8.406967194052903,<2016-06,CN-37,109038.75839892699
5328,36.447086,118.04349,2.9878792476399036,<2016-06,CN-37,34839.29184700436
5329,36.589137,118.872319,4.334166232433933,2017-06-21,CN-37,50389.76600674897
5330,35.758926,118.450123,6.196482743089181,2017-07-11,CN-37,72426.41569214739
5331,35.46459,116.015925,35.180851550593175,2017-05-05,CN-37,456594.6810815543
5332,35.7012,117.434116,1.4204690017537132,2016-08-28,CN-37,16476.48015325952
5333,35.272579,115.990303,2.203335679529926,2017-09-17,CN-37,25453.043905972107
5334,35.310671,115.767522,11.401509920969808,2017-08-08,CN-37,147934.48958286687
5335,36.201175,119.077053,0.20978500796018806,2017-06-21,CN-37,2257.0039453487943
5336,36.271422,118.777091,0.3339864197771106,<2016-06,CN-37,3602.6630969573653
5337,37.165703,116.814789,0.6769203745962539,2016-07-29,CN-37,7239.765525911162
5338,35.850374,118.937189,25.42386396590409,2016-10-04,CN-37,332154.83349803445
5339,37.165677,116.817213,0.7651398381600221,2016-07-29,CN-37,8183.691738370683
5340,35.84621,118.012928,3.3542993663936307,2017-06-14,CN-37,39293.465266548636
5341,35.871334,118.957072,6.97172976231686,2016-10-14,CN-37,81142.87665842375
5342,37.809139,117.910078,1.437463892311783,2017-02-24,CN-37,16651.675802988855
5343,35.818027,116.793759,13.027025430597279,2016-09-17,CN-37,169390.69064056285
5344,35.834198,118.138963,4.827455923772278,<2016-06,CN-37,56531.89730613717
5345,35.707933,117.434722,0.5849074222647205,2016-08-28,CN-37,6272.437130424609
5346,35.089362,116.297037,9.674839972348412,2017-07-24,CN-37,125544.20805381959
5347,34.96603,115.218263,1.752628667340844,2017-10-27,CN-37,20237.1788947961
5348,34.715311,117.469667,0.7394804962940619,2017-04-22,CN-37,7954.613063962085
5349,35.428533,116.68217,0.4278769672513918,2017-05-05,CN-37,4576.4122758545345
5350,34.483461,117.490195,5.198604179163075,2016-11-03,CN-37,60458.59654918681
5351,35.929064,118.118125,0.27175051338877,2017-09-14,CN-37,2946.035504198236
5352,37.923215,117.973471,6.665123016500717,2016-11-16,CN-37,77305.5709143248
5353,35.540347,117.558713,0.08192129141885036,2017-06-14,CN-37,767.6895225303231
5354,37.07983,118.409725,3.353588351296488,<2016-06,CN-37,38778.216423666
5355,35.769971,116.762308,1.3644626949957743,2017-07-04,CN-37,15800.575038256047
5356,37.488659,120.595436,0.4719258094854673,2017-09-16,CN-37,5080.572974221289
5357,35.739331,118.194465,2.706511091789057,2017-07-11,CN-37,31594.589330797
5358,35.874904,118.95972,6.214092413518011,2016-10-14,CN-37,72384.23400503446
5359,37.514924,116.297306,26.360682711883843,<2016-06,CN-37,342552.25511461863
5360,34.799804,117.750215,2.4174264205606932,2017-06-01,CN-37,28029.831002130624
5361,37.67352,120.315636,5.166712527197431,<2016-06,CN-37,60636.4105409206
5362,35.841525,118.005195,2.5702035037242155,2017-07-04,CN-37,30121.930421917677
5363,37.163302,116.920379,2.9532067436906297,2017-12-01,CN-37,34160.936011909274
5364,36.383776,117.674579,0.3114523673387355,<2016-06,CN-37,3363.1243722341255
5365,35.745857,119.060762,15.638256319496481,"2016-06-16,<2016-06",CN-37,204613.0738813534
5366,35.775658,116.344235,4.637746569102566,2018-04-20,CN-37,53638.99257206159
5367,36.383234,118.863329,0.154933199060654,2017-06-21,CN-37,1664.4392822502532
5368,36.43531,116.703088,15.176540787591495,<2016-06,CN-37,197272.08479544526
5369,36.443346,118.038888,0.15573430178895561,<2016-06,CN-37,1683.2916158057335
5370,35.800515,118.914457,8.495295006107288,2017-01-02,CN-37,110981.77992681309
5371,36.236395,119.051527,1.7244483293653965,<2016-06,CN-37,20095.604097372157
5372,36.258709,118.771941,0.2771513304840167,<2016-06,CN-37,2987.3014965522293
5373,34.94225,115.837213,8.406622403842917,2017-09-22,CN-37,97086.00940144627
5374,35.249387,117.613018,0.10427211311719238,<2016-06,CN-37,1124.4807449596108
5375,36.136491,117.720651,16.959625423575762,2017-06-04,CN-37,221614.49430356926
5376,35.996909,116.658117,0.04375951400570106,2016-06-09,CN-37,410.51362063487306
5377,36.477993,115.670825,0.19606110592749926,<2016-06,CN-37,2093.5145700874455
5378,36.173115,119.05044,1.3841730115237565,2017-06-21,CN-37,16107.2416851379
5379,35.779305,116.34189,11.831789667810053,2018-04-20,CN-37,153693.55281650915
5380,36.245082,118.823896,1.4544610548721104,<2016-06,CN-37,16938.6637024356
5381,36.201992,119.075616,3.5950802413853746,2017-06-21,CN-37,41835.98051456173
5382,38.0093,117.896727,23.50662431429651,2016-10-17,CN-37,306322.5415176935
5383,36.194461,119.048404,0.3214307012289293,2017-10-24,CN-37,3461.139542114338
5384,36.48137,115.670498,8.325076524228905,<2016-06,CN-37,96151.54525657158
5385,37.138258,121.194533,4.046235502413848,2016-06-16,CN-37,47244.630000333884
5387,34.60671,115.656641,0.05188271079339221,2016-08-28,CN-37,482.3895141393417
5388,35.399373,116.868674,27.68287926726654,2016-08-28,CN-37,359764.4695568458
5389,37.804781,117.91039,0.12267839451113842,2017-02-24,CN-37,1313.4966343251265
5390,35.263861,115.992368,0.41243642442568273,2017-09-17,CN-37,4404.733349568076
5391,37.965087,118.293767,0.1798521820621527,<2016-06,CN-37,1931.0964558290445
5392,37.255294,117.820676,2.6717102508961132,<2016-06,CN-37,30897.177821123605
5393,37.964401,118.295143,0.49629349008998336,<2016-06,CN-37,5328.768262775909
5394,36.193198,115.993269,4.515369099864484,2017-08-08,CN-37,52181.94787252559
5395,35.35776,116.633251,26.37179769644396,2016-08-28,CN-37,342648.0502893647
5397,36.548218,118.927268,7.840748352245378,2017-06-21,CN-37,91076.3374048216
5398,36.088689,119.434442,0.5669562730207207,2017-03-03,CN-37,6083.145678714293
5399,36.867747,118.846034,4.588416507181021,<2016-06,CN-37,53105.1647065585
5400,36.444893,118.037799,1.571019081035368,<2016-06,CN-37,18367.07647482229
5401,35.880352,118.958493,17.027536983570247,2016-10-14,CN-37,222425.0494844781
5402,35.990967,116.659395,0.5190506314623223,2016-06-09,CN-37,5574.884678682736
5403,37.895867,117.977398,15.35773356765954,2016-11-16,CN-37,199927.57783546866
5404,35.810359,118.912507,3.453525261633421,2017-01-02,CN-37,40163.028202135414
5405,37.16583,116.818438,0.4573351939609555,2016-07-29,CN-37,4891.511409842023
5406,34.605357,115.645891,1.547318757803714,2016-08-28,CN-37,17859.83803867595
5407,36.159122,119.01843,3.6162696148682176,2017-07-11,CN-37,42343.869728927144
5408,37.043127,116.354379,3.642075461650242,<2016-06,CN-37,42142.86599668873
5409,34.935753,117.551936,0.20452931713213,2016-08-28,CN-37,2204.190029205233
5410,35.992201,116.662375,1.6801203344326445,2016-06-09,CN-37,19571.552954914892
5411,35.401797,118.707007,1.5009252386435459,2017-11-23,CN-37,17438.09721896467
5412,36.381856,117.681381,0.06015823453153646,<2016-06,CN-37,564.6415427674984
5413,35.888507,118.962156,16.63038126215543,2016-10-14,CN-37,217332.90238116754
5414,36.24375,118.821588,4.113838358413833,<2016-06,CN-37,47909.79053439062
5415,36.232005,119.02981,3.470137441656406,<2016-06,CN-37,40505.05586306585
5416,36.155835,119.015577,1.6233192960908511,2017-06-21,CN-37,18955.500632709038
5417,35.625572,118.428951,0.4856942791648917,2016-10-04,CN-37,5228.2705556127485
5418,35.933033,115.394677,9.463945556716313,2016-11-26,CN-37,122739.54294085734
5419,35.997146,116.664534,0.27554905165883614,2016-06-09,CN-37,2967.565582702341
5420,35.89375,118.965258,6.451359134858947,2016-10-14,CN-37,75014.91649502203
5421,36.155386,116.895094,2.0916764149247773,2016-08-28,CN-37,24323.151514189194
5422,35.998545,116.658211,0.2312639470632792,2016-06-09,CN-37,2484.693049303617
5423,35.772938,116.336118,18.998900372292336,2018-06-14,CN-37,246747.828760923
5424,35.98041,116.452899,2.069837038706533,2017-12-31,CN-37,23956.012798182688
5425,37.4368,116.5067,8.103648035214139,<2016-06,CN-37,93782.75221191384
5427,36.207465,116.616772,5.5243269844063825,2016-08-28,CN-37,63955.620390838405
5428,37.963549,117.952632,60.6194547792019,2017-06-14,CN-37,790513.5192377489
5429,36.982039,121.336535,18.593259225744692,<2016-06,CN-37,243916.8672842412
5430,36.222863,119.018109,3.5421906621754924,<2016-06,CN-37,41403.55363550772
5431,36.202152,116.609895,8.471293346177596,2017-06-14,CN-37,98072.90969504176
5432,35.994974,116.661702,5.665045050868027,2016-06-09,CN-37,65991.54056574333
5433,36.251145,119.030988,0.741803157248768,2017-08-10,CN-37,7985.593696050555
5434,34.939752,117.555716,27.413818963546266,2016-08-28,CN-37,358874.3812936523
5435,34.612358,115.696189,14.180989230271855,2017-05-25,CN-37,183843.1014463407
5436,35.360215,116.634687,0.1763787909642275,2016-08-28,CN-37,1887.4428226573366
5437,34.912606,117.03684,0.5253246062187092,2017-12-06,CN-37,5620.977496971655
5438,36.553661,117.913958,20.481717853792333,<2016-06,CN-37,267652.6181306519
5439,34.610534,115.687779,8.121400320090432,2017-03-06,CN-37,93758.86081856447
5440,37.883798,117.805048,2.484258569198297,2017-09-02,CN-37,28787.877403097256
5441,38.010698,117.900653,0.38341156431459633,2016-10-17,CN-37,4113.280569784109
5444,35.707996,117.432496,1.2142373086344518,2016-08-28,CN-37,14075.864712816661
5445,35.905887,118.165083,9.849591487450297,2017-06-14,CN-37,129021.40722886889
5446,37.255282,117.824003,2.4549546061951575,<2016-06,CN-37,28390.49218939709
5447,35.795236,118.518643,2.6717898293675795,2017-05-22,CN-37,31092.111553390514
5448,35.927594,118.114667,10.446877654520303,2017-09-14,CN-37,137634.6742527954
5449,36.374953,117.673579,0.5643155106161504,<2016-06,CN-37,6088.088979542196
5450,36.382059,118.865141,5.423849650487153,2017-06-21,CN-37,63025.25409772306
5451,36.719341,118.986713,1.887728949601527,2017-06-21,CN-37,21864.98812692865
5452,35.626397,118.430329,1.2604438438444932,2016-10-04,CN-37,14675.80934742476
5453,36.567064,118.935005,8.266000992243415,2017-06-21,CN-37,95962.51341102416
5454,35.776035,116.33417,8.396390591590114,2018-06-14,CN-37,97118.48201711105
5455,36.74314,119.156701,0.8790924163699454,2016-10-04,CN-37,9413.706398653334
5456,37.93073,117.973126,22.632444026982416,2016-11-16,CN-37,294666.7217233149
5457,36.935982,116.690817,1.526058431381833,2016-11-26,CN-37,17652.712646888
5458,34.804851,117.747938,8.206806382417405,2017-06-01,CN-37,107005.5991087006
5459,36.26674,118.776685,13.389542057337689,<2016-06,CN-37,175444.60482971664
5460,35.858078,118.332459,6.9420658038168765,2017-04-22,CN-37,81110.47855816178
5461,36.211734,116.621197,3.4025318113486334,2016-08-28,CN-37,39395.35723729811
5462,36.193864,119.049997,2.0639475752002356,2017-10-24,CN-37,24023.567203224313
5463,35.877066,118.961323,2.451880129542675,2016-10-14,CN-37,28552.371659426513
5464,36.616063,118.071664,8.95652792046389,<2016-06,CN-37,117309.7556708987
5465,36.615916,118.063403,8.508703047817592,<2016-06,CN-37,111560.9228863938
5466,36.565297,118.931978,0.31197688370167004,2017-06-21,CN-37,3348.299998460214
5467,37.815036,117.911922,0.058469741538955185,2017-02-24,CN-37,545.4593098755829
5468,36.199297,116.611517,0.888996897972519,2017-06-14,CN-37,10292.510561580591
5469,36.208162,116.614604,0.048321508744352294,2016-08-28,CN-37,450.59765614984315
5470,36.16764,119.050195,2.325114563144102,2017-10-24,CN-37,27056.720440581368
5471,35.743108,119.055684,7.461169307301986,"2016-06-16,<2016-06",CN-37,86963.84632724358
5472,36.260301,118.768666,28.094013153939546,<2016-06,CN-37,367836.9232218238
5473,37.599688,116.776409,2.691714611420664,2017-09-07,CN-37,31159.444541784917
5474,36.246448,118.824219,0.0952502110667662,<2016-06,CN-37,893.3325893943843
5475,37.963187,118.300516,27.967352514837895,<2016-06,CN-37,364769.9580377768
5476,37.054631,119.061927,0.4806768619062128,2017-12-08,CN-37,5167.404736512691
5477,36.380322,117.674789,4.724105149610227,<2016-06,CN-37,55115.57310011199
5478,37.202541,116.451016,15.453912990182815,<2016-06,CN-37,200732.77583413981
5479,35.312637,115.77282,2.2888706543167,2017-08-08,CN-37,26444.31746576324
5480,36.766535,119.058383,2.190947487951901,2017-03-03,CN-37,25365.18525544198
5481,35.895121,118.124125,0.1555380522049726,2017-09-14,CN-37,1685.4837057819266
5482,36.630113,118.489094,2.129712164690566,2017-09-17,CN-37,24739.398812004132
5484,35.361789,116.637665,0.0944454708038846,2016-08-28,CN-37,1010.6681479489168
5485,37.807951,117.91121,0.17421024112500452,2017-02-24,CN-37,1865.239321842335
5486,36.576578,118.906996,7.0935146805302125,2017-07-11,CN-37,82398.2917375141
5487,35.273329,117.782671,6.7231479879168665,2017-06-14,CN-37,78366.67456664088
5488,36.271954,118.775878,0.44847494986976044,<2016-06,CN-37,4837.634275321276
5489,37.07721,119.128247,4.668404904224571,2017-05-22,CN-37,54383.78765865813
5490,37.189274,121.130438,0.45004810443643495,2016-09-11,CN-37,4854.898968810918
5492,36.291854,116.80072,23.76880022157582,<2016-06,CN-37,309614.77689633076
5493,36.224912,119.010697,1.1648160010838953,<2016-06,CN-37,13614.470320392633
5494,36.385954,118.684797,4.2590385855308375,<2016-06,CN-37,49677.966419741766
5495,36.384781,118.67984,16.59266868316735,<2016-06,CN-37,217546.91633572706
5496,37.803979,117.910436,0.2887603524778011,2017-02-24,CN-37,3091.707815524862
5497,36.232387,118.908326,0.9386912450737372,2017-10-24,CN-37,10946.631236817766
5499,35.900581,118.120623,0.042135590596949844,2017-09-14,CN-37,396.40863745723294
5501,35.248727,117.610324,2.79143184706748,<2016-06,CN-37,32560.747888297283
5502,34.605608,115.649467,7.441444113722569,2016-08-28,CN-37,85892.44199016104
5504,35.409232,118.708076,0.14637657681056918,2017-11-23,CN-37,1572.1418842184592
5505,34.603382,115.496675,0.5864421825432975,<2016-06,CN-37,6259.941780244728
5506,35.893842,118.122028,2.135893020660372,2017-09-14,CN-37,25035.19008644508
5507,35.271696,115.997865,0.19345914340417456,2017-09-17,CN-37,2065.9938068807874
5508,36.878074,118.065048,1.5935106313155891,2017-10-24,CN-37,18423.406143639815
5509,36.17597,119.020176,3.7816128846433914,2017-06-21,CN-37,44186.870257457835
5511,37.806365,117.909291,0.2284040817445955,2017-02-24,CN-37,2445.483524895727
5512,37.599809,116.779181,4.346896915823096,2017-09-07,CN-37,50319.93094764156
5513,36.064108,117.539074,3.3237961573674544,2016-06-09,CN-37,38636.55289704057
5514,36.379855,118.683649,0.9082409416210485,<2016-06,CN-37,10599.99781498405
5515,35.401872,116.871673,4.805507626061383,2016-08-28,CN-37,55618.266716674145
5516,36.768894,117.961765,4.763455009542793,2017-09-07,CN-37,55117.39762742137
5518,35.748589,119.06608,6.614228483595596,"2016-06-16,<2016-06",CN-37,77059.87298875897
5519,35.404486,118.710283,28.257232119233983,2017-11-23,CN-37,368881.38547861116
5520,36.415248,118.428504,17.511957713207977,2016-11-26,CN-37,228901.71200684021
5521,36.429118,115.331812,5.045554908472456,<2016-06,CN-37,58254.523325378046
5522,35.539892,117.554566,2.7268872977131253,2017-06-14,CN-37,31731.151320422374
5523,35.902401,115.964674,0.3455017522294152,2017-03-06,CN-37,3692.034064336414
5524,36.594697,118.867353,2.0488173345165843,2017-07-11,CN-37,23814.573740146487
5526,36.477822,115.669464,0.1699653249404485,<2016-06,CN-37,1814.867270533786
5527,37.488626,120.592873,2.0254954990866776,2017-09-16,CN-37,23585.969953790092
5528,35.251554,117.618136,6.839339359590221,<2016-06,CN-37,79934.59997616349
5529,35.351842,118.322218,1.8433466931210465,2016-10-04,CN-37,21424.39027369163
5530,35.314824,116.326894,8.886680833512417,2016-06-09,CN-37,115578.2744262638
5531,36.238846,119.041121,15.649294583181765,<2016-06,CN-37,204980.39839634325
5533,35.773497,116.328272,0.06657511807633228,2018-06-14,CN-37,620.1423346051783
5534,35.582202,115.971163,4.090204628195293,2017-08-08,CN-37,47278.58487165661
5536,35.50852,118.659292,2.104535861856719,2017-10-24,CN-37,24457.531331016267
5537,37.187865,121.132008,2.139318593374158,2016-09-11,CN-37,24962.048333210467
5538,35.929219,115.392045,6.299692242676985,2016-11-26,CN-37,72750.44346445825
5539,37.544375,121.255974,1.2166021098877,<2016-06,CN-37,14205.733122742202
5540,36.006244,114.885392,0.1789132585914127,"2016-06-22,<2016-06",CN-41,1907.150415572573
5541,37.889514,117.978617,20.80060514326852,2016-11-16,CN-37,270749.0963252987
5542,36.26506,118.773725,0.3258039654908461,<2016-06,CN-37,3511.708466251019
5543,35.900171,118.116148,0.43937674766161694,2017-09-14,CN-37,4757.323961221091
5544,37.233793,118.893947,54.8794931952811,2016-12-23,CN-37,717571.9317374872
5545,35.998575,116.453309,4.661311376885759,2016-08-28,CN-37,53971.85647338914
5546,35.965223,119.352724,15.093771914794706,2017-10-24,CN-37,196834.6440166894
5550,35.248527,117.596686,7.795122846547136,2017-09-14,CN-37,102252.25973450822
5551,36.979976,121.340965,0.4411068941224894,<2016-06,CN-37,4763.769106315826
5552,36.012904,114.89529,114.73941722950067,"2016-06-22,<2016-06",CN-41,1505166.3906944024
5554,35.551766,117.504852,0.9344980763471731,2017-07-04,CN-37,10896.596145277534
5555,36.024085,117.845443,6.929630641780509,2017-03-26,CN-37,80838.99650127847
5556,36.012201,114.903466,0.19816196249647863,"2016-06-22,<2016-06",CN-41,2112.6729637029102
5558,36.806036,116.800889,14.116991679844915,2017-09-07,CN-37,183313.88775152163
5559,35.972299,115.471214,13.705709279537949,<2016-06,CN-37,177769.2531306222
5560,35.918018,118.140335,1.2259104711513247,2018-07-14,CN-37,14385.976601154955
5561,37.439379,118.725558,1.154055314895432,<2016-06,CN-37,13394.608866191582
5564,37.229005,118.897776,1.976138834193218,2016-12-23,CN-37,23001.437553573134
5565,36.850629,121.577064,9.611401883944044,2017-06-18,CN-37,126578.66368674814
5566,37.256599,118.891947,4.981942006271904,2017-05-12,CN-37,58018.7321087095
5567,37.963802,118.293726,0.09906355203359085,<2016-06,CN-37,926.5221962188238
5568,36.347886,120.33428,1.9245828552791087,<2016-06,CN-37,22429.296236518647
5571,34.794516,117.746883,16.554528935274867,2017-07-24,CN-37,215712.220936167
5572,36.012272,114.904647,0.3377049713288308,"2016-06-22,<2016-06",CN-41,3600.3890638051475
5573,36.578656,115.666421,19.59537058201024,2016-06-22,CN-37,254297.05359349068
5574,37.038358,116.357894,2.2536518061883752,<2016-06,CN-37,26075.955560655555
5575,36.595981,118.867374,1.8326504509308283,2017-07-11,CN-37,21301.942622377625
5580,36.434951,115.336474,22.828832145842583,<2016-06,CN-37,295951.49870307284
5583,36.862808,118.070347,0.8013996494719052,2017-05-02,CN-37,8569.126413878414
5589,36.573566,115.673764,6.816116069391452,2016-06-22,CN-37,78737.57310234266
5590,36.946187,116.41243,16.591117562414897,<2016-06,CN-37,215488.91639426412
5593,36.915233,117.709817,11.139017184962885,<2016-06,CN-37,144693.1767983713
5594,35.519609,115.842401,1.4066415616596208,2017-06-14,CN-37,16252.160276218268
5595,36.574944,117.852997,2.8131477915352683,2016-07-29,CN-37,32653.237672795745
5596,35.101147,114.962249,2.262150366908419,2016-08-21,CN-37,26114.715812186187
5597,36.927426,116.649281,1.7854871405512467,2017-12-06,CN-37,20662.77090790836
5601,36.144641,116.881766,0.30235573456038944,2016-08-28,CN-37,3253.3145471262305
5602,36.019814,114.904818,13.894816322674778,"2016-06-22,<2016-06",CN-41,179927.6474359198
5603,35.282956,118.410832,10.044257329527293,2017-02-01,CN-37,130983.24848350584
5605,35.121753,117.890387,3.6334613157999796,2017-09-17,CN-37,42501.85116699208
5607,36.543124,120.119528,4.459704678364224,2017-02-01,CN-37,51744.551519516994
5608,35.851605,115.733461,0.48672112725258054,2017-10-30,CN-41,5200.921444184782
5609,36.16058,117.528106,16.998984687869598,2018-06-14,CN-37,222091.78280041894
5610,34.9598,115.811417,7.824916304445254,2017-03-26,CN-37,90352.97639214912
5611,37.152845,119.127637,9.83445235064271,<2016-06,CN-37,129153.54767135328
5614,35.20664,117.90452,4.648718154779364,2017-07-11,CN-37,54154.53584203044
5615,37.379426,116.540747,5.04548907119986,<2016-06,CN-37,58385.830744766165
5616,35.95945,117.620075,11.984522961112843,2017-12-31,CN-37,156369.99216267685
5620,35.331537,117.780487,2.1245713405016313,2017-04-22,CN-37,24739.9179780232
5621,36.141994,115.156173,4.553771008978158,2016-12-06,CN-41,52544.78089458572
5624,35.815746,117.329259,2.438189349257112,2016-09-17,CN-37,28310.1263568919
5628,34.993026,118.245312,9.899013463547936,2017-12-18,CN-37,129093.77817454784
5629,36.142153,116.881025,1.6885211757806098,2016-08-28,CN-37,19651.5970693396
5631,36.431941,115.329703,2.875253380876812,<2016-06,CN-37,33196.84716172675
5633,35.273095,117.788387,5.233291783354642,2017-06-14,CN-37,60985.84701453723
5635,35.724221,115.825784,57.829275235585236,2016-12-06,CN-37,750593.1014233207
5636,36.093288,115.712572,10.990891818896886,2016-11-26,CN-37,142563.3834138888
5638,37.239117,118.918548,4.89578896790945,2017-07-11,CN-37,57045.965816212905
5640,36.957457,118.011975,4.910146855774857,2016-06-16,CN-37,56758.11421384644
5642,37.026156,119.068391,21.528438475025226,2017-06-21,CN-37,280912.8519305687
5643,35.065558,117.713916,5.696894136427222,2017-09-17,CN-37,66295.81893355981
5644,34.712115,117.120584,50.747091743506,<2016-06,CN-37,658761.4359500043
5649,35.967446,117.621938,9.053823420038007,2018-04-20,CN-37,118144.19967730984
5651,37.111817,119.100189,85.63881742286348,2017-08-05,CN-37,1136327.3280478497
5652,37.175743,119.121572,25.90127017901563,<2016-06,CN-37,340765.21204037394
5653,35.902841,115.962269,3.7096575744560787,2017-03-06,CN-37,42877.82649792379
5656,35.085958,117.664162,9.81295414791409,<2016-06,CN-37,128442.50409776303
5658,37.395244,121.653774,5.6136933,2017-11-10,CN-37,65683.8389768189
5663,36.007452,114.901236,0.4475209699247592,"2016-06-22,<2016-06",CN-41,4770.279462706635
5669,36.021332,114.899627,1.9481276762264326,"2016-06-22,<2016-06",CN-41,22467.15789732178
5720,37.251911,117.598206,16.642447512747136,2016-12-16,CN-37,216211.58101745832
5744,35.948974,115.752078,0.6015949201047807,2017-06-27,CN-41,6426.832652542572
5772,34.95193,114.8429,1.214760745400349,<2016-06,CN-41,14020.822883201316
5789,35.946724,115.74815,0.1678082701878331,2017-06-27,CN-41,1792.2664950427268
5798,34.667549,115.113076,1.5519596885306,2017-12-11,CN-41,17906.05525756637
5805,35.95599,115.756584,3.0480881145320957,2017-06-27,CN-41,35224.85101372517
5809,35.94553,115.748289,0.5015817369221032,2017-06-27,CN-41,5357.114644019496
5833,36.101837,115.108234,0.47655891274990625,2016-10-30,CN-41,5082.761365301166
5841,35.941433,115.751176,0.19139366817418008,2017-06-27,CN-41,2044.9313692413912
5842,34.414845,115.581255,5.293781485051617,2017-09-17,CN-41,61099.8432687884
5844,36.099967,115.111739,17.575717256625943,2016-10-30,CN-41,227718.6499969651
5858,34.952306,114.840872,0.264108906659339,<2016-06,CN-41,2818.268112939033
5862,35.466875,114.995001,0.8822576253800626,2017-12-06,CN-41,9407.900833030752
5863,35.953075,115.751608,0.1327321074312142,2017-06-27,CN-41,1418.1237912503652
5868,35.807357,114.75975,31.680702407826033,<2016-06,CN-41,410264.54486397724
5870,35.946621,115.740798,53.3221017868123,2017-06-27,CN-41,691957.6927482119
5881,35.966674,115.786933,57.77040051158263,2018-05-23,CN-41,749761.2359003879
5901,35.464129,115.043668,1.0739871557298686,2017-12-04,CN-41,12394.083918039214
5908,34.683358,115.003512,1.1557278686270742,2017-12-16,CN-41,13329.314793274763
5926,35.768299,115.441786,2.0880198325378765,2018-06-12,CN-41,24112.418057670242
5930,36.099121,115.10657,3.0059272287578387,2016-10-30,CN-41,34677.28442274901
5940,35.945272,115.744593,0.23729652234008625,2017-06-27,CN-41,2534.431741083108
5945,35.632416,115.384393,8.66353185841514,<2016-06,CN-41,112354.26874465546
5947,34.401742,115.064382,1.094750349346348,2018-02-22,CN-41,12625.752275608556
5955,35.633567,115.328284,2.3221740200518495,2017-12-06,CN-41,26812.3415706292
5958,35.53652,115.185637,1.3730660695441825,2017-06-07,CN-41,15852.137292918895
5978,34.615403,115.170364,10.401890907410616,<2016-06,CN-41,134758.20857629593
6001,35.952189,115.754698,17.73613041649399,2017-06-27,CN-41,230184.71299147137
6002,35.636909,115.389171,11.312025030679054,<2016-06,CN-41,146709.38949844678
6004,35.94768,115.752205,0.24938678876045206,2017-06-27,CN-41,2664.1966272575146
6018,34.952823,114.844705,0.9050301582107034,<2016-06,CN-41,10445.898585606612
6039,35.947138,115.749628,2.1920296315455072,2017-06-27,CN-41,25323.23237888436
6042,35.950855,115.749758,9.055706958231836,2017-06-27,CN-41,117493.47366935422
6046,35.677704,114.771966,67.9763108518526,2016-10-30,CN-41,880079.2214536566
6051,35.519198,115.12304,16.478018763731896,<2016-06,CN-41,213625.68545662396
6057,34.403328,115.077518,1.1670528696417508,2018-02-22,CN-41,13457.757322395726
6058,34.951664,114.854267,0.43151510731858633,<2016-06,CN-41,4603.502905171058
6071,34.575162,115.782521,0.15129020374985716,2016-06-29,CN-41,1614.4914060733813
6073,34.956672,114.850166,117.31146920667871,<2016-06,CN-41,1539611.6600101409
6116,35.948072,115.75061,0.26112041662598734,2017-06-27,CN-41,2789.546859081066
6121,34.966526,114.845912,0.09830826837526736,<2016-06,CN-41,913.9805781214405
6129,34.952995,114.843212,0.10453562438304843,<2016-06,CN-41,971.6665529014695
6133,35.630014,115.383761,0.6173776198946628,<2016-06,CN-41,6591.223399780926
6160,34.965734,114.851224,118.44387377187078,<2016-06,CN-41,1554428.1326959261
27248,34.332112,116.867967,7.147161055831764,2018-04-20,CN-34,82557.10222906167
27260,34.377426,116.601497,0.25994334676814035,2017-10-27,CN-34,2775.233027811253
27306,34.401794,117.399159,0.46200300247038184,2016-12-06,CN-32,4939.444063506562
27314,34.781114,116.639043,14.564811734869643,2018-06-14,CN-32,189051.29958505803
27327,34.732182,119.180352,0.1439649358592035,2017-05-12,CN-32,1544.4693596578584
27328,38.0988,115.925072,24.41282888849933,2018-06-04,CN-13,317052.2847106076
27330,34.732982,119.171267,0.2511591847823452,2017-05-12,CN-32,2693.956387030278
27333,36.294698,114.945679,2.0642360181503436,2017-10-20,CN-13,23804.103050437927
27336,37.142273,115.087724,4.329478168374487,2017-11-14,CN-13,49946.77305253937
27351,37.934164,116.271771,1.3321484630404177,2017-10-05,CN-13,15411.460102436818
27355,34.402134,117.401651,3.4103845449909698,2016-12-06,CN-32,39442.653225383016
27382,38.037948,117.399256,2.3305570868870835,2016-06-09,CN-13,27008.738165164883
27402,36.236631,115.379327,8.114973661206724,2018-06-27,CN-13,105193.55977345565
27469,38.209433,115.624112,5.875529819868457,2017-07-07,CN-13,67909.26228635621
27476,37.167704,115.113499,0.41700980606800486,2017-10-30,CN-13,4448.829945964687
27479,38.107003,117.650896,0.7743078443242095,2017-11-11,CN-13,8306.89633214703
27484,38.07526,117.547876,0.30617808190172047,2017-11-11,CN-13,3283.377930116793
27502,37.350915,114.997385,0.6554456612833548,2018-10-05,CN-13,6986.075066815347
27513,38.094021,116.991509,0.5461441187365965,2017-08-03,CN-13,5850.376186374241
27514,37.311955,115.072137,1.1822037298951846,2017-10-30,CN-13,13637.313011442968
27523,38.102863,115.936188,12.672785447483237,2018-06-12,CN-13,164533.0958609513
27722,34.327539,116.077972,0.77620703113587,2017-12-26,CN-41,8286.024666423595
27728,34.667541,115.258186,0.2758602376238575,2018-02-22,CN-41,2944.9192962909624
27734,34.665847,115.256631,0.165380437537588,2018-02-22,CN-41,1765.0558446958057
27737,34.667634,115.260025,0.8792726109578186,2018-02-22,CN-41,10152.928581013632
27756,35.482397,115.152703,0.7761886344463363,"2018-10-02,2018-03-24,2017-03-26",CN-41,8284.80874212052
27761,35.454198,115.022809,0.40965646418838064,"2018-10-02,2018-03-24,2017-03-26",CN-41,4369.643852686316
27768,35.633059,115.241393,0.4243741991752038,2018-10-02,CN-41,4529.35674748766
27777,35.633339,115.239225,0.721846079076718,2018-10-02,CN-41,7703.873206052383
27783,35.651262,115.049972,0.18827747591837302,2018-10-02,CN-41,2007.9452126367416
27791,35.661854,115.422924,0.929949093816331,"2018-06-12,2017-11-14",CN-41,9930.383914969883
27792,34.539443,115.915107,16.6744973843405,2018-06-14,CN-41,216096.70939367678
27797,35.689646,115.417314,3.2134263802582064,2018-01-05,CN-41,37111.64079062805
27802,34.54206,115.923747,33.12491677467211,2018-06-14,CN-41,429289.43217613886
27813,35.42678,115.047085,1.1535623191886357,"2017-10-20,2016-08-28",CN-41,13313.501697587059
27820,35.523974,115.214091,1.1325696309564126,"2018-09-07,2018-10-02",CN-41,13077.360391837583
27846,34.561299,115.249861,0.16876325542708495,<2016-06,CN-41,1799.7209415980146
27988,36.978662,121.311034,0.598130172838986,2017-01-02,CN-37,6462.368339941281
27990,36.124303,118.974475,0.5066462809722568,2017-07-11,CN-37,5459.5539691989425
27992,37.814072,118.190775,4.099209057757298,"2017-07-11,2016-12-06",CN-37,47514.82537905259
27994,36.12307,118.975168,0.7460602458926054,2017-07-11,CN-37,8031.29933512389
27995,37.827595,118.162548,0.06125859478496859,"2017-07-11,2016-12-06",CN-37,572.1442885932099
27996,36.124227,118.979179,0.14956109400475764,2017-07-11,CN-37,1610.017316233894
27998,36.120512,118.9766,2.29669192396334,2017-07-11,CN-37,26742.262732747833
28004,36.980269,121.312658,8.14219261547148,2017-01-02,CN-37,95152.64462852172
28008,36.170051,119.054837,2.36169425451428,2017-06-21,CN-37,27482.38827600505
28009,36.056187,117.551254,0.47354846243095144,2016-09-17,CN-37,5086.064852279308
28012,37.827088,118.171276,0.44650313273646597,"2017-07-11,2016-12-06",CN-37,4787.884204864654
28013,37.828934,118.166904,16.99877249044651,"2017-07-11,2016-12-06",CN-37,221402.16985418668
28014,34.666372,115.902698,10.937846846288988,"2017-09-22,2017-05-25",CN-37,141800.82477769276
28015,35.018858,117.35856,3.636607619898431,2018-06-14,CN-37,42142.02540990458
28020,36.133099,118.219653,2.4926937023497477,2017-09-07,CN-37,29109.28500423717
28021,35.008258,115.340679,0.28362398948317447,2018-10-02,CN-37,3025.9795805531526
28022,34.66835,115.904336,0.131961966629518,"2017-09-22,2017-05-25",CN-37,1408.3683182901361
28023,37.816098,118.189849,2.3262718124978106,"2017-07-11,2016-12-06",CN-37,26964.323457930343
28024,35.002286,115.269597,0.8994545742582366,2018-08-23,CN-37,10382.004806715588
28027,36.126576,118.97252,0.9391612397298726,2017-07-11,CN-37,10973.526541728748
28028,36.124519,118.975762,0.4497393512038277,2017-07-11,CN-37,4841.4204780216805
28029,36.118732,118.976101,0.2994107821999198,2017-07-11,CN-37,3223.141333759375
28031,36.170824,119.052496,2.5056079710467762,2017-06-21,CN-37,29157.072722744502
28032,36.162878,118.978535,0.5545921934745871,2017-06-21,CN-37,5979.99900475715
28035,34.921449,117.041865,0.9034482270030069,2017-12-11,CN-37,10458.304429915626
28037,36.163601,118.975479,0.5612853684044977,2017-06-21,CN-37,6052.169475042295
28038,34.919702,117.033693,0.18845103216938888,2017-12-11,CN-37,2016.5327153357093
28039,35.009341,115.417488,0.5783457406372668,2017-10-30,CN-37,6172.381273857522
28040,34.906091,117.302698,0.33420256816195903,2017-09-22,CN-37,3585.6051063853597
28041,34.628361,115.654523,0.46861316748167614,2018-04-30,CN-37,5000.108712661712
28042,37.273311,121.275715,2.3546631434425773,2016-10-01,CN-37,27465.97139858998
28043,37.274095,121.27287,1.6054670309578183,2016-10-01,CN-37,18718.552266314928
28044,36.093361,119.00137,3.26001684869063,2017-10-24,CN-37,37926.54786943905
28045,37.272205,121.271663,0.4747643498321947,2016-10-01,CN-37,5117.589785316197
28046,35.763691,116.338525,0.15398534448987874,2018-06-14,CN-37,1646.7493900957506
28047,35.764092,116.341232,0.14637695288320818,2018-06-14,CN-37,1565.3837622212236
28048,35.597425,118.323512,2.2117411935335523,2017-05-02,CN-37,25761.661390100177
28049,36.211594,118.9719,0.9225008379921822,2017-06-21,CN-37,9964.594811649504
28050,35.591684,117.478384,11.587606320751355,2018-04-20,CN-37,151124.0988164666
28051,36.688386,118.116613,0.904139222879849,2016-10-04,CN-37,9721.315659322758
28052,37.483774,116.328903,0.5272757733778214,2017-11-14,CN-37,5641.310929394843
28053,36.299123,115.881331,0.3846350481677514,2017-08-21,CN-37,4108.595167370898
28054,37.271652,121.273468,0.1659157764177655,2016-10-01,CN-37,1788.442798871636
28055,34.658034,115.641452,1.3862470910091764,2017-11-06,CN-37,16001.465866981345
28056,35.735567,118.163139,1.5660013447977554,2016-11-03,CN-37,18258.78690783666
28057,35.256214,116.296442,2.179495906678104,2016-09-17,CN-37,25214.02979423029
28058,34.924694,117.036843,3.3054213470368428,2017-12-11,CN-37,38257.54286225992
28059,36.292239,118.791322,0.8997138408237231,2016-10-14,CN-37,10485.266463798012
28060,36.300549,115.87839,5.993762639255889,2017-08-21,CN-37,69245.62581178134
28061,36.20006,118.982147,0.3490330323784732,2017-08-10,CN-37,3774.761209894229
28062,36.225566,118.995991,0.5181350166466495,2017-10-24,CN-37,5595.05636531667
28063,34.924658,117.039256,0.2100377136411186,2017-12-11,CN-37,2247.522426042876
28064,35.25774,116.295164,0.6806377462172217,2016-09-17,CN-37,7279.78813075114
28065,34.923684,117.037315,0.13467021031629872,2017-12-11,CN-37,1441.0474793253427
28066,35.74662,117.276633,0.5541995388834464,2016-08-28,CN-37,5952.651664370623
28067,34.635274,115.484871,0.5455784510393217,2017-10-27,CN-37,5824.200971493976
28068,35.588876,116.039831,1.5277179807655306,2016-09-17,CN-37,17655.020934040906
28069,34.921364,117.034107,0.3491597031760919,2017-12-11,CN-37,3736.2064629002575
28070,37.222656,117.820812,0.6193855510483366,2017-09-07,CN-37,6624.155495888699
28071,34.920478,117.041443,0.225428253277183,2017-12-11,CN-37,2412.2099118344036
28072,34.91994,117.032295,0.6294023320922928,2017-12-11,CN-37,6735.878549095249
28073,37.226046,117.820044,1.4175629052258265,2017-02-24,CN-37,16399.777171715312
28074,36.162777,118.976835,0.7319684796560754,2017-06-21,CN-37,7892.5935693999445
28075,37.228443,117.820901,0.41306071739642397,2017-02-24,CN-37,4418.003014549837
28076,35.257609,116.292313,4.073710698661393,2016-09-17,CN-37,47127.71545677111
28077,36.163251,118.980938,1.2596435480816228,2017-06-21,CN-37,14691.242261747047
28078,36.248504,118.956223,0.1340886655993815,2017-12-08,CN-37,1446.5624313622616
28079,35.746232,117.278077,0.705165244756436,2016-08-28,CN-37,7574.172790386449
28080,36.246778,118.956719,0.7492835741223915,2017-12-08,CN-37,8083.348908852829
28081,35.89656,118.965724,0.8482678993739237,2017-02-11,CN-37,9118.973413145242
28082,36.13402,118.221141,0.18021929109883572,2017-09-07,CN-37,1949.345822254114
28083,36.16298,118.98291,0.6620816207771354,2017-06-21,CN-37,7139.024818416766
28084,36.245721,118.952082,1.8181361904249096,2017-10-24,CN-37,21215.585358395656
28085,35.413427,117.669907,0.866832250910886,2017-04-22,CN-37,10099.64298288202
28086,36.171591,119.042566,1.1474318802170975,2017-06-21,CN-37,13356.111060506848
28088,36.269094,118.961896,1.5377527269634306,2017-07-11,CN-37,17966.877936255256
28089,35.415176,117.661258,1.6182914249633673,2017-04-22,CN-37,18867.906851227457
28090,34.916362,115.212259,0.6632717054974036,2017-08-06,CN-37,7078.233401617644
28091,36.245228,118.94395,0.4159210339899719,2017-06-21,CN-37,4483.785479681509
28092,36.159899,118.983821,1.2520047304737423,2017-06-21,CN-37,14606.998225109723
28093,34.922668,117.036938,16.05217493499336,2017-12-11,CN-37,208650.81571332997
28094,37.225347,117.820008,0.06373886769179593,2017-02-24,CN-37,593.8409377515627
28097,36.244294,118.944253,0.8097344582906101,2017-06-21,CN-37,8729.242596008615
28101,35.216038,116.843471,15.834931849987289,"2018-04-20,2016-12-06",CN-37,206220.09927336458
28116,36.224694,118.961514,2.213883978141687,2017-10-24,CN-37,25848.98203849227
28117,37.813228,118.187556,1.1284075747202178,"2017-07-11,2016-12-06",CN-37,13079.618071142017
45576,37.869846,116.441402,0.8453006461818927,,CN-13,9041.935057019362
45583,34.501065,116.564257,0.4852010093243984,,CN-34,5182.376261585787
45596,37.94464,116.435047,0.6321410268228886,,CN-13,6763.35179830758
45608,34.69271,116.462526,0.147028961146817,,CN-32,1570.8069434000017
45612,37.999316,116.519445,1.2023744868693407,,CN-13,13918.430724034426
45618,35.979217,116.456666,0.13729818064796245,,CN-37,1469.1281164196735
45619,34.252801,116.613395,0.3993218953255775,,CN-34,4264.58443674607
45622,34.424349,116.557608,0.5096441276116388,,CN-34,5442.612735210638
45627,36.027351,116.629743,0.46743464146776925,,CN-37,5008.467226597802
45633,34.451293,116.608968,0.32909678490012145,,CN-34,3515.0705947359106
45634,34.690234,116.462244,0.2728801966201172,,CN-32,2914.648017908224
45639,34.308105,116.567923,0.16900559555348676,,CN-34,1804.4085905522504
45644,34.350287,116.495714,0.14172321198519064,,CN-34,1513.0888298400864
45651,34.36541,116.673708,0.19235870826028845,,CN-34,2053.3358555589634
45654,34.302362,116.621449,0.4440039718653159,,CN-34,4741.226889822095
45660,37.911883,116.460965,0.592721984532122,,CN-13,6341.91246607607
45672,34.368534,116.456987,0.5341544958776315,,CN-34,5702.828702511781
45689,36.448039,116.647985,0.7870879768245129,,CN-37,8414.220221378817
45698,34.7782,116.645858,6.535299469388296,,CN-32,75542.31785533649
45699,37.977682,116.543642,0.3463512227612043,,CN-13,3707.030143525295
45704,34.552127,116.490274,0.24377061592554286,,CN-34,2603.46737756311
45705,34.348484,116.514433,0.10156918148312476,,CN-34,1084.4481910005009
45715,34.374502,116.581919,0.33949396822952677,,CN-34,3625.538086100025
45730,34.255789,116.580688,0.4072757166556872,,CN-34,4347.755188764338
45731,37.390373,116.544017,0.1851717207062404,,CN-37,1980.793452633609
45738,36.03114,116.635928,13.253001148798152,2016-08-28,CN-37,172652.8337557643
45749,34.454654,116.475601,0.6316112851020252,,CN-34,6746.011638442831
45754,35.963365,116.44621,3.4082202998252256,,CN-37,39461.21349905314
45767,37.871283,116.439354,0.3374853310574486,,CN-13,3609.9823889895633
45771,36.033498,116.643945,0.7134580485308171,,CN-37,7650.89713779445
45772,37.892775,116.465638,0.49330689847154563,,CN-13,5277.948997652778
45784,37.418695,116.490304,0.2875985429292449,,CN-37,3076.2149550268996
45785,37.890222,116.502172,0.427668987473599,,CN-13,4576.402883288666
45795,34.481913,116.547157,0.11936839781567998,,CN-34,1274.9990487175407
45797,37.427728,116.44946,2.0088484499475157,,CN-37,23243.61265931333
45801,34.45292,116.477015,0.8644483809322111,,CN-34,9232.860425633105
45804,35.692172,116.462593,1.3398852459197446,,CN-37,15502.652152606877
45806,36.034029,116.64187,0.25433578599595935,,CN-37,2727.4160563781707
45809,34.260016,116.95382,0.7488802246822792,,CN-34,7998.7619981119105
45813,34.290727,116.535912,0.08749127099678233,,CN-34,813.7702039252337
45817,34.340826,116.644829,0.5702525309127477,,CN-34,6088.0042806744395
45819,35.798538,116.600364,16.023138519152862,,CN-37,208483.3325577639
45823,34.492066,116.50785,0.32110172328846986,,CN-34,3429.5464913604555
45826,34.726796,116.602126,2.1780479527950143,,CN-32,25170.4231622195
45828,36.340137,116.537745,0.39316895387061035,,CN-37,4207.8151896372
45829,34.334304,116.499176,0.5027387691186975,,CN-34,5367.7123390737515
45837,37.921979,116.507708,0.5423086560022822,,CN-13,5803.465921353966
45847,34.420682,116.477135,0.2275415540543541,,CN-34,2430.306441283137
45852,37.156477,116.523121,1.312417070879362,,CN-37,15181.260893171484
45857,37.844154,116.414035,0.3610634682663189,,CN-13,3862.4945836371226
45860,37.867229,116.407392,0.4045272914215423,,CN-13,4328.085455315552
45873,35.397077,116.434759,0.15000977660328027,,CN-37,1603.1582765538342
45875,35.506574,116.429483,0.26150866080642793,,CN-37,2796.0179674976243
45876,35.50546,116.429157,1.1587126530779792,,CN-37,13400.256915667213
45879,37.985007,116.411158,0.8970716132504415,,CN-13,9597.589658495684
45880,37.868262,116.408099,0.32664928535001014,,CN-13,3494.859434438917
45883,35.395791,116.434719,0.9374576137085302,,CN-37,10836.573276963694
45887,34.451366,116.428405,0.3771011200635834,,CN-34,4026.8152627468835
45899,37.980996,116.414832,0.1711501352633236,,CN-13,1831.101044766677
45901,34.511906,116.428913,0.13801491737844385,,CN-34,1473.9635032639324
45902,34.59165,116.404166,0.4109220373567208,,CN-34,4388.040569648869
45904,34.568338,116.431084,0.10186417546712676,,CN-34,947.4648278727117
45916,37.317136,116.396601,0.12770403172679373,,CN-37,1366.0190911582272
45918,37.311606,116.394365,0.17118770886470078,,CN-37,1830.7332035514337
45919,34.295369,116.439803,0.6538157082295117,,CN-34,6979.453947342567
45923,34.3834,116.420667,0.5396066949239793,,CN-34,5761.175851317829
45927,37.430834,116.389067,3.4554130619007744,,CN-37,39975.31661817892
45928,37.309776,116.395542,0.22794398749261982,,CN-37,2437.702036087597
45930,37.433854,116.388633,1.3322962438385118,,CN-37,15414.72588333842
45931,37.309667,116.393901,1.5644818960658164,,CN-37,18096.997024661483
45933,35.426534,116.425226,1.1340728348043958,,CN-37,13116.930746586875
45934,36.167662,116.391799,0.21480629778473947,,CN-37,2302.787461814125
45936,37.313843,116.392282,3.4865946822224285,,CN-37,40330.855696731836
45945,37.31049,116.390968,0.44049453894012514,,CN-37,4710.406067228145
45960,37.310365,116.392724,0.32381971989237646,,CN-37,3463.026154758827
45965,37.456013,116.380257,1.0091643649584483,,CN-37,11677.808730690102
45967,35.258802,116.288359,0.25602508083963993,,CN-37,2736.134467610974
45969,35.052411,116.31859,0.46695984330553975,,CN-37,4989.6497655566445
45990,37.813514,116.244587,0.2581584277218306,,CN-13,2759.8763708701963
45999,34.341452,116.289107,0.5357033937425593,,CN-41,5718.610181737674
46003,34.260744,116.296068,0.3273537924002701,,CN-41,3495.1817255796623
46007,37.081285,116.332102,5.516321517744977,,CN-37,63835.11780652448
46023,34.269509,116.269584,0.6918494279193915,,CN-41,7384.483160331131
46025,34.297244,116.926636,0.6840188408563415,,CN-34,7303.747924057133
46027,34.323112,116.321007,1.0761974685029043,,CN-41,12430.02450318696
46035,37.909512,116.27158,0.45400360026202785,,CN-13,4855.631795337318
46037,34.462685,116.325336,0.6384797212415562,,CN-34,6818.845822852879
46039,37.909164,116.225439,1.5375132849048843,,CN-13,17786.08333554193
46040,35.483904,116.345952,0.5756064571158144,,CN-37,6151.520765233036
46046,35.314155,116.3241,0.12047797288259218,,CN-37,1290.9136299980337
46049,34.462268,116.354857,0.563675272333574,,CN-34,6017.966038330498
46051,37.086337,116.329235,1.831722802291672,,CN-37,21194.011541996235
46056,36.205263,116.309155,0.21865825048155796,,CN-37,2339.7576892844017
46059,34.382051,116.350339,1.0564819269758057,,CN-34,12201.205684186254
46061,37.89878,116.302892,1.1544936900475693,,CN-13,13356.848517327613
46066,37.072564,116.336886,6.529060832032562,,CN-37,75540.94370824975
46069,37.974158,116.308444,0.5550538531694237,,CN-13,5937.830283317887
46070,37.946316,116.36889,0.5383670776473917,,CN-13,5758.585284599217
46072,35.250136,116.299014,0.6326824174485671,,CN-37,6766.880001402541
46074,34.507198,116.316825,0.45746494924261344,,CN-34,4885.115496405247
46079,35.098248,116.303342,0.72403536658166,,CN-37,7734.51739406335
46085,35.263695,116.296931,0.9858988231620501,,CN-37,11413.201451852743
46090,37.919481,116.230549,0.5146077812288011,,CN-13,5504.937135159352
46099,35.318691,116.336144,0.8058975417691847,,CN-37,8634.895853094544
46122,34.308695,116.305823,0.7395381759211417,,CN-41,7894.110471110488
46123,37.090089,116.327702,3.70275347228894,,CN-37,42842.83611618348
46127,35.252856,116.297868,0.6213412828202196,,CN-37,6645.5804441629625
46128,37.993384,116.350972,0.5592439106318275,,CN-13,5983.822086323923
46132,34.257202,116.395747,0.5225723771095971,,CN-41,5579.074405846244
46137,34.5092,116.278995,0.44476434572627066,,CN-34,4748.181881073943
46139,34.448632,116.391307,0.42389630788526295,,CN-34,4526.130592529816
46142,35.319904,116.328506,1.8809256681832214,,CN-37,21779.359319148487
46147,37.488442,116.367356,0.8144482201603908,2018-08-03,CN-37,8709.6963799675
46149,35.481101,116.348431,0.18671360148437963,,CN-37,1995.4129813583897
46151,34.325201,116.305018,0.6627356638720453,,CN-41,7075.056594169977
46153,34.482783,116.323208,1.2078314377904433,,CN-34,13951.799702617001
46158,34.281419,116.272765,0.8546373404339147,,CN-41,9123.49015791953
46160,35.2605,116.294885,0.9062337933138208,,CN-37,10490.963781044355
46165,37.907542,116.349987,0.15246014039929157,,CN-13,1630.98127054256
46167,37.957376,116.361062,0.7165958513068205,,CN-13,7665.364936496513
46168,37.906193,116.262352,0.7672538293298118,,CN-13,8207.334784417983
46175,34.469273,116.372566,0.5782014342958584,,CN-34,6175.2285418249485
46182,35.259157,116.286928,0.423466283871332,,CN-37,4525.574960748498
46190,34.604063,116.333821,0.2719779123753657,,CN-34,2904.2542925984703
46191,34.316487,116.282673,0.32078317827201835,,CN-41,3423.975515072501
46205,35.254134,116.297087,0.9474640392330202,,CN-37,10960.968745563898
46208,34.286646,116.308189,0.37515536890311424,,CN-41,4004.887399537743
46211,37.052204,116.349115,10.115894413480204,,CN-37,131434.7548802172
46212,34.256939,116.364717,0.3972092920953312,,CN-41,4240.9057576011755
46213,37.077368,116.334563,0.256218112024474,,CN-37,2740.0466153972898
46214,37.066803,116.338714,1.0030015995349915,,CN-37,11604.68393831307
46217,34.311429,116.292428,0.15578969464709824,,CN-41,1663.3679487641718
46230,37.829838,116.270137,0.9270907162155394,,CN-13,9914.878812704806
46238,37.840403,116.23619,0.9839597722802685,,CN-13,11378.739797311911
46240,34.552429,116.360854,0.38061974287865,,CN-34,4065.043357543171
46241,34.425799,116.261148,0.28565728709534743,,CN-34,3049.8732208085994
46251,34.278249,116.238409,0.7112339718883757,,CN-41,7592.619507131601
46265,34.50496,116.247943,0.34248325991763595,,CN-34,3656.956943303362
46275,34.336882,116.251135,0.47621778575782064,,CN-41,5084.306259998121
46282,37.433274,116.216263,1.0614416278104617,,CN-13,12277.391363678076
46287,34.447774,116.249288,0.5409739197797129,,CN-34,5775.635365496966
46304,37.934312,116.217516,0.09847843531105961,,CN-13,1053.5093099887383
46309,37.891487,116.187707,5.355157970174894,,CN-13,61958.02656953844
46321,34.324348,116.234984,0.368700400198376,,CN-41,3936.9496393671216
46329,34.310254,116.251537,0.6812048176211184,,CN-41,7272.44272192431
46336,34.527439,116.250416,0.5060959004230212,,CN-34,5403.231417754402
46346,37.890408,116.189421,1.9227569472867383,,CN-13,22245.884564048753
46347,37.8891,116.184095,1.987110423954767,,CN-13,22990.44045566695
46352,34.271603,116.218644,0.552658969198553,,CN-41,5899.467553169228
46374,34.387982,116.103362,0.7564313752401317,,CN-41,8075.79411051842
46377,34.467963,116.139077,0.1668721123004941,,CN-41,1781.3524640619894
46382,34.284788,116.166258,0.6726662628873679,,CN-41,7180.550649087902
46385,34.436104,116.103836,0.4701834263939155,,CN-41,5018.37211779903
46387,37.874424,116.130146,0.807809321612361,,CN-13,8640.991270155944
46392,34.507948,116.083551,0.2940214723595231,,CN-41,3138.402623577435
46397,37.889175,116.18161,3.409142432561454,,CN-13,39432.218821493756
46401,34.250243,116.196172,0.7274746471627631,,CN-41,7763.696833533498
46403,34.45472,116.187636,0.15401567464742996,,CN-34,1644.3276557524164
46413,34.502296,116.163083,0.19904297605211912,,CN-34,2124.7113371799815
46418,34.271703,116.143607,0.287819678448494,,CN-41,3072.4058763292783
46423,34.375662,116.143796,0.8400706219011741,,CN-41,8965.288819476205
46429,38.163875,116.151713,0.7618489773686253,,CN-13,8151.26704156061
46433,34.467184,116.182284,0.6464959594862584,,CN-34,6902.227243746242
46435,34.346773,116.217151,0.40585055448729473,,CN-41,4333.035381112022
46438,34.410205,116.11564,0.38470411404169064,,CN-41,4105.587557173504
46440,34.547289,116.206163,0.35683863759660117,,CN-34,3810.765999600468
46443,34.39434,116.144084,0.6134133243810262,,CN-41,6546.741880750186
46446,34.40466,116.113219,0.46227288303795905,,CN-41,4934.08852058668
46447,34.349019,116.123581,0.7969065069386828,,CN-41,8506.736238103374
46453,37.802862,116.129542,1.5049097326597658,,CN-13,17404.1392292057
46456,34.392843,116.148702,0.4774234898630642,,CN-41,5095.370823733469
46462,36.739005,116.158517,0.896115691014951,,CN-37,10362.157621631035
46470,36.737237,116.155627,11.672840140739346,,CN-37,151558.16131583418
46474,37.885801,116.173995,5.917898184641855,,CN-13,68468.80988421867
46480,34.376069,116.119132,1.1548222047304164,,CN-41,13329.79744027491
46493,34.28597,116.14566,0.6364381120414921,,CN-41,6795.136079208351
46494,34.314078,116.089051,0.8636552825906499,,CN-41,9218.536019409634
46505,37.89106,116.146555,0.837444757007524,,CN-13,8958.169019788374
46513,34.358559,116.190404,0.6007233031045792,,CN-41,6412.539798707003
46515,34.45297,116.186435,0.7774955424404978,,CN-34,8300.82668913901
46516,34.460664,116.126757,0.5758776704944791,,CN-41,6145.622312793794
46518,34.515208,116.120607,0.4547243569896816,,CN-41,4853.636879672906
46521,34.353781,116.182881,0.48353332392105663,,CN-41,5161.01270574441
46524,34.491027,116.163461,0.13212011533855483,,CN-34,1410.3341524387617
46535,34.440839,116.121317,0.35335475622821644,,CN-41,3770.708890186058
46542,34.359388,116.112805,0.6823844868710217,,CN-41,7282.0570161476735
46546,34.278186,116.196124,0.9335554293150583,,CN-41,9965.721778451914
46553,34.328368,116.125775,0.2769714894556146,,CN-41,2956.8360170501765
46555,34.275323,116.096837,0.3179545322381904,,CN-41,3394.3750320760055
46560,34.26678,116.209701,0.4832237127631541,,CN-41,5157.987680762537
46566,34.431521,116.167812,0.436660997122176,,CN-41,4660.441453438518
46570,34.382041,116.159436,0.6169465824849876,,CN-41,6584.451085759785
46573,34.37358,116.202997,0.17941329172059442,,CN-41,1915.3899882070798
46574,34.293229,116.096044,0.735283610828858,,CN-41,7848.9757853143565
46576,34.297096,116.102426,0.7762504326833344,,CN-41,8286.736711326641
46579,34.479742,116.096831,0.35603973372495196,,CN-41,3800.2969396151366
46586,34.469753,116.089151,0.7812449044357568,,CN-41,8339.303881001599
46612,34.459016,116.167892,0.6708401076943141,,CN-34,7159.98750388204
46615,34.383912,116.079106,0.726085068948565,,CN-41,7750.97177672507
46624,36.73991,116.155949,0.11615980824499138,,CN-37,1241.5929135026727
46625,34.254334,116.206069,0.2950009680807832,,CN-41,3148.6279813866036
46626,34.329384,116.124407,0.3529309847349767,,CN-41,3767.02329778926
46631,36.741228,116.154858,1.1293666646627616,,CN-37,13056.951698986026
46646,37.89281,116.070994,0.8754478462508342,,CN-13,10125.466567857991
46648,34.480234,116.194761,0.45597476360706884,,CN-34,4868.415796160792
46649,34.498872,116.144639,0.07774399287369639,,CN-41,722.9139640496452
46656,37.857724,116.027468,0.1023437046529763,,CN-13,1094.2362514092251
46658,34.262206,116.077214,0.4174204476391071,,CN-41,4454.784245131092
46668,37.856457,116.027478,0.10362323868936878,,CN-13,1107.9167462894927
46675,34.508597,116.063077,0.6828368235219267,,CN-41,7287.242055760708
46676,34.501791,116.067415,0.23778763782940074,,CN-41,2538.159340640078
46681,37.915944,116.155338,0.4878366957436624,,CN-13,5217.63517263208
46694,35.582506,116.042847,36.65762113908212,,CN-37,475707.4166451723
46698,34.464043,116.060717,0.5854660273470923,,CN-41,6248.808917172911
46704,34.482531,116.066027,0.5524925574114316,,CN-41,5895.742341861704
46708,37.85517,116.026414,0.7391316646111615,,CN-13,7902.632259838343
46709,34.515688,116.052594,0.4300610483406283,,CN-41,4589.864708438428
46718,34.252886,116.052653,0.06649451903522044,,CN-41,618.0285184742576
46724,37.818707,116.019789,0.6447338719387431,,CN-13,6891.99476302119
46727,34.501622,116.055431,0.10301048251915502,,CN-41,957.5420725265473
46740,34.48995,116.045009,0.30413953877403377,,CN-41,3245.8767890668737
46748,36.190487,116.895024,0.39335416758627106,,CN-37,4218.671460915905
46749,34.413515,115.921608,0.5390652814681347,,CN-41,5754.047261133167
46750,37.994937,115.946777,0.08914637942571987,,CN-13,830.1245095169031
46757,34.804755,115.940756,2.8524742676905617,,CN-37,32931.926690712775
46765,34.398147,115.970656,0.45418054106957945,,CN-41,4848.1228490171
46768,34.33914,116.009508,0.6820737912302852,,CN-41,7279.173444550255
46771,34.540007,116.041785,0.15043599941403743,,CN-41,1605.3203600674801
46776,37.792902,115.973605,5.189810506714458,,CN-13,60007.188589267855
46778,34.498601,115.927318,0.25202120926109717,,CN-41,2688.620512518062
46781,34.761305,116.90275,1.1709812333533023,,CN-32,13539.00530218454
46788,36.574896,116.012495,0.09385746727412168,,CN-37,873.6973103913681
46794,34.3585,115.964199,0.7868133597781897,,CN-41,8396.717713814263
46803,34.256614,115.988087,0.7498295502954615,,CN-41,8002.9887009320955
46804,36.179351,115.998859,8.602658324042629,,CN-37,111664.0183348043
46807,34.335894,116.012585,0.33362005388896937,,CN-41,3560.4332963119186
46811,34.787606,115.91575,0.43307561774949405,,CN-37,4622.982711436653
46814,34.863971,116.030013,0.4141326518765574,,CN-37,4422.191987825981
46821,34.802505,115.931669,1.0805514566908265,,CN-37,12478.727890381808
46823,37.78962,115.971658,4.968296172164827,,CN-13,57427.21920174009
46824,36.295338,115.890763,0.04485790264966417,,CN-37,417.30839214665355
46826,34.289801,116.004256,0.604103548438605,,CN-41,6447.258051128897
46834,38.085755,115.891954,1.0285918472589233,,CN-13,11892.883951372969
46837,34.796624,115.924234,0.08879284484879357,,CN-37,825.5946623109622
46843,38.047954,116.002451,0.13331904376980172,,CN-13,1425.2232253582724
46844,34.799068,115.927137,0.13490024907049844,,CN-37,1439.9518858132597
46847,34.430377,116.024702,0.4321875707525474,,CN-41,4611.697269724241
46849,34.540344,116.040668,0.1749538171152392,,CN-41,1867.4119045277587
46852,34.350378,115.990316,0.6432547223510636,,CN-41,6866.011181985934
46855,34.295056,115.955691,0.30932068482378516,,CN-41,3301.2060279489156
46863,34.3797,115.951206,0.23930003296689215,,CN-41,2553.901352056301
46864,34.862127,116.029146,0.3420066450601554,,CN-37,3652.015939132175
46865,34.857687,116.026241,2.009242669080391,,CN-37,23206.733058395315
46866,34.379152,115.95056,0.3657438151583881,,CN-41,3903.3576905878203
46867,34.805771,115.939528,0.1733810184216202,,CN-37,1850.6038444141936
46868,34.429548,115.996222,0.21072130263985797,,CN-41,2249.386252589294
46869,34.379789,116.046017,0.5522727486786219,,CN-41,5894.882285627507
46875,34.847245,116.02003,0.38676462527360134,,CN-37,4129.508462988149
46880,34.797603,115.925288,0.13146057687005422,,CN-37,1403.2361458073185
46881,34.516032,115.980168,0.5174623827599153,,CN-41,5521.30571884212
46885,34.493965,115.984179,0.3369895361952804,,CN-41,3595.4718060733135
46895,34.454835,116.000102,0.4362468066969209,,CN-41,4655.26410309573
46896,34.597789,115.992239,0.06379234356075844,,CN-41,593.3787145851351
46899,34.807543,115.947711,0.5403343805719513,,CN-37,5769.045564918446
46907,34.868142,116.030768,0.15522969009052145,,CN-37,1657.346957472757
46908,34.857091,116.024974,0.25062156558556475,,CN-37,2676.1876280145234
46910,34.385374,116.040638,0.6161071863938017,,CN-41,6576.599078342792
46911,38.011524,115.875615,0.9196459961464575,,CN-13,10634.361455081802
46918,34.484591,115.959172,0.23478496032967128,,CN-41,2505.6276668704727
46919,36.294705,115.890178,0.5814086981466662,,CN-37,6209.348034377671
46927,36.177286,115.991219,4.76585830451535,,CN-37,55081.20187017403
46932,34.794902,115.921791,0.6859639382189325,,CN-37,7322.11447528199
46936,34.416372,115.970319,0.4109451396964076,,CN-41,4387.084722959461
46953,34.840936,116.014882,3.3270348136980727,,CN-37,38421.04729786647
46954,35.9805,115.898644,0.5819388677111657,,CN-41,6219.060732316535
46955,38.011866,115.873248,4.698792258819541,,CN-13,54319.70410280277
46958,36.001927,115.906604,0.2777531867729802,,CN-41,2967.0357031408894
46965,34.862637,116.028618,1.8859682862447251,,CN-37,21782.91514957344
46983,37.175949,116.900656,1.0952651336769372,,CN-37,12668.998774740752
46984,34.317948,115.957145,0.4278651420676227,,CN-41,4566.86135464598
46989,34.556656,115.974416,0.33072859378189945,,CN-41,3530.2166133907203
46990,34.322042,115.980543,0.20057749430181834,,CN-41,2140.5871166266243
46995,34.380799,116.015398,0.2897763870796701,,CN-41,3093.629123412934
46999,36.19117,115.995695,0.40589928836627404,,CN-37,4336.27787176056
47003,34.471227,115.918783,0.3059099320048275,,CN-41,3263.9673289315874
47006,34.867186,116.031178,1.05727009944188,,CN-37,12209.787044167284
47007,34.570737,115.9775,0.1399358980085665,,CN-41,1493.809560457929
47010,34.377565,116.010771,0.21800709316120612,,CN-41,2327.4259828792665
47014,34.76431,116.902981,5.640777841055561,,CN-32,65219.25281398101
47020,36.005895,115.945856,0.5921255505110576,,CN-41,6327.870490664327
47021,34.850352,116.019583,7.233782152897553,,CN-37,83545.64365973623
47024,35.09491,116.020028,0.7786965161823903,,CN-37,8315.43876125214
47027,34.86716,116.030527,0.04810703885954171,,CN-37,447.4051170199164
47028,34.365115,116.018027,0.5957955459273702,,CN-41,6357.175800142014
47036,34.474759,115.903643,0.4638199910413715,,CN-41,4948.82035160757
47044,34.285046,115.893958,0.513112562704784,,CN-41,5475.863784063893
47045,34.454333,115.899431,0.14231843006404224,,CN-41,1519.0784707221194
47051,34.267262,115.876104,0.45589894578435486,,CN-41,4865.023211759147
47052,34.759892,115.865597,4.265059377478534,,CN-37,49244.38464156112
47053,37.207266,115.843963,0.9100570451247493,,CN-13,9722.106867372215
47054,34.313663,116.888085,0.10958338129839242,,CN-34,1170.098462006238
47060,34.335815,115.901221,0.4683402950399646,,CN-41,4999.148685610319
47064,35.947626,115.872931,0.6559185338007382,,CN-41,7009.72672046794
47067,34.516485,115.894245,0.17111828205666021,,CN-41,1825.978547869393
47072,34.412427,115.906573,0.40204814692766505,,CN-41,4291.044572826792
47077,34.77825,115.89904,0.1540415224727845,,CN-37,1644.0928861894465
47080,35.955438,115.876791,0.9142234783725373,,CN-41,10566.990321669688
47081,34.418009,115.890367,0.525882251825743,,CN-41,5612.721262085017
47085,36.154555,116.888407,2.2498856180023727,,CN-37,26116.727225672377
47087,34.269461,115.908196,0.41927656603815455,,CN-41,4473.972363781733
47100,35.899733,115.847752,0.39367621440995815,,CN-41,4206.516083688709
47107,34.344548,115.878444,0.5259443121965468,,CN-41,5613.719179036685
47112,34.478494,115.906645,0.1218514230979701,,CN-41,1300.3678784655033
47116,34.447518,115.899795,0.5657475111609161,,CN-41,6038.348815267551
47118,34.269838,115.894271,0.48044988745330064,,CN-41,5128.562374340918
47120,34.450755,116.010176,0.42047206513421365,,CN-41,4487.415619066101
47121,34.322296,115.909585,0.44786180400418013,,CN-41,4780.961234545818
47126,34.776191,115.898228,22.87098955098449,,CN-37,296591.80311620265
47130,34.315788,116.883047,0.2424371452357537,,CN-34,2588.3930167476437
47152,35.430387,116.729923,0.3228288851667154,,CN-37,3453.5664533917393
47161,34.756049,115.858779,0.2138496924818989,,CN-37,2282.4960677186523
47165,34.261608,115.860222,0.2812282678924536,,CN-41,3001.4810080247007
47175,34.735749,115.834835,2.8083841498699216,,CN-37,32418.628200409945
47179,34.432542,115.843253,0.3691347908600737,,CN-41,3939.1003320019954
47189,34.746194,115.847095,2.4113879693249727,,CN-37,27835.896320704087
47196,35.216642,116.726351,0.15769038840126146,,CN-37,1686.5989692089365
47207,34.75378,115.854873,0.07011815502603591,,CN-37,651.8718025209788
47213,36.146916,116.881352,1.8000514546045785,,CN-37,20949.62526816659
47218,34.754968,115.856698,0.9041583851178799,,CN-37,9649.89422904478
47219,36.096181,116.716246,2.877640941602265,,CN-37,33457.924311773
47240,34.3151,116.885753,0.2345318082104095,,CN-34,2504.2602703715615
47241,36.094605,116.712977,3.3224447251222182,,CN-37,38629.59500475197
47269,34.80543,115.846712,0.0746057724739649,,CN-37,693.8530075612659
47273,36.092684,116.710707,1.0465205190924431,,CN-37,12167.746091010367
47277,35.897243,115.841278,0.5030777545645773,,CN-41,5375.775155255113
47278,34.311752,115.859291,0.3809639605982974,,CN-41,4065.592827969775
47279,34.75339,115.85487,0.09316678555019227,,CN-37,866.1494360360499
47291,35.901907,115.803848,0.8004013941218071,,CN-41,8553.612475587342
47302,35.467434,116.72803,5.718353395312538,,CN-37,66173.76004917239
47303,34.33923,115.832276,0.3772450925245546,,CN-41,4026.782082216825
47305,35.885343,115.823304,0.3111242985545713,,CN-41,3324.0847173692996
47308,34.830035,115.82526,0.2878487645308888,,CN-37,3072.5545295224765
47315,34.729954,115.826839,2.7817249949886946,,CN-37,32109.16186513619
47317,35.934674,115.825869,0.3788069456092416,,CN-41,4047.091748003343
47323,38.054414,115.796463,1.6000153811464228,,CN-13,18493.474916037667
47344,34.315604,115.840241,0.5355465405988614,,CN-41,5714.964632147181
47345,34.752708,115.853941,0.13289472992684465,,CN-37,1418.3577883031262
47347,34.930245,115.840034,0.11812731422272862,,CN-37,1261.2522240050728
47348,37.786747,115.774264,0.533948634735047,,CN-13,5704.960194545106
47393,34.2996,115.836889,0.20158086257965985,,CN-41,2151.306328711993
47395,34.726793,115.823226,0.07915543397498459,,CN-37,735.8100123254375
47405,34.688036,115.823518,0.5481886591335647,,CN-37,5850.734450325128
47406,34.482455,115.822454,0.5021158216649003,,CN-41,5357.715076738568
47409,35.993862,115.831045,0.6563584553932161,,CN-41,7011.817457330078
47410,34.627148,115.759665,0.2724039991261982,,CN-37,2908.3024604003
47416,34.604279,115.786081,0.18666446049908664,,CN-37,1992.742648607824
47418,34.772824,115.81466,0.11928238030271388,,CN-37,1272.9014862043027
47420,34.774247,115.802799,0.32913466822217236,,CN-37,3513.163757775751
47422,34.768127,115.767547,0.5337650606570474,,CN-37,5697.376324397146
47425,34.367548,115.795409,0.4681772914459675,,CN-41,4995.3335475823005
47428,34.850382,115.758677,0.501694789873669,,CN-37,5355.636106277567
47430,34.747017,115.779435,0.08567879554905168,,CN-37,796.7971614492244
47434,34.831794,115.783428,0.3269572219894032,,CN-37,3490.2971660032404
47436,34.316909,115.823704,0.16839115318903972,,CN-41,1796.6994439821617
47438,34.750449,115.76072,0.18330263921710746,,CN-37,1956.6195939451063
47440,34.705735,115.791314,0.20040354952215095,,CN-37,2138.761243143274
47443,34.641527,115.762317,0.4393221142670319,,CN-37,4689.490570390217
47446,34.26418,115.772962,0.4072888989461978,,CN-41,4346.5513731461915
47451,34.842317,115.754409,0.3023584460392164,,CN-37,3227.703064353856
47452,34.808749,115.780667,0.14260065103958836,,CN-37,1522.1927432026064
47455,34.506863,115.810439,0.43741290376503156,,CN-41,4667.570111367419
47456,34.300572,115.81237,0.2026756655292225,,CN-41,2162.5721117460635
47459,34.793245,115.786764,0.10093794885989547,,CN-37,938.5475721376052
47460,34.844886,115.760546,0.051203110489955725,,CN-37,475.98352168883184
47465,34.305649,115.845211,0.4585169809414665,,CN-41,4893.6403885221425
47466,36.151198,116.878223,3.165047463824209,,CN-37,36798.249340463895
47467,34.81591,115.795913,0.06302598463752956,,CN-37,586.0636500606784
47471,34.78239,115.766915,0.12476388177262845,,CN-37,1331.3963900616718
47476,36.843862,115.768825,4.824394268990909,,CN-37,55735.649361990865
47477,36.64179,116.877733,1.502524688328265,,CN-37,17374.194394959795
47481,34.297898,115.823797,0.36147426261358656,,CN-41,3856.76051258095
47482,34.695977,115.810395,0.11358355739852052,,CN-37,1212.557772911701
47483,34.456423,115.821183,0.15161293260190625,,CN-41,1617.8874707433092
47489,34.854039,116.878891,0.7546962740252737,,CN-32,8069.276821689593
47490,34.759208,115.769617,0.22222485761511757,,CN-37,2371.7596455966486
47492,34.792458,115.788973,0.08530567480009085,,CN-37,793.1945802100212
47494,34.608299,115.772671,0.052762680638644754,,CN-37,490.68933637566295
47496,37.807978,115.728228,9.349194159114544,,CN-13,121353.78743886261
47503,34.679383,115.757998,0.19250024303939203,,CN-37,2054.536856669974
47507,34.944269,115.791617,0.04920296882646142,,CN-37,457.5240388392942
47517,34.27011,115.802605,0.055032802375872325,,CN-41,511.6126325806116
47520,34.781744,115.754649,0.41170404735155725,,CN-37,4394.504370802851
47521,34.955568,115.657914,0.5545797713342305,,CN-37,5919.693944740476
47522,34.802823,115.676824,0.09468235104326846,,CN-37,1010.4705473103967
47523,35.811466,115.597197,0.6741665822716146,,CN-41,7201.632219723803
47524,35.881004,115.670989,0.3382002268443984,,CN-41,3613.802571629691
47526,34.776001,115.68059,0.22272944603728292,,CN-37,2377.5994171320585
47528,36.205377,115.624886,0.29463336116054056,,CN-37,3147.1203940783325
47529,34.914479,115.654693,0.3001335674708426,,CN-37,3204.391923430873
47532,34.777291,115.649546,0.1678698607121654,,CN-37,1791.5964687503185
47533,36.207858,115.631551,2.4940417201563694,,CN-37,28809.651417936366
47537,34.965417,115.674403,0.6540081129227017,,CN-37,6981.761291606882
47539,34.631319,115.75263,0.27510007511782875,,CN-37,2937.652619712116
47541,34.831643,115.668236,0.5742255080581173,,CN-37,6129.760826652461
47543,34.668273,115.665959,0.245780096133031,,CN-37,2622.967876529612
47544,38.173949,115.627413,0.5354728123648785,,CN-13,5721.441565417265
47547,36.208883,115.63569,0.16287286881885665,,CN-37,1739.5812746519043
47549,34.746624,115.715913,0.2338041859660108,,CN-37,2495.074770500214
47550,34.733937,115.713832,0.2048009793942345,,CN-37,2185.980725496771
47551,36.551228,116.986464,2.6736587309040756,,CN-37,31019.689661681336
47552,35.864339,115.62876,0.5595196502380174,,CN-41,5977.121088724471
47553,34.712113,115.703243,1.6719202185964332,,CN-37,19298.326964835625
47558,34.666335,115.699728,0.09304819278091041,,CN-37,864.9836151744986
47559,34.794822,115.668176,0.3985393172047807,,CN-37,4254.111344664156
47560,34.872216,115.709695,0.34113894784870064,,CN-37,3641.796635072529
47561,34.730466,115.681077,0.05327832910764573,,CN-37,495.37204445576083
47564,34.831802,115.639795,0.0987135467188411,,CN-37,1053.8953912556674
47565,35.913416,115.662005,0.6050136388667202,,CN-41,6463.066211189611
47567,34.847709,115.722408,0.45644620018098053,,CN-37,4872.341665431843
47569,34.723875,115.655738,0.1297130714387731,,CN-37,1384.5238576193683
47571,34.947321,115.737481,0.46686803098625307,,CN-37,4982.7596243248345
47572,34.9567,115.660745,0.32920589566765185,,CN-37,3514.8676090833587
47573,34.817676,115.69756,0.35188003462385653,,CN-37,3755.744448431409
47574,34.81198,115.74009,0.30761035775779144,,CN-37,3283.94362031965
47576,34.900102,115.689255,0.23790794978104327,,CN-37,2539.066981823509
47577,36.214045,115.638397,0.20134296590829512,,CN-37,2150.465303503
47578,34.600613,115.673873,0.199293692485374,,CN-37,2126.886229405213
47582,36.8635,115.636457,0.7678331483188023,,CN-13,8200.584704945522
47583,34.864475,115.715084,0.279418257592414,,CN-37,2982.1728978150713
47584,36.219672,115.645312,2.3282131670713277,,CN-37,26899.695742004187
47585,34.891034,115.67422,0.1685601467003294,,CN-37,1799.1041630800885
47586,34.454663,115.699527,1.205920610605745,,CN-41,13915.423823656929
47587,34.594334,115.617471,0.5470302010448533,,CN-37,5839.0657649231825
47588,35.825943,115.657255,1.0343834512112415,,CN-41,11954.274432259801
47590,34.882481,115.724211,0.27618306882835864,,CN-37,2948.5247572432354
47591,34.750184,115.729648,0.05569961140074665,,CN-37,517.9250186525522
47592,34.730811,115.668122,0.21520108195926088,,CN-37,2296.932445009819
47593,36.217933,115.642366,4.756495881971726,,CN-37,54955.57444341841
47594,34.697119,115.673605,0.05563771759868056,,CN-37,517.3245346022072
47595,34.931839,115.663068,0.04588375975854608,,CN-37,426.60366676893295
47596,36.86206,115.634796,0.06113772097003721,,CN-13,568.7755034744483
47597,34.81245,115.679641,0.2506462886375522,,CN-37,2674.951452622528
47598,34.795689,115.645407,0.5313721620547607,,CN-37,5671.392490028727
47600,35.842741,115.669987,0.2587482601132692,,CN-41,2764.5375147867408
47601,34.834414,115.649346,0.3463973555053236,,CN-37,3697.335553459796
47604,35.796329,115.620487,0.9252230723646445,,CN-41,9885.636060712393
47605,36.207751,115.62535,1.9441009935467761,,CN-37,22457.070983493722
47606,34.879394,115.697986,0.06568703083954755,,CN-37,610.8262501928543
47607,36.603765,115.578294,0.07794322927143796,,CN-37,725.013370069992
47608,34.854132,115.697996,0.14108038380440496,,CN-37,1505.802592131617
47609,34.615177,115.66783,10.090532649522803,,CN-37,130789.02987753785
47610,35.882912,115.64919,0.38083214217070777,,CN-41,4068.9152592045907
47611,34.847951,115.641248,0.31922615791553904,,CN-37,3408.622993585246
47613,34.81496,115.731403,0.3152311044636554,,CN-37,3364.296526131473
47614,34.602258,115.671049,0.3286493403009496,,CN-37,3507.385243717618
47615,35.884583,115.628835,0.5809551297936847,,CN-41,6205.596564512716
47616,34.680936,115.747662,0.25548994932543384,,CN-37,2727.11486282249
47618,34.58968,115.626847,0.20094137350062705,,CN-37,2145.4015421536856
47619,34.610788,115.666569,10.776229120719256,,CN-37,139691.89141282995
47620,34.946485,115.6839,0.12948929779815194,,CN-37,1382.6062744556943
47621,34.943787,115.720155,0.6454877419372167,,CN-37,6890.433331081989
47622,34.668965,115.679885,0.7471023898152199,,CN-37,7973.516564296894
47623,34.951061,115.644806,0.5607942619912761,,CN-37,5987.4917575075115
47624,34.390888,115.673547,0.167512397460705,,CN-41,1787.747180094916
47625,34.601639,115.676706,0.05609932880628013,,CN-37,521.7956145022357
47627,34.852058,115.63448,0.71963365394527,,CN-37,7682.611048991149
47630,34.72759,115.734942,0.8039488032530485,,CN-37,8581.811476304427
47631,34.590446,115.639649,0.507677571671526,,CN-37,5420.3483643329
47632,36.211562,115.639735,0.0947561476895057,,CN-37,1012.0532742757855
47633,34.939195,115.627198,0.5334872205210147,,CN-37,5695.023105939504
47635,34.351338,115.753597,0.5170115019617866,,CN-41,5515.782991499391
47636,36.215998,115.643062,1.8293400942285187,,CN-37,21134.7204884644
47637,35.883832,115.672795,0.18823720709860794,,CN-41,2011.0120494067962
47638,34.873713,115.619972,0.5906504231241625,,CN-37,6304.4153610736075
47640,34.929399,115.701186,0.17039037242765082,,CN-37,1819.2250164019422
47641,34.693665,115.616575,0.19377431986585752,,CN-37,2067.8497914725394
47643,34.602376,115.667202,0.23610141706210078,,CN-37,2519.7026881786146
47644,34.72096,115.650946,0.6152812519360181,,CN-37,6567.353336116393
47645,34.674054,115.67174,0.1989910528233903,,CN-37,2123.7496726875784
47646,34.740765,115.657709,0.6634235262080608,,CN-37,7082.357445572944
47648,34.610145,115.718473,0.1499073355141331,,CN-37,1600.5236910116353
47650,36.209416,115.634515,0.12821759628899354,,CN-37,1369.4418917203204
47651,34.915386,115.642249,0.1819042506806638,,CN-37,1942.0060355439296
47652,34.918832,115.733176,0.10354064625676127,,CN-37,1105.213295476061
47653,34.868773,115.71253,0.282143251337827,,CN-37,3011.993646020841
47654,34.942088,115.639452,0.23576387026120543,,CN-37,2517.205195528548
47655,34.791357,115.695251,0.0699740787031767,,CN-37,650.5673648491223
47656,34.77136,115.716998,0.1140430221723612,,CN-37,1217.4555178173532
47658,35.854245,115.614727,0.6157918985214648,,CN-41,6577.5642857401845
47661,35.869011,115.665896,0.3104072106166855,,CN-41,3316.649636145364
47663,34.653,115.721683,0.08400668696309516,,CN-37,780.8485233990729
47664,34.951467,115.661916,0.05863264193643948,,CN-37,545.2987563805234
47666,34.782144,115.699762,0.09716260991711542,,CN-37,1037.250270256303
47667,34.656116,115.736022,0.09537688766097607,,CN-37,1018.1440835572153
47668,34.844667,115.684082,0.43787049438033976,,CN-37,4673.552110334431
47671,35.084578,115.701703,5.79720006073961,,CN-37,66944.04287986302
47673,34.87128,115.74218,0.04713535674801096,,CN-37,438.3004784696739
47675,34.682497,115.660096,0.45811704421939464,,CN-37,4889.294814561524
47677,34.839406,115.634952,0.668342973602835,,CN-37,7133.296758711198
47678,34.747249,115.645061,0.14171200603017084,,CN-37,1512.8421609819356
47679,36.208616,115.630138,2.2166193831991574,,CN-37,25606.36748437565
47681,35.874226,115.609313,0.5684692073756662,,CN-41,6072.725571389968
47682,36.206986,115.627499,0.54891819282241,,CN-37,5862.170155682782
47683,34.739082,115.726493,0.5721058197639067,,CN-37,6106.147219237225
47684,34.882988,115.627886,0.19223661529689348,,CN-37,2051.590774117776
47685,34.936209,115.696508,0.22429074385160108,,CN-37,2394.708846214231
47688,34.822039,115.733001,0.5265409910590635,,CN-37,5620.56953980039
47689,34.831849,115.645216,0.5057057456179934,,CN-37,5397.7428035924095
47690,34.589792,115.64157,0.09197323470512457,,CN-37,855.3706793805899
47693,35.083321,115.69885,0.9743923285807118,,CN-37,11251.94251412374
47695,34.865106,115.700549,0.08175618123154772,,CN-37,760.2947678387103
47696,34.897274,115.701656,0.10727681386767983,,CN-37,997.6248775980179
47700,34.894506,115.621943,0.07236623324353963,,CN-37,672.8078531053131
47701,34.615105,115.672607,6.5006658491852205,,CN-37,75027.26448969376
47702,34.719255,115.652073,0.22169991584930487,,CN-37,2366.3677015809035
47704,35.803229,115.60109,0.33933493314804,,CN-41,3625.1673771152555
47705,34.769598,115.680243,0.1252251327370121,,CN-37,1336.6133664036051
47709,34.700784,115.739251,0.09556017295521381,,CN-37,1019.8441833590819
47713,34.822164,115.662481,0.4810878633815027,,CN-37,5135.532117175474
47715,34.930352,115.710379,0.12383967719463207,,CN-37,1321.8891584234561
47717,34.787983,115.722565,0.18976937517590117,,CN-37,2025.586957475096
47718,38.248497,115.641363,27.450232642734555,,CN-13,356366.62653014436
47719,35.827487,115.596305,0.520697255136331,,CN-41,5561.939178973651
47721,36.602922,115.579589,2.7460204721265518,,CN-37,31717.665080363215
47722,34.616478,115.726348,0.09928839187664516,,CN-37,923.403199707188
47724,34.737748,115.619608,0.09738661764596546,,CN-37,1039.3364983736553
47726,34.755345,115.718699,0.09385700687847813,,CN-37,872.4723233771532
47727,35.842652,115.670628,0.20277713239583697,,CN-41,2166.526605449515
47728,34.689207,115.697625,0.062432418517894474,,CN-37,580.2799553853429
47729,36.212556,115.637486,0.16734657520150673,,CN-37,1787.3631790782586
47731,36.203516,115.618228,1.239361835774231,,CN-37,14319.011897670829
47733,35.85376,115.659356,0.3845903083283041,,CN-41,4109.068539172266
47735,34.957912,115.739043,0.3882262174658493,,CN-37,4144.448247556191
47736,34.762795,115.707051,0.3969188573141364,,CN-37,4236.003970842965
47738,34.810466,115.663497,0.1361011042160201,,CN-37,1452.8564220505993
47739,34.596744,115.651704,0.16672063985301266,,CN-37,1780.1315418789984
47740,35.886713,115.609036,1.1130078896003772,,CN-41,12861.866543056198
47741,34.691652,115.747951,0.1435791739372219,,CN-37,1532.6554330029273
47742,36.213251,115.640188,3.2266545983848722,,CN-37,37276.227241899236
47743,34.905022,115.722273,0.5095906591409168,,CN-37,5439.632972873248
47744,34.857358,115.723858,0.38732595480874915,,CN-37,4134.294069445944
47745,34.778915,115.698554,0.11794954459083876,,CN-37,1259.1592291296035
47746,34.659404,115.638233,0.2725703885570533,,CN-37,2908.960476400292
47749,34.32234,116.87229,0.7284318616112245,,CN-34,7779.045493789497
47750,34.775723,115.66191,0.25153290263921885,,CN-37,2684.6378431021008
47751,34.776269,115.659373,0.1019513263523034,,CN-37,947.845302026017
47753,34.778271,115.733383,0.31056403852970066,,CN-37,3314.7636944994288
47756,35.805408,115.626141,0.3942294268469024,,CN-41,4211.9617767213185
47757,35.084065,115.696489,0.3827612411621942,,CN-37,4086.373964265134
47759,34.603604,115.708343,0.14988392370105796,,CN-37,1600.332535929862
47760,34.878351,115.736223,0.5657556241695528,,CN-37,6038.841685460517
47761,34.861077,115.737962,0.28116523203386856,,CN-37,3001.3023974484886
47762,34.268846,115.721165,0.33600704574308304,,CN-41,3585.037276516172
47763,34.86123,115.64343,0.15478543431564226,,CN-37,1652.2196021442967
47765,34.698638,115.647351,0.736485433654061,,CN-37,7860.2061573601
47766,34.584542,115.667134,0.3713489561700512,,CN-37,3964.5866252351575
47768,34.868007,115.656032,0.3915055719315809,,CN-37,4179.256206081817
47770,34.32368,116.872072,2.880207210759109,,CN-34,33269.37217197607
47771,34.818724,115.719253,0.18990374848446598,,CN-37,2027.1303513879216
47772,34.797954,115.67676,0.10617041733263075,,CN-37,986.987896756951
47773,34.775852,115.743995,0.5614852668051755,,CN-37,5992.93783727676
47774,34.938526,115.696229,0.049253064605955195,,CN-37,458.06625781372554
47775,36.211718,115.638772,0.15581772397074717,,CN-37,1664.2280377578093
47777,34.829089,115.648407,0.5218791121302624,,CN-37,5570.372190262277
47778,34.875847,115.688083,0.277236564709396,,CN-37,2959.771857581682
47780,35.433804,115.613418,0.22728591836738793,,CN-37,2428.003779634815
47781,35.90034,115.593167,0.5380572221175214,,CN-41,5746.598610759424
47783,36.206011,115.623484,1.6072757491578697,,CN-37,18569.718633180342
47784,34.704906,115.614795,0.3313683905603302,,CN-37,3536.1757832261833
47785,36.598434,115.57865,1.0661182494970687,,CN-37,12311.849459429497
47787,35.085592,115.69893,1.5182650600437908,,CN-37,17532.394986831314
47788,35.800189,115.615011,0.9960866258047935,,CN-41,11509.522702543072
47790,34.897203,115.712629,0.17067056250949633,,CN-37,1821.7273736804473
47791,35.837354,115.612303,0.4673510010269428,,CN-41,4992.520857643382
47793,34.697397,115.626281,0.05665361119589837,,CN-37,526.6566062202154
47794,34.70912,115.628819,0.40052090290962766,,CN-37,4274.825889186757
47795,34.711081,115.625182,0.17838551255820095,,CN-37,1903.9381011075725
47798,36.600616,115.578935,0.6469772514101336,,CN-37,6908.805311856752
47799,38.018324,115.596711,5.872675044029841,,CN-13,67877.87249592172
47800,34.916272,115.67001,0.33759053842149983,,CN-37,3603.8087562423
47801,34.849866,115.710186,0.20963697438690068,,CN-37,2237.6525228532846
47802,34.603649,115.626419,0.19545929860200378,,CN-37,2086.305289636194
47803,34.761884,115.622762,0.6708813431696298,,CN-37,7160.601191446637
47804,34.717695,115.615373,0.2738782355581866,,CN-37,2923.1477392157403
47805,35.884791,115.701077,0.1635543189284663,,CN-41,1747.4979503049442
47807,34.698083,115.638015,0.09638816258158675,,CN-37,1028.9642049880424
47809,36.600768,115.57712,0.11144165269883374,,CN-37,1190.0398050312945
47810,35.785376,115.53484,0.39730791769674456,,CN-41,4243.802637818598
47811,34.597654,115.583615,0.3318142124462436,,CN-37,3541.143055634156
47813,34.692579,115.55416,0.21850381435305097,,CN-37,2331.8179983704313
47816,34.69302,115.609903,0.18703559146181722,,CN-37,1995.9378986338431
47821,34.928863,115.550261,0.2634988487630256,,CN-37,2812.8734379585353
47824,34.782069,115.607755,0.09221117973472762,,CN-37,857.0132133278302
47825,34.675446,115.553194,0.12262883507471445,,CN-37,1308.986611566904
47828,34.912142,115.577581,0.09890893605868285,,CN-37,1056.006492483965
47829,35.777642,115.585846,0.7418109772279238,,CN-41,7925.7123295417305
47830,34.599922,115.580841,0.1508061009403499,,CN-37,1609.809573176266
47832,34.914929,115.603473,0.07668844132902845,,CN-37,713.0309012550446
47834,34.584529,115.561194,0.12204123430018443,,CN-37,1302.6511119977724
47836,35.792254,115.534449,0.4678930895880418,,CN-41,4997.750710134149
47839,34.623706,115.54439,0.7142067642772941,,CN-37,7623.300220284415
47841,34.696852,115.573499,0.20426157775416048,,CN-37,2179.946470633015
47843,35.206001,115.557107,3.3269978209182756,,CN-37,38434.73094884445
47844,34.596146,115.59471,0.2315856738509295,,CN-37,2471.4975127065554
47845,34.585962,115.567484,0.11608236314419774,,CN-37,1239.0469524519544
47846,34.684688,115.590405,0.36942022177949974,,CN-37,3943.5446298913434
47847,34.708578,115.54654,0.4277163514213468,,CN-37,4565.606263956362
47848,35.705563,115.543585,1.9658984368860477,,CN-37,22716.128975273277
47849,35.808566,115.529466,0.5080348470483159,,CN-41,5424.9373144588535
47850,34.765643,115.599715,0.17592037172253824,,CN-37,1877.728659027933
47853,35.790279,115.581812,0.5495850696868753,,CN-41,5871.126008813974
47856,34.69226,115.581952,0.9714893085453409,,CN-37,11217.281408639361
47857,34.876447,115.597281,0.3989409632278427,,CN-37,4258.3986177874995
47858,34.707943,115.556795,0.5207933566372525,,CN-37,5556.709094236873
47862,34.625856,115.556962,0.11322071136178018,,CN-37,1208.8585374152826
47864,34.62896,115.562941,0.04408986355940999,,CN-37,409.9539102481479
47866,34.605342,115.593281,0.3745144448694904,,CN-37,3998.261284114283
47869,35.819803,115.566697,0.839939687662739,,CN-41,8970.786087116476
47872,35.877163,115.555129,0.3667709392507101,,CN-41,3917.4198269746157
47874,34.78108,115.552589,0.6457055402592313,,CN-37,6892.094339990174
47875,34.687593,115.584288,0.14393555476081105,,CN-37,1536.5057204860532
47876,34.766917,115.552219,0.16838323968715896,,CN-37,1797.7210333727776
47879,34.607911,115.595275,0.10253604454357268,,CN-37,953.5266488518458
47881,34.602319,115.598309,0.09858014685416368,,CN-37,916.7390598262128
47882,34.75561,115.592304,0.29649534617104223,,CN-37,3164.714827068813
47883,35.779296,115.577036,0.3141684114442707,,CN-41,3356.0330840678735
47884,34.599643,115.601454,0.2821199947594267,,CN-37,3010.803102533585
47885,34.936303,115.581868,0.5300784119112757,,CN-37,5658.936947876926
47886,34.959741,115.57632,0.12616278262401656,,CN-37,1346.758716014671
47888,35.846131,115.563694,0.8981281271242131,,CN-41,9592.254569698296
47889,34.801311,115.607998,0.2556337343155198,,CN-37,2728.6346253414376
47890,34.616367,115.555035,0.24781776051701704,,CN-37,2645.0139878645646
47891,35.845636,115.566612,0.5007190892123583,,CN-41,5347.817117154092
47893,34.78121,115.594201,0.082995145599716,,CN-37,771.6548112256302
47894,34.732798,115.565817,0.07571571106828105,,CN-37,703.9564790416109
47896,35.811639,115.550913,0.5066414908777516,,CN-41,5411.354088159645
47900,35.897237,115.580319,0.5439263200733269,,CN-41,5810.674526657809
47903,34.584664,115.549443,0.48910100131584455,,CN-37,5221.319116229132
47905,34.893149,115.593901,0.09197168754036628,,CN-37,855.2482934023536
47906,34.805961,115.600807,0.627528656305204,,CN-37,6698.241233979467
47907,34.807076,115.599881,0.37071179961376116,,CN-37,3957.522412813653
47909,34.714048,115.54982,0.0960676930273591,,CN-37,1025.462925586102
47910,34.639359,115.602265,0.09385089964629718,,CN-37,872.8542266880542
47911,34.73187,115.58656,0.31083158872710726,,CN-37,3318.6513401416287
47912,34.724666,115.59669,0.2722738185139312,,CN-37,2906.266877375193
47913,34.652242,115.587101,0.2256973272370323,,CN-37,2409.772360734331
47914,35.837739,115.555276,0.3467143626604832,,CN-41,3703.697855748598
47915,34.647418,115.605072,0.3285098263222309,,CN-37,3506.258324506139
47917,34.693807,115.559609,0.18059326364713243,,CN-37,1927.3504691199578
47918,35.809501,115.437727,0.3471011805872918,,CN-41,3706.8565106773735
47919,34.720166,115.543542,0.7018163558908488,,CN-37,7490.014053930991
47920,34.590385,115.563625,0.05616247735913041,,CN-37,522.181469546174
47922,35.644196,115.482047,1.0174240673349053,,CN-37,11751.824024457312
47923,34.706726,115.450325,0.21383850705552362,,CN-37,2282.457052416864
47924,35.014998,115.403391,0.5048528220492623,,CN-37,5387.582154737412
47925,34.950322,115.443186,0.060291922679268084,,CN-37,560.4593158288626
47926,34.720031,115.430604,0.4229102455675624,,CN-37,4513.4132838706555
47927,35.645945,115.482168,0.22511796766083866,,CN-37,2403.9749502663994
47929,35.554333,115.399244,1.9711455607685116,,CN-37,22767.999593225995
47930,34.61723,115.400849,0.3759106818436488,,CN-41,4010.9905251333394
47931,34.950922,115.424552,0.14318761244024483,,CN-37,1528.2568562089257
47933,34.774646,115.499238,0.6126564847779533,,CN-37,6539.372838469949
47935,34.582419,115.537632,0.06324243309424801,,CN-37,588.2535834506498
47936,34.721383,115.453614,0.27304645743915706,,CN-37,2914.11255122899
47937,34.673733,115.510881,0.10427376078031922,,CN-37,969.5758561015116
47938,35.802554,115.504955,0.5474220377095003,,CN-41,5846.004518159479
47939,34.801336,115.496956,0.30120441747110555,,CN-37,3216.1360116003093
47940,34.811478,115.468543,0.21536201064631447,,CN-37,2299.0490721173264
47941,35.789233,115.435719,0.41985879700364864,,CN-41,4482.322389673429
47942,34.662184,115.494897,0.5052707700439678,,CN-37,5393.581601075786
47943,34.786702,115.473901,0.16810558587442104,,CN-37,1794.1310299097909
47944,34.572559,115.417336,0.49487237168640347,,CN-41,5280.737348033714
47945,34.973063,115.450046,0.8631770651722239,,CN-37,9213.500353172487
47948,36.487325,115.494158,0.30316046998412194,,CN-37,3238.0604771690714
47950,34.972777,115.419145,0.9040692433945595,,CN-37,9649.462054607
47951,34.698153,115.529167,0.5717764567526209,,CN-37,6102.697090342203
47953,35.751442,115.486558,0.7581506870721425,,CN-41,8097.073215737777
47954,34.72944,115.534185,0.33589309749026525,,CN-37,3584.9552073218533
47957,34.747824,115.402926,0.385577370478508,,CN-41,4115.553370714984
47959,35.739579,115.416859,1.0298575009055126,,CN-41,11894.379891753326
47961,34.854051,115.418066,0.09975543774269548,,CN-37,1064.4759119961786
47962,34.932822,115.486834,0.28576200490297504,,CN-37,3050.387839679658
47965,34.719793,115.52796,0.2593602788765283,,CN-37,2768.3597663670625
47966,35.708973,115.37651,0.3332322659432027,,CN-41,3556.8690904270193
47967,34.580873,115.535066,0.09848112924341615,,CN-37,1051.6115681755457
47969,34.491372,115.4091,0.6337533193107984,,CN-41,6759.583287442408
47970,35.794857,115.421902,0.5055004758121426,,CN-41,5396.8981214102405
47972,34.68938,115.528216,0.7313317692941669,,CN-37,7806.934492044068
47975,34.674491,115.45604,0.26870366184956185,,CN-37,2868.158813524882
47976,34.943082,115.408123,0.1763851274730752,,CN-37,1882.3744163030244
47978,34.786432,115.483371,0.35459779751211895,,CN-37,3785.634078063298
47979,34.965238,115.413677,0.14846728070662774,,CN-37,1584.3897952696718
47982,34.722282,115.517182,0.06609105016512727,,CN-37,614.4242415313976
47986,34.888622,115.390166,0.39690248109002957,,CN-37,4235.040299270594
47987,34.645897,115.542292,0.8974759557814541,,CN-37,10365.308467607809
47989,34.732171,115.53337,0.9287855868339978,,CN-37,10722.143514493506
47992,34.708315,115.531105,0.10299863637834451,,CN-37,957.6442730064205
47993,38.071988,115.44057,0.1852889315212077,,CN-13,1979.5181208444958
47994,34.954105,115.434451,0.18178221967066088,,CN-37,1939.8103726333836
47996,34.673922,115.49642,0.9167055587451651,,CN-37,10585.548530372294
47997,34.748699,115.528453,0.7242032795343447,,CN-37,7730.188731640619
47999,34.988468,115.499072,0.8525316413464067,,CN-37,9100.850422003812
48001,34.842619,115.480552,0.2868817675703301,,CN-37,3062.027429569003
48002,34.822166,115.473043,0.4101276190372941,,CN-37,4378.462308214082
48004,34.459041,115.410612,0.06082376691858128,,CN-41,565.1490206140041
48005,34.641233,115.522389,0.6646237566966113,,CN-37,7095.21299183659
48006,35.736618,115.492877,0.45729641230743445,,CN-41,4884.488704446683
48007,34.770414,115.506492,0.4078558644305751,,CN-37,4353.843425780057
48010,34.960421,115.499748,0.9106660294413557,,CN-37,9722.77407780532
48013,34.93119,115.475858,0.666984015612248,,CN-37,7119.770632821197
48014,34.963396,115.455595,0.6694530182366845,,CN-37,7146.68250145039
48017,35.01108,115.384151,0.20577097383548898,,CN-37,2195.9033963582438
48020,34.723717,115.453473,0.11938720200433138,,CN-37,1274.1705095897728
48022,34.829164,115.43935,0.13518596348960157,,CN-37,1442.9479484032436
48023,35.751158,115.409472,0.5111731542459351,,CN-41,5457.174865998181
48024,35.757667,115.423152,0.2991212113170643,,CN-41,3194.1203145145782
48025,34.650974,115.458709,0.15182278053702133,,CN-37,1620.6623207598802
48026,35.505791,115.412373,3.7659923362332814,,CN-37,43504.541292215916
48027,34.882302,115.500976,0.0809358918033995,,CN-37,752.7116452793299
48028,36.468313,115.499355,2.6834976503145707,,CN-37,30989.48814484026
48029,35.641457,115.48685,2.519794983682328,,CN-37,29109.00189051444
48030,34.559634,115.401332,0.10088600169081281,,CN-41,937.5162692128467
48032,36.510285,115.495564,1.4537479624648542,,CN-37,16790.249626868746
48033,35.691164,115.396025,0.09803293565416554,,CN-41,911.7941927530088
48034,34.997167,115.434271,0.5977568204355654,,CN-37,6379.545565100254
48037,35.476939,115.385529,2.4417794518980434,,CN-37,28198.98009486669
48041,35.820627,115.45637,0.9245406517302636,,CN-41,9873.603796027268
48042,34.932819,115.430098,0.8753522888982858,,CN-37,10104.397303364094
48043,34.851875,115.487302,0.7180446222089771,,CN-37,7664.865044064878
48044,34.899965,115.414622,0.492961974973667,,CN-37,5260.017080991602
48049,35.010204,115.455158,0.7623278115372497,,CN-37,8138.352594944705
48052,35.88389,115.514426,0.572857416669565,,CN-41,6117.632859875135
48053,34.780365,115.539336,0.2791438037608868,,CN-37,2980.0805336123435
48054,34.882805,115.418323,0.6068532324660482,,CN-37,6477.743736996325
48058,34.965174,115.484054,0.5436566965592088,,CN-37,5804.067700624032
48060,35.744155,115.481188,0.6144650315809213,,CN-41,6560.932261412832
48061,34.959068,115.484309,0.7043216586918127,,CN-37,7519.323528865767
48062,34.297035,115.434505,0.15198790678337468,,CN-41,1621.018818620133
48063,35.060848,115.400535,5.047869601229108,,CN-37,58271.28882267486
48066,35.860588,115.473766,0.45949395510332663,,CN-41,4907.925219608302
48067,34.954631,115.49087,0.573439276095472,,CN-37,6121.696860685417
48068,35.775141,115.4378,0.40126120241543095,,CN-41,4283.778462020263
48069,34.692935,115.450599,0.21203111060057364,,CN-37,2262.7313615158278
48071,34.988658,115.391283,0.23410487033581592,,CN-37,2498.821380394395
48072,35.716853,115.431098,0.23787010926613766,,CN-41,2540.0597466069053
48073,34.850307,115.402587,1.4881983656679265,,CN-37,17172.62689093767
48074,34.835872,115.486196,0.29510585507530457,,CN-37,3149.6368331714293
48075,35.801746,115.469609,0.5148565115377088,,CN-41,5498.39446996128
48076,34.767692,115.438909,0.42823594997205594,,CN-37,4571.152655601145
48077,35.745616,115.451762,0.5629986022095825,,CN-41,6011.084370252924
48081,34.783897,115.501808,0.22292417761980332,,CN-37,2379.8344631916775
48083,35.756122,115.515795,0.48933261852935767,,CN-41,5225.263867170188
48088,34.747893,115.474023,0.2846781253235235,,CN-37,3038.1036398302645
48091,34.972651,115.509045,0.4867434064778106,,CN-37,5196.028770562916
48094,34.937789,115.469304,0.3455521241581411,,CN-37,3688.820620707282
48095,35.696853,115.386782,0.7189439866134123,,CN-41,7674.301578438295
48096,34.846566,115.437179,0.142037871494965,,CN-37,1515.6656741619092
48097,34.875166,115.423766,0.18959576331490458,,CN-37,2023.8052673516459
48099,35.010975,115.44578,0.7986786466519655,,CN-37,8526.42175470381
48101,34.698339,115.495281,0.24941574047595982,,CN-37,2661.911627097471
48102,34.972952,115.4007,0.2477156814310396,,CN-37,2643.8179018531478
48104,35.310349,115.38823,0.31890082389908886,,CN-37,3404.254495882698
48105,35.749546,115.39523,0.1675895859479675,,CN-41,1788.9617611302851
48107,34.945695,115.500232,0.5742893037526969,,CN-37,6129.27019126497
48110,34.813278,115.488516,0.10542240091394284,,CN-37,1125.474090056732
48113,34.974326,115.390514,0.1964374577366381,,CN-37,2096.310392197767
48114,35.751612,115.419363,0.25636773021224407,,CN-41,2737.58377565853
48116,35.780466,115.422451,0.10062118508365638,,CN-41,1074.4680055656859
48117,34.956515,115.393559,0.38872338771224724,,CN-37,4147.645809418343
48118,34.664407,115.453802,0.10062332700927915,,CN-37,935.5595008784838
48119,34.831603,115.504578,0.09351600034595955,,CN-37,869.4264426827008
48120,34.837978,115.415252,0.33233101186634756,,CN-37,3546.658372968412
48121,35.647006,115.483137,0.15709226940250687,,CN-37,1677.5465967829196
48122,35.056734,115.399441,8.701608364553536,,CN-37,112796.42956814518
48123,35.754548,115.472214,0.6641301719979261,,CN-41,7091.603142048357
48124,34.402231,115.398419,0.6099295966551719,,CN-41,6506.404916507569
48126,34.756855,115.493647,0.4497498969961554,,CN-37,4799.618293556985
48129,34.714989,115.443194,0.21837465237502782,,CN-37,2330.4277051112867
48130,34.847008,115.478475,0.4423155403370503,,CN-37,4721.047031002591
48132,34.989765,115.387599,0.41817204002162345,,CN-37,4463.543337608673
48135,35.772309,115.396266,0.6712926719496132,,CN-41,7166.95301689032
48136,34.898675,115.432517,0.20463953424590048,,CN-37,2184.2045656168643
48138,34.979668,115.412971,0.40628275068857694,,CN-37,4335.5767705022545
48141,35.846564,115.461048,0.4786635854321223,,CN-41,5110.916323334449
48142,34.486309,115.398776,0.39983501728288456,,CN-41,4263.568952672709
48143,34.912298,115.48062,0.08943537277912848,,CN-37,831.4637857199502
48144,34.991893,115.390851,0.32877284647534283,,CN-37,3508.820448303441
48145,35.685591,115.436449,0.3976003245699904,,CN-41,4246.286956520011
48146,35.722174,115.400332,0.8291632526700364,,CN-41,8852.227814939652
48149,34.891626,115.446733,0.5331468819276742,,CN-37,5688.799233991187
48150,34.743577,115.538145,0.33412741509806354,,CN-37,3565.8114316780657
48153,34.856344,115.452364,0.2538412553501073,,CN-37,2708.477411183866
48155,34.929511,115.459499,0.30875231491210753,,CN-37,3295.799618989278
48156,34.456963,115.398667,0.3746444354581802,,CN-41,3995.8380949670664
48157,38.019511,115.392775,1.0962757227325841,,CN-13,12666.532568816721
48160,34.985775,115.45333,0.47050158148895344,,CN-37,5021.417029375513
48162,35.741595,115.444352,0.5624234532568476,,CN-41,6004.943557705997
48164,34.853827,115.485951,0.2181622313743755,,CN-37,2328.802430206041
48165,34.776156,115.505145,0.23949531403411045,,CN-37,2555.9724462236545
48167,34.986674,115.456886,0.38435421848898793,,CN-37,4102.011329962414
48168,34.602884,115.542288,0.060639717256899074,,CN-37,563.931752005113
48169,34.803963,115.476134,0.634481610660523,,CN-37,6772.899534413466
48170,35.791328,115.507256,0.5736109204084264,,CN-41,6126.001175009667
48171,34.887086,115.532503,3.2018095214679527,,CN-37,36980.2457764243
48172,35.062941,115.400931,1.5714922058900778,,CN-37,18139.9214384997
48175,35.63511,115.485954,3.972830015016737,,CN-37,45894.65300419621
48178,34.816007,115.473358,1.6220406017656928,,CN-37,18729.421317339566
48180,34.803462,115.494149,0.46879970598930687,,CN-37,5005.649084826197
48181,35.7964,115.453466,0.46678745503734637,,CN-41,4984.780954563075
48182,34.29265,115.528314,0.21448653318652086,,CN-41,2287.586601639084
48183,34.705981,115.340444,0.42706118671572185,,CN-41,4557.983586447317
48186,34.954105,115.368667,0.9121063881224482,,CN-37,10529.226286905594
48187,35.774422,115.495421,2.1652728245473467,,CN-41,25008.482064174485
48188,34.499154,115.326679,0.09902022660269887,,CN-41,1056.2867885798835
48189,35.761489,115.436953,0.5842898327199783,,CN-41,6238.40888303537
48190,35.03006,115.34176,0.22989811760839104,,CN-37,2453.3063555230374
48191,35.01542,115.324836,0.6368449603341231,,CN-37,6795.583680891834
48194,34.897289,115.341645,0.5686780820706544,,CN-37,6068.25302740344
48196,36.278874,115.261929,0.3637973230058874,,CN-13,3880.9661944965474
48197,34.923318,115.353458,0.31564720736667906,,CN-37,3367.747306125732
48198,34.922192,115.339658,0.41416934414970835,,CN-37,4420.474153045132
48200,35.781164,115.320047,0.24313186447530016,,CN-41,2595.4257866080065
48204,34.530701,115.360043,0.2660109543894277,,CN-41,2837.1783755031765
48206,34.630479,115.308742,0.19586581013092602,,CN-41,2089.8387641774784
48207,35.643587,115.34782,0.7908768601422567,,CN-41,8442.635659249721
48208,34.959546,115.335419,1.420743104431486,,CN-37,16399.489665998444
48209,34.632991,115.345872,0.3868616845760831,,CN-41,4127.921468782209
48210,34.766985,115.306848,0.0406786724467827,,CN-41,378.2043993735982
48211,34.984988,115.291125,0.577525601027168,,CN-37,6162.965510940513
48212,34.964122,115.319086,0.3220352732570665,,CN-37,3436.645422728479
48214,35.748533,115.513802,0.4399886789347144,,CN-41,4697.857174534129
48215,35.620007,115.317976,1.6013341432196215,,CN-41,18488.38517777221
48216,34.929482,115.292513,0.5244932663565192,,CN-37,5597.3693488609315
48217,34.940269,115.343479,0.27620610138484875,,CN-37,2947.2550676096316
48221,34.745658,115.372131,0.14770677318685937,,CN-41,1576.3668986655896
48222,34.974378,115.339829,0.7361010605570194,,CN-37,7855.829870520488
48223,36.412848,115.277884,0.3959766476735989,,CN-13,4224.7962105182705
48225,34.985397,115.33026,0.2812394815408586,,CN-37,3001.1989459313436
48226,34.970043,115.31774,1.9907280328442012,,CN-37,22975.615013767445
48227,35.019411,115.38377,0.4501595887805673,,CN-37,4804.176507515024
48229,34.591191,115.34557,0.6601853479232163,,CN-41,7043.421924116076
48232,34.962184,115.374098,0.47789897842446494,,CN-37,5099.692352190454
48234,36.320851,115.260274,0.11676147650285343,,CN-13,1245.6388611905497
48235,36.429153,115.273042,0.5647735270467051,,CN-13,6026.6844837174085
48237,34.993544,115.290268,0.4456111384773039,,CN-37,4755.51915240361
48240,34.277098,115.397645,0.33673691658199484,,CN-41,3591.4494136795392
48241,35.586618,115.292897,0.529417356911416,,CN-41,5650.94935186143
48248,34.704503,115.297368,0.17752607975779433,,CN-41,1894.308380729948
48250,34.815913,115.310429,0.15311349429795315,,CN-41,1634.470261823102
48254,34.953344,115.313152,0.378414326518744,,CN-37,4038.3025436080384
48255,34.917629,115.353528,0.43956257626158735,,CN-37,4689.842480877648
48256,34.946249,115.366195,0.1817525459506218,,CN-37,1939.7598719036523
48258,34.629789,115.308725,0.11663801073412125,,CN-41,1244.4981390359972
48260,34.883497,115.310097,0.463275372912986,,CN-37,4943.933521542936
48261,34.976457,115.328529,0.05340150067492901,,CN-37,496.3395208985096
48262,35.614823,115.343467,0.6622291281382524,,CN-41,7069.31702466071
48264,34.953549,115.362201,0.20481407555420017,,CN-37,2185.3489371499054
48266,34.940395,116.835169,35.65619597797858,,CN-32,463179.0635195292
48267,34.971532,115.383021,0.816670411358733,,CN-37,8717.350363772477
48268,34.979519,115.317725,0.36123530366716566,,CN-37,3854.653117176541
48269,34.947002,115.299138,0.08570797263827865,,CN-37,796.787232399426
48271,35.742534,115.356043,0.7282372833145879,,CN-41,7775.961184883166
48273,35.642896,115.356973,0.6492396222658768,,CN-41,6930.287581076091
48274,37.949237,115.231003,1.6880361959611891,,CN-13,19490.85110458283
48275,34.552186,115.362459,0.30052839260292263,,CN-41,3205.9454207538456
48276,34.883981,115.345123,0.1694941047923563,,CN-37,1808.4431489676153
48277,34.879671,115.303696,0.14750075069303759,,CN-37,1573.997973457647
48279,37.56292,115.245502,0.19814834868324233,,CN-13,2115.3161371067013
48280,37.949569,115.228379,0.9286253733223889,,CN-13,9913.02270077759
48282,34.575986,115.329784,0.14158091032112988,,CN-41,1510.5504623545605
48283,34.977568,115.293035,0.5953263822545906,,CN-37,6353.794550904589
48284,34.786601,115.305077,0.2746696665655486,,CN-41,2931.1191138464014
48285,34.99713,115.356943,0.10299180061740411,,CN-37,957.6962731053558
48286,34.998743,115.324168,0.2674920719738928,,CN-37,2854.9562844138454
48289,35.010984,115.359008,0.2578978769612182,,CN-37,2752.476167208993
48291,34.87922,115.359112,0.2991658953614768,,CN-37,3192.6072160494773
48293,35.785887,115.556057,0.4104934227547059,,CN-41,4383.59283650542
48294,34.994401,115.305416,0.3810860853743458,,CN-37,4066.91400018611
48296,35.60713,115.274307,0.6726085525164123,,CN-41,7178.387686915944
48297,34.889256,115.256828,0.23079645336380555,,CN-37,2463.0622768678672
48299,34.758283,115.229635,0.5141918863387561,,CN-41,5487.164582378769
48300,35.002043,115.221524,0.16495415851256034,,CN-37,1760.8154709096054
48301,34.901035,115.262237,0.32576194160852695,,CN-37,3476.7232347838376
48302,36.623078,115.17268,0.14510028946376757,,CN-13,1547.2078934268136
48303,35.630064,115.216694,0.5654732223490531,,CN-41,6034.3511440713155
48305,35.625651,115.260073,0.4983109113464231,,CN-41,5318.766718075203
48306,37.331614,115.043685,0.6637773560294238,,CN-13,7077.245221270176
48308,34.504691,115.255905,0.3176540421989094,,CN-41,3387.3340278420924
48311,37.295766,115.134009,0.3360472727327719,,CN-13,3585.3414811918624
48313,38.094757,116.799019,17.44163815107361,,CN-13,226905.2338399928
48316,34.86974,115.184357,0.18790529881648121,,CN-41,2005.6038555896412
48318,35.455084,115.150087,0.9276524774296483,,CN-41,10711.321136578415
48319,38.086437,116.800066,0.09735776365410956,,CN-13,1042.705721094138
48320,34.878743,115.289078,0.8500825397666542,,CN-37,9072.581354645945
48321,36.555126,115.24039,1.267131235896159,,CN-13,14621.869820831791
48322,34.786304,115.265308,0.19594104640695342,,CN-41,2091.260225033527
48324,37.323288,115.086994,0.12371349138441431,,CN-13,1319.8205466943248
48326,35.719983,115.179992,0.4891128629528469,,CN-41,5218.653185782611
48327,35.472302,115.068769,0.584566918629519,,CN-41,6236.3475540949685
48328,36.553951,115.240208,0.9133100244950668,,CN-13,10539.003305985854
48330,34.633564,115.257433,0.14623096193052423,,CN-41,1559.9473936993832
48333,34.590826,115.213319,0.1975363118950883,,CN-41,2106.7911409362628
48336,34.885686,115.240645,0.9315022070246457,,CN-37,10752.603820396735
48337,34.816504,116.824854,0.29892631011523335,,CN-32,3196.005321214656
48341,37.210843,115.108422,0.2872270651324802,,CN-13,3063.7846133397024
48342,36.804161,116.822492,0.48311808660217537,,CN-37,5162.62220038861
48343,34.891029,115.270167,0.548970046795135,,CN-37,5858.931548199791
48348,36.211015,115.160095,0.45930661171152876,,CN-13,4900.1693613056095
48349,36.470386,115.095146,4.247090849227172,,CN-13,48993.709852048116
48350,35.426387,115.049927,0.702456655998993,,CN-41,7495.269866448888
48352,35.510454,115.258026,0.7105711401584401,,CN-41,7583.762692697493
48353,34.515196,115.135324,0.36839270950218717,,CN-41,3927.963139006515
48359,36.341641,115.208382,1.2662717996608515,,CN-13,14607.18040681724
48360,37.223987,115.112608,0.26803518644444846,,CN-13,2859.7336822825114
48361,34.890857,115.252339,0.0457023346086266,,CN-37,424.85264281021813
48362,35.594124,115.123267,20.289276407720294,,CN-41,263042.2104146559
48363,37.317305,115.131247,0.4156993263527001,,CN-13,4434.814742613216
48366,34.494792,115.274248,0.12703146198926057,,CN-41,1354.759570047999
48368,37.318023,115.039441,0.3718638601252343,,CN-13,3965.7602869825428
48373,34.614046,115.292795,0.22455353672160064,,CN-41,2396.3912611009173
48374,34.832162,115.175317,0.12514520118629288,,CN-41,1335.5182535366653
48375,34.986554,115.05995,0.046339606187283444,,CN-37,430.7873196332955
48378,34.996468,115.152432,0.2665189623488807,,CN-37,2845.300382217365
48380,34.840654,115.210903,0.18343344032847483,,CN-41,1958.355746126161
48382,35.583205,115.039175,0.07896811946904427,,CN-41,733.5624641104174
48383,36.556573,115.240563,1.2421207550107665,,CN-13,14333.265148085346
48385,35.731301,115.120953,0.23314538156248252,,CN-41,2487.7789055961503
48386,36.342004,116.819483,0.35441166655224937,,CN-37,3816.8280333930097
48387,37.210107,115.10563,0.8491674393296228,,CN-13,9059.97738715476
48389,34.916813,115.106199,0.08147431701131215,,CN-41,757.4963310306981
48392,37.358634,114.996354,0.8996944118754996,,CN-13,9591.627951546669
48397,35.653417,115.09721,0.1131052292303315,,CN-41,1206.8256459260797
48402,36.809271,116.822149,1.85292505961821,,CN-37,21414.206765912753
48404,34.86999,115.057172,0.07310202560726885,,CN-41,679.7499479820167
48405,34.906247,115.094902,0.25966032753547447,,CN-41,2771.7795054773865
48407,34.551843,115.294089,0.23082879384425514,,CN-41,2462.143197849897
48408,37.394219,115.172601,0.5568377910585172,,CN-13,5940.038717879236
48410,34.860458,115.44573,0.15540770330371212,,CN-37,1658.2845280483689
48414,37.277078,115.020108,0.54475658353784,,CN-13,5807.188410354707
48416,34.810628,116.825999,66.92992544678046,,CN-32,869155.4889068679
48417,34.992629,115.085057,0.26560031074139223,,CN-37,2834.2523606993814
48423,35.683569,115.261496,0.4674098106106356,,CN-41,4989.468795441531
48424,37.313381,115.008434,1.1132052479824281,,CN-13,12833.143117968168
48427,34.831835,115.06505,0.06202766894077282,,CN-41,576.568883071856
48428,34.857909,115.083015,0.30251760743524675,,CN-41,3228.392162993008
48430,37.280512,115.058435,0.473020170992883,,CN-13,5044.804845410585
48431,34.972327,115.171627,0.11275043321284259,,CN-37,1203.5048071998965
48435,35.589842,115.048865,0.5211451613840141,,CN-41,5558.234581946687
48436,34.513333,115.234477,0.2586686174348444,,CN-41,2758.187147718239
48437,37.306109,115.193778,0.7815404571787959,,CN-13,8340.499369704714
48438,34.838625,115.133822,0.15539493841223095,,CN-41,1657.9687493439164
48441,34.916579,115.271009,0.5076342507132338,,CN-37,5417.317939876484
48446,35.64725,115.049521,0.6690332639127191,,CN-41,7136.846207200884
48447,38.084833,115.028735,0.4341434383873666,,CN-13,4635.051038006737
48448,35.724542,115.206075,0.5225137294639994,,CN-41,5576.964782980693
48449,35.522768,115.117263,0.21943907204204144,,CN-41,2341.978927311569
48450,36.767947,116.824518,0.15435495910350044,,CN-37,1649.265189155109
48451,34.81675,116.826666,0.6134185945570358,,CN-32,6557.746455118057
48452,34.834563,115.223846,0.4023806522102541,,CN-37,4295.86045475057
48456,36.369078,115.046573,0.4825998090542883,,CN-13,5146.59822977036
48458,34.844115,115.453695,0.08765658550451906,,CN-37,814.8627926829209
48461,36.370359,115.019106,1.4593533548215722,,CN-13,16833.186311923393
48462,34.544892,115.065824,0.4836305015548988,,CN-41,5155.69910942199
48465,36.438865,115.043312,0.09453313383035049,,CN-13,1008.1812213129724
48468,34.593015,115.288971,0.12264908430292926,,CN-41,1308.2406384825963
48471,34.876763,115.210152,0.10670581095033252,,CN-41,1138.5805972187627
48472,34.918396,115.265713,0.0543437205370358,,CN-37,505.168721711729
48477,36.807618,116.817384,9.109217152409704,,CN-37,118292.19262113096
48478,37.365744,115.175717,0.3426446981362294,,CN-13,3656.086442066182
48479,35.615521,115.209921,0.524422926539797,,CN-41,5597.045532416296
48481,36.804016,116.817618,7.751482319423382,,CN-37,100660.66318179268
48483,35.491869,115.105363,0.9654886531505584,,CN-41,11140.424988180683
48487,35.013362,115.277374,0.6024579668425769,,CN-37,6428.838625365997
48488,34.973814,115.295727,0.30305996254987677,,CN-37,3234.1476838094904
48489,34.993257,115.248057,0.09530333016305582,,CN-37,1017.2375319117245
48491,37.369242,114.997924,0.6092681570290416,,CN-13,6493.891610314665
48493,34.490761,115.097657,0.8835232061663507,,CN-41,9421.291152474432
48494,37.274286,115.160641,0.4960426016774237,,CN-13,5293.5802353969675
48497,36.444768,115.077699,0.7342737037825546,,CN-13,7831.3258712300485
48498,38.094529,116.795877,0.1658267642081368,,CN-13,1775.9568779614094
48500,35.318913,115.164958,0.825388505114062,,CN-37,8813.193503390368
48505,35.467647,115.153981,0.41680025385769215,,CN-41,4447.489292691167
48509,35.61931,115.203347,0.4405850507076125,,CN-41,4702.263125647909
48518,34.775529,115.251258,0.41226142058233434,,CN-41,4399.788930732017
48523,36.233847,115.171064,0.2230263864003781,,CN-13,2379.0665577174277
48525,35.858898,115.023449,1.3870977088570722,,CN-41,16001.635336735248
48528,36.711364,114.970269,0.25864926008325984,,CN-13,2757.2737416346167
48529,36.768355,116.823333,0.5361151384845867,,CN-37,5728.329302907687
48532,35.387135,114.972826,0.37429297961343383,,CN-41,3991.578415540983
48533,34.815869,116.825871,0.21046815380568054,,CN-32,2250.0080724339905
48536,37.262247,115.058895,0.4305492473414495,,CN-13,4592.6787394354105
48545,35.554153,115.254385,1.0720530315553256,,CN-41,12378.234378121639
48546,34.665329,115.066717,0.1401046200206472,,CN-41,1494.4742837014007
48547,36.382202,114.971358,0.6597843550258236,,CN-13,7035.05951853714
48550,35.480032,115.022009,0.6421041411194622,,CN-41,6849.438721000724
48551,34.595909,115.053839,0.2520153835575344,,CN-41,2687.3980093390574
48555,34.928327,115.26211,0.430562231894373,,CN-37,4595.077365309672
48556,34.508174,114.976131,0.6264983205340853,,CN-41,6679.284404535283
48558,34.600668,115.017991,0.19066647432043948,,CN-41,2032.7469425418224
48561,36.191612,114.935245,0.4491202025204937,,CN-13,4789.231340561304
48572,37.356033,114.97926,0.48170300321024184,,CN-13,5133.181733813086
48574,34.891181,115.288678,0.07668606372463514,,CN-37,713.1323386638674
48575,37.318264,115.191262,0.5246560261851159,,CN-13,5600.069957102162
48579,37.639986,114.89858,1.4256410834043993,,CN-13,16433.6573206677
48580,38.148603,114.914615,0.2442018300204132,,CN-13,2606.3159252400264
48582,34.516522,115.055774,0.2556679927907373,,CN-41,2725.6744486474927
48587,35.742305,115.125045,0.40877081568202034,,CN-41,4361.539169718231
48588,37.188004,114.976249,0.24023802983560846,,CN-13,2560.9159408416162
48591,34.819514,115.27875,0.4298045295659944,,CN-41,4587.869769128302
48592,35.508589,114.95473,0.40811510075122176,,CN-41,4350.85268572929
48594,35.649751,115.168274,1.3262294290437455,,CN-41,15310.957486677087
48601,35.565653,114.953576,0.5176551730267352,,CN-41,5518.488023883919
48603,35.431478,115.00797,1.0365727064819183,,CN-41,11959.402781504665
48604,35.375973,114.999155,0.6456892949773229,,CN-41,6886.573835055335
48606,37.228996,114.955011,0.9842654949247591,,CN-13,11340.867285897437
48607,36.818363,116.801173,2.6854584931097687,,CN-37,31041.36755960576
48608,37.242248,115.088493,0.2623017570150605,,CN-13,2797.9121216311696
48609,34.534694,114.979535,0.17675426440312844,,CN-41,1884.1697520413145
48614,34.495793,114.990652,0.7062080711243841,,CN-41,7530.545088460797
48615,35.455514,114.991322,0.41772091306577824,,CN-41,4454.70759840452
48622,34.509997,115.006833,0.334628862976488,,CN-41,3567.5775537288596
48624,34.858524,115.013341,0.05377471598978764,,CN-41,499.8819199138042
48632,35.535603,114.949891,0.37004414430741983,,CN-41,3944.44918888511
48634,34.523144,115.006086,0.49824972360090025,,CN-41,5311.697393052611
48636,36.802458,116.821065,6.486469610080255,,CN-37,74973.69756918887
48641,37.264404,114.971149,1.1035002456854535,,CN-13,12720.273778560353
48644,35.468661,114.956969,2.1729998844142893,,CN-41,25058.04065437633
48649,35.82208,116.799394,13.180941471591991,,CN-37,171392.06421764358
48650,38.086244,116.801981,2.628693390542354,,CN-13,30451.913985658302
48652,34.930396,115.040057,0.26404934755097487,,CN-41,2817.632566269816
48654,34.510708,115.000092,0.24610846150286472,,CN-41,2623.835299891793
48657,35.387859,115.007878,0.34934760386522773,,CN-41,3726.85987144043
48668,38.335051,116.799276,0.13546006161048416,,CN-13,1451.7856165437317
48672,34.629729,115.012812,0.10523144118668938,,CN-41,977.4154133117567
48674,37.300491,114.980695,1.9338648938117942,,CN-13,22296.67210913364
48675,35.402279,114.97923,0.9301828251517107,,CN-41,10729.901971349991
48678,35.387258,114.974251,0.17471391602621777,,CN-41,1863.2043187802842
48683,35.400971,114.98135,0.8797887593551543,,CN-41,10148.5932529842
48686,34.883129,115.013342,0.14165335713130325,,CN-41,1511.3988835862833
48687,34.759893,115.002773,0.45620868519877406,,CN-41,4867.102756603054
48691,34.790288,115.036169,0.21113686452415795,,CN-41,2252.15548874389
48696,34.507763,114.972846,0.35280008467476076,,CN-41,3762.0314089955164
48700,36.342218,114.843409,0.9932228252448484,,CN-13,11451.370937895901
48703,37.2688,114.861758,0.10357396524355313,,CN-13,1103.4623507130273
48704,36.316279,114.863721,1.0259137350298415,,CN-13,11828.602711282692
48705,35.86411,114.889668,0.08208808409004213,,CN-41,762.2958044783686
48709,35.572543,116.786462,0.22554767184826718,,CN-37,2414.104389294368
48711,36.447263,114.910484,2.5403210564368672,,CN-13,29291.62164277299
48713,37.27748,114.940859,0.5816835229804088,,CN-13,6196.050506481938
48715,35.497187,116.784788,1.5878062135204216,,CN-37,18371.70226531333
48728,35.815171,114.917499,0.10488867615329477,,CN-41,974.3475753712502
48729,34.376608,116.78307,0.3036939352064809,,CN-34,3242.926630535572
48733,35.495907,116.787881,0.5955892766184759,,CN-37,6371.11254653961
48736,34.94364,114.872869,0.057538619327938516,,CN-41,534.899584161381
48738,35.48647,115.21999,2.599994602173374,,CN-41,30019.577637393686
48739,34.816019,114.887174,0.15055001982377697,,CN-41,1605.9343174123794
48741,34.744909,114.934271,0.2552286845073905,,CN-41,2720.8363249982476
48743,35.517915,114.871707,0.10678661496403419,,CN-41,1137.8211627529402
48744,35.509688,114.909097,0.28977974736602863,,CN-41,3088.7985984496054
48745,34.526847,114.929217,0.40588371836294224,,CN-41,4326.649925918145
48749,35.53199,114.785008,0.1883217722300171,,CN-41,2007.890474218123
48750,35.360311,114.793302,0.270294221296116,,CN-41,2882.438421882569
48757,36.814626,116.790422,0.5999933626558068,,CN-37,6412.9019568388885
48761,34.704564,114.923049,0.25112693508568307,,CN-41,2677.54792516348
48762,34.903297,114.80255,0.0462283906326318,,CN-41,429.63910928759606
48770,35.575998,114.896818,0.15402397694157619,,CN-41,1641.5814534323322
48778,34.601355,115.018382,0.08807340582501869,,CN-41,817.9136346137702
48779,35.414436,114.858644,0.21116178251324683,,CN-41,2251.047157423645
48781,36.315022,114.807912,0.8971867263792992,,CN-13,9564.360104014968
48782,34.952319,114.892727,0.2594470434247058,,CN-41,2769.053714706401
48785,37.269874,114.861466,0.5344221046475213,,CN-13,5693.65738272788
48789,35.348687,114.776853,0.12361269298410917,,CN-41,1318.1440289218028
48793,34.897531,114.915369,0.18162754943254564,,CN-41,1938.0734905593956
48797,34.811939,114.914324,0.17062148173789782,,CN-41,1820.3358935158499
48798,36.304289,114.878301,0.8777482360089705,,CN-13,10120.558602243347
48799,38.013841,116.782922,0.20458706335919935,,CN-13,2190.3659215474568
48800,34.667569,114.941874,0.8727698336846392,,CN-41,10063.380495944304
48802,35.467299,114.797531,0.22957731447610327,,CN-41,2447.694914587546
48808,36.314369,114.856583,0.8943575876318827,,CN-13,9532.187627204577
48815,35.653796,114.800198,0.2944550565624965,,CN-41,3139.8945829405743
48823,36.817355,116.791103,1.0189093072475426,,CN-37,11777.97634336528
48834,34.522857,114.939021,0.6970120285312584,,CN-41,7430.027136274911
48836,34.805343,114.927422,0.200747723295169,,CN-41,2141.6320362341594
48841,35.495704,116.785355,0.3063535115751698,,CN-37,3277.111892199713
48844,35.383788,114.819412,0.3267303927822349,,CN-41,3484.654054375884
48855,35.49855,116.784845,3.179869753650146,,CN-37,36792.66390261193
48856,35.569159,114.929162,0.41832988584392466,,CN-41,4458.783091395034
48859,36.407979,114.912454,0.8631064204180098,,CN-13,9198.596640073021
48860,35.489803,114.862585,0.17321190727365612,,CN-41,1846.4902448710454
48862,36.881933,114.885739,0.4103020394825686,,CN-13,4370.507081722069
48864,36.167782,116.775645,2.197949232501807,,CN-37,25473.85924992874
48875,36.285257,114.802646,0.6518699673824588,,CN-13,6948.644283856166
48884,34.251397,114.832152,0.5253236643937572,,CN-41,5599.595024230831
48886,34.491177,114.94905,1.1878060976877753,,CN-41,13696.319421256076
48888,35.526986,114.924246,0.2985800910949134,,CN-41,3182.7739495358924
48890,35.432636,114.840291,0.0703073065687221,,CN-41,652.9537964235373
48894,35.501452,116.781244,0.3499824302580275,,CN-37,3743.6255950044274
48899,35.575108,116.777343,1.8402908199961172,,CN-37,21298.09784670448
48900,35.63307,114.803576,0.18648735790076362,,CN-41,1988.753808657233
48902,34.93954,114.804722,0.056486997332949075,,CN-41,525.1957831414649
48951,35.442941,114.772167,0.25478874782013705,,CN-41,2717.1557985445406
48984,35.496046,114.75868,0.25385411354386783,,CN-41,2707.6260674360487
49008,35.623994,115.046287,0.3821137089347253,,CN-41,4075.289318796516
49022,34.837233,114.783547,1.249509752402635,,CN-41,14415.636963790137
49049,36.0908,116.770365,1.3104714781288944,,CN-37,15183.685243361555
49298,34.318199,116.755647,0.4567986515376922,,CN-34,4877.443641030107
49327,34.445415,116.763518,1.0894609383087794,,CN-34,12587.678357762492
49337,34.294268,116.738059,0.3757123270925379,,CN-34,4011.7692280088263
49402,34.418179,116.73908,0.16412456136967146,,CN-34,1752.8484299080012
49412,34.292115,116.74497,0.48491976075911725,,CN-34,5177.860916412466
49447,38.044204,117.426941,0.6049298209143432,,CN-13,6483.523049745859
49459,36.233784,116.703962,1.7040215290585885,,CN-37,19745.06462883921
49460,38.222795,117.389494,0.8028206577308709,,CN-13,8605.990267917554
49466,36.058828,116.679621,0.8484201006485199,,CN-37,9115.42461226333
49468,36.078503,116.671937,0.7050714009925984,,CN-37,7563.436931813635
49471,36.042914,116.696264,1.0371791139702706,,CN-37,12118.344825448012
49479,35.436447,116.698372,0.7614407918458114,,CN-37,8144.086393629626
49481,34.407194,116.705982,0.2877820002949326,,CN-34,3072.4279066775794
49491,34.26886,116.679414,0.6454685833803051,,CN-34,6891.051373153526
49502,35.426835,116.683036,0.07075148204963759,,CN-37,659.2008713449393
49503,36.079838,116.690601,4.664214876578794,,CN-37,54174.47400782428
49506,34.412296,117.456627,3.0596686867928624,,CN-32,35395.81067376477
49509,36.914849,116.682283,1.570061949576457,,CN-37,18162.27111477048
49512,34.407795,117.460928,5.879760374076212,,CN-32,68015.76353558507
49516,34.252206,116.971425,0.2127158309572518,,CN-34,2272.2538245503747
49518,36.042395,116.685258,0.828424041213805,,CN-37,8914.919702198355
49519,36.043151,116.69527,0.3276016132404351,,CN-37,3538.767914680009
49520,34.331067,116.704389,0.10907578086494055,,CN-34,1164.7135767339605
49522,38.402184,117.465048,2.5509840366066556,,CN-13,29619.681798991653
49528,38.007171,117.423595,0.6814071632775919,,CN-13,7302.725423953202
49533,36.040222,116.687141,0.15344373329013597,,CN-37,1647.2642203713494
49540,34.287552,116.692078,0.3547086163270512,,CN-34,3787.293131601858
49560,34.312604,116.713624,0.8849065672025574,,CN-34,10218.841465824938
49563,36.041627,116.693918,1.479185512506099,,CN-37,17201.790013029982
49587,38.093943,117.420646,62.21205442452149,,CN-13,809825.7669122934
49591,38.086115,117.416874,9.354887725670704,,CN-13,121789.68996382048
49603,36.232756,116.7052,2.0463435166950785,,CN-37,23709.309051480086
49614,34.708463,117.47377,0.10249171985635935,,CN-37,1102.5063917211596
49626,36.080588,116.686576,3.4259883226703836,,CN-37,39792.573937707355
49629,35.433115,116.698187,0.6765924166987775,,CN-37,7236.95180866411
49636,35.585133,117.481726,6.553547318544471,,CN-37,76106.27650925699
49641,34.272575,116.679616,0.8192472898955402,,CN-34,8746.320591502279
49648,36.080148,116.676788,4.25462115765977,,CN-37,49418.7847565776
49656,36.046668,116.682872,0.9087652530211076,,CN-37,9787.408983940484
49671,36.041507,116.687585,0.5594640291435403,,CN-37,6006.013136101083
49674,35.430863,116.731389,0.5010843088425679,,CN-37,5360.511524382333
49677,36.078459,116.682225,4.411413553982705,,CN-37,51239.97855932105
49678,34.422611,116.693373,0.8519436854690535,,CN-34,9095.549935264513
49681,36.060469,116.676646,0.8745697198012766,,CN-37,10163.513898287303
49683,34.709792,117.478737,0.35678009473130357,,CN-37,3828.9119637772415
49688,36.080834,116.680886,0.09130604867271812,,CN-37,854.0846116923353
49689,34.908237,117.034049,0.8292964749136627,,CN-37,8873.478928315997
49697,36.383099,117.665308,0.3983975474091254,,CN-37,4295.82137829097
49698,38.091244,117.655364,0.7834931649548624,,CN-13,8404.357411030383
49701,36.057448,117.548606,0.6112640115921084,,CN-37,6564.638790060032
49702,36.063088,116.674325,1.9001586762212164,,CN-37,22082.04637946275
49703,37.996321,117.487627,0.8053589001649338,,CN-13,8632.915694778942
49708,35.561927,117.037625,0.2599421318553766,,CN-37,2781.473834424777
49712,38.101227,117.594624,0.8958477502107586,,CN-13,10392.487069455045
49715,34.885418,117.48961,0.7854052637102487,,CN-37,8414.190739915075
49716,35.590328,117.490212,4.931855483199235,,CN-37,57285.07792896662
49717,38.189271,117.497141,0.7675087282365082,,CN-13,8231.857823438873
49718,35.975771,117.709364,0.1278192719710345,,CN-37,1374.7898435973304
49723,36.74994,117.4979,0.16664078601172463,,CN-37,1785.296846701482
49724,35.086419,117.732006,0.9973384261989326,,CN-37,11599.786959308269
49725,36.384023,117.663709,0.058905379738586505,,CN-37,554.8929334726299
49727,34.70613,117.471573,2.8748100631579603,,CN-37,33495.605717510734
49728,36.962568,116.687794,0.9757798894240647,,CN-37,11286.452259504833
49733,35.550617,117.506972,0.31135214562104774,,CN-37,3356.4548697905857
49734,35.171849,117.470844,2.0065317710912045,,CN-37,23360.589893495213
49736,36.681153,117.498075,0.27485301805388723,,CN-37,2947.816435834453
49737,35.087611,117.730019,0.31721870618843806,,CN-37,3411.0081425780922
49738,35.536033,117.54645,2.691443900077983,,CN-37,31348.458046182186
49739,36.080686,117.522082,0.8123425957415673,,CN-37,8730.222235887759
49742,35.970131,117.712133,1.4408389080674358,,CN-37,16764.471939448715
49749,36.076957,116.676072,0.08487093239163314,,CN-37,793.8899819824666
49753,38.096192,117.652243,0.7843933396506103,,CN-13,8416.411842018766
49754,38.180833,117.64089,0.38925627302424254,,CN-13,4178.5403134804665
49758,36.077513,117.523922,0.4240185968397506,,CN-37,4556.9155205767065
49764,35.066074,117.708906,0.05279370346557075,,CN-37,494.76651706363606
49765,38.075766,117.623511,0.8088830225702046,,CN-13,8675.072926330698
49766,35.96877,117.712688,0.40297370439717145,,CN-37,4334.78602028825
49767,34.921418,117.049651,0.05220881915756547,,CN-37,486.712009338556
49768,35.975545,117.705849,0.22221462352994265,,CN-37,2390.2233879557334
49769,34.724591,117.466147,12.089110355573998,,CN-37,157532.15987508785
49773,36.081643,117.529961,2.733661351727552,,CN-37,31785.341554793267
49777,36.073561,116.675354,0.1431060943496271,,CN-37,1534.8998957328984
49778,34.707968,117.47588,2.4865486009428843,,CN-37,28909.127307935065
49784,35.511752,117.773761,7.362915240551709,,CN-37,85526.90197170498
49786,36.042185,116.688495,0.9067555546201851,,CN-37,9757.868623799395
49789,35.549927,117.506243,0.945791522910219,,CN-37,11028.28194474628
49790,36.083579,117.520014,8.34792935761868,,CN-37,109028.29075316747
49796,35.971772,117.71674,0.1814933582791954,,CN-37,1952.3231011332093
49798,35.229458,117.394168,4.645275569969314,,CN-37,54039.30053254596
49802,34.588766,117.464362,2.0974810440754106,,CN-37,24270.84907391931
49804,34.922114,117.051552,14.398144960622613,,CN-37,187174.43067625476
49806,35.467094,117.436491,1.7409357153727627,,CN-37,20267.664458951185
49808,35.550009,117.51009,0.7935416014861851,,CN-37,8541.693438359402
49811,35.249905,117.601803,1.1334479511713316,,CN-37,13238.754919064324
49813,35.972862,117.714203,6.0791374048167635,,CN-37,70732.0768952568
49815,35.098348,117.691167,10.703055165296362,,CN-37,139851.07613028394
49816,34.711041,117.472207,6.6952777431884165,,CN-37,77901.2501248596
49818,34.712013,117.476999,4.919901924258125,,CN-37,57110.33453438267
49820,35.489104,117.581915,0.638649530640107,,CN-37,6870.8203712617515
49822,35.973222,117.703168,0.8897817272083179,,CN-37,9572.401974384687
49825,36.061257,117.544044,2.0970073945322563,,CN-37,24378.93962381623
49826,36.061992,117.541339,0.7867119836300327,,CN-37,8454.662237299608
49829,35.974881,117.712753,0.578468344832065,,CN-37,6222.580945097813
49831,35.96858,117.715419,0.21336401304168107,,CN-37,2295.1555669104123
49835,35.088446,117.729289,0.2772491477597007,,CN-37,2981.2211010324218
49836,35.97276,117.710414,2.178394584038016,,CN-37,25346.09155310452
49837,35.974132,117.711771,0.3034341699775652,,CN-37,3264.039771687273
49841,34.482267,117.497951,0.08375690737561486,,CN-37,781.7671836598713
49842,35.970207,117.716112,2.542511254699213,,CN-37,29589.61530394208
49844,34.726982,117.474169,1.5415582322390957,,CN-37,17879.399318903696
49847,35.97564,117.710773,0.22044440956201353,,CN-37,2371.041007120936
49850,38.10283,117.489592,0.5625901647007704,,CN-13,6031.646338513632
49851,35.487182,117.583572,0.3006594031465146,,CN-37,3231.085576312517
49855,38.057465,117.545005,0.2518750149731154,,CN-13,2701.345795679604
49860,38.201658,117.539857,0.7445048915800224,,CN-13,7986.753941237791
49864,36.074778,117.53,0.7931791751717707,,CN-37,8520.742625580691
49869,38.105947,117.652871,0.7934773936945488,,CN-13,8512.550272657423
49881,35.81277,117.871367,3.115770193728111,,CN-37,36225.18371271366
49882,35.484371,117.586494,2.653560516299824,,CN-37,30845.098419595255
49887,37.235785,117.941404,0.15606767969339377,,CN-37,1669.2813027540578
49891,37.233684,117.814147,0.3838517639739553,,CN-37,4105.066604515341
49892,35.477901,118.157314,1.6251310900227338,,CN-37,18988.17519020215
49893,36.60798,118.063171,4.873984130812058,,CN-37,56868.15079563578
49894,37.011961,118.079971,0.9793643130538626,,CN-37,11316.364658484297
49897,36.105255,117.116218,0.7922742698755266,,CN-37,8504.597862353812
49902,36.866127,117.821202,1.1884308679879891,,CN-37,13747.062660223308
49904,38.187209,117.440105,0.8302783931065453,,CN-13,8902.708968028424
49906,37.233793,117.935344,6.056904946968394,,CN-37,70073.01559435173
49911,36.864481,117.822647,0.2238752478095981,,CN-37,2394.1897878450745
49912,36.52372,117.978664,2.7043029074851197,,CN-37,31547.8414026089
49917,38.220374,117.637841,0.8965377985682749,,CN-13,9622.105886825357
49919,36.657068,118.128254,0.16054078177411268,,CN-37,1732.5258891349965
49920,35.848525,118.012508,0.23724990915344865,,CN-37,2569.4553252227906
49921,36.609457,118.064989,0.0746823247299798,,CN-37,702.1675978841508
49922,36.166033,117.928341,20.00069529780045,2017-12-01,CN-37,262426.58066020726
49925,36.68441,117.103141,1.2652187506859534,,CN-37,14641.821972367266
49927,37.23438,117.942472,3.167971354025114,,CN-37,36654.21929748521
49929,34.921803,117.115926,4.774017584628584,,CN-37,55270.084083466885
49931,35.225185,117.83782,0.2841540602777699,,CN-37,3066.299239789244
49932,36.681882,118.11233,0.07356283643264407,,CN-37,687.6783502952039
49933,35.732895,118.192881,0.41929725549105823,,CN-37,4514.588201870224
49936,36.609445,118.060705,0.1741332359423227,,CN-37,1879.5373077444367
49937,36.681443,118.113884,1.3888239456368203,,CN-37,16121.442523522916
49938,35.836532,118.148594,2.713276067480355,,CN-37,31735.386422414205
49941,35.513822,117.510846,1.0469001736082328,,CN-37,12206.796503620653
49943,37.233055,117.816177,0.08004066511028386,,CN-37,745.5161085436522
49944,37.171566,117.856062,0.22996729283069794,,CN-37,2459.2667032278405
49946,36.013073,117.096203,0.43634555710157547,,CN-37,4675.698766498192
49949,37.229566,117.938737,4.925235179111177,,CN-37,57007.067362459384
49952,35.493512,118.187555,0.3008782242480292,,CN-37,3240.0809375383064
49954,35.102921,117.107518,6.9937672373946995,,CN-37,80986.9087521267
49957,34.967061,117.895544,5.16258873230847,,CN-37,59979.36399778762
49958,35.792329,118.112159,0.9345581090038139,,CN-37,10904.307242459914
49960,36.868584,117.821435,0.47470264291011854,,CN-37,5076.103632111898
49961,35.237988,118.06923,1.2721373053055913,,CN-37,14790.987864183668
49963,36.56262,117.919804,0.69763761746802,,CN-37,7493.950529033607
49964,36.609626,118.063687,0.26471012331381844,,CN-37,2857.1946636927337
49966,35.076467,117.790449,0.7724211820414114,,CN-37,8302.86975249928
49970,36.131006,118.223713,0.10173345675874734,,CN-37,1098.3554997021665
49972,35.733502,118.198521,3.1288049319525517,,CN-37,36438.299765619675
49976,36.610462,118.061061,0.7648330667624809,,CN-37,8255.358463865114
49979,35.675721,118.151832,46.84005175919211,,CN-37,611884.6946445234
49982,37.232303,117.938269,3.560832380983056,,CN-37,41214.80579649404
49986,35.803524,118.120388,2.7189370377570876,,CN-37,31835.526036035735
49987,36.690128,118.114851,0.6988374116905312,,CN-37,7513.9081478500875
49992,36.878939,117.886402,0.3575873336702721,,CN-37,3822.043002341121
49993,37.966274,118.23071,2.4545784482447126,,CN-37,28509.076735306488
49994,35.733872,118.193889,0.2037238809788759,,CN-37,2198.6765791428193
49996,37.234454,117.939893,0.6032466221199563,,CN-37,6452.253978739781
49997,37.239405,117.935842,3.081354039136731,,CN-37,35648.531969156815
49998,36.870527,117.821366,0.5515487848953656,,CN-37,5897.836955637881
50000,35.833267,118.126444,1.4926655646533493,,CN-37,17472.98037876055
50002,36.560569,117.919089,2.976586876272177,,CN-37,34584.61842373984
50009,36.161227,117.929194,0.09885180214958185,,CN-37,1067.745791189145
50020,37.232395,117.817919,0.5054039419390592,,CN-37,5405.685036152181
50021,35.235437,118.063081,2.05423422133337,,CN-37,23884.334899395017
50024,35.893479,118.125561,0.6369281150101878,,CN-37,6893.906238928531
50026,36.167161,117.932186,3.964274414337284,,CN-37,46419.291199575746
50028,35.734604,118.195615,1.2491307054901841,,CN-37,14581.788258759156
50029,36.656429,118.129957,1.5691271552631858,,CN-37,18316.225938299238
50047,36.69155,118.113927,2.0613156052235406,,CN-37,23972.742507688818
50048,36.656636,118.126859,0.6266875079934984,,CN-37,6763.09358904162
50049,36.690315,118.116542,0.14220706809532693,,CN-37,1529.0120845970548
50051,34.844221,117.082451,7.643717871024257,,CN-37,88466.20735007356
50052,36.090474,117.1085,2.0492983210205993,,CN-37,23788.216785632096
50053,35.814189,117.869611,3.120662038302975,,CN-37,36282.058243696454
50063,35.525035,118.432873,3.272343351404599,,CN-37,38059.42557259194
50065,37.185884,118.740402,1.0717441174577367,,CN-37,12419.984304145364
50067,34.483436,117.497038,3.671506053746124,,CN-37,42643.945649265566
50068,35.239744,118.069506,1.4446354998857993,,CN-37,16796.60368253006
50070,35.588489,118.447785,1.5717836465982127,,CN-37,18329.33424576673
50072,34.459164,118.405099,12.104351904046663,,CN-32,157846.7416462925
50073,37.468707,118.727828,0.3755746333359927,,CN-37,4031.9011910718186
50075,37.43591,118.735539,1.178272999236867,,CN-37,13675.692801434152
50076,35.33533,118.486427,0.9845700619387334,,CN-37,11434.155971016055
50079,37.179647,118.738094,2.770833728427203,,CN-37,32115.08608386715
50080,37.184836,118.742966,0.43156266746898464,,CN-37,4625.324837796618
50083,34.937967,118.56425,1.683256478153153,,CN-37,19534.247092863367
50084,37.179314,118.739559,0.07252155720741651,,CN-37,676.9177901102432
50087,35.650305,118.407728,1.7378185625456903,,CN-37,20312.555716921543
50088,36.630068,118.579035,0.32997011817413646,,CN-37,3536.1835395089124
50099,35.549871,117.503877,0.4713612302898448,,CN-37,5081.680703475021
50103,37.179851,118.740305,0.1846435898611398,,CN-37,1978.560642600412
50105,35.841034,118.492868,1.5141451332630411,,CN-37,17623.292794690085
50111,36.529038,118.607451,2.8429445090047785,,CN-37,33016.89938593138
50112,34.996501,118.480603,0.6804785874575161,,CN-37,7298.343016886053
50117,37.186608,118.739013,0.39277926371771127,,CN-37,4208.186666654503
50118,37.433699,118.73469,0.44504158524764326,,CN-37,4775.518266441717
50121,37.181917,118.740335,0.37678017170485095,,CN-37,4037.412938126254
50122,36.032719,118.609098,2.0520020031241875,,CN-37,23938.803632607836
50123,37.092568,118.413192,0.2746032844072373,,CN-37,2934.442431508827
50124,35.079633,117.140982,0.7361925716984622,,CN-37,7882.054878091525
50128,35.533079,118.408635,1.2625949065014916,,CN-37,14686.022770806225
50130,35.54765,118.381592,0.7905827832911441,,CN-37,8511.107940001866
50132,36.056763,117.547458,0.7125331138258069,,CN-37,7652.213167335008
50137,35.64118,118.557222,1.412062995098387,,CN-37,16418.856564467784
50139,36.11198,117.125486,6.7271519065258785,,CN-37,78069.72024299893
50140,37.461035,118.730762,0.21090118984396117,,CN-37,2262.9685302368734
50143,35.902803,118.361648,3.8037811375927455,,CN-37,44469.122601837116
50144,37.179786,118.74132,0.4474692114443683,,CN-37,4794.886035334818
50146,37.18174,118.744887,0.8860160222894206,,CN-37,10273.377218276197
50152,35.974594,117.705475,0.22072402879937714,,CN-37,2374.5813882943817
50155,37.097346,118.400831,0.9603908159657237,,CN-37,11103.232207683655
50156,37.180749,118.740231,0.5727111892057636,,CN-37,6136.924760786857
50163,36.57159,118.592692,3.2256388266534564,,CN-37,37452.58398998189
50164,36.079195,117.524141,1.135123762974679,,CN-37,13195.1029349195
50167,37.090418,118.412249,0.8486033248685356,,CN-37,9069.873951520893
50168,34.33719,118.252303,0.3616110584139029,,CN-32,3873.279135937339
50171,37.184085,118.739281,0.6411375793714579,,CN-37,6869.065814383653
50173,35.893731,118.394484,0.702685435153172,,CN-37,7586.2760499274655
50174,36.166122,118.25548,0.49056219478981894,,CN-37,5286.924782336164
50175,37.176862,118.738976,4.67633413849134,,CN-37,54200.608240691035
50176,37.433779,118.736236,0.35065690582513215,,CN-37,3762.723562316179
50178,37.481358,118.368625,1.1167656499873917,,CN-37,12926.938225390733
50182,37.093677,118.413431,0.9346004346499595,,CN-37,9987.248251103412
50188,35.081155,117.140791,0.5209122674953219,,CN-37,5577.153637392232
50191,35.693376,118.251308,0.9951186584255588,,CN-37,11599.745606103348
50194,36.637965,118.502775,0.5313147700778265,,CN-37,5697.344093895886
50197,37.090291,118.413528,1.062103270779507,,CN-37,12278.540950209315
50199,35.974356,117.709156,0.1284222301269279,,CN-37,1381.4372545256208
50210,34.337007,118.251084,0.5990751782449031,,CN-32,6416.7987531454155
50212,37.497742,118.387962,26.981219872125013,,CN-37,350788.95099606627
50213,36.73491,118.497312,2.131574326920195,,CN-37,24688.377459711795
50218,35.860017,118.327646,1.0001912458175142,,CN-37,11686.420774180206
50219,37.182482,118.742834,0.17763048147683777,,CN-37,1904.169734505303
50223,35.445428,118.230076,1.125710008654969,,CN-37,13111.913885405562
50228,36.164838,118.25468,0.41329908371303986,,CN-37,4454.238812951121
50229,35.480364,118.340977,1.6915120594700412,,CN-37,19686.954605152612
50231,35.528264,118.324856,1.0440212790021386,,CN-37,12142.640578068993
50232,37.180275,118.74337,0.05120399619424653,,CN-37,478.12967412164204
50234,36.39819,118.68429,0.6972655690289388,,CN-37,7517.860078616699
50236,35.589681,118.445232,0.14802214301498745,,CN-37,1595.8685578124646
50237,37.100774,118.403235,3.11978291842297,,CN-37,36061.943371993766
50246,35.626263,118.262746,1.9879783630216459,,CN-37,23185.709664687656
50252,35.765557,118.453265,1.8980073920728655,,CN-37,22184.500153470286
50255,37.412094,118.721024,1.2586528645392043,,CN-37,14606.858272563944
50261,36.897582,118.709654,2.832318728972053,,CN-37,32774.48201359783
50262,35.836889,118.64919,0.796581972560431,,CN-37,8571.47798971678
50263,37.100401,118.401312,1.498418869966326,,CN-37,17320.402684801968
50264,37.178459,118.741404,0.14747722256068546,,CN-37,1580.3019669300995
50271,35.997906,118.690958,4.022470755126131,,CN-37,46912.96953177752
50275,37.4937,118.383308,0.11656010377070725,,CN-37,1247.5409177429408
50277,37.177023,118.744684,7.097190014920855,,CN-37,82292.0899609287
50282,34.797806,117.145792,1.5705440544584652,,CN-37,18166.750044585937
50283,37.438012,118.74655,0.1838880828741363,,CN-37,1973.6461490994266
50288,37.050212,117.160534,0.6222464153720193,,CN-37,6648.426396777013
50291,36.39654,118.681404,2.567490078822946,,CN-37,29963.349688354065
50293,36.636111,118.503314,0.251187458184046,,CN-37,2693.5095012246093
50296,37.179375,118.743591,0.10711942611188628,,CN-37,1148.3027433353448
50300,37.186327,118.742579,0.23089033837982847,,CN-37,2474.594994925591
50303,36.090362,118.887902,1.1407655694075007,,CN-37,13314.316103674053
50304,35.009412,119.003697,0.6386347004121694,,CN-32,6861.583114276076
50305,36.094915,118.892801,0.8605532727373862,,CN-37,10018.868351559693
50306,37.491764,118.381799,2.1887815122463197,,CN-37,25341.51363742452
50308,35.018419,119.016383,1.2611315075482636,,CN-32,14657.63223473009
50309,36.096481,118.997787,1.109386760839563,,CN-37,12907.669593058603
50313,36.092541,118.892076,0.09646295626759192,,CN-37,904.4231267463385
50316,36.09012,118.885092,0.7193719305310298,,CN-37,7762.336264077729
50317,36.217593,118.966487,2.581538618463598,,CN-37,30151.144325184036
50319,35.896432,118.96754,0.05498196607777827,,CN-37,515.3908744791897
50322,36.154529,119.014796,0.45694708554727104,,CN-37,4933.029645923993
50323,35.030222,118.969193,0.5585863286208467,,CN-32,6003.105702258845
50325,36.675109,117.205116,3.6492263892545194,,CN-37,42264.337863485525
50331,35.014874,119.016581,0.36008762740566386,,CN-32,3869.158650493028
50334,37.550977,118.819385,12.475014181488815,,CN-37,162805.1766683948
50339,36.215514,118.97045,0.7120124007047323,,CN-37,7690.957863338667
50341,36.157672,119.021481,1.3660583101457997,,CN-37,15974.377918024744
50343,36.192712,119.045248,0.7868966381124328,,CN-37,8473.23873953162
50344,36.858394,118.85222,5.364173810888686,,CN-37,62094.53243883338
50345,36.093992,118.89331,0.18475835189796808,,CN-37,1988.6643789780242
50346,36.09262,118.895271,0.2683595384450518,,CN-37,2888.5138310790876
50348,36.12261,118.796962,2.3082283241741903,,CN-37,26937.533169235783
50349,36.155731,119.006284,0.06371782767305414,,CN-37,598.8801327013446
50356,37.178089,118.744782,0.04479599615262273,,CN-37,418.29342696526624
50357,35.009765,119.007987,14.051816273073342,,CN-32,183393.41173202556
50358,36.215756,118.972158,0.34734107776604933,,CN-37,3751.880712556767
50359,36.162639,119.031956,0.5032276027084112,,CN-37,5431.610993458807
50360,36.152891,119.005171,1.0849533937027036,,CN-37,12662.511285531675
50361,36.295965,118.793024,2.0006549130864943,,CN-37,23295.61667443156
50362,36.766316,119.054601,2.075136885129292,,CN-37,24024.41492146838
50363,36.217836,118.968584,0.14360631090971102,,CN-37,1550.6550749937771
50364,36.176046,119.034224,0.43594958636382597,,CN-37,4694.583942031832
50365,36.16004,119.050835,0.7641474589311783,,CN-37,8218.770288747886
50366,36.091536,118.890315,0.25644712224176525,,CN-37,2767.1760772291686
50369,36.049079,119.047155,0.9062534691464997,,CN-37,9738.892008906132
50370,36.691249,119.207456,2.2441447514958486,,CN-37,26007.104636933826
50371,34.331043,117.20024,0.1751366314886317,,CN-32,1872.7446930416422
50372,36.92082,119.052811,0.7252536621686531,,CN-37,7767.737347831975
50374,36.156819,119.023261,0.5723188406810986,,CN-37,6187.415285922024
50380,36.206524,117.181905,1.820196237558517,,CN-37,21129.74414156626
50381,36.21262,118.973379,0.2920721819391491,,CN-37,3154.8816314491623
50386,36.407005,118.757932,0.34686652410126706,,CN-37,3732.5394844500156
50387,35.83562,118.928877,3.7136353700119527,,CN-37,43223.86772235769
50388,35.013562,119.016163,0.9650188844950182,,CN-32,11215.73255968079
50389,36.219043,118.966092,0.4177087334659822,,CN-37,4508.983528705957
50390,35.013724,119.017706,0.18476150147291517,,CN-32,1985.4650153020707
50391,36.170028,119.048699,1.088614332340049,,CN-37,12671.47459947013
50395,35.218097,118.707179,0.48437235280544644,,CN-37,5203.260177267995
50396,35.219972,118.710647,18.801044023048693,,CN-37,245273.73441244056
50399,36.216133,118.967801,0.10021048177522054,,CN-37,942.8871149156894
50400,37.184571,118.751809,0.27151315330124814,,CN-37,2911.1337835186305
50401,35.011512,119.002338,2.0106492704273027,,CN-32,23366.390523772858
50403,36.898911,119.114042,4.250467648236539,,CN-37,49262.163869510885
50405,36.143791,119.040193,3.8368188527324234,,CN-37,44712.221086604164
50406,36.137379,119.002443,1.3208292670247148,,CN-37,15441.743383455534
50407,37.178875,118.747628,2.294521755562724,,CN-37,26605.035278625186
50409,36.169012,119.019218,1.316400571791668,,CN-37,15364.220135952057
50412,36.692289,119.210286,5.754027085953293,,CN-37,66685.90111205801
50413,37.180702,118.746786,0.12166254085085425,,CN-37,1304.2025568197312
50414,36.063972,118.933232,1.4199689753726243,,CN-37,16531.609339096172
50415,36.154478,119.044504,1.4155167780297135,,CN-37,16506.409642939347
50416,37.554591,118.810205,45.84921577570977,,CN-37,598224.0255509582
50419,36.23152,118.905134,0.18663135550335283,,CN-37,2014.4327946194849
50420,35.800181,119.19119,1.6710429346328362,,CN-37,19430.942550202013
50425,36.280979,118.771689,2.3253252916578475,,CN-37,27085.94669761564
50426,37.479432,118.752649,7.717037323678168,,CN-37,89619.1282684655
50428,36.061275,119.212959,0.8897436721143612,,CN-37,9554.768292642502
50431,35.966774,117.172589,1.1102277809019176,,CN-37,12870.131092384208
50438,37.551947,118.8338,78.39165654766315,,CN-37,1036396.5295342699
50439,36.409804,119.158523,0.12095369077802157,,CN-37,1296.5617992022267
50441,37.179438,118.744827,1.282344486674865,,CN-37,14868.815353188167
50442,36.693513,119.207526,2.659236416136355,,CN-37,30810.62682504181
50443,36.217557,118.970138,0.878473468292923,,CN-37,9485.720601180697
50446,36.251379,118.943792,0.12796539450561403,,CN-37,1377.7554731231726
50448,36.702055,119.193186,0.8853909058682454,,CN-37,9481.948991227824
50450,36.232218,118.906222,0.09784189326800238,,CN-37,1056.070765574987
50451,36.667807,119.216973,0.7146935204274755,,CN-37,7660.161370858445
50456,36.263538,118.958285,0.5696138844750129,,CN-37,6140.704901065503
50460,36.22755,118.992462,0.4365360672986834,,CN-37,4713.913986816043
50472,37.755729,117.216696,0.04772619081096788,,CN-37,445.4044244156307
50492,34.535879,119.247657,0.15395485531313624,,CN-32,1648.4964809867392
50498,34.535666,119.246831,0.2284495883967908,,CN-32,2446.160868320762
50505,36.655886,117.232596,11.959184880210596,,CN-37,155758.92024682628
50512,36.364839,119.582766,11.210125428164265,,CN-37,145960.73893255752
50531,34.53576,119.241987,0.20768707513481288,,CN-32,2223.8429038811523
50546,36.069029,119.474057,0.8802871205542747,,CN-37,10219.072628203157
50550,36.522222,119.408618,0.24637207365724234,,CN-37,2640.4788880293413
50557,36.658696,117.233469,0.09445034767600337,,CN-37,1011.8678245979379
50560,35.840115,118.930576,3.1044242640525166,,CN-37,36133.11765259596
50568,36.657329,117.238334,0.30916666191899256,,CN-37,3316.720828064838
50572,36.660223,117.235899,4.781565438225992,,CN-37,55408.172138242015
50576,36.628774,118.577011,5.777725244203408,,CN-37,66973.12527465272
50585,36.287093,117.32345,0.9686897082563637,,CN-37,11269.194053409537
50592,36.687904,117.267577,0.21909444119879562,,CN-37,2345.156281652839
50595,36.692809,117.262589,1.4709775110055903,,CN-37,17024.111390402813
50598,34.312722,117.277586,0.5759191821191592,,CN-32,6157.425347145116
50610,36.061731,119.584288,4.932900405801126,,CN-37,57307.99212148462
50611,36.366317,119.593281,11.863586931229598,,CN-37,154419.58699420997
50618,37.435117,122.246663,0.15208822090952273,,CN-37,1652.0040296120646
50626,35.744526,117.278024,0.21488841447582002,,CN-37,2308.114295187952
50629,36.691535,117.263046,0.6764309782827302,,CN-37,7238.249597266869
50635,35.745833,117.274942,1.1457147171399187,,CN-37,13310.804207600815
50649,36.077451,119.927572,1.1322199700368465,,CN-37,13175.605673374504
50653,34.299389,117.285731,2.472250692913043,,CN-32,28576.66075125641
50654,35.740689,117.27145,0.23984379363662803,,CN-37,2573.796040394388
50660,35.74059,117.279554,5.900655928233824,,CN-37,68394.62408774803
50664,34.311397,117.277359,0.21483232698629176,,CN-32,2296.8743821036105
50679,36.076896,119.923865,0.6440552202981052,,CN-37,6928.494866435159
50695,36.282303,117.327921,4.001519005933463,,CN-37,46517.19456386513
50739,36.062369,119.589395,0.9211297401722974,,CN-37,10701.228800520686
50744,36.369442,119.832219,2.678071477049355,,CN-37,31070.574347335052
50756,36.075881,119.92461,1.6760399636956618,,CN-37,19502.202376782127
50765,35.73977,117.271642,0.20038952381016456,,CN-37,2150.4069590415
50784,34.307198,117.277402,0.9497497021674871,,CN-32,10979.046698984366
50785,34.815717,117.2951,2.597196966777575,,CN-37,30075.817031600578
50788,36.688632,117.267682,0.4706513244168108,,CN-37,5037.786006276729
50795,38.373618,117.2852,0.6382890164914085,,CN-13,6843.986209418829
50796,35.74453,117.271572,5.175453530900884,,CN-37,60233.72931247726
50807,34.904676,117.298773,6.228659512279653,,CN-37,72330.49484512511
50808,34.310434,117.27751,0.4455532487668521,,CN-32,4763.621272979652
50820,36.285414,117.324348,0.9306148213078338,,CN-37,10826.252122750495
50866,36.064062,118.935874,4.336084120635321,,CN-37,50481.70064771363
50954,37.163416,121.33276,0.4992352726538728,,CN-37,5395.316745655089
51063,37.756519,120.708573,1.78003406680045,,CN-37,21026.685381683463
51101,37.744781,120.706733,1.3009899072505622,,CN-37,15368.609308267469
51185,37.641005,120.599707,2.6743129335045355,,CN-37,31319.340414052294
51216,37.563767,120.409082,0.20687856834642462,,CN-37,2238.4014737972775
51222,37.002167,120.990308,3.5807061055231824,,CN-37,41758.421164715255
51228,36.307151,120.117549,0.15000121058518756,,CN-37,1610.751042919959
51236,36.004073,120.169981,1.308649474935222,,CN-37,15295.403127197482
51244,36.284234,120.051661,0.0639677626668506,,CN-37,598.3803911267858
51249,36.002687,120.148361,0.44961975555711386,,CN-37,4856.945015355585
51251,35.998988,120.147772,2.175054111783685,,CN-37,25432.954591088706
51257,36.001679,120.139588,0.20410911521901484,,CN-37,2205.132902877699
51261,36.027022,120.127695,0.4195262838861659,,CN-37,4528.871739252571
51277,36.542705,120.128001,2.651110391113762,,CN-37,30764.319309127655
51280,36.064245,120.073004,2.486190342431678,,CN-37,29002.77744462303
51288,36.886041,120.220339,0.1777779907252592,,CN-37,1912.4801131153602
51289,36.306512,120.111663,0.5379176654897102,,CN-37,5775.564691367812
51298,36.284663,120.050995,0.06021951807247984,,CN-37,563.31779126536
51313,36.001284,120.141926,0.17585915657132756,,CN-37,1899.690223476509
51323,36.000822,120.146676,0.5747774445007209,,CN-37,6208.9407983141455
51326,35.998043,120.145571,0.44742056562390187,,CN-37,4836.811898157358
51330,36.305973,120.112374,0.21845077294635404,,CN-37,2345.4826862441155
51332,36.307371,120.110757,0.595347582236103,,CN-37,6392.183591746729
51341,36.307947,120.11668,1.0038103755202048,,CN-37,11657.725374556814
51352,36.286006,120.055077,1.5029018303905217,,CN-37,17457.281837068866
51354,35.994085,120.127616,0.12534503944439257,,CN-37,1354.1045735183204
51355,36.144873,120.072242,0.6941567892749664,,CN-37,7464.849697333288
51390,36.000316,120.142284,0.45641619405842976,,CN-37,4930.362447959798
60173,34.302871,118.036713,2.138311597119496,2018-07-16,CN-32,24763.058879967477
60181,34.36589,119.894756,7.838169668492357,2017-09-11,CN-32,102349.32469684619
60192,37.520076,115.743427,11.589814328762435,2017-02-24,CN-13,150454.75285531633
60196,34.628088,119.449375,10.715941814060736,2018-06-01,CN-32,139709.64326503727
60224,37.557591,115.96756,3.6353192764722078,2017-12-26,CN-13,42027.85746892774
60225,38.059619,116.991196,3.034350034577646,2017-08-03,CN-13,35153.050584329365
60226,37.289784,115.144434,0.7680284289964577,2017-10-30,CN-13,8193.799573546548
60229,37.495332,115.202449,1.0764770989687726,2018-10-05,CN-13,12431.945543377695
60230,36.267764,115.182755,7.4206435628911755,2017-02-27,CN-13,85633.55413983768
60236,37.992871,115.971632,2.1895416197694257,2017-07-07,CN-13,25324.573039609182
60267,38.109832,115.938732,2.102720356778998,2017-07-14,CN-13,24311.36426708898
60287,36.391132,115.129194,0.6667416528292714,2017-10-20,CN-13,7112.9565847710255
60414,34.558112,116.132735,19.03265966097469,2018-09-07,CN-41,246819.20058290486
60469,34.417537,115.113663,0.6871067718094924,2018-02-22,CN-41,7326.249875715703
60475,34.39921,115.236503,1.212773974275185,2018-09-27,CN-41,13984.187662146356
60491,34.471782,115.184282,0.8610370588603928,2018-02-22,CN-41,9181.250408376496
60498,34.254304,115.279577,0.695714674085825,2018-07-19,CN-41,7417.644859846514
60507,34.487619,115.164902,1.106225566141411,2018-02-22,CN-41,12760.111266489335
60513,34.659967,115.230074,8.086610883879072,2018-02-22,CN-41,93334.16178508398
60596,34.948021,117.580305,8.329280248925064,2018-07-16,CN-37,97085.62306044204
60604,35.512479,117.514183,2.8753528376019677,2017-09-14,CN-37,33526.45061060998
60612,34.94252,117.587639,4.395430272666845,2018-07-24,CN-37,51254.05182230615
60625,35.16551,117.57279,3.9277933883149836,2018-09-27,CN-37,45987.949140346296
60627,34.680043,115.616887,0.1745612234837459,2018-10-02,CN-37,1863.1761055199063
60628,37.131004,118.742696,45.65085910960188,<2016-06,CN-37,593739.1425977355
60631,36.607026,115.528729,10.329949233902944,<2016-06,CN-37,133989.02894509336
60633,36.239263,118.948336,3.8966072204760707,2017-10-24,CN-37,45402.20481308672
60636,36.20041,116.604018,4.078001184878977,2017-12-06,CN-37,47210.475925172854
60638,34.911756,115.375367,0.05479424260632999,2018-10-02,CN-37,509.3142130412023
60641,35.164423,117.398999,3.808500369413451,2016-09-17,CN-37,44282.351007791935
60644,37.339248,118.320026,17.57398125563301,<2016-06,CN-37,228240.2559761955
60645,36.249905,118.944725,2.176636047179658,2017-10-24,CN-37,25380.680002936286
60650,37.468118,121.046794,3.5192854241158553,2018-03-25,CN-37,40972.533982379864
60652,34.873257,115.287719,1.0655643284019223,2018-10-02,CN-37,12299.093576021933
60657,34.360911,115.074382,0.8403421666285364,2018-02-22,CN-41,8960.140782038012
60658,36.137792,118.999086,2.444374516402767,2017-10-24,CN-37,28598.79094981398
60663,36.130486,118.973137,3.1738972283053326,2017-10-24,CN-37,37085.0541974513
60666,36.128237,117.646753,2.799505175101173,2016-09-17,CN-37,32638.414632540396
60669,36.605947,117.501255,2.547289013303646,2016-12-06,CN-37,29587.81002201314
60670,36.1529,119.043461,0.9020815394465223,2017-10-24,CN-37,10519.21648160435
60672,35.977302,117.617027,26.854048975665304,2017-11-21,CN-37,350408.92610976985
60674,34.863326,115.393341,0.2329038100378024,2017-09-22,CN-37,2484.46490466705
60676,36.10107,119.003358,2.1741662483141573,2018-04-17,CN-37,25270.051502870803
60677,34.735024,117.458635,7.872669788588256,2018-07-14,CN-37,102758.22895790353
60681,34.599422,115.278602,0.6013369855181984,2018-04-28,CN-41,6414.530549403939
60685,36.494112,115.679222,3.4276418696133972,2016-06-12,CN-37,39594.126883305034
60689,36.215388,118.974859,3.0361417583112895,2017-10-24,CN-37,35473.0404144083
60692,36.529854,118.04618,3.8932604932685826,2017-02-11,CN-37,45363.58949963968
60700,37.685542,117.720715,14.641995959839852,2018-05-30,CN-37,190496.07486766565
60773,35.316976,116.337442,1.1856053235604653,2016-09-17,CN-37,13740.448469246994
60785,36.22792,118.998285,3.7780576104093875,2017-12-18,CN-37,44127.93375328255
60825,35.968776,117.609817,47.94927048815583,2017-12-11,CN-37,625522.597749611
60868,38.021227,117.89121,1.8958595844225807,2017-09-22,CN-37,22008.140112452205
61091,36.226723,118.957666,0.8848234351109915,2017-10-24,CN-37,9547.769021649463
61097,34.326589,115.329426,0.7370271281920836,2018-08-23,CN-41,7858.975631144718
63211,38.287527,117.74379,3.714854407839703,2017-02-24,CN-13,43360.00720539954
63223,36.44438,115.297675,0.41777191917334816,2017-10-20,CN-37,4459.528275798448
63270,37.998262,116.860964,3.6267686843125064,2017-12-26,CN-13,42000.038991106514
63327,36.856332,115.64651,35.28940349481242,<2016-06,CN-13,457911.0725042933
63412,38.01317,116.778497,1.606645869351269,2017-11-11,CN-13,18605.534950182133
63437,38.388494,117.57843,90.32678077373069,<2016-06,CN-13,1195740.2698256378
63628,34.421396,118.683072,10.190540821256338,<2016-06,CN-32,132578.83241330285
63642,34.400789,119.950505,160.76083956875334,<2016-06,CN-32,2128821.654802844
63647,34.895651,116.837727,21.52012727493408,2016-06-29,CN-32,279590.43431167153
63656,34.30075,117.320342,2.591747657878381,<2016-06,CN-32,29968.39344783248
63661,35.029555,118.97242,1.9447253703846605,<2016-06,CN-32,22606.19463468947
63662,34.685795,116.460385,5.007769865751969,<2016-06,CN-32,57855.14053691376
63677,34.330918,116.373433,17.19379250681445,2017-09-22,CN-34,222960.3811440543
63708,34.631002,116.411784,0.8846422962758008,2017-01-15,CN-34,9447.399363601287
63731,34.302424,117.346424,44.65640787787858,<2016-06,CN-32,579902.0924768214
63762,34.635146,119.441929,9.299238114198044,2018-04-17,CN-32,121384.71348349945
63773,34.475561,117.026397,1.9084745405651993,2016-11-26,CN-32,22048.933888473985
63774,34.416072,119.937829,79.17578030141644,2017-02-11,CN-32,1048575.3886183825
63833,34.81464,118.929974,6.047767606792715,"2018-04-02,<2016-06",CN-32,70157.4480508465
63859,34.407743,117.328236,31.036842415186875,<2016-06,CN-32,403091.77309764066
63928,36.377386,117.670278,15.913795543130972,"2016-12-06,<2016-06",CN-37,208508.85480750067
63937,36.284109,118.788045,13.231942729549013,2016-10-04,CN-37,173241.74568101042
63938,36.247285,118.946049,5.296180642476959,2017-06-21,CN-37,61756.15179148882
63941,36.096034,116.669667,20.155800403951464,2016-06-09,CN-37,262513.2287227816
63942,37.313399,116.713922,36.64576510130969,2016-08-28,CN-37,476124.16524920607
63944,36.243695,118.960128,9.3931831177457,2017-06-21,CN-37,123282.64127619055
63946,37.234173,117.806928,14.58578788948955,2017-09-07,CN-37,189471.85134332857
63947,35.473439,117.584556,13.797122457366184,2017-05-12,CN-37,180307.275355265
63948,36.12319,117.639718,19.263978714607696,2017-09-22,CN-37,252751.76151039536
63950,35.794127,116.030773,3.371935352310463,2016-08-28,CN-37,38964.71371195016
63953,35.753805,117.47679,32.6960095915402,2016-08-28,CN-37,426192.04657690565
63954,36.161323,119.004741,22.372854662751248,2017-07-11,CN-37,293564.73066111264
63955,35.948955,117.647016,129.3119445949783,2017-10-24,CN-37,1708528.6032107202
63957,37.443912,116.447152,4.234055910045447,2017-05-25,CN-37,48980.43002118281
63959,35.420573,117.720549,2.4005413705550582,2017-06-14,CN-37,27901.044120694343
63960,34.615793,116.00871,20.894803874017484,<2016-06,CN-41,270961.3369398769
63961,35.2938,115.38609,30.76952262093101,2016-06-22,CN-37,399179.2212401195
63962,35.09302,117.661787,26.30265235482488,<2016-06,CN-37,344317.82646257814
63963,36.101709,115.723155,0.40716274120420237,2016-08-28,CN-37,4349.003060357285
63964,37.413575,118.726698,7.464429471420023,2017-08-10,CN-37,86657.37570906294
63968,34.57706,115.785548,41.080550724636446,2016-06-29,CN-41,532612.3756461411
63970,38.03151,117.841821,35.760248352290944,2017-10-27,CN-37,466400.08747440315
63972,36.471182,118.359435,10.479889004675625,<2016-06,CN-37,137650.03758916195
63973,35.119221,117.884883,7.753258039245919,2017-09-17,CN-37,90692.53546484029
63975,36.577426,115.675633,23.97043165294407,2016-06-22,CN-37,310984.8650545451
63976,34.830162,117.066381,118.37007856711608,2017-03-06,CN-37,1558138.021625461
63977,37.673404,117.292373,25.061813284842195,<2016-06,CN-37,326011.88516083464
63978,34.58639,115.758525,45.546512358110334,2016-06-29,CN-41,590485.030886478
63980,36.252693,118.9581,3.693161131363056,2017-10-24,CN-37,43096.98369279677
63982,35.304473,117.795819,7.732678707989193,2017-03-26,CN-37,89999.6301429797
63983,37.261561,117.832608,5.817832378089041,2016-06-29,CN-37,67293.91934424514
63984,36.230985,118.817973,36.85651040772575,2016-10-04,CN-37,482597.26541198714
63986,34.716045,115.616854,1.4678674951343382,2017-10-27,CN-37,16944.9434120239
63987,37.490879,118.814626,49.47164895209552,2017-05-25,CN-37,645900.9412967896
63988,35.138283,117.592812,9.623156166600758,2017-10-24,CN-37,126426.17321195913
63989,36.81026,117.620604,7.947497129874794,2018-03-31,CN-37,93082.99551065949
63992,37.387241,116.667193,33.41576912233684,2016-08-28,CN-37,434265.3862567677
63994,37.454056,122.228852,25.45075101807402,2017-06-28,CN-37,336218.0232841123
63995,36.813271,117.617773,11.462938120854881,2018-04-15,CN-37,150775.88146539687
63997,36.708307,116.334706,34.20130270802406,<2016-06,CN-37,443984.88545195496
63999,37.418969,118.724244,22.366109724422355,2017-06-21,CN-37,291494.00345181616
64000,35.984772,117.698301,206.34877325611794,2017-10-24,CN-37,2726747.8140894887
64004,37.39345,117.550442,44.45255562504505,2016-08-28,CN-37,577729.0233588981
64005,36.983114,119.245319,10.229108429837147,2018-02-16,CN-37,133332.13005418205
64006,37.496096,116.255129,7.131433688282513,2017-08-03,CN-37,82515.23498776913
64007,34.607233,117.136962,18.141893867099736,2016-08-28,CN-37,235447.80600898928
64008,35.43562,117.604169,53.23383638552898,<2016-06,CN-37,697216.9510206403
64009,34.611752,115.487306,26.34835193628275,<2016-06,CN-37,341647.30531878764
64011,36.242483,118.950241,8.38463612672841,2017-06-21,CN-37,109877.50371156055
64013,35.823211,117.326232,43.3474468592025,<2016-06,CN-37,564510.8517137236
64016,35.420994,117.725428,4.6512954975190315,2017-06-14,CN-37,54038.3070523219
64018,35.156116,117.391326,38.65072910775165,<2016-06,CN-37,505356.8447924901
64020,35.317756,116.333258,4.146085179370824,2016-06-29,CN-37,48050.61905860115
64022,36.009828,114.888844,6.3308578394570585,"2016-06-22,<2016-06",CN-41,73011.83820769604
64023,35.759685,116.337892,37.07384754455356,2018-06-14,CN-37,481609.7086834569
64024,36.019326,114.888784,2.2866436931745704,"2016-06-22,2016-12-29,<2016-06",CN-41,26369.75187614921
64025,35.752231,117.467574,14.498608638351657,<2016-06,CN-37,188989.1691766419
64026,36.498972,119.192961,7.121062857777197,2017-08-10,CN-37,82597.89036506042
64028,37.255778,117.831911,23.1150691120523,<2016-06,CN-37,300289.277934323
64030,37.318801,116.394931,3.2707878414524094,2016-10-30,CN-37,37843.215369625104
64032,36.540689,115.77217,4.8676192619094145,2017-12-26,CN-37,56236.60253130569
64033,36.159089,119.99573,4.874969006691247,2017-10-24,CN-37,56675.619616032775
64036,36.983205,119.249232,12.481159262029083,2017-12-13,CN-37,162686.66632741076
64037,36.170116,117.923137,4.807189975222588,2017-12-01,CN-37,56394.49072644791
64038,35.273861,117.792368,6.1518660541819505,2017-06-14,CN-37,71566.59717509746
64041,36.234384,118.952898,16.116037169932262,2017-07-11,CN-37,211126.18566590713
64042,35.589039,115.30346,27.047621322835628,"2016-10-30,<2016-06",CN-41,350649.36216254154
64045,36.296054,118.786472,17.69517790493232,2016-10-04,CN-37,231593.28368566968
64056,37.362503,117.005507,32.783439514881366,<2016-06,CN-37,426106.0320479345
64068,37.489749,116.364535,5.435440317896178,2018-08-03,CN-37,62883.28272779029
64070,36.03504,116.635134,10.515677804286064,2016-08-28,CN-37,137040.10865010982
64074,35.882428,118.961914,5.328991678524372,"2016-10-14,2017-02-11",CN-37,62056.60266254495
64078,35.990664,117.668175,28.53059881788473,2016-06-16,CN-37,372214.30420770467
64080,36.040669,116.667172,17.0748241519223,2016-06-29,CN-37,223063.85680009695
64084,35.844279,118.158906,43.44234510914942,<2016-06,CN-37,570895.2443513195
64096,35.144015,117.586546,19.921531302793536,2017-09-17,CN-37,261663.47072541685
64101,36.463844,118.357369,8.342008486981246,<2016-06,CN-37,97580.73061599636
64103,35.93551,117.627201,180.10283738253096,2017-09-14,CN-37,2379256.1910038954
64113,35.236381,117.841905,21.39809952803361,2016-08-28,CN-37,280308.6473999508
64123,35.517236,115.115782,12.52418536333808,"2016-06-09,2016-09-10",CN-41,162349.75947897203
64146,35.979051,117.694921,6.439322219579115,<2016-06,CN-37,74907.92013416797
64147,37.169363,115.941321,12.770652083642862,"2016-09-07,2016-11-16",CN-37,165756.91246457628
64150,36.121093,119.001296,1.710666042592994,2017-06-01,CN-37,19924.98744516903
64190,35.463342,115.104791,1.5829863174362897,"2017-08-08,2017-11-14",CN-41,18273.926882288753
64204,37.247438,118.92871,74.57281283937662,2016-12-23,CN-37,976639.3137275204
64215,37.819223,118.185198,149.4312080173154,"2016-12-06,2017-07-11,<2016-06",CN-37,1970490.8522847777
64244,34.562688,116.160876,72.88609332740552,2017-03-26,CN-34,945353.7793619198
64320,34.731554,117.470746,9.967012682178037,2017-07-24,CN-37,129823.69240559936
64326,36.914742,116.246326,61.31379151931619,2016-11-26,CN-37,796083.5064496836
67920,34.937187,116.991207,47.274152169676825,2018-03-16,CN-37,614914.7233560357
67924,35.903329,115.955879,4.8210458368746,"2017-03-06,2017-03-26",CN-37,55707.57733893765
